{"2018-11":[["mccheah",8.54],["rdblue",8],["rdsr",2],["danielcweeks",2],["omalley",2],["hiteshs",1]],"2018-12":[["rdblue",18.17],["mccheah",11.49],["rdsr",6.32],["aokolnychyi",4.9],["Parth-Brahmbhatt",4],["danielcweeks",3.61],["dongjoon-hyun",2.83],["omalley",2.24],["TGooch44",2],["vinooganesh",1.41],["prakharjain09",1.41],["itsvikramagr",1],["ggershinsky",1],["groodt",1]],"2019-01":[["rdblue",13.67],["mccheah",11.4],["aokolnychyi",4.69],["xabriel",3.74],["renato2099",3.16],["jzhuge",2.24],["vrozov",2.24],["fbocse",2],["jghoman",1.73],["Parth-Brahmbhatt",1],["TGooch44",1]],"2019-02":[["rdblue",15.84],["mccheah",9.22],["fbocse",8.94],["rdsr",7.21],["xabriel",5.74],["aokolnychyi",5.39],["renato2099",4.24],["prodeezy",4.12],["Parth-Brahmbhatt",4],["yifeih",3.32],["kbendick",2.65],["xiao-chen",2.24],["rominparekh",1.73],["danielcweeks",1],["jun-he",1]],"2019-03":[["rdblue",24.52],["xabriel",11.62],["rominparekh",10.95],["prodeezy",10.68],["rdsr",10.25],["aokolnychyi",9.43],["mccheah",8.72],["yifeih",4.69],["fbocse",3.74],["feng-tao",3.46],["jzhuge",2.65],["Parth-Brahmbhatt",2.65],["manishmalhotrawork",2.45],["lys0716",2.24],["edgarRd",2.24],["xiao-chen",2.24],["TGooch44",2],["eskrm",1.41],["danielcweeks",1]],"2019-04":[["rdblue",22.38],["mccheah",10.2],["Parth-Brahmbhatt",9],["rdsr",7.55],["aokolnychyi",6.32],["xiao-chen",5.66],["edgarRd",5.39],["vrozov",4.24],["jzhuge",4],["fbocse",2.83],["lys0716",2.45],["xabriel",2.24],["casidiablo",1.73],["electrum",1.73],["manishmalhotrawork",1.41],["prodeezy",1.41],["dbtsai",1],["danielcweeks",1]],"2019-05":[["rdblue",20.15],["rdsr",8.37],["samarthjain",8],["aokolnychyi",7.87],["edgarRd",7.28],["prodeezy",6.24],["ryanrupp",5.39],["vrozov",4.47],["danielcweeks",4.24],["mccheah",4],["linxingyuan1102",4],["bryanck",3.32],["TGooch44",3],["Parth-Brahmbhatt",3],["jun-he",2.24],["electrum",2],["manishmalhotrawork",1.73],["arina-ielchiieva",1.41],["casidiablo",1.41],["omalley",1]],"2019-06":[["rdblue",23.6],["rdsr",15.97],["aokolnychyi",13.3],["bryanck",10],["danielcweeks",7.28],["electrum",7.07],["edgarRd",6.71],["mccheah",6.32],["fbocse",5.39],["TGooch44",4.24],["dansanduleac",4],["samarthjain",3.74],["SurenNihalani",3.46],["jun-he",1.73],["rominparekh",1],["omalley",1],["prodeezy",1],["goldentriangle",1],["xhochy",1]],"2019-07":[["rdblue",25.92],["aokolnychyi",13.38],["rdsr",10.2],["moulimukherjee",10.1],["arina-ielchiieva",8.72],["danielcweeks",8.06],["chenjunjiedada",7.94],["electrum",6.78],["timmylicheng",6.48],["edgarRd",6.4],["TGooch44",6.16],["vrozov",5.29],["SurenNihalani",4.8],["mccheah",4.47],["prodeezy",4.24],["fbocse",4],["puneetzaroo",3.61],["vgankidi",3.61],["jbapple",3.32],["sujithjay",3],["johnclara",2.24],["dansanduleac",2.24],["lys0716",2.24],["bryanck",2.24],["ikosyanenko",2.24],["dchristle",2.24],["manishmalhotrawork",2.24],["HelloHorizon",2],["jun-he",2],["shardulm94",2],["Fokko",2],["melin",1.41],["samarthjain",1.41],["omalley",1.41],["chris-alphonso",1],["goldentriangle",1],["prabcs",1]],"2019-08":[["rdblue",32.09],["aokolnychyi",19.16],["jun-he",12.41],["chenjunjiedada",10.77],["manishmalhotrawork",9.38],["moulimukherjee",8.37],["rdsr",7.87],["jerryshao",7.68],["xabriel",7.35],["TGooch44",5.83],["waterlx",4.9],["sujithjay",4.58],["jbapple",4.36],["prodeezy",3.61],["anjalinorwood",3.61],["edgarRd",3.46],["SurenNihalani",3.32],["chyzzqo2",3.16],["danielcweeks",3],["fbocse",2.83],["yathindranath",2.24],["frankcash",2.24],["yuzhu",2.24],["johnclara",2],["arina-ielchiieva",1.73],["electrum",1.41],["guilload",1.41],["kings129",1.41],["timmylicheng",1.41],["linxingyuan1102",1],["shardulm94",1],["prabcs",1],["shawnding",1],["vgankidi",1],["mccheah",1],["cwsteinbach",1]],"2019-09":[["rdblue",20.95],["xabriel",11.53],["aokolnychyi",10.82],["waterlx",9.22],["rdsr",8.54],["prodeezy",7.75],["chenjunjiedada",6.78],["yathindranath",5.57],["ashleycoxley",4.8],["sujithjay",4.58],["Fokko",4.24],["jerryshao",4.12],["shawnding",3.74],["edgarRd",3.74],["arina-ielchiieva",3.74],["wangmiao1981",3.74],["kings129",3.61],["TGooch44",3.46],["linxingyuan1102",3.16],["shardulm94",3],["vvysotskyi",2.83],["holdenk",2.65],["bsannicolas",2.65],["puneetzaroo",2.65],["Parth-Brahmbhatt",2.24],["jzhuge",2.24],["jbapple",2.24],["samarthjain",2.24],["manishmalhotrawork",2.24],["jun-ma-0",2],["xhochy",2],["mykolasmith",1.73],["dushyanthbn",1.73],["moulimukherjee",1.73],["bryanck",1.73],["fbocse",1.41],["melin",1.41],["ZhijieWang",1],["ppadma",1],["danielcweeks",1],["Voltir",1],["jun-he",1],["rominparekh",1]],"2019-10":[["rdblue",27.11],["rdsr",15.1],["aokolnychyi",12.88],["TGooch44",11.27],["Fokko",11.05],["manishmalhotrawork",8],["andrei-ionescu",7.55],["chenjunjiedada",7.07],["xhochy",6],["jzhuge",5.92],["yathindranath",5.39],["edgarRd",5],["waterlx",4.8],["xabriel",4.36],["jun-he",3.87],["prodeezy",3.32],["anjalinorwood",3.16],["lxynov",3],["bztsai",2.83],["gcdata44",2.83],["mccheah",2.45],["danielcweeks",2.45],["bowenli86",2.24],["samarthjain",2.24],["holdenk",1.73],["melin",1.41],["feng-tao",1.41],["goldentriangle",1.41],["arina-ielchiieva",1.41],["ppadma",1.41],["jun-ma-0",1.41],["stevenzwu",1],["bryanck",1],["barchje",1],["omalley",1],["jerryshao",1],["mykolasmith",1]],"2019-11":[["rdblue",27.82],["aokolnychyi",17.92],["andrei-ionescu",10],["Fokko",9.7],["chenjunjiedada",9.64],["rdsr",7.68],["samarthjain",7.07],["jerryshao",6.71],["manishmalhotrawork",6.48],["shardulm94",6.16],["jun-he",6.08],["yathindranath",5.48],["xabriel",5.2],["prodeezy",4.8],["edgarRd",4.58],["jzhuge",3.46],["TGooch44",3.32],["asheeshgarg",3.32],["lxynov",2.45],["waterlx",2.24],["anjalinorwood",1]],"2019-12":[["rdblue",36.57],["shawnding",13.78],["jerryshao",11.53],["aokolnychyi",9.8],["jun-he",9.75],["samarthjain",7.42],["chenjunjiedada",7.42],["prodeezy",6.93],["Fokko",6.71],["rdsr",6.71],["manishmalhotrawork",6],["xabriel",4.58],["moulimukherjee",4.24],["waterlx",3.32],["shardulm94",3.32],["mccheah",2.83],["yathindranath",2.65],["cmathiesen",2.65],["andrei-ionescu",2.45],["cdw9bf",2.24],["rominparekh",2.24],["danielcweeks",2.24],["pprudhvi",2],["YananLiUCI",2],["living42",1.73],["ChethanUK",1.41],["yujiantao",1.41],["asheeshgarg",1.41],["jzhuge",1],["bowenli86",1]],"2020-01":[["rdblue",29.21],["aokolnychyi",16.09],["prodeezy",12.29],["rdsr",12],["chenjunjiedada",5.83],["waterlx",5.74],["cmathiesen",5.29],["jun-he",5.29],["Fokko",5],["jerryshao",5],["samarthjain",4.8],["fbocse",4.47],["edgarRd",4.36],["alexey-fin",3.61],["ravichinoy",3.32],["mehtaashish23",3.16],["massdosage",3],["jghoman",3],["manishmalhotrawork",2.83],["KazydubB",2.83],["Voltir",2.65],["maqroll",2.45],["davrmac",2.24],["shawnding",2.24],["rominparekh",2],["yujiantao",2],["bachar84",1.73],["arina-ielchiieva",1.73],["sudssf",1.41],["ramkumarkb",1.41],["hustnn",1.41],["lxynov",1],["meetchandan",1],["teabot",1]],"2020-02":[["rdblue",23.85],["rdsr",11.18],["aokolnychyi",11.09],["chenjunjiedada",9.7],["jerryshao",8.43],["vrozov",6.63],["shardulm94",6.16],["jun-he",6.08],["edgarRd",5.83],["mehtaashish23",5.48],["samarthjain",5.29],["Fokko",5.1],["yujiantao",4.36],["danielcweeks",4],["rominparekh",3.61],["waterlx",3.32],["shawnding",3],["figo10203",2.83],["prodeezy",2.65],["alexey-fin",2.45],["sudssf",2.45],["yathindranath",2.45],["CarreauClement",2.24],["openinx",2.24],["TGooch44",2],["ravichinoy",1.73],["adamkennedy",1.73],["sundargates",1.73],["xabriel",1],["arina-ielchiieva",1],["ramkumarkb",1],["chyzzqo2",1]],"2020-03":[["rdblue",29.05],["rdsr",15.56],["jerryshao",14.07],["chenjunjiedada",9.33],["samarthjain",8.06],["shardulm94",7.87],["aokolnychyi",7.07],["shawnding",6.4],["openinx",6.08],["massdosage",5.48],["jun-he",5.48],["waterlx",4.9],["mehtaashish23",3.87],["leoluan2009",3.74],["golammott",3.16],["cmathiesen",2.83],["sudssf",2.45],["wangmiao1981",2.24],["rymurr",2.24],["teabot",2],["vrozov",1.41],["yiguolei",1.41],["colinmjj",1.41],["Fokko",1.41],["TGooch44",1.41],["yathindranath",1.41],["maqroll",1.41],["emerson-zhao",1.41],["omalley",1.41],["bowenli86",1],["asheeshgarg",1],["venkata91",1],["jun-ma-0",1]],"2020-04":[["rdblue",41],["aokolnychyi",21.49],["rdsr",18.11],["chenjunjiedada",16.22],["XiaokunDing",13.67],["massdosage",10.34],["waterlx",9.06],["prodeezy",8.06],["jun-he",7.94],["jerryshao",7.28],["shardulm94",5.92],["Fokko",5.39],["leoluan2009",4.69],["sudssf",4.69],["openinx",4.24],["teabot",4],["cmathiesen",3.87],["TisonKun",3.61],["vanliu-tx",3.46],["samarthjain",3.46],["JingsongLi",3.46],["wssbck",3],["danielcweeks",2.83],["wangmiao1981",2.65],["garawalid",2.24],["dongjoon-hyun",2.24],["abti",2],["jacques-n",2],["mehtaashish23",2],["stevenzwu",2],["yiguolei",1.73],["nikshepsvn",1.73],["yujiantao",1.73],["jun-ma-0",1.41],["priest0904",1.41],["lcaaaat",1.41],["whoAbhishekSah",1],["adamkennedy",1],["mariusvniekerk",1],["JamesRTaylor",1],["dannyhnu",1],["Parth-Brahmbhatt",1],["electrum",1]],"2020-05":[["rdblue",33.7],["chenjunjiedada",15.72],["rdsr",13.3],["sudssf",9.59],["shardulm94",7.94],["samarthjain",7.55],["waterlx",7],["Fokko",6.48],["edgarRd",6.4],["openinx",6.24],["aokolnychyi",5.29],["jun-he",4.69],["stevenzwu",4.58],["pranaydharmale",4.36],["TGooch44",4.36],["massdosage",4.12],["jerryshao",4.12],["Jiayi-Liao",3.74],["mehtaashish23",3.61],["fbocse",3.16],["kaidata",2.83],["johnclara",2.83],["newroyker",2.65],["maqroll",2.65],["TisonKun",2.45],["zhoujinsong",2.45],["vanliu-tx",2.45],["cmathiesen",2.24],["prodeezy",2.24],["zachary124",2.24],["yiguolei",2.24],["danielcweeks",2.24],["dongjoon-hyun",2],["asheeshgarg",1.73],["feng-tao",1.41],["yujiantao",1.41],["teabot",1.41],["hk-lrzy",1.41],["rymurr",1],["adamkennedy",1],["lohao",1],["omalley",1],["xhochy",1],["geota",1],["tonyqus",1]],"2020-06":[["rdblue",38.73],["aokolnychyi",16.46],["chenjunjiedada",11.49],["rdsr",11.09],["massdosage",10.39],["shardulm94",10.15],["edgarRd",9.95],["jun-he",9.7],["openinx",9.43],["cmathiesen",9.17],["jerryshao",8.66],["raptond",7.87],["hzfanxinxin",6],["guilload",4.12],["garawalid",4.12],["vanliu-tx",4],["JingsongLi",4],["lxynov",3.87],["Jiayi-Liao",3.74],["samarthjain",3.46],["prodeezy",3],["danielcweeks",3],["yiguolei",2.45],["waterlx",2.45],["GrigorievNick",2.24],["maqroll",2],["teabot",2],["felixYyu",2],["gustavoatt",1.73],["vvysotskyi",1.41],["hk-lrzy",1.41],["thesquelched",1.41],["Parth-Brahmbhatt",1.41],["fbocse",1],["pranaydharmale",1],["feng-tao",1],["davseitsev",1],["sarangshinde",1],["asheeshgarg",1]],"2020-07":[["rdblue",39.56],["openinx",19.6],["rdsr",17.61],["JingsongLi",16.88],["RussellSpitzer",16.52],["chenjunjiedada",15.33],["aokolnychyi",13.11],["shardulm94",12.49],["massdosage",9.38],["edgarRd",9.27],["guilload",9.27],["jerryshao",8.83],["kbendick",8.83],["HeartSaVioR",7.87],["sudssf",7.07],["pvary",6.78],["zhangdove",6],["fbocse",5.92],["moulimukherjee",5.83],["rymurr",5.39],["gustavoatt",5.29],["jun-he",5.1],["danielcweeks",4.47],["guykhazma",4.12],["skambha",3.46],["dongjoon-hyun",3.46],["wangmiao1981",3.32],["xhochy",2.83],["cmathiesen",2.65],["GrigorievNick",2.65],["Simon0806",2.24],["HotSushi",2],["waterlx",2],["stevenzwu",1.73],["prodeezy",1.41],["allenfan2",1.41],["hzfanxinxin",1.41],["thesquelched",1],["lcaaaat",1],["raptond",1],["yiguolei",1],["jeffchao",1],["Jiayi-Liao",1],["TGooch44",1],["samarthjain",1],["Fokko",1],["vvysotskyi",1]],"2020-08":[["rdblue",42.19],["openinx",25.26],["RussellSpitzer",24.96],["aokolnychyi",22.29],["JingsongLi",21],["kbendick",16.85],["chenjunjiedada",16.67],["pvary",11.92],["rdsr",10.86],["HeartSaVioR",9.27],["stevenzwu",9],["jerryshao",8.19],["edgarRd",8.06],["shardulm94",8.06],["rymurr",7.87],["cmathiesen",6.56],["zhangdove",6.32],["massdosage",6.08],["guilload",6],["Fokko",4.8],["Simon0806",4.58],["mehtaashish23",4.47],["waterlx",4.24],["lxynov",4.12],["jzhuge",4.12],["samarthjain",3.61],["YesOrNo828",3.46],["TGooch44",3.46],["skambha",3.32],["omalley",2.83],["davseitsev",2.83],["gustavoatt",2.83],["manishmalhotrawork",2.65],["prodeezy",2.45],["Heltman",2.45],["sudssf",2.24],["dubeme",2.24],["marton-bod",2],["jrthe42",2],["danielcweeks",2],["duanmeng",1.73],["shangxinli",1.41],["bergkvist",1.41],["NJordan72",1.41],["jiegzhan",1.41],["thesquelched",1.41],["tooptoop4",1.41],["bigheadzen",1],["merrily01",1],["tinder-kbendickson",1],["jacques-n",1]],"2020-09":[["rdblue",39.62],["pvary",22.16],["aokolnychyi",21.1],["kbendick",20.27],["RussellSpitzer",19.42],["openinx",15.65],["chenjunjiedada",15.1],["JingsongLi",12.88],["HeartSaVioR",11.75],["massdosage",11.49],["marton-bod",10.72],["simonsssu",7.62],["fbocse",7.14],["stevenzwu",7.14],["shardulm94",7],["holdenk",5.66],["manishmalhotrawork",5.39],["sudssf",5.2],["zhangjun0x01",5.1],["wypoon",4.69],["edgarRd",4.24],["jerryshao",4.12],["electrum",4.12],["jzhuge",3.74],["lordk911",3.61],["jacques-n",3.61],["liukun4515",3.61],["steveloughran",3.46],["mehtaashish23",3.32],["cmathiesen",3.16],["shangxinli",3],["wangmiao1981",2.83],["ben-manes",2.83],["thomaschow",2.83],["rdsr",2.83],["samarthjain",2.65],["pan3793",2.45],["qphien",2.24],["omalley",2.24],["hk-lrzy",2],["prodeezy",2],["ericsun2",2],["liujinhui1994",2],["samidalouche",2],["Lindayangyy",2],["HotSushi",2],["Muyoo",1.73],["waterlx",1.73],["mickjermsurawong-stripe",1.73],["yiguolei",1.73],["zhangdove",1.73],["edwinchoi",1.41],["it-sceptic",1.41],["tangchenyang",1.41],["akkinenivijay",1.41],["naishu",1.41],["skambha",1.41],["danielcweeks",1.41],["QiAnXinCodeSafe",1.41],["ismailsimsek",1],["SteNicholas",1],["zixi0825",1],["tinder-kbendickson",1],["guilload",1]],"2020-10":[["rdblue",34.97],["RussellSpitzer",23.49],["openinx",20.27],["kbendick",19.39],["aokolnychyi",17.78],["jackye1995",15],["zhangjun0x01",12.25],["JingsongLi",11.7],["pvary",11.22],["chenjunjiedada",10.2],["danielcweeks",10.15],["marton-bod",9.43],["holdenk",9.33],["yyanyy",9.11],["shardulm94",8.83],["stevenzwu",7.68],["HeartSaVioR",7.48],["simonsssu",7.42],["shangxinli",7.28],["rymurr",6.71],["mickjermsurawong-stripe",6.32],["zhangminglei",6.08],["lcspinter",5.29],["liukun4515",5.2],["massdosage",4.8],["jerryshao",4.58],["Fokko",4.58],["wypoon",4.58],["wg1026688210",4.36],["jacques-n",4],["zhangdove",3.87],["giovannifumarola",3.61],["HotSushi",3.46],["rdsr",3],["Jiayi-Liao",2.83],["waterlx",2.83],["dongjoon-hyun",2.65],["skambha",2.45],["paulzanmei",2.24],["jbirtman",2.24],["mehtaashish23",2],["cccs-dm",2],["edgarRd",2],["johnclara",2],["akkinenivijay",2],["liujinhui1994",1.73],["elkhand",1.73],["cccs-jc",1.73],["edwinchoi",1.73],["gallushi",1.41],["fbocse",1.41],["gaborkaszab",1.41],["jastisatya",1.41],["QiAnXinCodeSafe",1.41],["samarthjain",1.41],["ericsun2",1.41],["pavibhai",1.41],["Lindayangyy",1.41],["NJordan72",1],["prodeezy",1],["tangchenyang",1],["electrum",1],["qphien",1],["duanmeng",1],["1272870698",1],["SteNicholas",1]],"2020-11":[["rdblue",48.57],["aokolnychyi",29.85],["openinx",20.25],["RussellSpitzer",20.17],["rymurr",19.36],["yyanyy",18.17],["jackye1995",17.2],["pvary",16.31],["danielcweeks",14.18],["zhangjun0x01",13.15],["johnclara",10],["massdosage",9.38],["shardulm94",9.11],["marton-bod",7.94],["TGooch44",7.42],["JingsongLi",6.4],["XuQianJin-Stars",6],["zhangdove",5.74],["rdsr",5.74],["HeartSaVioR",5.39],["chenjunjiedada",5.2],["lcspinter",5.2],["samarthjain",5.1],["liukun4515",5],["qphien",4.8],["djsstarburst",4.24],["grantatspothero",4.24],["jacques-n",4.12],["zanmeipaul",4.12],["skambha",3.61],["HeChuanXUPT",3.46],["jun-he",3.32],["kbendick",3],["giovannifumarola",2.83],["397090770",2.65],["Fokko",2.65],["boroknagyz",2.65],["simonsssu",2.65],["electrum",2.24],["wg1026688210",2.24],["shangxinli",2.24],["jshmchenxi",2.24],["kukuzidian",2.24],["vvellanki",2.24],["rickyma",2.24],["dmgcodevil",2],["mosabua",2],["stevenzwu",1.73],["STTianXiang",1.73],["todd5167",1.73],["ismailsimsek",1.73],["mehtaashish23",1.73],["mickjermsurawong-stripe",1.41],["cmathiesen",1.41],["liudi1184",1.41],["chaiyuan2046",1.41],["hzfanxinxin",1.41],["jxeditor",1.41],["HotSushi",1],["jerryshao",1],["zhangminglei",1],["pavibhai",1],["omalley",1],["gallushi",1]],"2020-12":[["rdblue",51.8],["aokolnychyi",33.5],["jackye1995",20.45],["openinx",20.45],["pvary",20.07],["rymurr",19.65],["RussellSpitzer",19.05],["yyanyy",15.65],["ismailsimsek",13.49],["marton-bod",11.4],["zhangjun0x01",10.63],["massdosage",9.9],["danielcweeks",9.27],["jacques-n",7.81],["raptond",7.68],["kbendick",7.55],["karuppayya",7.48],["johnclara",6.48],["giovannifumarola",6.32],["stevenzwu",6],["holdenk",5.92],["jun-he",5.83],["txdong-sz",5.74],["shardulm94",5.2],["HeartSaVioR",5.1],["oikomi",5],["Fokko",5],["dilipbiswal",4.58],["chenjunjiedada",4.12],["pan3793",4],["cccs-jc",4],["zhangdove",3.87],["XuQianJin-Stars",3.61],["TGooch44",3.32],["martint",3],["dmgcodevil",3],["gallushi",2.83],["zuoyebushiwo",2.65],["dongjoon-hyun",2.45],["islandgit",2.45],["GintokiYs",2.45],["rdsr",2.24],["397090770",2.24],["wypoon",2.24],["rickyma",2.24],["mehtaashish23",2.24],["skambha",2.24],["liudi1184",2],["masonone",2],["abhishekkhanna1",2],["shangshengtung",1.73],["thirdparty-core",1.73],["borislitvak",1.73],["PiyushHurpadeDremio",1.73],["scanry",1.73],["gaojun2048",1.73],["bowenli86",1.41],["vvellanki",1.41],["Jecarm",1.41],["jshmchenxi",1.41],["samarthjain",1.41],["shiyi23",1.41],["xabriel",1.41],["GrigorievNick",1],["liubo1022126",1],["liukun4515",1],["boroknagyz",1],["wg1026688210",1],["manishmalhotrawork",1],["kesavkolla",1],["sshkvar",1],["jerryshao",1],["mickjermsurawong-stripe",1],["vinothchandar",1],["wangmiao1981",1]],"2021-01":[["rdblue",48.33],["aokolnychyi",29.12],["pvary",23.49],["openinx",21.73],["jackye1995",21.54],["kbendick",20.37],["zhangjun0x01",15.1],["dilipbiswal",14.73],["stevenzwu",14.63],["lcspinter",14.21],["RussellSpitzer",12.49],["yyanyy",11.22],["rymurr",10.82],["marton-bod",10.58],["jun-he",9.06],["dixingxing0",9],["massdosage",7.87],["karuppayya",7.75],["holdenk",7.68],["Fokko",7.42],["Jecarm",7],["qphien",6.86],["wypoon",6.86],["ismailsimsek",6.63],["steveloughran",6],["pan3793",5.92],["rdsr",5.2],["TGooch44",4.9],["sundargates",4.9],["samarthjain",4.36],["cccs-jc",4.24],["danielcweeks",3.87],["electrum",3.87],["simuhunluo",3.74],["dmgcodevil",3.61],["waterlx",3.61],["HeartSaVioR",3.46],["vvellanki",3.46],["elkhand",3.32],["shardulm94",3.32],["chenjunjiedada",3.16],["williamhyun",3],["XuQianJin-Stars",3],["deadwind4",2.83],["skambha",2.83],["wjxiz1992",2.83],["bkahloon",2.65],["simonsssu",2.65],["Simmyo",2.65],["CodingCat",2.45],["saurabhagas",2.45],["zhengqiangtan",2.45],["tweise",2.24],["shangxinli",2.24],["mehtaashish23",2.24],["jbapple",2.24],["JitseDriesprong",2.24],["davidwilcox",2],["boroknagyz",2],["kkishoreyadav",2],["fbocse",2],["ggershinsky",2],["tinder-kbendickson",2],["wg1026688210",2],["zhangdove",2],["thesquelched",2],["liudi1184",1.73],["dongjoon-hyun",1.73],["anuragmantri",1.73],["kezhuw",1.73],["PiyushHurpadeDremio",1.73],["changquanyou",1.73],["yutaoChina",1.73],["sunzheng1002",1.73],["iemejia",1.41],["wmoustafa",1.41],["sshkvar",1.41],["zanmeipaul",1.41],["pnowojski",1.41],["sunchao",1.41],["masonone",1.41],["adnanhb",1.41],["jerryshao",1],["txdong-sz",1],["davseitsev",1],["WilliamWhispell",1],["islandgit",1],["jacques-n",1],["gaojun2048",1],["sabyasachinandy",1]],"2021-02":[["aokolnychyi",27.13],["rdblue",26.51],["pvary",20.62],["stevenzwu",17.72],["marton-bod",14.8],["zhangjun0x01",14.46],["RussellSpitzer",14],["yyanyy",10.44],["rymurr",9.33],["shardulm94",9.11],["kbendick",8.83],["openinx",7.94],["jackye1995",7.68],["Stephen-Robin",7],["tweise",6.63],["Jecarm",6.48],["szehon-ho",6.08],["rdsr",6.08],["bkahloon",4.8],["sundargates",4.47],["dilipbiswal",4.24],["thomaschow",4.24],["PiyushHurpadeDremio",4.12],["xhochy",4],["ZorTsou",3.87],["Fokko",3.61],["sunchao",3.46],["edgarRd",3.46],["chenjunjiedada",3.46],["mehtaashish23",3.46],["XuQianJin-Stars",3.32],["danielcweeks",3.32],["rlcyf",3.16],["vvellanki",3.16],["holdenk",3],["massdosage",2.83],["lcspinter",2.83],["jun-he",2.83],["ashajyothi828",2.65],["prodeezy",2.45],["liubo1022126",2.24],["TGooch44",2.24],["twalthr",2],["jacques-n",2],["txdong-sz",2],["saurabhagas",1.73],["pan3793",1.73],["nchammas",1.73],["adnanhb",1.41],["sebbASF",1.41],["dixingxing0",1.41],["CodingCat",1.41],["pPanda-beta",1.41],["elkhand",1.41],["allenzhg",1.41],["karuppayya",1.41],["figo10203",1.41],["tjdean",1.41],["caseylucas",1.41],["electrum",1],["capkurmagati",1],["liudi1184",1],["kkishoreyadav",1],["ismailsimsek",1],["qphien",1],["tracycarley",1],["HeartSaVioR",1],["pnowojski",1],["medb",1],["johnclara",1],["chong0929",1],["kezhuw",1],["sudssf",1]],"2021-03":[["aokolnychyi",33.41],["rdblue",24.19],["RussellSpitzer",23.13],["openinx",22.56],["pvary",20.4],["rymurr",13.19],["marton-bod",13.11],["szehon-ho",12.04],["jackye1995",11.4],["lcspinter",10.91],["chenjunjiedada",10.77],["yyanyy",10.68],["sunchao",7.75],["mayursrivastava",6.63],["edgarRd",6.4],["zhangjun0x01",6.4],["flyrain",6.24],["stevenzwu",6.16],["bkahloon",5.92],["pan3793",5.83],["uncleGen",4.58],["kbendick",4.58],["dixingxing0",4.24],["rdsr",4],["wypoon",3.74],["Fokko",3.61],["omaraloraini",3.61],["XuQianJin-Stars",3.46],["karuppayya",3.16],["Parth-Brahmbhatt",3],["wynjauu",2.83],["rlcyf",2.83],["junsionzhang",2.83],["springle",2.83],["NageshB82",2.83],["shangxinli",2.65],["johnclara",2.45],["pPanda-beta",2.45],["snazy",2.45],["danielcweeks",2.45],["chinaboyll",2.24],["yuzhaojing",2.24],["ggershinsky",2.24],["jun-he",2],["massdosage",2],["wangmiao1981",2],["TGooch44",2],["wg1026688210",2],["PM200",2],["ayush-san",2],["madhubabubits",2],["dongjoon-hyun",2],["wuwangben",1.73],["stayrascal",1.73],["rzhang10",1.73],["Sealina",1.73],["grantatspothero",1.73],["xinbinhuang",1.73],["hereTac",1.73],["zhangdove",1.73],["jjtjiang",1.73],["coolderli",1.41],["roderickyao",1.41],["dmgcodevil",1.41],["allenzhg",1.41],["ankitkpandey",1.41],["javsanbel2",1.41],["QuintinTao",1.41],["hseagle",1.41],["BACtaki",1],["shardulm94",1],["andersonm-ibm",1],["zhuxiaoshang",1],["Jiayi-Liao",1]],"2021-04":[["aokolnychyi",33.29],["RussellSpitzer",24.86],["rdblue",19.31],["jackye1995",17.58],["openinx",15.17],["yyanyy",11.79],["marton-bod",11.7],["rymurr",11.36],["mayursrivastava",10.86],["pvary",9.43],["flyrain",9.11],["szehon-ho",8.83],["lcspinter",8.77],["chenjunjiedada",7.81],["karuppayya",7.48],["snazy",6.63],["wypoon",6.32],["shardulm94",6.08],["coolderli",5.83],["pan3793",5.57],["jun-he",5.29],["zhangjun0x01",5.1],["shenodaguirguis",5],["TGooch44",5],["stevenzwu",4.9],["kbendick",4.12],["dixingxing0",4],["XuQianJin-Stars",3.74],["junsionzhang",3.32],["tprelle",3.32],["findepi",3.16],["wg1026688210",3],["ismailsimsek",3],["edgarRd",3],["leoluan2009",2.83],["qidaye",2.65],["sebbASF",2.45],["ggershinsky",2.24],["huadongliu",2.24],["cutiechi",2.24],["zhangwcoder",2.24],["link3280",2.24],["nvitucci",2.24],["cccs-jc",2],["jccsjtu",2],["uncleGen",2],["ayush-san",1.73],["ddsr-ops",1.73],["raptond",1.73],["SreeramGarlapati",1.73],["221770490011111",1.41],["duybd81",1.41],["lonelyGhostisdog",1.41],["bgt-cdedels",1.41],["ashwini-tgam",1.41],["DongTL",1.41],["qq564567484",1.41],["danielcweeks",1.41],["gszadovszky",1.41],["timmylicheng",1.41],["sylvon",1],["davseitsev",1],["wmoustafa",1],["alec-heif",1],["rzhang10",1],["taherk77",1],["johnclara",1],["Fokko",1],["yeshvant-bhavnasi",1],["lhotari",1],["bkahloon",1],["silvermissile",1],["jzhuge",1],["NageshB82",1]],"2021-05":[["aokolnychyi",25.79],["rdblue",24.21],["RussellSpitzer",22.54],["jackye1995",16.12],["openinx",14.56],["stevenzwu",14.07],["kbendick",13.15],["zhangjun0x01",10.34],["flyrain",9.8],["jshmchenxi",9.27],["karuppayya",8.83],["pvary",7.75],["szehon-ho",7.55],["marton-bod",7.42],["ismailsimsek",7],["chenjunjiedada",6.86],["StefanXiepj",6.63],["rymurr",6.4],["coolderli",6.4],["SreeramGarlapati",6.4],["wypoon",6.32],["jun-he",5.66],["yyanyy",5.29],["pan3793",5],["mayursrivastava",4.47],["gszadovszky",4.36],["liubo1022126",4.24],["szlta",4.24],["snazy",4.12],["ggershinsky",4.12],["holdenk",3.74],["nastra",3.46],["dixingxing0",3.46],["221770490011111",3.46],["dongjoon-hyun",2.83],["thesquelched",2.65],["wulei0302",2.65],["ayush-san",2.45],["sfiend",2.45],["lcspinter",2.45],["rakeshsayini",2.45],["Reo-LEI",2.24],["southernriver",2.24],["jasonhughes248",2.24],["indranildey-sfdc",2],["xwmr-max",2],["liuzx8888",2],["GH-Gloway",2],["sundargates",2],["x-malet",1.73],["butaozhang",1.73],["maxingui",1.73],["tiborkiss",1.73],["hashmapybx",1.73],["edgarRd",1.73],["Poncirus",1.73],["PiyushHurpadeDremio",1.41],["ashwini-tgam",1.41],["dubeme",1.41],["bkahloon",1.41],["ashoksri0",1.41],["smallx",1.41],["jzhuge",1.41],["MariusCostin",1.41],["zyb1229",1.41],["tprelle",1.41],["daniil-dubin",1.41],["rajendrapa1",1],["somayaj",1],["xinbinhuang",1],["moon-fall",1],["shenodaguirguis",1],["jccsjtu",1],["XuQianJin-Stars",1],["anuragmantri",1],["rdsr",1],["haormj",1],["MINCWANG",1],["cccs-jc",1],["joewood",1],["caseylucas",1],["xianhaohihi",1]],"2021-06":[["rdblue",32.98],["SreeramGarlapati",20.78],["RussellSpitzer",19.7],["aokolnychyi",16.22],["nastra",16.09],["jackye1995",12.61],["kbendick",12.25],["openinx",11.22],["pvary",9.7],["stevenzwu",8.94],["yyanyy",8.43],["rymurr",7.94],["danielcweeks",7.81],["vinson0526",7.55],["jun-he",7.28],["TGooch44",7.28],["flyrain",6.86],["szehon-ho",6.48],["holdenk",6.24],["sshkvar",6.24],["anuragmantri",6],["wypoon",5.48],["ismailsimsek",5.29],["gaborgsomogyi",5.29],["jshmchenxi",5.2],["marton-bod",5],["samarthjain",4.69],["karuppayya",4.69],["aimenglin",4.58],["chenjunjiedada",4.36],["pan3793",4.12],["uncleGen",4],["coolderli",3.61],["daksha121",3.46],["silvermissile",3.46],["cwsteinbach",3.32],["jhsenjaliya",3.32],["jasonhughes248",3],["hankfanchiu",2.83],["southernriver",2.65],["jfz",2.65],["jerqi",2.65],["tprelle",2.45],["nautilus28",2.45],["ggershinsky",2.45],["ayush-san",2.24],["wangjunyou",2.24],["rominparekh",2.24],["jinchengchenghh",2],["liubo1022126",2],["skandasa23",2],["WesternStar",2],["zhougit86",2],["miaowenting",2],["xwmr-max",1.73],["moon-fall",1.73],["shardulm94",1.73],["zorrofox",1.73],["Fokko",1.73],["ckdarby",1.73],["szlta",1.73],["Aload",1.41],["haormj",1.41],["WenfengJ",1.41],["ayushchauhan0811",1.41],["aakashnand",1.41],["thomaschow",1.41],["jerryshao",1],["himanshpal",1],["dreamputer",1],["hashmapybx",1],["lltcatl",1],["davseitsev",1],["bambrow",1],["mbalassi",1],["tiborkiss",1],["malloy-J",1],["iQiuyu-0821",1],["bkahloon",1],["ashoksri0",1],["StefanXiepj",1]],"2021-07":[["aokolnychyi",21.1],["rdblue",20.22],["RussellSpitzer",20.12],["openinx",18.52],["kbendick",15.94],["jackye1995",13.08],["nastra",12.33],["sshkvar",11.09],["szehon-ho",10.72],["rymurr",9.54],["findepi",9.22],["stevenzwu",8.31],["jshmchenxi",7.62],["pvary",7.55],["yyanyy",7.48],["chenjunjiedada",7.42],["jun-he",7.07],["snazy",6.78],["flyrain",6.48],["TGooch44",6.48],["saurabhagas",6],["Reo-LEI",6],["southernriver",5.48],["coolderli",5.39],["sundargates",4.47],["haormj",4.36],["XuQianJin-Stars",3.87],["holdenk",3.87],["daksha121",3.61],["Rolly992",3.46],["danielcweeks",3.46],["runningcode",3.46],["hameizi",3.32],["jzhuge",3.16],["Flyangz",3],["SreeramGarlapati",3],["GrigorievNick",3],["ayushchauhan0811",3],["electrum",2.83],["KarlManong",2.83],["wang-x-xia",2.83],["nautilus28",2.83],["deadwind4",2.65],["zhangpanbigData",2.65],["nvitucci",2.65],["chenlei677",2.45],["dmgcodevil",2.45],["lordk911",2.45],["marton-bod",2.45],["cwsteinbach",2.24],["jhsenjaliya",2.24],["yunfeng79",2.24],["dnielsen",2.24],["wesselr",2.24],["wypoon",2.24],["edgarRd",2],["be-rock",2],["izchen",2],["adamkennedy",2],["big-guy",2],["karuppayya",2]],"2021-08":[["rdblue",28.43],["aokolnychyi",24.52],["kbendick",19.6],["szehon-ho",16.28],["cwsteinbach",15.07],["stevenzwu",14.97],["jackye1995",13.49],["RussellSpitzer",12.45],["jun-he",9.64],["flyrain",9.38],["mayursrivastava",8.66],["nastra",8.6],["pvary",8.37],["Reo-LEI",8.12],["rymurr",7.48],["coolderli",6.56],["wypoon",6.32],["huaxingao",5.66],["ismailsimsek",5.57],["danielcweeks",5.39],["hameizi",5.1],["cobookman",4.47],["wg1026688210",4.47],["xingbowu",4.36],["ayush-san",4],["findepi",3.87],["yyanyy",3.74],["kainoa21",3.61],["hililiwei",3.46],["TGooch44",3.46],["ggershinsky",3.46],["openinx",3.32],["chenjunjiedada",3.32],["TangYan-1",3.32],["massquantity",3.16],["moon-fall",3],["chenlei677",3],["snazy",2.83],["karuppayya",2.65],["zephaniah-wzf",2.65],["cccs-br",2.45],["smallx",2.45],["marton-bod",2.45],["sshkvar",2.45],["GrigorievNick",2.24],["prodeezy",2.24],["emkornfield",2.24],["rawataaryan9",2.24],["dongjoon-hyun",2],["massdosage",2],["tsianglei",2],["gallushi",2],["bijanhoule",2],["fcvr1010",2],["thaismonti1912",2],["pan3793",2],["zhanghaicheng1",1.73],["ConeyLiu",1.73],["tprelle",1.73],["fuchanghai",1.73],["liubo1022126",1.73],["alexey-fin",1.73],["tweise",1.73],["hankfanchiu",1.73],["daksha121",1.73],["codope",1.41],["HelloSrauker",1.41],["yangyongyongyong",1.41],["huadongliu",1.41],["hehuiyuan",1.41],["yanqinghe",1.41],["ic4y",1.41],["raghavendraD",1.41],["tiborkiss",1.41],["TJX2014",1.41],["myandpr",1.41],["felixYyu",1.41],["yupbank",1.41],["zhaoyuxiaoxiao",1.41],["RamakrishnaChilaka",1.41],["candily",1.41],["xinbinhuang",1.41],["SreeramGarlapati",1],["asnowfox",1],["skandasa23",1],["binhnv",1],["bitsondatadev",1],["lordk911",1],["mechgouki",1],["fcomuniz",1],["sunchao",1],["spancer",1],["erictan90",1],["julienledem",1],["ayushchauhan0811",1],["vusal-iom",1],["caneGuy",1]],"2021-09":[["rdblue",38.39],["aokolnychyi",29.9],["openinx",22.83],["jackye1995",19.47],["RussellSpitzer",17.97],["kbendick",16.12],["szehon-ho",15.43],["stevenzwu",14.9],["wypoon",12.37],["Reo-LEI",11.62],["flyrain",11.05],["nastra",10.95],["xingbowu",8.49],["itachi-sharingan",8.12],["zhengzengprc",8.12],["rajarshisarkar",7.81],["omarsmak",7.75],["chenjunjiedada",7.14],["xloya",6.86],["danielcweeks",6.78],["mayursrivastava",6.56],["WinkerDu",6.32],["wang-x-xia",6.16],["shangxinli",6.08],["pvary",6],["tweise",6],["jun-he",5.29],["zhangminglei",5.1],["Flyangz",5],["coolderli",4.8],["yyanyy",4.47],["samredai",4],["lirui-apache",4],["karuppayya",4],["GrigorievNick",4],["ConeyLiu",3.87],["tuziling",3.87],["liubo1022126",3.87],["Neo966",3.87],["dungdm93",3.87],["ayush-san",3.74],["nssalian",3.46],["hililiwei",3.46],["xinbinhuang",3.46],["hameizi",3.46],["CodingCat",3],["bvinayakumar",3],["chenlei677",3],["pan3793",2.83],["mechgouki",2.83],["ajantha-bhat",2.65],["deepeye",2.65],["shengkui",2.65],["zhong-yj",2.45],["liupan664021",2.45],["williamhyun",2.45],["puchengy",2.45],["miR172",2.24],["q977734161",2.24],["netvl",2.24],["fcvr1010",2.24],["BACtaki",2.24],["zhaoyuxiaoxiao",2.24],["cutiechi",2.24],["rodfsouza",2.24],["adamkennedy",2],["sjwiesman",2],["dmgcodevil",2],["xiaotianzhang01",2],["megshao",2],["flyxu1991",2],["jiasheng55",2],["vsingh99",2],["losipiuk",2],["findepi",2],["zaq1xsw2cde3vf",2],["lcs559",2]],"2021-10":[["rdblue",23.45],["kbendick",12.57],["aokolnychyi",12.21],["jun-he",10.86],["RussellSpitzer",7.42],["ggershinsky",7.28],["nastra",6.4],["pvary",6],["szehon-ho",5.92],["samredai",5.66],["flyrain",5.1],["stevenzwu",4.69],["nssalian",4.58],["jackye1995",4.47],["wypoon",4.24],["pan3793",3.87],["ajantha-bhat",3.46],["omarsmak",3],["puneetzaroo",3],["chenjunjiedada",2.83],["ashoksri0",2.83],["KnightChess",2.83],["dimas-b",2.83],["openinx",2.65],["snazy",2.24],["cabhishek",2.24],["harshm-dev",2],["hameizi",2],["myandpr",2],["xinbinhuang",2],["fengguangyuan",1.73],["miR172",1.73],["jacques-n",1.73],["Reo-LEI",1.73],["danielcweeks",1.41],["rosner",1.41],["mayursrivastava",1.41],["tuziling",1.41],["askalik",1.41],["dailai",1.41],["hangc0276",1.41],["cccs-br",1.41],["ConeyLiu",1.41],["mechgouki",1.41],["ChenLinL",1.41],["smaspe",1],["NeQuissimus",1],["velctor",1],["manishmalhotrawork",1],["joshuarobinson",1],["FounderHy",1],["cvasani",1],["kirandk",1],["coolderli",1],["karuppayya",1],["huaxingao",1],["fapaul",1],["shengkui",1],["chulucninh09",1],["jshmchenxi",1],["dengzhhu653",1],["zhangminglei",1],["weimy2018",1],["findepi",1],["jayfeihe",1],["edgarRd",1]],"2021-11":[["rdblue",44.38],["kbendick",30.45],["jackye1995",26.44],["aokolnychyi",24.82],["RussellSpitzer",22.58],["openinx",19.7],["samredai",16.37],["ajantha-bhat",15.49],["jun-he",15.23],["flyrain",13.19],["wang-x-xia",12.65],["KnightChess",11.31],["stevenzwu",10.95],["nssalian",10.54],["nastra",10.39],["xinbinhuang",9.33],["pvary",9],["rymurr",8.19],["Reo-LEI",8],["szehon-ho",7.75],["CircArgs",7.14],["wypoon",7.14],["xingbowu",6.93],["tprelle",6.78],["zhengzengprc",6.63],["harshm-dev",6.56],["jshmchenxi",6.4],["izchen",6.32],["zhangminglei",6],["hililiwei",6],["pan3793",5.74],["hameizi",5.66],["karuppayya",5.66],["electrum",5.66],["marton-bod",5.48],["ggershinsky",5.39],["xloya",5],["danielcweeks",4.9],["xiaotianzhang01",4.8],["felixYyu",4.69],["zhaomin1423",4.58],["puneetzaroo",4.47],["huaxingao",4.24],["chenjunjiedada",4.12],["omarsmak",4],["Initial-neko",3.87],["Flyangz",3.61],["brandboat",3.46],["SaurabhChawla100",3.16],["cabhishek",3.16],["zhongyujiang",3.16],["samarthjain",3.16],["tomtongue",3],["dubeme",3],["SreeramGarlapati",3],["yyanyy",2.83],["racevedoo",2.83],["myandpr",2.83],["KarlManong",2.83],["findepi",2.65],["kevinjqliu",2.45],["ConeyLiu",2.45],["singhpk234",2.45],["kingeasternsun",2.45],["gustavoatt",2.45],["fengsen-neu",2.24],["williamhyun",2.24],["NeQuissimus",2.24],["chulucninh09",2.24],["smallx",2.24],["szlta",2],["ryanrupp",2],["wulei0302",2],["ovj",2],["laurentgo",2],["wxy7",2],["jzhuge",2],["CodingCat",2],["ArtfulCoder",2],["TJX2014",2],["ashoksri0",2],["ayush-san",2]],"2021-12":[["rdblue",44.07],["kbendick",36.81],["aokolnychyi",25.5],["jackye1995",23.43],["RussellSpitzer",21.35],["ajantha-bhat",18.25],["hililiwei",14.32],["samredai",12.73],["racevedoo",12.04],["wypoon",11.49],["rajarshisarkar",10.68],["pvary",10.39],["SinghAsDev",10.15],["openinx",10.1],["CodingCat",9.95],["nastra",9.85],["szehon-ho",8.66],["stevenzwu",8.66],["marton-bod",8.25],["xiaotianzhang01",7.07],["findepi",7],["huaxingao",6.93],["danielcweeks",6.4],["jzhuge",6.4],["lirui-apache",6.24],["xloya",6.16],["snazy",5.83],["flyrain",5.66],["dimas-b",5.66],["jfz",5.57],["jun-he",5.48],["rymurr",5.39],["laurentgo",4.9],["felixYyu",4.8],["ZhangChaoming",4.24],["chenzihao5",4.24],["Initial-neko",4.24],["zhongyujiang",4.24],["rawataaryan9",4.24],["ben-manes",4.24],["TGooch44",4],["smallx",3.87],["hameizi",3.87],["alexkingli",3.87],["q977734161",3.61],["bryanck",3.61],["hbgstc123",3.46],["cccs-eric",3.32],["moon-fall",3.32],["yittg",3.16],["szlta",3],["KarlManong",2.83],["CircArgs",2.83],["kevinjqliu",2.83],["wulei0302",2.83],["omarsmak",2.83],["zhengxingmao",2.83],["yohengyangyang",2.65],["sanyud24",2.65],["lipusheng",2.65],["KnightChess",2.65],["kien-truong",2.45],["wuwenchi",2.45],["jpugliesi",2.24],["shay1bz",2.24],["jasonhughes248",2.24],["zpi1223",2.24],["singhpk234",2.24],["williamhyun",2.24],["puchengy",2.24],["zeromsi",2],["izchen",2],["liangyouze",2],["yyanyy",2],["nssalian",2],["wg1026688210",2],["Yanam",2],["liuml07",2],["xingbowu",2],["uncleGen",2]],"2022-01":[["rdblue",40.27],["RussellSpitzer",20.49],["kbendick",19.24],["aokolnychyi",18.81],["jackye1995",17.06],["pvary",16.64],["stevenzwu",16.25],["hililiwei",14.25],["SinghAsDev",12.81],["samredai",11.79],["emkornfield",10.72],["kingeasternsun",10.68],["flyrain",10.2],["jun-he",9.8],["huaxingao",9.59],["coolderli",9.49],["smallx",9.38],["rajarshisarkar",8.89],["felixYyu",8.6],["szehon-ho",7.81],["cccs-eric",7.62],["izchen",7.48],["lirui-apache",7.48],["xiaotianzhang01",6.93],["danielcweeks",6.48],["vanliu-tx",6.16],["Reo-LEI",6.08],["nastra",5.92],["anuragmantri",5.83],["openinx",5.83],["szlta",5.83],["ZhangChaoming",5.74],["CircArgs",5.74],["amogh-jahagirdar",5.48],["CodingCat",5.29],["xloya",5.2],["yittg",5.1],["humengyu2012",5],["ajantha-bhat",4.9],["hameizi",4.8],["massdosage",4.58],["0xffmeta",4.58],["ggershinsky",4.47],["marton-bod",4.36],["zhongyujiang",4.12],["bryanck",4.12],["wypoon",4],["dramaticlly",4],["puchengy",4],["natsukawa-kanou",3.87],["singhpk234",3.87],["nssalian",3.74],["Zhangg7723",3.61],["liubo1022126",3.46],["snazy",3.16],["jzhuge",3.16],["TGooch44",3.16],["findinpath",3],["nreich",2.83],["wang-x-xia",2.83],["yihaizhu",2.83],["sumedhsakdeo",2.83],["wangxujin1221",2.65],["SreeramGarlapati",2.65],["Initial-neko",2.65],["KnightChess",2.45],["jqysn",2.45],["KarlManong",2.24],["flyxu1991",2.24],["zhaobangcai",2.24],["findepi",2],["samarthjain",2],["boroknagyz",2],["zhengxingmao",2],["zeromsi",2],["fengsen-neu",2],["gustavoatt",2],["mohitgargk",2],["ubyyj",2],["youngxinler",2],["fqaiser94",2],["NOD507",2]],"2022-02":[["rdblue",49.15],["kbendick",32.42],["jackye1995",22.83],["RussellSpitzer",21.91],["szehon-ho",18.71],["aokolnychyi",18.63],["samredai",17.44],["amogh-jahagirdar",16.55],["stevenzwu",14.46],["openinx",13.93],["nastra",11.31],["danielcweeks",11.18],["emkornfield",11],["CircArgs",10.63],["hililiwei",10.39],["flyrain",10.2],["Reo-LEI",10.15],["yittg",9.64],["ggershinsky",9.11],["rajarshisarkar",8.54],["ConeyLiu",8.19],["singhpk234",7.68],["0xffmeta",7.68],["pan3793",7.55],["haizhou-zhao",7.28],["jun-he",7.14],["snazy",6.86],["wang-x-xia",6.86],["kingeasternsun",6.78],["SinghAsDev",6.4],["dungdm93",6.24],["happyprg",6.24],["coolderli",6.24],["findepi",6.08],["dramaticlly",5.92],["xloya",5.83],["wypoon",5.57],["zhongyujiang",5.48],["ajantha-bhat",5.48],["felixYyu",5.39],["fqaiser94",5.39],["izchen",5.2],["wuwenchi",5.2],["arminnajafi",5],["liuml07",4.9],["kainoa21",4.36],["pvary",4.24],["puchengy",4.24],["cccs-eric",3.87],["Zhangg7723",3.74],["hameizi",3.61],["XN137",3.46],["sririshindra",3.46],["SreeramGarlapati",3.32],["q977734161",3.16],["shenodaguirguis",3.16],["KarlManong",3],["marton-bod",3],["zinking",2.83],["akghbti",2.83],["AlexLY123",2.45],["yaooqinn",2.45],["vikrambohra",2.45],["kelvin9314",2.45],["whbing",2.24],["Initial-neko",2.24],["itaise",2.24],["mayursrivastava",2.24],["zhengchar",2],["jshmchenxi",2],["huzk8",2],["melin",2],["andrey-mindrin",2],["andersonm-ibm",2],["dubeme",2],["zihaochen68",2],["tweise",2],["rymurr",2]],"2022-03":[["rdblue",45.76],["kbendick",31.56],["jackye1995",31.48],["RussellSpitzer",24.78],["openinx",23.66],["szehon-ho",23.28],["samredai",21.93],["rajarshisarkar",19.92],["singhpk234",18.03],["hililiwei",16.37],["stevenzwu",15.94],["dramaticlly",15.43],["amogh-jahagirdar",14.66],["nastra",13.42],["felixYyu",12.96],["aokolnychyi",12.81],["emkornfield",12.61],["xiaoxuandev",11.96],["yittg",11.09],["danielcweeks",9.8],["jun-he",9.75],["wypoon",9.43],["jzhuge",9.06],["ajantha-bhat",8.89],["wang-x-xia",8.43],["ConeyLiu",8.37],["ggershinsky",7.55],["pvary",7.28],["wmoustafa",7.07],["Fokko",6.63],["rzhang10",6.63],["shangxinli",6.32],["snazy",6.08],["zhongyujiang",4.9],["dungdm93",4.9],["dylzlt",4.69],["coolderli",4.69],["tprelle",4.47],["CircArgs",4.47],["KnightChess",4.24],["0xffmeta",4.12],["xloya",4.12],["cgivre",4],["liuml07",4],["Reo-LEI",3.87],["kunal0829",3.74],["renshangtao",3.74],["samarthjain",3.61],["anuragmantri",3.46],["ulmako",3.46],["ulysses-you",3.46],["flyrain",3.46],["alexjo2144",3.32],["szlta",3.16],["XN137",3.16],["melin",3.16],["wuwenchi",2.83],["vvysotskyi",2.83],["cccs-eric",2.83],["huleilei",2.65],["polaris6",2.24],["smaspe",2],["cabhishek",2],["jfz",2],["kingeasternsun",2],["qyw919867774",2],["shardulm94",2],["bijanhoule",2],["findepi",2],["BiuBiu2323",2],["Voyager-Wang",2]],"2022-04":[["rdblue",40.46],["kbendick",26.34],["RussellSpitzer",24.06],["szehon-ho",23.81],["aokolnychyi",19.08],["stevenzwu",19.05],["flyrain",18.3],["samredai",15.97],["rajarshisarkar",14.87],["amogh-jahagirdar",13.71],["findepi",13.71],["felixYyu",13.3],["singhpk234",12.21],["jackye1995",11.92],["nastra",11.87],["openinx",11.66],["wypoon",10.91],["yittg",10.63],["ajantha-bhat",9.59],["sumeetgajjar",9.49],["rizaon",9.33],["chenjunjiedada",9.22],["dramaticlly",8.25],["danielcweeks",8],["ConeyLiu",7.55],["polaris6",7.07],["rzhang10",7],["CircArgs",6.24],["zhongyujiang",6.16],["wuwenchi",6.08],["snazy",6],["liuml07",5.92],["funcheetah",5.92],["kyle-cx",5.66],["Andre9580",5.57],["zinking",5.48],["hililiwei",5.39],["vanliu-tx",5.1],["marton-bod",4.9],["southernriver",4.58],["szlta",4.58],["xiaoxuandev",4.47],["microbearz",4.24],["hameizi",4.12],["moon-fall",3.87],["uncleGen",3.74],["homar",3.74],["SinghAsDev",3.61],["rbalamohan",3.61],["pvary",3.46],["shidayang",3.46],["bijanhoule",3.32],["KnightChess",3.32],["hailin0",3.32],["melin",3.16],["ggershinsky",3.16],["jzhuge",3.16],["xloya",3],["YesOrNo828",2.83],["ulmako",2.83],["puchengy",2.83],["wmoustafa",2.83],["anuragmantri",2.83],["scaladevspark",2.65],["vshinde-medacist",2.65],["gustavoatt",2.65],["renshangtao",2.65],["jun-he",2.65],["SreeramGarlapati",2.65],["Zephyr589",2.45],["tal66",2.45],["prodeezy",2.45],["dilipbiswal",2.45],["edgarRd",2.45],["tprelle",2.24],["GoGoWen",2.24],["eric666666",2.24],["Reo-LEI",2.24],["bbasosuho",2.24],["hangc0276",2.24],["itaise",2],["flashJd",2],["ubyyj",2],["huleilei",2],["rymurr",2],["lichaohao",2],["agoswami0915",2],["sontt710",2],["idealspark",2],["cabhishek",2]],"2022-05":[["rdblue",47.77],["kbendick",31.43],["Fokko",23.79],["aokolnychyi",20.81],["samredai",19.36],["RussellSpitzer",17],["flyrain",16.88],["stevenzwu",16.79],["dhruv-pratap",16.55],["amogh-jahagirdar",16.12],["szehon-ho",15.68],["findepi",15.3],["huaxingao",13.71],["jackye1995",12.96],["singhpk234",12.45],["hililiwei",12.37],["ajantha-bhat",11.75],["chenjunjiedada",11],["danielcweeks",10.39],["dramaticlly",9.75],["nastra",9.06],["bryanck",9],["rzhang10",8.19],["ConeyLiu",8],["rajarshisarkar",8],["wuwenchi",7.81],["wypoon",7.48],["felixYyu",7],["rizaon",6.32],["snazy",6],["pvary",5.92],["alexjo2144",5.74],["funcheetah",5.74],["xiaoxuandev",5.66],["sumeetgajjar",5.48],["zinking",5],["szlta",4.8],["jun-he",4.69],["SinghAsDev",4.58],["Zephyr589",4.58],["liuml07",4.47],["renshangtao",4.24],["wmoustafa",4.24],["jfz",4.12],["bhanuunrivalled",3.74],["southernriver",3.61],["CodingCat",3.61],["puchengy",3.61],["steveloughran",3.61],["openinx",3.61],["flashJd",3.46],["joshuarobinson",3.46],["lirui-apache",3.46],["sririshindra",3.46],["emkornfield",3.32],["CircArgs",3.32],["yittg",3.32],["caneGuy",3.16],["tprelle",3],["xingfanx",3],["jzhuge",2.83],["lcspinter",2.83],["waltczhang",2.83],["hailin0",2.83],["homar",2.65],["hameizi",2.65],["ulmako",2.65],["peterxiong13",2.65],["xinbinhuang",2.65],["user-GitHub-user",2.45],["XN137",2.45],["Zhangg7723",2.45],["shardulm94",2.24],["Niliria",2.24],["akshayar",2.24],["Cqz666",2.24],["dungdm93",2.24],["jeff1evesque",2],["kyle-cx",2],["JiJiTang",2],["edgarRd",2],["ElapsedSoul",2],["abmo-x",2],["jshmchenxi",2],["chenJz1012",2],["molsionmo",2],["ggershinsky",2],["SreeramGarlapati",2],["shiyuhang0",2],["ebyhr",2]],"2022-06":[["rdblue",48.29],["kbendick",25.77],["Fokko",25.24],["aokolnychyi",23.77],["findepi",20.62],["RussellSpitzer",20.12],["szehon-ho",14.53],["chenjunjiedada",14.39],["flyrain",14.21],["pvary",13.82],["stevenzwu",13.82],["amogh-jahagirdar",13.71],["rzhang10",13.45],["singhpk234",13.34],["samredai",13.04],["jackye1995",12.49],["ajantha-bhat",12.25],["hililiwei",12.17],["danielcweeks",10.44],["jun-he",9.85],["huaxingao",9.64],["wang-x-xia",9.59],["wuwenchi",9.06],["nastra",9],["bryanck",9],["CodingCat",8.94],["namrathamyske",8.06],["wypoon",7.35],["openinx",7.07],["ggershinsky",7],["ConeyLiu",6.86],["karuppayya",6.4],["jzhuge",6.24],["sumeetgajjar",6.24],["renshangtao",6],["rajarshisarkar",5.92],["gaborkaszab",5.74],["dramaticlly",5.57],["CircArgs",5.39],["Zhangg7723",4.9],["Mehul2500",4.8],["SinghAsDev",4.8],["dimas-b",4.58],["xingfanx",4.24],["yittg",4.12],["krisdas",4],["ymZhao1001",3.87],["emkornfield",3.74],["chulucninh09",3.74],["noneback",3.61],["snazy",3.61],["NeQuissimus",3.61],["Reo-LEI",3.61],["zinking",3.46],["puchengy",3.32],["xrl1",3.16],["deadwind4",3.16],["eric666666",3.16],["bijanhoule",3],["steveloughran",3],["syun64",2.83],["JunjianS",2.83],["ccforbes",2.83],["szlta",2.83],["hmit",2.65],["tmater",2.65],["flashJd",2.65],["gustavoatt",2.65],["ericlgoodman",2.65],["felixYyu",2.45],["20100507",2.45],["KarlManong",2.45],["romibuzi",2.45],["polaris6",2.45],["sungwy",2.45],["chakradhar2",2.24],["williamhyun",2.24],["zhongyujiang",2.24],["MasseGuillaume",2.24],["homar",2],["hameizi",2],["shiyuhang0",2],["jfz",2],["findinpath",2],["xiaoxuandev",2]],"2022-07":[["rdblue",45.19],["Fokko",27.82],["kbendick",25.63],["aokolnychyi",25.32],["nastra",21.14],["szehon-ho",17.49],["pvary",15.43],["stevenzwu",14.66],["hililiwei",14.04],["karuppayya",13.86],["samredai",13.71],["amogh-jahagirdar",13.45],["flyrain",12.81],["bryanck",12.69],["RussellSpitzer",12.49],["ajantha-bhat",10.82],["danielcweeks",10.2],["singhpk234",9.7],["rzhang10",8.72],["huaxingao",8.43],["dimas-b",7.81],["shidayang",7.42],["CircArgs",7.42],["snazy",7.07],["wuwenchi",7.07],["Mehul2500",6.78],["chenjunjiedada",6.24],["abmo-x",5.83],["jfz",5.83],["dungdm93",5.39],["jackye1995",5.29],["deadwind4",5.1],["dramaticlly",5.1],["ggershinsky",5.1],["findepi",4.9],["gaborkaszab",4.8],["renshangtao",4.58],["yabola",4.47],["zhongyujiang",4.47],["rajarshisarkar",4.24],["Reo-LEI",4.12],["namrathamyske",4.12],["XN137",4.12],["SinghAsDev",4.12],["ConeyLiu",4],["xingfanx",3.87],["20100507",3.74],["jzhuge",3.16],["zhaomin1423",3.16],["openinx",3.16],["dependabot[bot]",3.16],["waifairer",3],["felixYyu",2.65],["lhofhansl",2.65],["xiaoxuandev",2.65],["price-qian",2.45],["hrishisd",2.45],["CodingCat",2.45],["manuzhang",2.45],["zoucao",2.45],["naushadh",2.24],["czy006",2.24],["southernriver",2.24],["skadyan",2.24],["edgarRd",2.24],["zfno111",2.24],["lintingbin2009",2],["palaniappa",2],["gustavoatt",2],["Shubham-Jha-GT",2],["wang-x-xia",2],["krisdas",2],["ericlgoodman",2],["xuzhiwen1255",2]],"2022-08":[["rdblue",44.53],["kbendick",27.77],["Fokko",27.66],["aokolnychyi",26.87],["nastra",20.32],["amogh-jahagirdar",19.87],["stevenzwu",19.77],["szehon-ho",19.36],["jackye1995",16.91],["hililiwei",16.52],["huaxingao",15.23],["RussellSpitzer",10.86],["findepi",10.68],["pvary",10.58],["wypoon",10.05],["samredai",9.38],["dependabot[bot]",9.11],["jun-he",9],["singhpk234",8.77],["flyrain",8.6],["lvyanquan",7.87],["github-actions[bot]",7.75],["ajantha-bhat",7.68],["namrathamyske",7.48],["karuppayya",7.42],["danielcweeks",7.28],["ConeyLiu",7.21],["yabola",6.86],["xuzhiwen1255",6.4],["xiaoxuandev",6.4],["zhongyujiang",5.83],["JonasJ-ap",5.66],["price-qian",5.2],["ggershinsky",4.9],["sumeetgajjar",4.69],["wang-x-xia",4.47],["jessiedanwang",4.24],["dramaticlly",4.24],["mas-chen",4.12],["dotjdk",4],["rzhang10",3.87],["bryanck",3.87],["manuzhang",3.61],["gaborkaszab",3.46],["vamen",3.32],["SinghAsDev",3.32],["ebyhr",3.16],["XN137",3.16],["lintingbin2009",3.16],["deadwind4",3.16],["jzhuge",3.16],["ericlgoodman",3.16],["rizaon",3.16],["chajath",3],["zhaomin1423",3],["szlta",3],["abmo-x",3],["sririshindra",3],["JiJiTang",3],["linhao1990",2.83],["alexjo2144",2.83],["wuwenchi",2.83],["YesOrNo828",2.83],["kunal-nandwana",2.65],["rbalamohan",2.24],["linfey90",2.24],["t0ma-sz",2.24],["Bmyymwtao",2.24],["snazy",2.24],["asheeshgarg",2.24],["zhushanwei",2.24],["williamhyun",2.24],["kris-sea",2.24],["Cqz666",2],["allenhaozi",2],["xiacongling",2],["hunter-cloud09",2],["a-agmon",2],["Shane-Yu",2],["namrathamk",2]],"2022-09":[["rdblue",26.25],["nastra",21.07],["Fokko",20.42],["jackye1995",19.29],["JonasJ-ap",12.65],["rizaon",11.58],["stevenzwu",11.4],["aokolnychyi",10.86],["findepi",10.58],["danielcweeks",10.49],["pvary",10.44],["szehon-ho",9.33],["ajantha-bhat",9.06],["singhpk234",8.89],["xuzhiwen1255",8.66],["wypoon",7.87],["bryanck",7.55],["samredai",7.42],["gaborkaszab",7.35],["dependabot[bot]",7.28],["joshuarobinson",7.14],["github-actions[bot]",7.07],["sumeetgajjar",6.86],["rajarshisarkar",6.08],["amogh-jahagirdar",6],["openinx",5.66],["kbendick",5.57],["wang-x-xia",5.57],["lvyanquan",5.48],["flyrain",5.39],["JiJiTang",5.29],["sririshindra",5.29],["ggershinsky",5.29],["pavibhai",5],["hunter-cloud09",4.9],["wmoustafa",4.8],["manuzhang",4.24],["Kontinuation",4.24],["xiaoxuandev",4.12],["zixiao144",4.12],["steveloughran",4],["xloya",4],["jfz",4],["marton-bod",3.87],["pan3793",3.74],["XN137",3.61],["viirya",3.61],["liuml07",3.61],["linfey90",3.32],["dhruv-pratap",3.16],["asheeshgarg",3.16],["huaxingao",3.16],["linyanghao",3],["yikuanlee",2.83],["wangyum",2.65],["lordk911",2.65],["abmo-x",2.65],["JanKaul",2.65],["findinpath",2.65],["Heltman",2.45],["ymZhao1001",2.45],["snazy",2.24],["chenjunjiedada",2.24],["williamhyun",2.24],["can-sun",2.24],["Hoeze",2.24],["cccs-eric",2.24],["meyergin",2.24],["ldwnt",2],["yiqiangin",2],["rbalamohan",2],["sunchao",2],["ConeyLiu",2],["KarlManong",2],["kingwind94",2],["aajisaka",2],["rzhang10",2],["InvisibleProgrammer",2]],"2022-10":[["rdblue",35.3],["aokolnychyi",21.28],["Fokko",20.07],["nastra",19.65],["amogh-jahagirdar",17.72],["szehon-ho",13.45],["hililiwei",13.23],["ajantha-bhat",12.33],["JonasJ-ap",11.87],["stevenzwu",9.75],["gaborkaszab",9.54],["jzhuge",9.22],["huaxingao",9.17],["jackye1995",8.66],["flyrain",8.19],["sumeetgajjar",7.75],["wypoon",7.75],["dependabot[bot]",7.42],["chenjunjiedada",7.21],["haizhou-zhao",7.14],["github-actions[bot]",7.14],["sririshindra",6.93],["pvary",6.63],["kbendick",5.83],["dhruv-pratap",5.57],["singhpk234",5.57],["rzhang10",4.8],["sunchao",4.8],["ConeyLiu",4.58],["danielcweeks",4.58],["manuzhang",4.47],["Heltman",4.47],["zinking",4.12],["findepi",4.12],["hunter-cloud09",4],["Jonathan-Rosenberg",3.87],["pavibhai",3.61],["snazy",3.61],["Kontinuation",3.61],["wangyum",3.32],["xuzhiwen1255",3.16],["rizaon",3.16],["namrathamyske",3],["linfey90",3],["bryanck",3],["luoyuxia",3],["chenwyi2",3],["dramaticlly",2.83],["sun-help",2.83],["djouallah",2.83],["yiqiangin",2.83],["ahshahid",2.83],["vshel",2.83],["XBaith",2.65],["wmoustafa",2.65],["fb913bf0de288ba84fe98f7a23d35edfdb22381",2.45],["puchengy",2.45],["dimas-b",2.45],["rbalamohan",2.45],["szlta",2.24],["samredai",2.24],["the-other-tim-brown",2.24],["MrDannyWu",2.24],["mggger",2.24],["joshuarobinson",2.24],["manisin",2],["jornfranke",2],["linyanghao",2],["eyeryone",2],["SinghAsDev",2],["deadwind4",2]],"2022-11":[["rdblue",35.54],["Fokko",30.17],["nastra",22.38],["aokolnychyi",20.86],["RussellSpitzer",16.03],["ajantha-bhat",15.07],["stevenzwu",14.11],["szehon-ho",13.45],["haizhou-zhao",12.33],["gaborkaszab",9.8],["sunchao",9.64],["hililiwei",8.66],["lvyanquan",7.94],["jzhuge",7.81],["danielcweeks",7.42],["github-actions[bot]",7.42],["pvary",7.35],["amogh-jahagirdar",7.14],["ConeyLiu",6.86],["wmoustafa",6.78],["flyrain",6.08],["chenjunjiedada",6],["singhpk234",5.92],["dependabot[bot]",5.48],["jackye1995",5.48],["dhruv-pratap",5.2],["ddrinka",5.1],["JonasJ-ap",5.1],["luoyuxia",4.9],["LuigiCerone",4.69],["linfey90",4.58],["findepi",4.47],["huaxingao",4.36],["islamismailov",4.12],["lirui-apache",4],["manuzhang",3.87],["snazy",3.61],["pavibhai",3.61],["ahshahid",3.46],["krvikash",3.46],["zhongyujiang",3.46],["alec-heif",3.16],["sririshindra",3.16],["grbinho",3.16],["fb913bf0de288ba84fe98f7a23d35edfdb22381",3],["foarsitter",3],["rbalamohan",2.83],["dungdm93",2.83],["ggershinsky",2.83],["chenwyi2",2.83],["jfz",2.65],["SHuixo",2.65],["djouallah",2.65],["0xffmeta",2.65],["Omega359",2.65],["wang-x-xia",2.65],["asheeshgarg",2.65],["XN137",2.65],["dmgcodevil",2.65],["slfan1989",2.45],["yinshan612",2.45],["yuangjiang",2.45],["HannesDS",2.45],["joao-parana",2.45],["hameizi",2.24],["MrDannyWu",2.24],["hendrikmakait",2.24],["XAZAD",2.24],["brysd",2.24],["bryanck",2.24],["psnilesh",2],["abmo-x",2],["eemario",2],["dimas-b",2],["deadwind4",2],["V-yg",2]],"2022-12":[["rdblue",32.28],["stevenzwu",21.93],["Fokko",21.26],["nastra",20.83],["aokolnychyi",19.42],["szehon-ho",18.14],["RussellSpitzer",17.92],["hililiwei",17.64],["dennishuo",17.41],["flyrain",14.66],["ajantha-bhat",13.53],["jackye1995",12.77],["pvary",11.05],["amogh-jahagirdar",9.8],["danielcweeks",8.94],["JonasJ-ap",8.25],["pavibhai",7.75],["chenjunjiedada",7.68],["ggershinsky",7.42],["gaborkaszab",7.35],["rajarshisarkar",6.93],["cccs-eric",6.93],["github-actions[bot]",6.86],["rubenvdg",6.86],["kmozaid",6.86],["ConeyLiu",6.32],["haizhou-zhao",6.16],["dependabot[bot]",6.08],["sunchao",5.66],["InvisibleProgrammer",5.29],["krvikash",5.2],["rbalamohan",4.8],["findepi",4.58],["singhpk234",4.58],["fwessels",4.47],["islamismailov",4.24],["tomtongue",4],["yegangy0718",3.87],["zhongyujiang",3.87],["shardulm94",3.87],["xwmr-max",3.87],["dmgcodevil",3.74],["huaxingao",3.74],["aajisaka",3.46],["manisin",3.46],["ahshahid",3.32],["zinking",3],["MohamedAdelHsn",2.83],["TuroczyX",2.65],["jiamin13579",2.45],["smallx",2.45],["williamhyun",2.45],["joshuarobinson",2.24],["lvyanquan",2.24],["ayushtkn",2.24],["y-bowen",2.24],["arunb2w",2.24],["MurderWind",2.24],["dramaticlly",2.24],["linfey90",2.24],["djouallah",2],["manuzhang",2],["JMin824",2],["asheeshgarg",2],["SHuixo",2],["autumnust",2],["zhangbutao",2],["bryanck",2]],"2023-01":[["rdblue",27.64],["jackye1995",23.83],["amogh-jahagirdar",22.58],["nastra",22.18],["aokolnychyi",21.95],["szehon-ho",20.93],["RussellSpitzer",20.37],["Fokko",19.49],["pvary",17.97],["stevenzwu",17.89],["ajantha-bhat",13.3],["hililiwei",11.79],["danielcweeks",10.91],["dependabot[bot]",10.49],["JonasJ-ap",10.44],["huaxingao",10.39],["dennishuo",9.54],["flyrain",9.11],["kingeasternsun",8.77],["krvikash",7.55],["github-actions[bot]",7.35],["youngxinler",7.35],["singhpk234",7.14],["gaborkaszab",6.86],["arminnajafi",6.71],["haizhou-zhao",6.24],["namrathamyske",6.16],["findepi",6],["snazy",6],["zhangbutao",4.9],["aajisaka",4.69],["rbalamohan",4.58],["ggershinsky",4.47],["yegangy0718",4.47],["yyanyy",4.47],["tprelle",4.47],["deniskuzZ",4.12],["xuzhiwen1255",4],["dimas-b",4],["dmgcodevil",3.87],["dramaticlly",3.74],["rubenvdg",3.46],["JanKaul",3.46],["manisin",3.46],["zhongyujiang",3.46],["sumeetgajjar",3],["wypoon",3],["renshangtao",3],["lirui-apache",2.83],["liuml07",2.83],["puchengy",2.65],["yulongz",2.45],["cgpoh",2.45],["fqaiser94",2.45],["kmozaid",2.24],["cccs-eric",2.24],["holdenk",2.24],["marun224",2.24],["williamhyun",2.24],["anuragmantri",2],["GabeChurch",2],["wmoustafa",2],["samarthjain",2],["ConeyLiu",2],["YesOrNo828",2],["gyfora",2],["bryanck",2],["InvisibleProgrammer",2],["chenjunjiedada",2],["fireking77",2],["kingwind94",2],["XN137",2]],"2023-02":[["rdblue",32.62],["aokolnychyi",26.5],["amogh-jahagirdar",23.56],["jackye1995",22.16],["nastra",21.82],["Fokko",21.05],["szehon-ho",17.32],["huaxingao",16.46],["ajantha-bhat",14.83],["stevenzwu",14.66],["RussellSpitzer",13.86],["danielcweeks",13.42],["wypoon",11.92],["abmo-x",10.77],["singhpk234",10.68],["dramaticlly",10.49],["hililiwei",10.34],["pvary",9.9],["flyrain",9.8],["arminnajafi",9.75],["JonasJ-ap",9.33],["dependabot[bot]",9],["namrathamyske",8.94],["ggershinsky",7.35],["github-actions[bot]",6.86],["dimas-b",6.63],["gaborkaszab",5.74],["xwmr-max",5.74],["zhongyujiang",5.66],["snazy",5.2],["youngxinler",5.1],["clesaec",5.1],["wangyinsheng",4.8],["fqaiser94",4.58],["chenjunjiedada",4.58],["haizhou-zhao",4.58],["munendrasn",4.47],["hunter-cloud09",4.47],["manisin",4.36],["pritampan",4.36],["agnes-xinyi-lu",4.24],["tprelle",4.12],["LuigiCerone",4],["theoxu31",4],["xuzhiwen1255",3.74],["karuppayya",3.74],["lirui-apache",3.61],["Guillem96",3.61],["0xffmeta",3.46],["krvikash",3.46],["mas-chen",3.46],["tomtongue",3.32],["Saranviveka",3.32],["ludlows",3.32],["lexluo09",3.32],["slfan1989",3.16],["zinking",3],["kmozaid",2.83],["puchengy",2.83],["yyanyy",2.83],["jackieo168",2.83],["thomasaNvidia",2.83],["bluzy",2.83],["ymZhao1001",2.83],["srilman",2.65],["jrcamp",2.65],["deniskuzZ",2.65],["JanKaul",2.45],["fengguangyuan",2.45],["electrum",2.45],["dmgcodevil",2.24],["romanstreamsets",2.24],["leichangqing",2.24],["zombee0",2.24],["zhangjiuyang1993",2.24],["bryanck",2.24],["anuragmantri",2.24],["yegangy0718",2.24],["wmoustafa",2.24],["rbalamohan",2.24],["sumeetgajjar",2.24],["rosner",2],["sfc-gh-mparmar",2],["holdenk",2],["ldwnt",2],["akash-goel",2],["zhouyifan279",2]],"2023-03":[["jackye1995",28.27],["aokolnychyi",27.35],["rdblue",27.11],["nastra",25.61],["szehon-ho",23.75],["Fokko",21],["ajantha-bhat",18.81],["RussellSpitzer",16.82],["amogh-jahagirdar",15.39],["JonasJ-ap",14.25],["dpaani",13.82],["stevenzwu",13.71],["hililiwei",12.12],["danielcweeks",11.96],["wangyinsheng",10.77],["dependabot[bot]",10.2],["911432",9.64],["flyrain",9.64],["singhpk234",9.43],["liuxiaocs7",8.89],["zhongyujiang",7.94],["snazy",7.75],["lirui-apache",7.55],["github-actions[bot]",7.48],["electrum",7.07],["syun64",7],["fqaiser94",6.93],["sririshindra",6.78],["ggershinsky",6.63],["ludlows",6.48],["gustavoatt",6.08],["XN137",6.08],["manisin",6],["ConeyLiu",6],["bowenliang123",5.92],["yabola",5.66],["xuzhiwen1255",5.66],["doki23",5.48],["alaturqua",5.39],["yegangy0718",5.2],["xloya",5.2],["ChristinaTech",5],["youngxinler",4.69],["munendrasn",4.58],["edgarRd",4.47],["dimas-b",4.24],["anuragmantri",4.24],["Polectron",4.12],["rajarshisarkar",3.87],["zhouyifan279",3.87],["dramaticlly",3.74],["karuppayya",3.74],["pavibhai",3.61],["luxl6",3.46],["c21",3.46],["luoyuxia",3.16],["pan3793",3.16],["pvary",3.16],["deepyaman",3],["sweetpythoncode",3],["slfan1989",3],["cccs-eric",2.83],["ztaylor797",2.83],["huaxingao",2.83],["ddcprg",2.65],["linyanghao",2.65],["gaborkaszab",2.65],["LuigiCerone",2.65],["pkhetrapal",2.45],["haizhou-zhao",2.45],["nikam14",2.45],["lurnagao",2.45],["namrathamyske",2.45],["djouallah",2.45],["williamhyun",2.24],["bryanck",2.24],["liuzx8888",2.24],["joonsun-baek",2.24],["cntwelve",2.24],["lorransr",2],["anthonysgro",2],["gensheng-mo",2],["yyanyy",2],["JanKaul",2],["a-recknagel",2],["chenjunjiedada",2],["gong",2]]}