{"2018-11":[["mccheah",9],["rdblue",8]],"2018-12":[["rdblue",19],["mccheah",12],["rdsr",7]],"2019-01":[["rdblue",14],["mccheah",12]],"2019-02":[["rdblue",16],["rdsr",8],["mccheah",10],["fbocse",9]],"2019-03":[["prodeezy",11],["rdblue",25],["rominparekh",11],["rdsr",11],["xabriel",12]],"2019-04":[["Parth-Brahmbhatt",9],["rdsr",8],["rdblue",23],["mccheah",11]],"2019-05":[["rdsr",9],["aokolnychyi",8],["edgarRd",8],["samarthjain",8],["rdblue",21]],"2019-06":[["bryanck",10],["rdsr",16],["rdblue",24],["aokolnychyi",14]],"2019-07":[["TGooch44",7],["arina-ielchiieva",9],["rdblue",26],["danielcweeks",9],["timmylicheng",7],["edgarRd",7],["aokolnychyi",14],["electrum",7],["rdsr",11],["chenjunjiedada",8],["moulimukherjee",11]],"2019-08":[["chenjunjiedada",11],["xabriel",8],["manishmalhotrawork",10],["moulimukherjee",9],["rdblue",33],["aokolnychyi",20],["rdsr",8],["jun-he",13],["jerryshao",8]],"2019-09":[["rdsr",9],["waterlx",10],["jerryshao",5],["sujithjay",5],["Fokko",5],["chenjunjiedada",7],["xabriel",12],["rdblue",21],["prodeezy",8],["ashleycoxley",5],["yathindranath",6],["aokolnychyi",11]],"2019-10":[["chenjunjiedada",8],["Fokko",12],["rdblue",28],["andrei-ionescu",8],["rdsr",16],["manishmalhotrawork",8],["TGooch44",12],["aokolnychyi",13]],"2019-11":[["Fokko",10],["andrei-ionescu",10],["chenjunjiedada",10],["samarthjain",8],["aokolnychyi",18],["rdsr",8],["rdblue",28]],"2019-12":[["jerryshao",12],["shawnding",14],["chenjunjiedada",8],["samarthjain",8],["rdblue",37],["jun-he",10],["aokolnychyi",10]],"2020-01":[["cmathiesen",6],["prodeezy",13],["chenjunjiedada",6],["rdblue",30],["aokolnychyi",17],["waterlx",6],["jun-he",6],["rdsr",12]],"2020-02":[["jerryshao",9],["vrozov",7],["jun-he",7],["aokolnychyi",12],["rdsr",12],["chenjunjiedada",10],["rdblue",24],["shardulm94",7]],"2020-03":[["jerryshao",15],["aokolnychyi",8],["rdsr",16],["samarthjain",9],["chenjunjiedada",10],["rdblue",30],["shardulm94",8]],"2020-04":[["XiaokunDing",14],["massdosage",11],["chenjunjiedada",17],["rdblue",41],["aokolnychyi",22],["waterlx",10],["rdsr",19]],"2020-05":[["sudssf",10],["Fokko",7],["waterlx",7],["edgarRd",7],["rdsr",14],["chenjunjiedada",16],["samarthjain",8],["rdblue",34],["shardulm94",8],["openinx",7]],"2020-06":[["rdsr",12],["jun-he",10],["cmathiesen",10],["rdblue",39],["massdosage",11],["edgarRd",10],["openinx",10],["aokolnychyi",17],["shardulm94",11],["chenjunjiedada",12]],"2020-07":[["massdosage",10],["guilload",10],["RussellSpitzer",17],["aokolnychyi",14],["JingsongLi",17],["edgarRd",10],["rdsr",18],["chenjunjiedada",16],["rdblue",40],["shardulm94",13],["openinx",20]],"2020-08":[["pvary",12],["kbendick",17],["JingsongLi",21],["rdblue",43],["chenjunjiedada",17],["aokolnychyi",23],["rdsr",11],["RussellSpitzer",25],["openinx",26]],"2020-09":[["massdosage",12],["aokolnychyi",22],["HeartSaVioR",12],["chenjunjiedada",16],["pvary",23],["rdblue",40],["RussellSpitzer",20],["kbendick",21],["JingsongLi",13],["openinx",16]],"2020-10":[["jackye1995",15],["danielcweeks",11],["yyanyy",10],["kbendick",20],["marton-bod",10],["chenjunjiedada",11],["holdenk",10],["pvary",12],["JingsongLi",12],["rdblue",35],["RussellSpitzer",24],["aokolnychyi",18],["zhangjun0x01",13],["openinx",21]],"2020-11":[["openinx",21],["danielcweeks",15],["aokolnychyi",30],["zhangjun0x01",14],["jackye1995",18],["rymurr",20],["yyanyy",19],["RussellSpitzer",21],["pvary",17],["rdblue",49]],"2020-12":[["rymurr",20],["RussellSpitzer",20],["openinx",21],["pvary",21],["jackye1995",21],["rdblue",52],["ismailsimsek",14],["aokolnychyi",34],["zhangjun0x01",11],["marton-bod",12],["yyanyy",16]],"2021-01":[["dilipbiswal",15],["rdblue",49],["RussellSpitzer",13],["openinx",22],["lcspinter",15],["stevenzwu",15],["pvary",24],["marton-bod",11],["yyanyy",12],["rymurr",11],["jackye1995",22],["kbendick",21],["aokolnychyi",30],["zhangjun0x01",16]],"2021-02":[["yyanyy",11],["jackye1995",8],["pvary",21],["marton-bod",15],["openinx",8],["zhangjun0x01",15],["aokolnychyi",28],["stevenzwu",18],["RussellSpitzer",14],["shardulm94",10],["rdblue",27],["kbendick",9],["rymurr",10]],"2021-03":[["yyanyy",11],["szehon-ho",13],["lcspinter",11],["aokolnychyi",34],["openinx",23],["marton-bod",14],["rdblue",25],["jackye1995",12],["rymurr",14],["chenjunjiedada",11],["RussellSpitzer",24],["pvary",21]],"2021-04":[["szehon-ho",9],["jackye1995",18],["openinx",16],["rdblue",20],["lcspinter",9],["rymurr",12],["RussellSpitzer",25],["pvary",10],["mayursrivastava",11],["marton-bod",12],["yyanyy",12],["flyrain",10],["aokolnychyi",34]],"2021-05":[["wypoon",7],["kbendick",14],["jackye1995",17],["marton-bod",8],["coolderli",7],["SreeramGarlapati",7],["pvary",8],["ismailsimsek",7],["szehon-ho",8],["jshmchenxi",10],["rymurr",7],["zhangjun0x01",11],["flyrain",10],["aokolnychyi",26],["stevenzwu",15],["karuppayya",9],["openinx",15],["StefanXiepj",7],["rdblue",25],["RussellSpitzer",23],["chenjunjiedada",7]],"2021-06":[["RussellSpitzer",20],["yyanyy",9],["kbendick",13],["openinx",12],["pvary",10],["rdblue",33],["vinson0526",8],["danielcweeks",8],["jun-he",8],["aokolnychyi",17],["TGooch44",8],["stevenzwu",9],["jackye1995",13],["nastra",17],["SreeramGarlapati",21],["rymurr",8]],"2021-07":[["flyrain",7],["aokolnychyi",22],["snazy",7],["rymurr",10],["openinx",19],["jun-he",8],["kbendick",16],["nastra",13],["szehon-ho",11],["pvary",8],["jshmchenxi",8],["sshkvar",12],["RussellSpitzer",21],["stevenzwu",9],["chenjunjiedada",8],["findepi",10],["TGooch44",7],["rdblue",21],["jackye1995",14],["yyanyy",8]],"2021-08":[["Reo-LEI",9],["jun-he",10],["mayursrivastava",9],["rdblue",29],["rymurr",8],["wypoon",7],["aokolnychyi",25],["flyrain",10],["nastra",9],["szehon-ho",17],["RussellSpitzer",13],["jackye1995",14],["cwsteinbach",16],["coolderli",7],["pvary",9],["kbendick",20],["stevenzwu",15]],"2021-09":[["RussellSpitzer",18],["nastra",11],["szehon-ho",16],["xingbowu",9],["rdblue",39],["zhengzengprc",9],["wang-x-xia",7],["WinkerDu",7],["Reo-LEI",12],["itachi-sharingan",9],["shangxinli",7],["stevenzwu",15],["jackye1995",20],["aokolnychyi",30],["flyrain",12],["rajarshisarkar",8],["mayursrivastava",7],["danielcweeks",7],["xloya",7],["chenjunjiedada",8],["omarsmak",8],["wypoon",13],["kbendick",17],["openinx",23]],"2021-10":[["kbendick",13],["flyrain",6],["aokolnychyi",13],["ggershinsky",8],["stevenzwu",5],["nastra",7],["szehon-ho",6],["wypoon",5],["rdblue",24],["nssalian",5],["RussellSpitzer",8],["pvary",6],["samredai",6],["jun-he",11],["jackye1995",5]],"2021-11":[["openinx",20],["kbendick",31],["samredai",17],["jackye1995",27],["rdblue",45],["KnightChess",12],["stevenzwu",11],["aokolnychyi",25],["flyrain",14],["szehon-ho",8],["nastra",11],["wang-x-xia",13],["RussellSpitzer",23],["ajantha-bhat",16],["xinbinhuang",10],["pvary",9],["rymurr",9],["nssalian",11],["wypoon",8],["CircArgs",8],["jun-he",16],["Reo-LEI",8]],"2021-12":[["kbendick",37],["jackye1995",24],["rajarshisarkar",11],["RussellSpitzer",22],["aokolnychyi",26],["SinghAsDev",11],["wypoon",12],["openinx",11],["nastra",10],["szehon-ho",9],["hililiwei",15],["racevedoo",13],["stevenzwu",9],["CodingCat",10],["samredai",13],["pvary",11],["marton-bod",9],["ajantha-bhat",19],["rdblue",45]],"2022-01":[["rdblue",41],["rajarshisarkar",9],["kbendick",20],["SinghAsDev",13],["pvary",17],["lirui-apache",8],["kingeasternsun",11],["stevenzwu",17],["izchen",8],["cccs-eric",8],["smallx",10],["jun-he",10],["coolderli",10],["jackye1995",18],["szehon-ho",8],["felixYyu",9],["flyrain",11],["aokolnychyi",19],["RussellSpitzer",21],["samredai",12],["huaxingao",10],["emkornfield",11],["hililiwei",15]],"2022-02":[["CircArgs",11],["flyrain",11],["aokolnychyi",19],["amogh-jahagirdar",17],["szehon-ho",19],["nastra",12],["openinx",14],["emkornfield",11],["yittg",10],["hililiwei",11],["ConeyLiu",9],["stevenzwu",15],["jackye1995",23],["danielcweeks",12],["Reo-LEI",11],["kbendick",33],["RussellSpitzer",22],["ggershinsky",10],["rajarshisarkar",9],["rdblue",50],["samredai",18]],"2022-03":[["rdblue",46],["rajarshisarkar",20],["kbendick",32],["stevenzwu",16],["amogh-jahagirdar",15],["jackye1995",32],["nastra",14],["szehon-ho",24],["felixYyu",13],["aokolnychyi",13],["dramaticlly",16],["RussellSpitzer",25],["openinx",24],["singhpk234",19],["samredai",22],["emkornfield",13],["hililiwei",17]],"2022-04":[["rdblue",41],["rajarshisarkar",15],["sumeetgajjar",10],["kbendick",27],["rizaon",10],["chenjunjiedada",10],["stevenzwu",20],["wypoon",11],["findepi",14],["amogh-jahagirdar",14],["ajantha-bhat",10],["jackye1995",12],["szehon-ho",24],["nastra",12],["yittg",11],["felixYyu",14],["flyrain",19],["aokolnychyi",20],["RussellSpitzer",25],["openinx",12],["singhpk234",13],["samredai",16]],"2022-05":[["nastra",10],["szehon-ho",16],["dramaticlly",10],["stevenzwu",17],["Fokko",24],["danielcweeks",11],["flyrain",17],["aokolnychyi",21],["hililiwei",13],["samredai",20],["findepi",16],["RussellSpitzer",17],["singhpk234",13],["dhruv-pratap",17],["kbendick",32],["ajantha-bhat",12],["huaxingao",14],["rdblue",48],["amogh-jahagirdar",17],["jackye1995",13],["chenjunjiedada",11]],"2022-06":[["huaxingao",10],["rzhang10",14],["stevenzwu",14],["singhpk234",14],["ajantha-bhat",13],["pvary",14],["kbendick",26],["jackye1995",13],["findepi",21],["wang-x-xia",10],["wuwenchi",10],["chenjunjiedada",15],["Fokko",26],["danielcweeks",11],["jun-he",10],["RussellSpitzer",21],["amogh-jahagirdar",14],["szehon-ho",15],["hililiwei",13],["rdblue",49],["flyrain",15],["aokolnychyi",24],["samredai",14]],"2022-07":[["pvary",16],["kbendick",26],["danielcweeks",11],["hililiwei",15],["huaxingao",9],["rdblue",46],["Fokko",28],["ajantha-bhat",11],["amogh-jahagirdar",14],["flyrain",13],["aokolnychyi",26],["stevenzwu",15],["bryanck",13],["rzhang10",9],["samredai",14],["karuppayya",14],["singhpk234",10],["RussellSpitzer",13],["nastra",22],["szehon-ho",18]],"2022-08":[["amogh-jahagirdar",20],["findepi",11],["jackye1995",17],["kbendick",28],["aokolnychyi",27],["flyrain",9],["samredai",10],["jun-he",9],["singhpk234",9],["huaxingao",16],["pvary",11],["rdblue",45],["hililiwei",17],["nastra",21],["szehon-ho",20],["Fokko",28],["stevenzwu",20],["wypoon",11],["RussellSpitzer",11]],"2022-09":[["kbendick",6],["wang-x-xia",6],["lvyanquan",6],["flyrain",6],["aokolnychyi",11],["wypoon",8],["xuzhiwen1255",9],["samredai",8],["ggershinsky",6],["pvary",11],["rizaon",12],["singhpk234",9],["amogh-jahagirdar",6],["rdblue",27],["gaborkaszab",8],["joshuarobinson",8],["szehon-ho",10],["nastra",22],["Fokko",21],["sririshindra",6],["danielcweeks",11],["JonasJ-ap",13],["openinx",6],["rajarshisarkar",7],["ajantha-bhat",10],["stevenzwu",12],["bryanck",8],["jackye1995",20],["sumeetgajjar",7],["JiJiTang",6],["findepi",11]],"2022-10":[["stevenzwu",10],["chenjunjiedada",8],["rdblue",36],["jackye1995",9],["flyrain",9],["aokolnychyi",22],["JonasJ-ap",12],["hililiwei",14],["jzhuge",10],["sririshindra",7],["wypoon",8],["sumeetgajjar",8],["haizhou-zhao",8],["pvary",7],["nastra",20],["szehon-ho",14],["gaborkaszab",10],["huaxingao",10],["ajantha-bhat",13],["amogh-jahagirdar",18],["Fokko",21]],"2022-11":[["Fokko",31],["ajantha-bhat",16],["dhruv-pratap",6],["haizhou-zhao",13],["RussellSpitzer",17],["jzhuge",8],["szehon-ho",14],["nastra",23],["amogh-jahagirdar",8],["stevenzwu",15],["ConeyLiu",7],["gaborkaszab",10],["wmoustafa",7],["JonasJ-ap",6],["jackye1995",6],["pvary",8],["danielcweeks",8],["hililiwei",9],["rdblue",36],["singhpk234",6],["chenjunjiedada",6],["sunchao",10],["flyrain",7],["aokolnychyi",21],["lvyanquan",8],["ddrinka",6]],"2022-12":[["RussellSpitzer",18],["amogh-jahagirdar",10],["szehon-ho",19],["nastra",21],["JonasJ-ap",9],["aokolnychyi",20],["flyrain",15],["danielcweeks",9],["stevenzwu",22],["chenjunjiedada",8],["hililiwei",18],["jackye1995",13],["rdblue",33],["dennishuo",18],["ajantha-bhat",14],["gaborkaszab",8],["ggershinsky",8],["Fokko",22],["pvary",12],["pavibhai",8]],"2023-01":[["flyrain",10],["aokolnychyi",22],["RussellSpitzer",21],["pvary",18],["amogh-jahagirdar",23],["rdblue",28],["huaxingao",11],["hililiwei",12],["dennishuo",10],["szehon-ho",21],["nastra",23],["Fokko",20],["danielcweeks",11],["JonasJ-ap",11],["ajantha-bhat",14],["stevenzwu",18],["jackye1995",24]],"2023-02":[["abmo-x",11],["stevenzwu",15],["flyrain",10],["aokolnychyi",27],["rdblue",33],["arminnajafi",10],["huaxingao",17],["Fokko",22],["RussellSpitzer",14],["hililiwei",11],["singhpk234",11],["danielcweeks",14],["ajantha-bhat",15],["wypoon",12],["JonasJ-ap",10],["amogh-jahagirdar",24],["dramaticlly",11],["nastra",22],["szehon-ho",18],["pvary",10],["jackye1995",23]],"2023-03":[["aokolnychyi",28],["flyrain",10],["stevenzwu",14],["Fokko",21],["dpaani",14],["lirui-apache",8],["singhpk234",10],["ludlows",7],["ggershinsky",7],["electrum",8],["syun64",7],["ajantha-bhat",19],["sririshindra",7],["fqaiser94",7],["JonasJ-ap",15],["911432",10],["amogh-jahagirdar",16],["danielcweeks",12],["snazy",8],["hililiwei",13],["RussellSpitzer",17],["XN137",7],["gustavoatt",7],["jackye1995",29],["zhongyujiang",8],["rdblue",28],["szehon-ho",24],["nastra",26],["liuxiaocs7",9],["wangyinsheng",11]]}