{"2015-01":[["gmail.com","14"],["fedoraproject.org","5"],["hotmail.com","2"],["ansible.com","1"],["bx.psu.edu","1"],["buhrer.net","1"],["zarb.org","1"],["redhat.com","1"],["jessebuchanan.ca","1"],["drwholdings.com","1"],["quinot.org","1"],["mhtx.net","1"],["opencsw.org","1"],["sendgrid.com","1"],["nathancahill.com","1"],["marc-abramowitz.com","1"],["drivel.net","1"],["rounds.com","1"],["mmoya.org","1"],["appnel.com","1"],["gilouweb.com","1"],["sngx.net","1"],["sanitarium.se","1"],["whitepages.com","1"],["googlemail.com","1"],["renemoser.net","1"],["adobe.com","1"],["soeren-tempel.net","1"],["meredith.com","1"]],"2015-02":[["gmail.com","18"],["sivel.net","9"],["users.noreply.github.com","2"],["inaugust.com","1"],["strauser.com","1"],["baltic-online.de","1"],["wiedig.de","1"],["indev.gr","1"],["locationlabs.com","1"],["tech.leaseweb.com","1"],["23andme.com","1"],["hicknhack-software.com","1"],["gtirloni.com","1"],["ninemoreminutes.com","1"],["spscommerce.com","1"],["mozilla.com","1"],["tadej.hicsalta.si","1"],["gnu.org","1"],["rancidbacon.com","1"],["ovh.pl","1"],["illumina.com","1"],["bertelsmann.de","1"],["contrasting.org","1"],["zeebox.com","1"],["lessknown.co.uk","1"],["hotmail.com","1"],["nateeag.com","1"],["sngx.net","1"],["spacehopper.org","1"],["psu.edu","1"],["sendgrid.com","1"],["zarb.org","1"],["mattstep.net","1"],["fedoraproject.org","1"],["capita-ti.com","1"],["floppy.co","1"],["belbone.be","1"]],"2015-03":[["gmail.com","11"],["web.de","2"],["ansible.com","2"],["toscom.at","1"],["vanginderachter.be","1"],["renemoser.net","1"],["outlook.com","1"],["deimos.fr","1"],["ninemoreminutes.com","1"],["rhaalovely.net","1"],["47lining.com","1"],["wieers.com","1"],["keithbentrup.com","1"],["crazy-compilers.com","1"],["squishypuppy.com","1"],["marc-abramowitz.com","1"],["f5.com","1"],["thames.id.au","1"],["detectify.com","1"],["sivel.net","1"],["sngx.net","1"],["halberom.co.uk","1"],["gmx.fr","1"],["redhat.com","1"],["rackspace.com","1"],["tobarja.com","1"],["corp.eastlink.ca","1"],["andrewlorente.com","1"],["sigterm.se","1"],["fedoraproject.org","1"],["inaugust.com","1"],["hjst.org","1"],["yahoo.com","1"],["steki.net","1"],["dotblue.nl","1"],["users.noreply.github.com","1"]],"2015-04":[["gmail.com","19"],["users.noreply.github.com","3"],["sngx.net","2"],["marc-abramowitz.com","2"],["redhat.com","2"],["","1"],["splat.cc","1"],["example.com","1"],["logston.me","1"],["icloud.com","1"],["cgarcia.org","1"],["inaugust.com","1"],["twitter.com","1"],["zarb.org","1"],["workday.com","1"],["probably.co.uk","1"],["itdepot.org","1"],["linux.com","1"],["solita.fi","1"],["verkh.de","1"],["freigeist.org","1"],["ninemoreminutes.com","1"],["fedoraproject.org","1"],["semanticmachines.com","1"],["amber-penguin-software.ca","1"],["sivel.net","1"],["edx.org","1"],["ansible.com","1"],["mavit.org.uk","1"],["TINY.(none)","1"],["renemoser.net","1"],["synthist.net","1"]],"2015-05":[["gmail.com","6"],["users.noreply.github.com","4"],["renemoser.net","4"],["apolloner.eu","1"],["zarb.org","1"],["nickhammond.com","1"],["inaugust.com","1"],["mitre.org","1"],["marc-abramowitz.com","1"],["sainsburysentertainment.co.uk","1"],["wherenow.org","1"],["vanginderachter.be","1"],["fedoraproject.org","1"],["mmoya.org","1"],["sivel.net","1"],["nordeus.eu","1"],["adonnetwork.com","1"],["sngx.net","1"],["darkk.net.ru","1"],["mullr.net","1"],["till.name","1"],["wh2.tu-dresden.de","1"],["jolexa.net","1"],["batmat.net","1"],["somethingsimilar.com","1"],["splat.cc","1"]],"2015-06":[["gmail.com","17"],["users.noreply.github.com","4"],["ansible.com","2"],["renemoser.net","2"],["sngx.net","2"],["wieers.com","1"],["splat.cc","1"],["izhukov.ru","1"],["linuxfreelancer.com","1"],["entwinemedia.com","1"],["iix.net","1"],["inaugust.com","1"],["marc-abramowitz.com","1"],["ninemoreminutes.com","1"],["drivel.net","1"],["fedoraproject.org","1"],["sivel.net","1"],["cs.unc.edu","1"],["gerla.net","1"],["null-ptr.net","1"],["j2solutions.net","1"],["davejamesmiller.com","1"],["mozilla.com","1"],["halberom.co.uk","1"],["coverity.com","1"],["hindenes.com","1"],["cloudera.com","1"],["felixglaeske.de","1"],["youam.net","1"],["erethon.com","1"],["lodoss.net","1"],["ontrackretail.co.uk","1"]],"2015-07":[["gmail.com","25"],["users.noreply.github.com","5"],["ansible.com","4"],["sngx.net","4"],["renemoser.net","2"],["redhat.com","2"],["","1"],["ufsc.br","1"],["locationlabs.com","1"],["solita.fi","1"],["johnrbarker.com","1"],["ninemoreminutes.com","1"],["japila.pl","1"],["bitmessage.ch","1"],["reedloden.com","1"],["hioscar.com","1"],["virtusize.com","1"],["chaot.net","1"],["supersixfour.com","1"],["linuxfreelancer.com","1"],["jeffwidman.com","1"],["lapth.cnrs.fr","1"],["dirnonline.com","1"],["tutum.co","1"],["starjuice.net","1"],["ncsu.edu","1"],["lessknown.co.uk","1"],["sivel.net","1"],["gmx.fr","1"],["spencerkrum.com","1"],["bearstech.com","1"],["halberom.co.uk","1"],["2ndQuadrant.com","1"],["marco.link","1"],["inaugust.com","1"],["surveymonkey.com","1"],["lifeasageek.com","1"],["ontrackretail.co.uk","1"],["cgarcia.org","1"],["cumulusnetworks.com","1"],["indrajit.com","1"],["vanginderachter.be","1"],["fedoraproject.org","1"],["hotheadgames.com","1"],["sangoma.com","1"],["psu.edu","1"],["ofpiyush.in","1"],["theputnams.net","1"]],"2015-08":[["gmail.com","19"],["users.noreply.github.com","4"],["ansible.com","4"],["2ndQuadrant.com","2"],["binarytemple.co.uk","2"],["multiposting.fr","1"],["lukas-pirl.de","1"],["renemoser.net","1"],["splat.cc","1"],["visPaul.me","1"],["schliesing.de","1"],["2ndquadrant.com","1"],["jensenbox.com","1"],["kds.com","1"],["thekarlbrown.com","1"],["johnrbarker.com","1"],["cisco.com","1"],["ninemoreminutes.com","1"],["edx.org","1"],["afflictions.org","1"],["bertelsmann.de","1"],["enovance.com","1"],["wpengine.com","1"],["sofiero.net","1"],["patrickeasters.com","1"],["gedmin.as","1"],["ncsu.edu","1"],["wherenow.org","1"],["thames.id.au","1"],["sngx.net","1"],["ensighten.com","1"],["qwazerty.eu","1"],["pokesplash.net","1"],["lrz.de","1"],["redhat.com","1"],["datravel.com","1"],["fedoraproject.org","1"],["adacore.com","1"],["stelligent.com","1"]],"2015-09":[["gmail.com","14"],["sngx.net","8"],["jalaziz.io","4"],["ansible.com","3"],["users.noreply.github.com","3"],["2ndQuadrant.com","2"],["peopledesigned.com","2"],["inaugust.com","1"],["fdmediagroep.nl","1"],["Manna.uno","1"],["mntw.re","1"],["blakeatkinson.com","1"],["jeffwidman.com","1"],["dundee.ac.uk","1"],["napkindrawing.com","1"],["folkdatorn.se","1"],["swisstxt.ch","1"],["gedmin.as","1"],["apolloner.eu","1"],["mac.com","1"],["splat.cc","1"],["halberom.co.uk","1"],["hindenes.com","1"],["gerla.net","1"],["cora.nwra.com","1"],["gauravjain.org","1"],["toshaan.com","1"],["zieglers.ca","1"],["mattermark.com","1"],["vanginderachter.be","1"],["fedoraproject.org","1"],["hotheadgames.com","1"],["cisco.com","1"]],"2015-10":[["gmail.com","21"],["sngx.net","10"],["fedoraproject.org","4"],["ansible.com","3"],["users.noreply.github.com","2"],["gedmin.as","2"],["apolloner.eu","1"],["zarb.org","1"],["planet.com","1"],["rm.com","1"],["appsbroker.com","1"],["swisstxt.ch","1"],["matburt.net","1"],["harren.co","1"],["thames.id.au","1"],["cantab.net","1"],["stelligent.com","1"],["pinhaotec.com.br","1"],["bingo-boom.ru","1"],["renemoser.net","1"],["splat.cc","1"]],"2015-11":[["gmail.com","13"],["ansible.com","6"],["ninemoreminutes.com","3"],["users.noreply.github.com","2"],["us.ibm.com","2"],["renemoser.net","2"],["gedmin.as","1"],["leogears.com","1"],["normation.com","1"],["gambitresearch.com","1"],["softvision.ro","1"],["online.de","1"],["bertelsmann.de","1"],["inaugust.com","1"],["gilles.cornu.name","1"],["sigxcpu.org","1"],["2ndQuadrant.com","1"],["joern.heissler.de","1"],["yelp.com","1"],["scypho.com","1"],["thames.id.au","1"],["fedoraproject.org","1"],["sontags.ch","1"],["zbla.net","1"],["gerla.net","1"],["gebn.co.uk","1"],["sngx.net","1"],["yahoo.com","1"],["riseup.net","1"],["bell.ca","1"],["psu.edu","1"],["google.com","1"]],"2015-12":[["gmail.com","12"],["ansible.com","5"],["users.noreply.github.com","2"],["ncsu.edu","2"],["2ndQuadrant.com","1"],["lilmail.xyz","1"],["zarb.org","1"],["majic.rs","1"],["christoph-d.de","1"],["online.de","1"],["inaugust.com","1"],["soh.re","1"],["hastexo.com","1"],["sengaya.de","1"],["schliesing.de","1"],["virtualtech.jp","1"],["davidlballenger.com","1"],["fedoraproject.org","1"],["sivel.net","1"],["fourthlion.in","1"],["mystile.com","1"],["sngx.net","1"],["yahoo.com","1"],["kliemeck.de","1"],["163.com","1"],["chamion.net","1"],["sigterm.se","1"],["renemoser.net","1"]],"2016-01":[["sngx.net","11"],["gmail.com","10"],["ansible.com","5"],["nerdalize.com","2"],["cfmacrae.fastmail.co.uk","1"],["sys.nu","1"],["fh-muenster.de","1"],["altlinux.org","1"],["zarb.org","1"],["flyingcracker.com","1"],["thoughtworks.com","1"],["online.de","1"],["quinot.org","1"],["radsy.com","1"],["schliesing.de","1"],["lrz.de","1"],["ellucian.com","1"],["saucelabs.com","1"],["matburt.net","1"],["linux.vnet.ibm.com","1"],["ncsu.edu","1"],["infracaninophile.co.uk","1"],["fedoraproject.org","1"],["getcontrol.co","1"],["pb.com","1"],["telfer.org","1"],["paypal.com","1"],["2ndQuadrant.com","1"]],"2016-02":[["gmail.com","15"],["ansible.com","5"],["sngx.net","5"],["users.noreply.github.com","3"],["sembritzki.me","2"],["ucsd.edu","2"],["","1"],["skinlayers.net","1"],["iilab.org","1"],["johnbond.org","1"],["intel.com","1"],["iiia.csic.es","1"],["kit.edu","1"],["ogenstad.com","1"],["wieers.com","1"],["gambitresearch.com","1"],["fontein.de","1"],["renemoser.net","1"],["hpe.com","1"],["jmckerr-OSX.local","1"],["viavisolutions.com","1"],["gedmin.as","1"],["sivel.net","1"],["qsfllc.com","1"],["orange.com","1"],["2ndQuadrant.com","1"],["sparx.co.uk","1"],["agaffney.org","1"],["zarb.org","1"],["altlinux.org","1"],["redhat.com","1"],["fedoraproject.org","1"],["iki.fi","1"],["eyefruit.com","1"]],"2016-03":[["gmail.com","16"],["inaugust.com","12"],["fedoraproject.org","10"],["sngx.net","10"],["users.noreply.github.com","6"],["ansible.com","4"],["redhat.com","3"],["renemoser.net","2"],["holmboe.se","1"],["fdmediagroep.nl","1"],["paradigmatecnologico.com","1"],["lamoda.ru","1"],["ubisoft.com","1"],["emc.com","1"],["truelocal.com.au","1"],["att.com","1"],["johnrbarker.com","1"],["splat.cc","1"],["marc-abramowitz.com","1"],["f5.com","1"],["bedag.ch","1"],["sig-io.nl","1"],["jivesoftware.com","1"],["mystile.com","1"],["localhost.localdomain","1"],["vmware.com","1"],["surveymonkey.com","1"],["telegraph.co.uk","1"],["wittman.com","1"],["chris-lamb.co.uk","1"],["deport.me","1"],["wzyboy.org","1"],["aikq.de","1"],["berlic.net","1"],["iilab.org","1"]],"2016-04":[["gmail.com","26"],["users.noreply.github.com","14"],["ansible.com","4"],["fedoraproject.org","3"],["redhat.com","3"],["renemoser.net","2"],["thames.id.au","1"],["tegdesign.com","1"],["nohguchi.com","1"],["hotmail.com","1"],["dougalmatthews.com","1"],["rackspace.com","1"],["karall-edv.at","1"],["viavisolutions.com","1"],["wieers.com","1"],["sivel.net","1"],["mystile.com","1"],["sngx.net","1"],["ogenstad.com","1"],["doalitic.com","1"],["sulake.com","1"],["rroth.de","1"],["johnbarker.com","1"],["hireology.com","1"],["ilive4code.net","1"]],"2016-05":[["gmail.com","21"],["users.noreply.github.com","10"],["sngx.net","5"],["ansible.com","4"],["redhat.com","4"],["nohguchi.com","2"],["renemoser.net","2"],["underyx.me","2"],["hotmail.com","1"],["online.de","1"],["johnrbarker.com","1"],["justwriteclick.com","1"],["ocado.com","1"],["adamj.eu","1"],["outlook.com","1"],["f5.com","1"],["fedoraproject.org","1"],["evernote.com","1"],["sivel.net","1"],["mystile.com","1"],["ubuntu-dev.bntlab.com","1"],["axelspringer.de","1"],["yahoo.com","1"],["mavit.org.uk","1"],["careerbuilder.com","1"],["wieers.com","1"]],"2016-06":[["users.noreply.github.com","18"],["gmail.com","17"],["redhat.com","4"],["online.de","2"],["ansible.com","2"],["nitrotech.org","2"],["sngx.net","2"],["ncsu.edu","2"],["renemoser.net","2"],["brpx.com","2"],["biancalanas.net","1"],["fedoraproject.org","1"],["johnrbarker.com","1"],["outlook.com","1"],["qq.com","1"],["amazeelabs.com","1"],["disney.com","1"],["ogenstad.com","1"],["openken.com","1"],["1000mercis.com","1"],["divvycloud.com","1"],["wieers.com","1"],["sky.uk","1"],["splat.cc","1"],["mailboxd.de","1"],["gedmin.as","1"],["nathanielca.se","1"],["adam-thomas.co.uk","1"],["ryansb.com","1"],["atcomputing.nl","1"],["tutanota.de","1"],["sivel.net","1"],["mystile.com","1"],["magosa.pl","1"],["nzme.co.nz","1"],["hindenes.com","1"],["bx.psu.edu","1"],["cgi.com","1"],["cc.in2p3.fr","1"],["agaffney.org","1"],["bedecarroll.com","1"],["higgsboson.tk","1"],["hastexo.com","1"],["maprtech.com","1"],["logix.net.nz","1"],["ieee.org","1"],["michel-slm.name","1"]],"2016-07":[["gmail.com","14"],["mystile.com","6"],["users.noreply.github.com","6"],["redhat.com","5"],["lukas-pirl.de","2"],["ansible.com","2"],["renemoser.net","2"],["uk.ibm.com","1"],["christoph-d.de","1"],["online.de","1"],["inaugust.com","1"],["oatmail.org","1"],["berea.edu","1"],["thames.id.au","1"],["sivel.net","1"],["engineyard.com","1"],["agaffney.org","1"],["sngx.net","1"],["uw.edu","1"],["axelspringer.de","1"],["ringworld.org","1"],["riotousliving.com","1"],["coderplus.com","1"],["yasukun.org","1"],["callfire.com","1"]],"2016-08":[["gmail.com","15"],["sngx.net","13"],["redhat.com","9"],["users.noreply.github.com","7"],["ansible.com","3"],["mystile.com","2"],["ryansb.com","2"],["care.com","1"],["sigterm.se","1"],["wundersolutions.com","1"],["dustymabe.com","1"],["johnrbarker.com","1"],["mail.uoguelph.ca","1"],["wieers.com","1"],["example.com","1"],["beta-thoughts.org","1"],["cc.in2p3.fr","1"],["soh.re","1"],["gedmin.as","1"],["ncsu.edu","1"],["yahoo.com.br","1"],["whittington.net.nz","1"],["perljam.net","1"],["domo.com","1"],["andreatartaglia.com","1"],["fale.io","1"],["thomaslorentsen.co.uk","1"],["agaffney.org","1"],["menon-sen.com","1"],["linuxdynasty.org","1"],["bloomberg.net","1"],["brief.li","1"],["renemoser.net","1"]],"2016-09":[["gmail.com","25"],["users.noreply.github.com","9"],["redhat.com","7"],["ansible.com","4"],["renemoser.net","2"],["menon-sen.com","2"],["christoph-d.de","1"],["mavit.org.uk","1"],["postgresql.org","1"],["johnrbarker.com","1"],["synchromedia.co.uk","1"],["gagniard.org","1"],["wolfpond.org","1"],["googlemail.com","1"],["paadee.com","1"],["elsasser.org","1"],["wieers.com","1"],["basecom.de","1"],["whywouldwe.com","1"],["beta-interactive.de","1"],["intercom.io","1"],["thames.id.au","1"],["ryansb.com","1"],["sivel.net","1"],["mystile.com","1"],["sngx.net","1"],["kollegienet.dk","1"],["gahan-corporation.com","1"],["hindenes.com","1"],["andreatartaglia.com","1"],["stubin.se","1"],["reznechek.com","1"],["supertom.com","1"],["indrajit.com","1"],["linuxdynasty.org","1"],["foxmail.com","1"],["yahoo.com","1"],["nathanielca.se","1"]],"2016-10":[["gmail.com","21"],["users.noreply.github.com","9"],["redhat.com","5"],["ansible.com","3"],["mystile.com","3"],["renemoser.net","2"],["people-doc.com","1"],["mavit.org.uk","1"],["johnrbarker.com","1"],["bolddaemon.com","1"],["meorawr.io","1"],["wieers.com","1"],["trunkclub.com","1"],["gmx.com","1"],["alum.mit.edu","1"],["gentoo.org","1"],["verbum.org","1"],["initcron.org","1"],["gmx.de","1"],["sengaya.de","1"],["thames.id.au","1"],["ryansb.com","1"],["sivel.net","1"],["splat.cc","1"],["sngx.net","1"],["hireology.com","1"],["andreatartaglia.com","1"],["kit.edu","1"],["zarb.org","1"],["nathanielca.se","1"],["supertom.com","1"],["sigxcpu.org","1"],["percallgroup.com","1"],["simplicity.net","1"],["yahoo.com","1"],["nerdoftheherd.com","1"]],"2016-11":[["gmail.com","28"],["redhat.com","6"],["users.noreply.github.com","6"],["renemoser.net","2"],["menon-sen.com","1"],["gawel.org","1"],["swinarton.com","1"],["yasukun.org","1"],["kit.edu","1"],["splat.cc","1"],["haines.org.nz","1"],["johnrbarker.com","1"],["intel.com","1"],["ninemoreminutes.com","1"],["crans.org","1"],["sontags.ch","1"],["wieers.com","1"],["savoirfairelinux.com","1"],["uberatc.com","1"],["linux.com","1"],["gmx.de","1"],["puiterwijk.org","1"],["sivel.net","1"],["obs.ujf-grenoble.fr","1"],["mystile.com","1"],["sngx.net","1"],["viasat.com","1"],["hireology.com","1"],["hindenes.com","1"],["andreatartaglia.com","1"],["ansible.com","1"],["agaffney.org","1"],["zarb.org","1"],["hardcoded.net","1"],["supertom.com","1"],["o-sinc.com","1"],["linuxdynasty.org","1"],["foxmail.com","1"],["humppa.nl","1"]],"2016-12":[["gmail.com","33"],["users.noreply.github.com","29"],["fale.io","10"],["redhat.com","4"],["renemoser.net","2"],["matthewgamble.net","2"],["ryansb.com","2"],["cogini.com","1"],["expressvpn.com","1"],["r.recruit.co.jp","1"],["humppa.nl","1"],["Alumni.TU-Berlin.de","1"],["gaell.info","1"],["sproutee.com","1"],["andrewzenk.com","1"],["johnrbarker.com","1"],["thebault.co","1"],["intel.com","1"],["ogenstad.com","1"],["wieers.com","1"],["ploek.org","1"],["microsoft.com","1"],["berea.edu","1"],["hemio.de","1"],["aildon.com","1"],["gmx.de","1"],["thames.id.au","1"],["andyfreeland.net","1"],["shurup.com","1"],["mystile.com","1"],["sngx.net","1"],["inburke.com","1"],["andreatartaglia.com","1"],["edu.xunta.es","1"],["ansible.com","1"],["iaa.es","1"],["j2solutions.net","1"],["adamj.eu","1"],["cgarcia.org","1"],["timmons.me","1"],["supertom.com","1"],["nd.edu","1"],["matthewkrupcale.com","1"],["yahoo.com","1"],["u.pacific.edu","1"],["rroth.de","1"],["jcid.nl","1"]],"2017-01":[["gmail.com","79"],["users.noreply.github.com","42"],["fale.io","5"],["redhat.com","4"],["yahoo.com","3"],["sngx.net","3"],["intel.com","2"],["ryansb.com","2"],["nullis.net","1"],["intelliflo.com","1"],["humppa.nl","1"],["renemoser.net","1"],["tin.it","1"],["fugue.co","1"],["gruveo.com","1"],["johnrbarker.com","1"],["thebault.co","1"],["quantumachine.net","1"],["soziologie.ch","1"],["golov.de","1"],["defunct.io","1"],["ogenstad.com","1"],["riotousliving.com","1"],["kroger.dk","1"],["googlemail.com","1"],["nathanielca.se","1"],["pignouf.fr","1"],["simmons.org","1"],["digitalflophouse.com","1"],["example.com","1"],["steve-pletcher.com","1"],["enisozgen.com","1"],["microsoft.com","1"],["timmons.me","1"],["soh.re","1"],["telerik.com","1"],["nnutter.com","1"],["otherstuff.nl","1"],["polyconseil.fr","1"],["mark.mielke.cc","1"],["dariozanzico.com","1"],["rmn.com","1"],["sivel.net","1"],["stansonhealth.com","1"],["mystile.com","1"],["mac.com","1"],["perljam.net","1"],["shallum.net","1"],["dravetech.com","1"],["vt.edu","1"],["rwe.com","1"],["ethoos.com","1"],["clarility.com","1"],["ansible.com","1"],["agaffney.org","1"],["adamj.eu","1"],["ufscar.br","1"],["unix-experience.fr","1"],["Ethgen.de","1"],["supertom.com","1"],["clearcode.cc","1"],["vogt-neuenbuerg.de","1"],["matthewgamble.net","1"],["ei-grad.ru","1"],["unizin.org","1"],["far-oeuf.com","1"],["u.pacific.edu","1"],["steki.net","1"],["mavit.org.uk","1"],["163.com","1"],["vexxhost.com","1"],["rutsky.org","1"],["sigterm.se","1"],["n0trax.io","1"]],"2017-02":[["gmail.com","50"],["users.noreply.github.com","28"],["redhat.com","7"],["tszymanski.com","2"],["yahoo.com","2"],["ansible.com","2"],["ryansb.com","2"],["renemoser.net","2"],["inaugust.com","1"],["hindenes.com","1"],["hotmail.com","1"],["travelping.com","1"],["netapp.com","1"],["jcid.nl","1"],["nathanielca.se","1"],["humppa.nl","1"],["libregerbil.fr","1"],["xvt.com.au","1"],["wharton.upenn.edu","1"],["kit.edu","1"],["isode.com","1"],["ackcent.com","1"],["peshak.net","1"],["me.com","1"],["alexturner.co","1"],["alum.mit.edu","1"],["dundee.ac.uk","1"],["bernat.im","1"],["intel.com","1"],["outlook.com","1"],["fengors-realm.de","1"],["cisco.com","1"],["xs4all.nl","1"],["golov.de","1"],["craigfrancis.co.uk","1"],["stipl.net","1"],["linode.com","1"],["riotousliving.com","1"],["googlemail.com","1"],["lenovo.com","1"],["troyready.com","1"],["wieers.com","1"],["adroll.com","1"],["solteq.com","1"],["simmons.org","1"],["nez.si","1"],["vanemy.org","1"],["perljam.net","1"],["avinetworks.com","1"],["marc-abramowitz.com","1"],["gedmin.as","1"],["tower-research.com","1"],["isharacomix.org","1"],["sivel.net","1"],["mystile.com","1"],["sngx.net","1"],["kollegienet.dk","1"],["lacoste-seris.net","1"],["megami.fr","1"],["vt.edu","1"],["stardog.io","1"],["gmx.net","1"],["qiwi.ru","1"],["riseup.net","1"],["andreatartaglia.com","1"],["patrickgagnonrenaud.com","1"],["buchanan.works","1"],["hardcoded.net","1"],["daniellobato.me","1"],["voodoowarez.com","1"],["dell.com","1"],["zarb.org","1"],["rodkeyconsulting.com","1"],["imranh.co.uk","1"],["supertom.com","1"],["computersalat.de","1"],["xoxy.net","1"],["o-sinc.com","1"],["flowerysong.com","1"],["brief.li","1"],["johnrbarker.com","1"]],"2017-03":[["gmail.com","34"],["users.noreply.github.com","30"],["redhat.com","9"],["libregerbil.fr","2"],["ryansb.com","2"],["thebault.co","2"],["renemoser.net","2"],["tooley.com","1"],["zarb.org","1"],["netapp.com","1"],["nimbisservices.com","1"],["cgi.com","1"],["nathanielca.se","1"],["setec.io","1"],["free.fr","1"],["andreascarpino.it","1"],["tin.it","1"],["kit.edu","1"],["alum.mit.edu","1"],["iso3103.net","1"],["andrewzenk.com","1"],["traum-ferienwohnungen.de","1"],["uvic.ca","1"],["travelping.com","1"],["danvaida.com","1"],["yuggoth.space","1"],["jerryoftheyear.com","1"],["outlook.com","1"],["soziologie.ch","1"],["xs4all.nl","1"],["riotousliving.com","1"],["ct-unlimited.com","1"],["lenovo.com","1"],["wieers.com","1"],["integrationqa.com","1"],["so1.net","1"],["bertelsmann.de","1"],["albix.de","1"],["posteo.net","1"],["jnelson.ca","1"],["gedmin.as","1"],["dataxu.com","1"],["thames.id.au","1"],["hotmail.com","1"],["sivel.net","1"],["mystile.com","1"],["sprig.gs","1"],["sngx.net","1"],["stock-alexander.de","1"],["jens-carl.de","1"],["karthauser.co.uk","1"],["nickball.net","1"],["ansible.com","1"],["arkeup.com","1"],["dell.com","1"],["adamj.eu","1"],["doalitic.com","1"],["perljam.net","1"],["intelliflo.com","1"],["virtualroadside.com","1"],["glydetechnology.com","1"],["braud-santoni.eu","1"],["supertom.com","1"],["clearcode.cc","1"],["xoxy.net","1"],["gadd.is","1"],["berlic.net","1"],["virtuozzo.com","1"],["riseup.net","1"],["mirantis.com","1"],["johnrbarker.com","1"]],"2017-04":[["gmail.com","38"],["users.noreply.github.com","29"],["johnrbarker.com","13"],["redhat.com","6"],["zarb.org","3"],["mystile.com","3"],["renemoser.net","2"],["sanger.ac.uk","2"],["networktocode.com","1"],["rroth.de","1"],["keepzero.net","1"],["outlook.com","1"],["ogenstad.com","1"],["riotousliving.com","1"],["gnu.org","1"],["spam.raszi.hu","1"],["dleyphipps.com","1"],["wieers.com","1"],["celenza.org","1"],["me.com","1"],["bertelsmann.de","1"],["asperasoft.com","1"],["cgi.com","1"],["la-evento.com","1"],["thames.id.au","1"],["sivel.net","1"],["b1-systems.de","1"],["hivestreaming.com","1"],["andreatartaglia.com","1"],["agaffney.org","1"],["dell.com","1"],["future500.nl","1"],["adamj.eu","1"],["posteo.ch","1"],["krystalia.net","1"],["unix-experience.fr","1"],["vanbragt.com","1"],["supertom.com","1"],["yahoo.com","1"],["accenture.com","1"]],"2017-05":[["gmail.com","36"],["users.noreply.github.com","22"],["redhat.com","9"],["sngx.net","4"],["avinetworks.com","3"],["renemoser.net","2"],["yahoo.com","2"],["inaugust.com","1"],["ncbj.gov.pl","1"],["nathanielca.se","1"],["mailboxd.de","1"],["libregerbil.fr","1"],["bencurtis.com","1"],["ajdecon.org","1"],["tin.it","1"],["huawei.com","1"],["nialldonegan.me","1"],["kuivanto.fi","1"],["iforium.com","1"],["yandex.com","1"],["johnrbarker.com","1"],["thebault.co","1"],["intel.com","1"],["dfgh.net","1"],["golov.de","1"],["wieers.com","1"],["microsoft.com","1"],["dellaert.org","1"],["systemli.org","1"],["hostinger.com","1"],["oatmail.org","1"],["tylerlubeck.com","1"],["soh.re","1"],["iamaman.com.au","1"],["thames.id.au","1"],["ryansb.com","1"],["lessknown.co.uk","1"],["shurup.com","1"],["sivel.net","1"],["mystile.com","1"],["southbridge.ru","1"],["nubark.com","1"],["kopta.eu","1"],["andreatartaglia.com","1"],["ansible.com","1"],["steffann.nl","1"],["shakey.org","1"],["kahowell.net","1"],["elijahlynn.net","1"],["supertom.com","1"],["ce.jp.nec.com","1"],["s24.com","1"],["sqmail.org","1"],["nohguchi.com","1"],["cs.nctu.edu.tw","1"],["rroth.de","1"],["randrmusic.com","1"],["vexxhost.com","1"],["davila.io","1"]],"2017-06":[["gmail.com","62"],["users.noreply.github.com","18"],["redhat.com","13"],["ansible.com","3"],["libregerbil.fr","2"],["autogeneral.com.au","2"],["renemoser.net","2"],["fullyint.com","1"],["sigterm.se","1"],["arrakis.se","1"],["nathanielca.se","1"],["magosa.pl","1"],["pureinsomnia.com","1"],["inria.fr","1"],["dupondje.be","1"],["iextrading.com","1"],["majic.rs","1"],["hotmail.com","1"],["johnrbarker.com","1"],["cisco.com","1"],["dfgh.net","1"],["mirabeau.nl","1"],["googlemail.com","1"],["wieers.com","1"],["copperleaf.com","1"],["perljam.net","1"],["console.com.au","1"],["hudrydum.cz","1"],["umn.edu","1"],["datacamp.com","1"],["oatmail.org","1"],["email.com","1"],["avinetworks.com","1"],["onepost.net","1"],["jaylacroix.com","1"],["loreland.org","1"],["travelex.com","1"],["ryansb.com","1"],["sivel.net","1"],["tameshi.pl","1"],["mystile.com","1"],["sngx.net","1"],["gmx.net","1"],["netservers.co.uk","1"],["hindenes.com","1"],["andreatartaglia.com","1"],["hardcoded.net","1"],["goinvictus.com","1"],["citrix.com","1"],["4ege.ru","1"],["mailup.com","1"],["zesik.com","1"],["fedoraproject.org","1"],["iki.fi","1"],["mavit.org.uk","1"],["purestorage.com","1"],["tiscali.it","1"]],"2017-07":[["gmail.com","46"],["users.noreply.github.com","21"],["redhat.com","11"],["ansible.com","3"],["hotmail.com","3"],["outlook.com","3"],["libregerbil.fr","2"],["ryansb.com","2"],["cisco.com","2"],["renemoser.net","2"],["shanemcd.com","1"],["purestorage.com","1"],["kliemeck.de","1"],["live.com","1"],["numerica.cl","1"],["nathanielca.se","1"],["cgi.com","1"],["ucc.asn.au","1"],["nextday.fi","1"],["dready.org","1"],["ilive4code.net","1"],["iextrading.com","1"],["keepzero.net","1"],["johnrbarker.com","1"],["barkingiguana.com","1"],["thebault.co","1"],["spreadspace.org","1"],["dellaert.org","1"],["andreascarpino.it","1"],["biva.com.br","1"],["dfgh.net","1"],["qq.com","1"],["Jack.attlocal.net","1"],["jimdo.com","1"],["lenovo.com","1"],["changeover.za.net","1"],["wieers.com","1"],["ingemann.de","1"],["celenza.org","1"],["netflix.com","1"],["perljam.net","1"],["avinetworks.com","1"],["thames.id.au","1"],["tonkersten.com","1"],["peter-hoffmann.com","1"],["mystile.com","1"],["sngx.net","1"],["hivestreaming.com","1"],["gmx.net","1"],["andreatartaglia.com","1"],["care.com","1"],["glencoesoftware.com","1"],["endava.com","1"],["guenane.org","1"],["google.com","1"],["delaat.net","1"],["ovv.wtf","1"],["xoxy.net","1"],["brothier.org","1"],["sqmail.org","1"],["spamgourmet.com","1"],["math.uh.edu","1"],["freh.be","1"],["ericsson.com","1"],["rroth.de","1"],["davila.io","1"]],"2017-08":[["gmail.com","107"],["users.noreply.github.com","56"],["redhat.com","15"],["wieers.com","5"],["renemoser.net","3"],["netapp.com","2"],["yahoo.com","2"],["web.de","2"],["inaugust.com","2"],["ansible.com","2"],["hotmail.com","2"],["microsoft.com","2"],["googlemail.com","2"],["cisco.com","2"],["libregerbil.fr","2"],["shanemcd.com","1"],["yahoo.ca","1"],["dellaert.org","1"],["k0ste.ru","1"],["arrakis.se","1"],["nathanielca.se","1"],["humppa.nl","1"],["comlinx.com.au","1"],["arthurk.com","1"],["trstringer.com","1"],["huawei.com","1"],["majic.rs","1"],["lukearmstrong.co.uk","1"],["gmail.Com","1"],["johnrbarker.com","1"],["outlook.com","1"],["andyfreeland.net","1"],["linaro.org","1"],["cyberark.com","1"],["zuccala.com","1"],["it-flow.pl","1"],["liddicott.com","1"],["telenetgroup.be","1"],["bigdrift.com","1"],["ogenstad.com","1"],["murphey.org","1"],["lenovo.com","1"],["flare.ws","1"],["ciklum.com","1"],["talwyn.nl","1"],["networktocode.com","1"],["chrischambers.net","1"],["ihelse.net","1"],["celenza.org","1"],["schlueter.blue","1"],["wp.pl","1"],["flowerysong.com","1"],["umn.edu","1"],["oatmail.org","1"],["avinetworks.com","1"],["x3tech.com","1"],["silverwind.io","1"],["rkhtech.org","1"],["fearthebadger.com","1"],["thames.id.au","1"],["ryansb.com","1"],["peter-hoffmann.com","1"],["cargosoft.ru","1"],["mystile.com","1"],["sngx.net","1"],["kollegienet.dk","1"],["dravetech.com","1"],["gmx.net","1"],["gbp.gaige.net","1"],["familie-beumer.de","1"],["nickball.net","1"],["mgit.at","1"],["zocdoc.com","1"],["adamj.eu","1"],["merck.com","1"],["citrix.com","1"],["rackspace.com","1"],["nice.com","1"],["hyperized.net","1"],["garbled.net","1"],["chadbean.com","1"],["syquus.com","1"],["xoxy.net","1"],["codewise.com","1"],["trozzy.net","1"],["arista.com","1"],["virtuozzo.com","1"],["menon-sen.com","1"],["my-it-brain.de","1"],["rroth.de","1"],["163.com","1"],["usp.br","1"]],"2017-09":[["gmail.com","61"],["users.noreply.github.com","27"],["redhat.com","17"],["netapp.com","2"],["ryansb.com","2"],["cisco.com","2"],["libregerbil.fr","2"],["menon-sen.com","1"],["definitedev.com","1"],["renemoser.net","1"],["linder.org","1"],["alum.mit.edu","1"],["ajo.es","1"],["johnrbarker.com","1"],["stackhpc.com","1"],["hotmail.com","1"],["kulinacs.com","1"],["stipl.net","1"],["ogenstad.com","1"],["asideas.de","1"],["bluewin.ch","1"],["lenovo.com","1"],["flare.ws","1"],["rancidbacon.com","1"],["wieers.com","1"],["truthinitiative.org","1"],["kahowell.net","1"],["ycymro.com","1"],["claimlynx.com","1"],["mailb.org","1"],["felbermeier.com","1"],["thames.id.au","1"],["dj-wasabi.nl","1"],["gibfest.dk","1"],["sivel.net","1"],["mystile.com","1"],["sngx.net","1"],["gmx.net","1"],["andreatartaglia.com","1"],["kanet.ru","1"],["buchanan.works","1"],["ansible.com","1"],["protonmail.com","1"],["dell.com","1"],["skarp.dk","1"],["goinvictus.com","1"],["indrajit.com","1"],["zehome.com","1"],["guinoiseau.eu","1"],["wydooghe.com","1"],["ethackal.com","1"],["damianzaremba.co.uk","1"],["xoxy.net","1"],["urth.org","1"],["web.de","1"],["fdmediagroep.nl","1"],["oddbit.com","1"],["albix.de","1"]],"2017-10":[["gmail.com","73"],["users.noreply.github.com","32"],["redhat.com","10"],["renemoser.net","2"],["ryansb.com","2"],["kadisius.eu","1"],["2ndQuadrant.com","1"],["perljam.net","1"],["edsantiago.com","1"],["netapp.com","1"],["dellaert.org","1"],["medjkoune.fr","1"],["arrakis.se","1"],["libregerbil.fr","1"],["foscom.de","1"],["acm.org","1"],["sudheer.net","1"],["iextrading.com","1"],["ufrj.br","1"],["dundee.ac.uk","1"],["jimgu.com","1"],["molb.org","1"],["thebault.co","1"],["outlook.com","1"],["cisco.com","1"],["bluefrogs.us","1"],["ing.com","1"],["xs4all.nl","1"],["underway.nyc","1"],["ogenstad.com","1"],["lenovo.com","1"],["n0trax.io","1"],["wieers.com","1"],["apixio.com","1"],["bohea.co.uk","1"],["dragonstrider.com","1"],["dj-wasabi.nl","1"],["yahoo.de","1"],["kairo.eti.br","1"],["boyron.eu","1"],["thames.id.au","1"],["users.sourceforge.net","1"],["sivel.net","1"],["mystile.com","1"],["sngx.net","1"],["pobox.com","1"],["datarack.nl","1"],["inburke.com","1"],["hindenes.com","1"],["opennodecloud.com","1"],["dimagi.com","1"],["stuzo.com","1"],["palard.fr","1"],["virtualroadside.com","1"],["nakts.net","1"],["paulbaker.id.au","1"],["realestate.co.nz","1"],["garbled.net","1"],["xoxy.net","1"],["null.net","1"],["kefro.st","1"],["rroth.de","1"],["purestorage.com","1"],["osbg.at","1"]],"2017-11":[["gmail.com","52"],["users.noreply.github.com","40"],["redhat.com","16"],["yahoo.com","3"],["libregerbil.fr","2"],["microsoft.com","2"],["cisco.com","2"],["renemoser.net","2"],["da-rocha.net","1"],["my-it-brain.de","1"],["dellaert.org","1"],["mtnsat.com","1"],["tu-dortmund.de","1"],["radware.com","1"],["nathanielca.se","1"],["amdmi3.ru","1"],["networktocode.com","1"],["meinit.nl","1"],["majic.rs","1"],["mhtx.net","1"],["manicai.net","1"],["johnrbarker.com","1"],["outlook.com","1"],["perljam.net","1"],["cavanaugh.pro","1"],["qq.com","1"],["de.ibm.com","1"],["ogenstad.com","1"],["gnu.org","1"],["lenovo.com","1"],["wieers.com","1"],["celenza.org","1"],["jimgu.com","1"],["yahoo.de","1"],["shawell.net","1"],["intersection.com","1"],["felbermeier.com","1"],["ryanmaclean.com","1"],["randomgang.com","1"],["thames.id.au","1"],["ryansb.com","1"],["sivel.net","1"],["mystile.com","1"],["sngx.net","1"],["roto.org","1"],["l3m.org","1"],["ansible.com","1"],["dell.com","1"],["mellanox.com","1"],["citrix.com","1"],["nakts.net","1"],["paulbaker.id.au","1"],["wydooghe.com","1"],["garbled.net","1"],["brothier.org","1"],["zognot.org","1"],["palard.fr","1"],["kefro.st","1"],["bernat.im","1"]],"2017-12":[["gmail.com","49"],["users.noreply.github.com","31"],["redhat.com","9"],["microsoft.com","3"],["outlook.com","3"],["libregerbil.fr","2"],["cisco.com","2"],["johnrbarker.com","2"],["arrakis.se","2"],["renemoser.net","2"],["louie.lu","1"],["rroth.de","1"],["huawei.com","1"],["lumc.nl","1"],["hornings.de","1"],["awholecompany.com","1"],["mhtx.net","1"],["radware.com","1"],["oxalide.com","1"],["cloudscale.ch","1"],["k0ste.ru","1"],["gaell.info","1"],["ptistefontaine.fr","1"],["lenovo.com","1"],["itelligence.de","1"],["wieers.com","1"],["fetzig.org","1"],["cy.id.au","1"],["networktocode.com","1"],["perljam.net","1"],["gmx.com","1"],["planet.com","1"],["mgit.at","1"],["kairo.eti.br","1"],["avinetworks.com","1"],["gmx.de","1"],["thames.id.au","1"],["ryansb.com","1"],["thenateway.io","1"],["sivel.net","1"],["mystile.com","1"],["sngx.net","1"],["fale.io","1"],["ansible.com","1"],["agaffney.org","1"],["zarb.org","1"],["mellanox.com","1"],["garbled.net","1"],["fedoraproject.org","1"],["iki.fi","1"],["kefro.st","1"],["nathanielca.se","1"]],"2018-01":[["gmail.com","51"],["users.noreply.github.com","40"],["redhat.com","15"],["microsoft.com","3"],["cisco.com","3"],["outlook.com","3"],["libregerbil.fr","2"],["ryansb.com","2"],["hotmail.com","2"],["renemoser.net","2"],["mellanox.com","1"],["ist.utl.pt","1"],["nathanielca.se","1"],["eagrant.com","1"],["visi.com","1"],["walmart.com","1"],["fluidgravity.com","1"],["eu.equinix.com","1"],["johnrbarker.com","1"],["lucidnetworks.co.uk","1"],["mdsol.com","1"],["pureinsomnia.com","1"],["partiallystapled.com","1"],["opensuse.org","1"],["zerkms.com","1"],["thinkcreate.nl","1"],["lenovo.com","1"],["linuxmonk.ch","1"],["wieers.com","1"],["cryptelium.net","1"],["fontein.de","1"],["celenza.org","1"],["byh2o.com","1"],["cloudbasesolutions.com","1"],["networktocode.com","1"],["oatmail.org","1"],["kairo.eti.br","1"],["avinetworks.com","1"],["thames.id.au","1"],["shawell.net","1"],["Zhijuns-MacBook-Pro.local","1"],["sivel.net","1"],["mystile.com","1"],["mkoehne.de","1"],["sngx.net","1"],["centsix.org","1"],["pobox.com","1"],["orange.com","1"],["ansible.com","1"],["dell.com","1"],["kevinbreit.net","1"],["mgit.at","1"],["virtualroadside.com","1"],["teeman.net","1"],["damianzaremba.co.uk","1"],["bftg.net","1"],["web.de","1"],["iki.fi","1"],["yahoo.com","1"],["kefro.st","1"],["rroth.de","1"],["oddbit.com","1"],["arrakis.se","1"]],"2018-02":[["gmail.com","42"],["users.noreply.github.com","31"],["redhat.com","16"],["microsoft.com","3"],["libregerbil.fr","2"],["kevinbreit.net","2"],["ryansb.com","2"],["cisco.com","2"],["mototowne.com","1"],["purestorage.com","1"],["live.com","1"],["renemoser.net","1"],["subcon.co","1"],["norgan.email","1"],["rvgate.nl","1"],["abigailhowe.org","1"],["hornings.de","1"],["eu.equinix.com","1"],["johnrbarker.com","1"],["masson-informatique.fr","1"],["outlook.com","1"],["tu-dortmund.de","1"],["cavanaugh.pro","1"],["bonaud.fr","1"],["gnu.org","1"],["lenovo.com","1"],["briarmoon.ca","1"],["wieers.com","1"],["apixio.com","1"],["fontein.de","1"],["sydorenko.org.ua","1"],["visi.com","1"],["wearefriday.com","1"],["quantumachine.net","1"],["avinetworks.com","1"],["felbermeier.com","1"],["lbl.gov","1"],["dataxu.com","1"],["thames.id.au","1"],["byh2o.com","1"],["sivel.net","1"],["mystile.com","1"],["sngx.net","1"],["cornell.edu","1"],["ansible.com","1"],["netways.de","1"],["agaffney.org","1"],["google.com","1"],["networktocode.com","1"],["nerv.fi","1"],["jimgu.com","1"],["citrix.com","1"],["illuminatus.org","1"],["nakts.net","1"],["tinita.de","1"],["simplicity.net","1"],["wydooghe.com","1"],["xoxy.net","1"],["abstraction.fr","1"],["dolphin-045.freidorf.pinboard.jp","1"],["ryanpetrello.com","1"],["kefro.st","1"],["pignology.net","1"],["jcea.es","1"],["nathanielca.se","1"]],"2018-03":[["gmail.com","39"],["users.noreply.github.com","27"],["redhat.com","11"],["microsoft.com","3"],["cisco.com","3"],["renemoser.net","2"],["yahoo.com","2"],["ansible.com","2"],["mystile.com","2"],["googlemail.com","2"],["libregerbil.fr","2"],["fullyint.com","1"],["abbvie.com","1"],["grab.com","1"],["johnrbarker.com","1"],["outlook.com","1"],["nathanielca.se","1"],["chef.io","1"],["cable.comcast.com","1"],["careaxiom.com","1"],["charlesbock.com","1"],["bluewin.ch","1"],["lenovo.com","1"],["wieers.com","1"],["apixio.com","1"],["fontein.de","1"],["nathanwebster.me","1"],["telekom.de","1"],["sydorenko.org.ua","1"],["vmware.com","1"],["gmx.com","1"],["visi.com","1"],["moe.co.uk","1"],["glindhart.dk","1"],["avinetworks.com","1"],["yahoo.com.br","1"],["ryansb.com","1"],["thames.id.au","1"],["sivel.net","1"],["hotmail.com","1"],["gmx.net","1"],["orange.com","1"],["jhu.edu","1"],["mens.de","1"],["seznam.cz","1"],["protonmail.com","1"],["agaffney.org","1"],["kevinbreit.net","1"],["dell.com","1"],["mellanox.com","1"],["simplicity.net","1"],["xoxy.net","1"],["o-sinc.com","1"],["flowerysong.com","1"],["ryanpetrello.com","1"],["vantosh.com","1"],["purestorage.com","1"],["flant.com","1"],["meinit.nl","1"]],"2018-04":[["gmail.com","53"],["users.noreply.github.com","42"],["redhat.com","14"],["libregerbil.fr","2"],["ryansb.com","2"],["flowerysong.com","1"],["kevinbreit.net","1"],["visi.com","1"],["sydorenko.org.ua","1"],["radware.com","1"],["hashbang.sh","1"],["darkmist.net","1"],["nathanielca.se","1"],["currah.ca","1"],["renemoser.net","1"],["sudheer.net","1"],["enedis.fr","1"],["netapp.com","1"],["johnrbarker.com","1"],["cisco.com","1"],["de.ibm.com","1"],["davidgunter.ca","1"],["yandex.ru","1"],["wieers.com","1"],["freesources.org","1"],["microsoft.com","1"],["kohlvanwijngaarden.nl","1"],["hotmail.com","1"],["avinetworks.com","1"],["salesforce.com","1"],["opensolutions.cloud","1"],["thames.id.au","1"],["mellanox.com","1"],["sivel.net","1"],["mystile.com","1"],["sngx.net","1"],["gmx.net","1"],["orange.com","1"],["2ndQuadrant.com","1"],["agaffney.org","1"],["tobald.eu.org","1"],["google.com","1"],["kenyonralph.com","1"],["wanadoo.fr","1"],["elijahlynn.net","1"],["freesurf.ch","1"],["steelcomputers.com","1"],["ericsson.com","1"],["mwpeterson.com","1"],["purestorage.com","1"],["fortinet.com","1"],["oddbit.com","1"],["intechww.com","1"]],"2018-05":[["gmail.com","76"],["users.noreply.github.com","41"],["redhat.com","11"],["libregerbil.fr","4"],["microsoft.com","3"],["netapp.com","2"],["ryansb.com","2"],["cisco.com","2"],["fabianism.us","1"],["rackspace.co.uk","1"],["ristioja.ee","1"],["iproov.com","1"],["deza.pe","1"],["quantumachine.net","1"],["continuation.org","1"],["hotmail.com","1"],["visi.com","1"],["valletech.eu","1"],["sydorenko.org.ua","1"],["darkmist.net","1"],["laposte.net","1"],["nathanielca.se","1"],["networktocode.com","1"],["renemoser.net","1"],["sainsburys.co.uk","1"],["kohlvanwijngaarden.nl","1"],["ols.simplegeek.net","1"],["256k.de","1"],["davenoonan.com","1"],["johnrbarker.com","1"],["tthieu.fr","1"],["cavanaugh.pro","1"],["dosimple.ch","1"],["zuccala.com","1"],["eaglescrag.net","1"],["provonet.org","1"],["googlemail.com","1"],["lenovo.com","1"],["wieers.com","1"],["fetzig.org","1"],["fontein.de","1"],["celenza.org","1"],["dj-wasabi.nl","1"],["gregsheremeta.com","1"],["wanadoo.fr","1"],["gmx.de","1"],["thames.id.au","1"],["flowerysong.com","1"],["shhhmail.com","1"],["mizerski.pl","1"],["sivel.net","1"],["mystile.com","1"],["sngx.net","1"],["cornell.edu","1"],["juenemann.net","1"],["invisionapp.com","1"],["gmx.net","1"],["rroth.de","1"],["pracuj.pl","1"],["2ndQuadrant.com","1"],["buchanan.works","1"],["agaffney.org","1"],["google.com","1"],["kevinbreit.net","1"],["palard.fr","1"],["crocobox.org","1"],["abstraction.fr","1"],["riseup.net","1"],["antoine.catton.fr","1"],["kefro.st","1"],["yahoo.com","1"],["mavit.org.uk","1"],["jeffreyforman.net","1"]],"2018-06":[["gmail.com","51"],["users.noreply.github.com","18"],["redhat.com","11"],["thames.id.au","3"],["ncsu.edu","3"],["outlook.com","2"],["protonmail.com","2"],["ryansb.com","2"],["microsoft.com","2"],["cisco.com","2"],["libregerbil.fr","2"],["fabianism.us","1"],["purestorage.com","1"],["huawei.com","1"],["hirst.ws","1"],["me.com","1"],["rocketmail.com","1"],["johnrbarker.com","1"],["medberry.net","1"],["renemoser.net","1"],["nathanielca.se","1"],["golov.de","1"],["tacid.kiev.ua","1"],["cima.dk","1"],["fewbar.com","1"],["googlemail.com","1"],["lenovo.com","1"],["groschupp.org","1"],["wieers.com","1"],["bobo-rousselin.com","1"],["fontein.de","1"],["leifmadsen.com","1"],["sydorenko.org.ua","1"],["visi.com","1"],["continuation.org","1"],["moe.co.uk","1"],["probably.co.uk","1"],["jacum.com","1"],["sharphall.org","1"],["perljam.net","1"],["helsinki.fi","1"],["sivel.net","1"],["mystile.com","1"],["mac.com","1"],["lacoste-seris.net","1"],["cornell.edu","1"],["kjw3.com","1"],["archlinux.org","1"],["ll.mit.edu","1"],["familie-beumer.de","1"],["w.tf-w.tf","1"],["andreatartaglia.com","1"],["tedor.me","1"],["rackspace.co.uk","1"],["yahoo.de","1"],["agaffney.org","1"],["google.com","1"],["kevinbreit.net","1"],["users.sourceforge.net","1"],["abstraction.fr","1"],["rroth.de","1"],["fgrep.org","1"]],"2018-07":[["gmail.com","68"],["users.noreply.github.com","33"],["redhat.com","9"],["johnrbarker.com","2"],["dell.com","2"],["ryansb.com","2"],["hotmail.com","2"],["cisco.com","2"],["outlook.com","2"],["weasyl.com","1"],["danielschneller.de","1"],["sydorenko.org.ua","1"],["arrakis.se","1"],["nathanielca.se","1"],["libregerbil.fr","1"],["renemoser.net","1"],["sainsburys.co.uk","1"],["james.cassell.me","1"],["geekq.net","1"],["caosdigital.com","1"],["iij.ad.jp","1"],["fizyk.net.pl","1"],["aerialls.io","1"],["googlemail.com","1"],["lenovo.com","1"],["bluewin.ch","1"],["isi.edu","1"],["wieers.com","1"],["fontein.de","1"],["microsoft.com","1"],["isharacomix.org","1"],["semai.com","1"],["bertelsmann.de","1"],["andyf.me.uk","1"],["runbox.com","1"],["fluxcess.com","1"],["yahoo.de","1"],["maine.edu","1"],["ncsu.edu","1"],["nwra.com","1"],["wanadoo.fr","1"],["thames.id.au","1"],["sivel.net","1"],["mystile.com","1"],["thomaselrod.com","1"],["ajalabs.com","1"],["mckinley.biz","1"],["w.tf-w.tf","1"],["vadnjal.net","1"],["ubuntucy.org","1"],["ansible.com","1"],["protonmail.com","1"],["agaffney.org","1"],["icloud.com","1"],["google.com","1"],["flowerysong.com","1"],["kevinbreit.net","1"],["fabianism.us","1"],["spiderx.dp.ua","1"],["jbladen.co.uk","1"],["lxsystems.de","1"],["yahoo.com","1"],["visi.com","1"]],"2018-08":[["gmail.com","72"],["users.noreply.github.com","42"],["redhat.com","9"],["fontein.de","6"],["libregerbil.fr","5"],["netapp.com","3"],["guenane.org","2"],["ryansb.com","2"],["wwt.com","2"],["microsoft.com","2"],["cisco.com","2"],["fabianism.us","1"],["ya.ru","1"],["arrakis.se","1"],["nathanielca.se","1"],["chimin.ru","1"],["sydorenko.org.ua","1"],["renemoser.net","1"],["rez-gif.supelec.fr","1"],["wirtel.be","1"],["apolloner.eu","1"],["majic.rs","1"],["imap.cc","1"],["johnrbarker.com","1"],["ing.nl","1"],["orange.fr","1"],["outlook.com","1"],["stackhpc.com","1"],["iij.ad.jp","1"],["valletech.eu","1"],["qq.com","1"],["rjc.cc","1"],["dosimple.ch","1"],["axiom-partners.com","1"],["esign.com.br","1"],["golov.de","1"],["till.name","1"],["googlemail.com","1"],["lenovo.com","1"],["selimcan.org","1"],["jamezpolley.com","1"],["wieers.com","1"],["visi.com","1"],["zims-ubuntu-3.hzdriptz0rguzhq25yp3koz2nd.hx.internal.cloudapp.net","1"],["bedlamhotel.com","1"],["geekq.net","1"],["christoph-d.de","1"],["runbox.com","1"],["hotmail.com","1"],["posteo.de","1"],["gmx.de","1"],["karotte.org","1"],["esss.se","1"],["ncsu.edu","1"],["thames.id.au","1"],["wanadoo.fr","1"],["sivel.net","1"],["mystile.com","1"],["bruenig.de","1"],["rackspace.co.uk","1"],["improbable.org","1"],["seerene.com","1"],["llew.me","1"],["mellanox.com","1"],["google.com","1"],["dodwell.us","1"],["dell.com","1"],["kevinbreit.net","1"],["icloud.com","1"],["codingallnight.com","1"],["4ege.ru","1"],["wittman.com","1"],["jbladen.co.uk","1"],["danieln.de","1"],["freemail.hu","1"],["cchtml.com","1"],["interrobang.consulting","1"],["iki.fi","1"],["purestorage.com","1"],["vexxhost.com","1"],["cgi.com","1"]],"2018-09":[["gmail.com","64"],["users.noreply.github.com","53"],["redhat.com","10"],["microsoft.com","3"],["netapp.com","2"],["yahoo.com","2"],["dell.com","2"],["ryansb.com","2"],["hotmail.com","2"],["colburn.io","1"],["ya.ru","1"],["ebsco.com","1"],["sydorenko.org.ua","1"],["hashbang.sh","1"],["medjkoune.fr","1"],["nathanielca.se","1"],["friedcircuits.us","1"],["libregerbil.fr","1"],["renemoser.net","1"],["reannz.co.nz","1"],["johnrbarker.com","1"],["outlook.com","1"],["populate.tools","1"],["cisco.com","1"],["axiom-partners.com","1"],["esign.com.br","1"],["cordones.com","1"],["lenovo.com","1"],["wieers.com","1"],["groeper-berlin.de","1"],["fontein.de","1"],["web.coop","1"],["sky.uk","1"],["nathanwebster.me","1"],["flagstonesoftware.com","1"],["surevine.com","1"],["bertelsmann.de","1"],["friedrichs.co","1"],["probably.co.uk","1"],["matthewkrupcale.com","1"],["salesforce.com","1"],["thames.id.au","1"],["networktocode.com","1"],["wienand.org","1"],["shhhmail.com","1"],["stackboard.co.uk","1"],["sivel.net","1"],["mystile.com","1"],["sprig.gs","1"],["remowenger.ch","1"],["orange.com","1"],["w.tf-w.tf","1"],["rackspace.co.uk","1"],["paloaltonetworks.com","1"],["agaffney.org","1"],["icloud.com","1"],["kevinbreit.net","1"],["zeibar.net","1"],["mellanox.com","1"],["jbladen.co.uk","1"],["wydooghe.com","1"],["web.de","1"],["fabianism.us","1"],["riseup.net","1"],["farrellit.net","1"],["vexxhost.com","1"],["valletech.eu","1"]],"2018-10":[["gmail.com","58"],["users.noreply.github.com","52"],["redhat.com","11"],["outlook.com","3"],["libregerbil.fr","2"],["microsoft.com","2"],["wieers.com","2"],["renemoser.net","2"],["spotinst.com","1"],["briantist.com","1"],["juraszek.xyz","1"],["sydorenko.org.ua","1"],["github.com","1"],["laposte.net","1"],["nathanielca.se","1"],["apptopia.com","1"],["james.cassell.me","1"],["andreascarpino.it","1"],["reannz.co.nz","1"],["whatever.nu","1"],["mhtx.net","1"],["johnrbarker.com","1"],["tatacommunications.com","1"],["dioudonnat.fr","1"],["cisco.com","1"],["adrw.ch","1"],["alibaba-inc.com","1"],["ibendit.com","1"],["esign.com.br","1"],["golov.de","1"],["dobramama.pl","1"],["liddicott.com","1"],["cordones.com","1"],["kevinsubileau.fr","1"],["lenovo.com","1"],["yandex.ru","1"],["paadee.com","1"],["davidbaumann.at","1"],["joinroot.com","1"],["tjzimmerman.com","1"],["fontein.de","1"],["jimgu.com","1"],["perljam.net","1"],["braingap.uk","1"],["bywood.com","1"],["gmx.de","1"],["lebouder.net","1"],["ncsu.edu","1"],["thames.id.au","1"],["ryansb.com","1"],["sivel.net","1"],["mystile.com","1"],["cornell.edu","1"],["pm.me","1"],["sleeplessbeastie.eu","1"],["pleiades.fr.eu.org","1"],["wholeshoot.com","1"],["hireology.com","1"],["medzoner.com","1"],["orange.com","1"],["purestorage.com","1"],["icloud.com","1"],["google.com","1"],["dell.com","1"],["scheib.io","1"],["flowerysong.com","1"],["idahood.com","1"],["sigxcpu.org","1"],["tiriel.eu","1"],["gruenhage.xyz","1"],["goodfellow.it","1"],["ross-williams.net","1"],["aurelio.net","1"],["transferwise.com","1"],["mavit.org.uk","1"],["qq.com","1"]],"2018-11":[["users.noreply.github.com","64"],["gmail.com","61"],["redhat.com","10"],["libregerbil.fr","2"],["dell.com","2"],["cisco.com","2"],["outlook.com","2"],["woronowicz.co.uk","1"],["calsoftinc.com","1"],["surovcak.cz","1"],["gaell.info","1"],["bjoern.mosler.ch","1"],["james.cassell.me","1"],["nullday.de","1"],["netapp.com","1"],["k0ste.ru","1"],["brainonfire.net","1"],["live.in","1"],["sydorenko.org.ua","1"],["medjkoune.fr","1"],["innoq.com","1"],["fsfe.org","1"],["matthewkrupcale.com","1"],["renemoser.net","1"],["traceair.net","1"],["rez-gif.supelec.fr","1"],["jhlconsulting.com","1"],["abigailhowe.org","1"],["ikanobori.jp","1"],["hornings.de","1"],["xaroth.nl","1"],["johnrbarker.com","1"],["samycoenen.be","1"],["kill-you.net","1"],["woaf.net","1"],["stephanmueller.eu","1"],["hotmail.com","1"],["xs4all.nl","1"],["ibendit.com","1"],["digineo.de","1"],["golov.de","1"],["dobramama.pl","1"],["lenovo.com","1"],["yandex.ru","1"],["fpr8.de","1"],["wieers.com","1"],["fontein.de","1"],["microsoft.com","1"],["jimgu.com","1"],["braingap.uk","1"],["apache.org","1"],["gmx.de","1"],["email.com","1"],["thames.id.au","1"],["ryansb.com","1"],["atcomputing.nl","1"],["sivel.net","1"],["solarwinds.com","1"],["mystile.com","1"],["Redhat.com","1"],["m.w7i.pl","1"],["sdas.net","1"],["sourcepole.ch","1"],["rackspace.co.uk","1"],["oddbit.com","1"],["elao.com","1"],["google.com","1"],["kevinbreit.net","1"],["yahoo.de","1"],["idahood.com","1"],["umich.edu","1"],["yahoo.com.au","1"],["gibaud.info","1"],["dataductus.com","1"],["yahoo.com","1"],["u.pacific.edu","1"],["rroth.de","1"],["kushaldas.in","1"],["purestorage.com","1"],["lex.io","1"],["fortinet.com","1"],["fgrep.org","1"]],"2018-12":[["gmail.com","55"],["users.noreply.github.com","35"],["redhat.com","9"],["libregerbil.fr","2"],["microsoft.com","2"],["cisco.com","2"],["cavanaugh.pro","2"],["drjenkins.org.uk","1"],["fortinet.com","1"],["sydorenko.org.ua","1"],["connectsolutions.com","1"],["jvnv.net","1"],["nathanielca.se","1"],["james.cassell.me","1"],["meinit.nl","1"],["xaroth.nl","1"],["johnrbarker.com","1"],["endless-webservices.de","1"],["outlook.com","1"],["intel.com","1"],["ktdreyer.com","1"],["andreascarpino.it","1"],["rjc.cc","1"],["mattandes.com","1"],["ckoester.net","1"],["ibendit.com","1"],["analog.org","1"],["googlemail.com","1"],["lenovo.com","1"],["wieers.com","1"],["fontein.de","1"],["hotmail.com","1"],["thinkdrop.net","1"],["endlessm.com","1"],["ltresources.co.uk","1"],["gmx.com","1"],["domaintools.com","1"],["intoparty.com","1"],["zeibar.net","1"],["apache.org","1"],["lebouder.net","1"],["gmx.de","1"],["f5.com","1"],["sivel.net","1"],["mystile.com","1"],["petalcard.com","1"],["saymikeo.com","1"],["hotmail.co.uk","1"],["calsoftinc.com","1"],["true.nl","1"],["icloud.com","1"],["google.com","1"],["dell.com","1"],["braingap.uk","1"],["frankzwart.nl","1"],["alchemist.digital","1"],["nakts.net","1"],["wittman.com","1"],["spootnik.org","1"],["yahoo.com","1"],["mail.ru","1"],["purestorage.com","1"],["netapp.com","1"]],"2019-01":[["gmail.com","61"],["users.noreply.github.com","37"],["redhat.com","11"],["cisco.com","2"],["microsoft.com","2"],["fabianism.us","1"],["dell.com","1"],["netapp.com","1"],["live.in","1"],["laposte.net","1"],["nathanielca.se","1"],["libregerbil.fr","1"],["renemoser.net","1"],["zwell.net","1"],["arnested.dk","1"],["johnrbarker.com","1"],["karstenjakobsen.dk","1"],["stephanmueller.eu","1"],["5monkeys.se","1"],["rjc.cc","1"],["ktdreyer.com","1"],["tripadvisor.com","1"],["gamil.com","1"],["kevinsubileau.fr","1"],["lenovo.com","1"],["wieers.com","1"],["fontein.de","1"],["laroueverte.com","1"],["gmx.com","1"],["braingap.uk","1"],["zeibar.net","1"],["mgit.at","1"],["kairo.eti.br","1"],["apache.org","1"],["email.com","1"],["gmx.de","1"],["sotecware.net","1"],["jnelson.ca","1"],["f5.com","1"],["ui.net","1"],["thames.id.au","1"],["rnsc.be","1"],["stewarts.org.uk","1"],["sivel.net","1"],["mystile.com","1"],["milliams.com","1"],["cornell.edu","1"],["bx.psu.edu","1"],["calsoftinc.com","1"],["google.com","1"],["idsvandermolen.com","1"],["kevinbreit.net","1"],["spotinst.com","1"],["nakts.net","1"],["vvvlcek.info","1"],["qcu87z.net","1"],["abstraction.fr","1"],["yahoo.com","1"],["kefro.st","1"],["queuniet.fr","1"],["pennypacker.org","1"],["mavit.org.uk","1"],["purestorage.com","1"],["ibendit.com","1"]],"2019-02":[["gmail.com","60"],["users.noreply.github.com","42"],["redhat.com","14"],["cisco.com","2"],["yahoo.com","2"],["google.com","2"],["microsoft.com","2"],["fauth.pro","1"],["braingap.uk","1"],["amdmi3.ru","1"],["andreascarpino.it","1"],["rabin.io","1"],["james.cassell.me","1"],["netapp.com","1"],["sydorenko.org.ua","1"],["moreati.org.uk","1"],["nan-tic.com","1"],["nathanielca.se","1"],["libregerbil.fr","1"],["renemoser.net","1"],["kuivanto.fi","1"],["iforium.com","1"],["me.com","1"],["hotmail.com","1"],["johnrbarker.com","1"],["karstenjakobsen.dk","1"],["medberry.net","1"],["outlook.com","1"],["5monkeys.se","1"],["riolenz.de","1"],["qq.com","1"],["rjc.cc","1"],["till.name","1"],["googlemail.com","1"],["lenovo.com","1"],["wieers.com","1"],["telenet.be","1"],["fontein.de","1"],["perljam.net","1"],["botanicus.net","1"],["fobos.de","1"],["kairo.eti.br","1"],["apache.org","1"],["gmx.de","1"],["f5.com","1"],["jistr.com","1"],["thames.id.au","1"],["dbzer0.com","1"],["sivel.net","1"],["mystile.com","1"],["pm.me","1"],["geraintjones.co.nz","1"],["orange.com","1"],["paloaltonetworks.com","1"],["calsoftinc.com","1"],["agaffney.org","1"],["fortinet.com","1"],["kevinbreit.net","1"],["drjenkins.org.uk","1"],["nakts.net","1"],["sizmek.com","1"],["naphta.uk","1"],["stealer.net","1"],["sqmail.org","1"],["ross-williams.net","1"],["jimrollenhagen.com","1"],["fabianism.us","1"],["awk.space","1"],["mail.ru","1"],["purestorage.com","1"],["apps.ipb.ac.id","1"]],"2019-03":[["gmail.com","51"],["users.noreply.github.com","42"],["redhat.com","17"],["cisco.com","3"],["netapp.com","2"],["dell.com","2"],["google.com","2"],["microsoft.com","2"],["fontein.de","2"],["fabianism.us","1"],["kenyonralph.com","1"],["ethy.ch","1"],["nathanielca.se","1"],["libregerbil.fr","1"],["renemoser.net","1"],["dotat.at","1"],["xaroth.nl","1"],["johnrbarker.com","1"],["durchmesser.ch","1"],["outlook.com","1"],["hotmail.com","1"],["riolenz.de","1"],["rjc.cc","1"],["pyxis.li","1"],["antipoul.fr","1"],["kevinsubileau.fr","1"],["volitans-software.com","1"],["lenovo.com","1"],["googlemail.com","1"],["stevens.edu","1"],["wieers.com","1"],["mdranta.net","1"],["craxs.de","1"],["witkow.ski","1"],["5monkeys.se","1"],["gmx.com","1"],["botanicus.net","1"],["braingap.uk","1"],["jonasee.dk","1"],["dieswaytoofast.com","1"],["lebouder.net","1"],["jnelson.ca","1"],["f5.com","1"],["cleo.com","1"],["thames.id.au","1"],["shurup.com","1"],["stewarts.org.uk","1"],["sivel.net","1"],["mystile.com","1"],["petalcard.com","1"],["milliams.com","1"],["invisionapp.com","1"],["kickidle.com","1"],["orange.com","1"],["chrisgavin.me","1"],["paloaltonetworks.com","1"],["improbable.org","1"],["tearsofaunicorn.com","1"],["calsoftinc.com","1"],["netzvieh.de","1"],["mediacaster.nl","1"],["icloud.com","1"],["zeibar.net","1"],["kevinbreit.net","1"],["kurobuti.com","1"],["true.nl","1"],["far-oeuf.com","1"],["nakts.net","1"],["indrajit.com","1"],["mannem.nl","1"],["riseup.net","1"],["yahoo.com","1"],["mavit.org.uk","1"],["rroth.de","1"],["mail.ru","1"],["purestorage.com","1"],["fortinet.com","1"],["james.cassell.me","1"]],"2019-04":[["gmail.com","49"],["users.noreply.github.com","48"],["redhat.com","13"],["cisco.com","6"],["microsoft.com","4"],["netapp.com","3"],["renemoser.net","2"],["google.com","2"],["kickidle.com","2"],["flowerysong.com","1"],["kadisius.eu","1"],["inec.fr","1"],["fgrep.org","1"],["huawei.com","1"],["wybcz.pl","1"],["hornings.de","1"],["xaroth.nl","1"],["johnrbarker.com","1"],["vexata.com","1"],["live.in","1"],["riolenz.de","1"],["handeland.org","1"],["googlemail.com","1"],["lenovo.com","1"],["wieers.com","1"],["witkow.ski","1"],["fontein.de","1"],["brad-house.com","1"],["james.cassell.me","1"],["ubruns.de","1"],["5monkeys.se","1"],["intersection.com","1"],["apache.org","1"],["lebouder.net","1"],["cleo.com","1"],["f5.com","1"],["sivel.net","1"],["kongslund.net","1"],["mystile.com","1"],["sngx.net","1"],["cru.org","1"],["braingap.uk","1"],["orange.com","1"],["agrnwd.com","1"],["calsoftinc.com","1"],["agaffney.org","1"],["netzvieh.de","1"],["mens.de","1"],["kevinbreit.net","1"],["dell.com","1"],["chkpnt.de","1"],["otb.bg","1"],["riseup.net","1"],["brief.li","1"],["richman.io","1"],["mail.ru","1"],["ukr.net","1"],["purestorage.com","1"],["oddbit.com","1"],["nathanielca.se","1"]],"2019-05":[["gmail.com","46"],["users.noreply.github.com","45"],["redhat.com","15"],["huawei.com","2"],["yahoo.com","2"],["netapp.com","2"],["microsoft.com","2"],["cisco.com","2"],["outlook.com","2"],["thunderingbison.com","1"],["enterprisedb.com","1"],["renemoser.net","1"],["fgrep.org","1"],["ntt.eu","1"],["splat.cc","1"],["hetzner-cloud.de","1"],["guavus.com","1"],["radware.com","1"],["sydorenko.org.ua","1"],["qq.com","1"],["ucdavis.edu","1"],["scaleway.com","1"],["resec.ca","1"],["kevinsubileau.fr","1"],["lenovo.com","1"],["yandex.ru","1"],["wieers.com","1"],["fontein.de","1"],["vmware.com","1"],["horoschun.id.au","1"],["moneymeets.com","1"],["monkz.de","1"],["semmle.com","1"],["sethhochberg.com","1"],["apache.org","1"],["lebouder.net","1"],["f5.com","1"],["thames.id.au","1"],["sivel.net","1"],["mainstream.rs","1"],["mystile.com","1"],["calsoftinc.com","1"],["axia.com","1"],["agaffney.org","1"],["mediacaster.nl","1"],["coreitpro.com","1"],["google.com","1"],["kevinbreit.net","1"],["thinkdrop.net","1"],["robbieab.com","1"],["o-sinc.com","1"],["jimrollenhagen.com","1"],["flowerysong.com","1"],["mail.ru","1"],["libregerbil.fr","1"]],"2019-06":[["users.noreply.github.com","58"],["gmail.com","34"],["redhat.com","18"],["libregerbil.fr","2"],["google.com","2"],["microsoft.com","2"],["qq.com","2"],["cisco.com","2"],["botanicus.net","1"],["fortinet.com","1"],["huawei.com","1"],["fgrep.org","1"],["hornings.de","1"],["skybound.link","1"],["me.com","1"],["agile6.com","1"],["vexata.com","1"],["outlook.com","1"],["stud.th-luebeck.de","1"],["vdwaa.nl","1"],["core-services.fr","1"],["sydorenko.org.ua","1"],["ucdavis.edu","1"],["estaca.eu","1"],["ixl.com","1"],["libertysys.com.au","1"],["craxs.de","1"],["fontein.de","1"],["celenza.org","1"],["vmware.com","1"],["netapp.com","1"],["sijthoffmedia.nl","1"],["james.cassell.me","1"],["lebouder.net","1"],["f5.com","1"],["teamdev.com","1"],["thames.id.au","1"],["grossmann-technologies.de","1"],["openssl.it","1"],["sivel.net","1"],["mystile.com","1"],["milliams.com","1"],["ithink.ch","1"],["calsoftinc.com","1"],["protonmail.com","1"],["konczalski.de","1"],["mitre.org","1"],["kevinbreit.net","1"],["tiwabbit.fr","1"],["steffann.nl","1"],["bespokess.com","1"],["5monkeys.se","1"],["senior.cz","1"],["mail.ru","1"],["enterprisedb.com","1"],["purestorage.com","1"],["renemoser.net","1"]],"2019-07":[["users.noreply.github.com","53"],["gmail.com","43"],["redhat.com","17"],["netapp.com","2"],["mail.ru","2"],["dwpoon.com","2"],["lebouder.net","2"],["avinetworks.com","2"],["flowerysong.com","1"],["fortinet.com","1"],["vmware.com","1"],["sydorenko.org.ua","1"],["github.com","1"],["sometimesfood.org","1"],["libregerbil.fr","1"],["raulmahiques.com","1"],["free.fr","1"],["maletin.de","1"],["delmarvacomputer.com","1"],["stackhpc.com","1"],["cisco.com","1"],["qq.com","1"],["preemptive.com","1"],["googlemail.com","1"],["wieers.com","1"],["fontein.de","1"],["james.cassell.me","1"],["trstringer.com","1"],["improbable.io","1"],["kohlvanwijngaarden.nl","1"],["nsone.net","1"],["pheared.net","1"],["thames.id.au","1"],["sivel.net","1"],["mystile.com","1"],["sourcepole.ch","1"],["kpn.com","1"],["samycoenen.be","1"],["calsoftinc.com","1"],["online.net","1"],["protonmail.com","1"],["mediacaster.nl","1"],["google.com","1"],["kevinbreit.net","1"],["bespokess.com","1"],["5monkeys.se","1"],["nakts.net","1"],["drybjed.net","1"],["wombatsecurity.com","1"],["vonage.com","1"],["enterprisedb.com","1"],["purestorage.com","1"],["josephbanks.me","1"]],"2019-08":[["users.noreply.github.com","59"],["gmail.com","31"],["redhat.com","17"],["hotmail.com","3"],["microsoft.com","3"],["cisco.com","3"],["outlook.com","2"],["bespokess.com","2"],["google.com","2"],["netapp.com","2"],["cumulusnetworks.com","1"],["fortinet.com","1"],["renemoser.net","1"],["procube.jp","1"],["rez-gif.supelec.fr","1"],["carman.us.com","1"],["email.wm.edu","1"],["samsite.ca","1"],["sydorenko.org.ua","1"],["vmware.com","1"],["riolenz.de","1"],["qq.com","1"],["rjc.cc","1"],["ibendit.com","1"],["mulatinho.net","1"],["kroger.dk","1"],["metronlab.com","1"],["rubenb.nl","1"],["fontein.de","1"],["sig9.org","1"],["james.cassell.me","1"],["binarycreations.co.uk","1"],["lebouder.net","1"],["otto-winter.com","1"],["marcuscom.com","1"],["f5.com","1"],["msn.com","1"],["gedmin.as","1"],["thames.id.au","1"],["sivel.net","1"],["mainstream.rs","1"],["mac.com","1"],["sngx.net","1"],["mystile.com","1"],["orange.com","1"],["calsoftinc.com","1"],["briantist.com","1"],["agaffney.org","1"],["nodead.net","1"],["thinkdrop.net","1"],["kevinbreit.net","1"],["christoforo.net","1"],["5monkeys.se","1"],["chlehmann.ch","1"],["splunk.com","1"],["kewtec.com","1"],["craigforrester.com","1"],["suse.com","1"],["shlitz.com","1"],["rapidsos.com","1"],["yahoo.com","1"],["rapidtender.com","1"],["mail.ru","1"],["purestorage.com","1"],["callysto.com","1"],["github.com","1"]],"2019-09":[["users.noreply.github.com","43"],["gmail.com","37"],["redhat.com","30"],["renemoser.net","3"],["hotmail.com","2"],["microsoft.com","2"],["cisco.com","2"],["outlook.com","2"],["fabianism.us","1"],["pdx.edu","1"],["libregerbil.fr","1"],["free.fr","1"],["arrakis.se","1"],["procube.jp","1"],["opennebula.systems","1"],["chopraaa.com","1"],["me.com","1"],["zerokspot.com","1"],["bayz.de","1"],["johnrbarker.com","1"],["delmarvacomputer.com","1"],["vmware.com","1"],["sap.com","1"],["dingwall.me.uk","1"],["netapp.com","1"],["riolenz.de","1"],["qq.com","1"],["telefonica.com","1"],["greenhouse.io","1"],["performancematters.com","1"],["mulatinho.net","1"],["ipv4sub.net","1"],["metronlab.com","1"],["bmw.de","1"],["wieers.com","1"],["fontein.de","1"],["michael-prokop.at","1"],["profi.ru","1"],["pagefreezer.com","1"],["kucharski.name","1"],["flowerysong.com","1"],["lebouder.net","1"],["f5.com","1"],["cleo.com","1"],["thames.id.au","1"],["sivel.net","1"],["mystile.com","1"],["mainstream.rs","1"],["mac.com","1"],["mtulio.eng.br","1"],["cryptkey.io","1"],["briantist.com","1"],["kevinbreit.net","1"],["menon-sen.com","1"],["jfleach.com","1"],["hyperized.net","1"],["5th-exotic.com","1"],["kalekseev.com","1"],["iki.fi","1"],["riseup.net","1"],["ukr.net","1"],["mail.ru","1"],["corp.ovh.com","1"],["purestorage.com","1"],["163.com","1"],["fortinet.com","1"],["ya.ru","1"],["github.com","1"]],"2019-10":[["users.noreply.github.com","47"],["gmail.com","43"],["redhat.com","16"],["fontein.de","4"],["vmware.com","2"],["epam.com","2"],["cisco.com","2"],["fabianism.us","1"],["kadisius.eu","1"],["sydorenko.org.ua","1"],["arrakis.se","1"],["dbrgn.ch","1"],["renemoser.net","1"],["ableton.com","1"],["meinit.nl","1"],["kap.sh","1"],["virginia.edu","1"],["darkzone.net","1"],["johnrbarker.com","1"],["braincraft.io","1"],["belecky.ru","1"],["ultimatesoftware.com","1"],["lenovo.com","1"],["niklasbeinghaus.com","1"],["yandex.ru","1"],["james.cassell.me","1"],["microsoft.com","1"],["andreascarpino.it","1"],["9livesdata.com","1"],["mailbox.org","1"],["lebouder.net","1"],["msn.com","1"],["thames.id.au","1"],["sivel.net","1"],["braingap.uk","1"],["mystile.com","1"],["mainstream.rs","1"],["dev-zero.ch","1"],["icloud.com","1"],["google.com","1"],["dell.com","1"],["tiwabbit.fr","1"],["kevinbreit.net","1"],["steffann.nl","1"],["flowerysong.com","1"],["iki.fi","1"],["inducks.org","1"],["mail.ru","1"],["b1-systems.de","1"]],"2019-11":[["users.noreply.github.com","62"],["gmail.com","47"],["redhat.com","14"],["cisco.com","2"],["protonmail.com","2"],["posteo.de","2"],["that.com.br","1"],["google.com","1"],["vmware.com","1"],["mwl.dk","1"],["libregerbil.fr","1"],["rez-gif.supelec.fr","1"],["opennebula.systems","1"],["meinit.nl","1"],["protonmail.ch","1"],["johnrbarker.com","1"],["grisu118.ch","1"],["james.cassell.me","1"],["riolenz.de","1"],["team.telstra.com","1"],["ucdavis.edu","1"],["netapp.com","1"],["lenovo.com","1"],["netmonk.org","1"],["n0trax.io","1"],["dvv.de","1"],["craxs.de","1"],["fontein.de","1"],["profi.ru","1"],["csmart.io","1"],["9livesdata.com","1"],["mossroy.fr","1"],["digipok.io","1"],["braingap.uk","1"],["scs.ch","1"],["lebouder.net","1"],["bernat.ch","1"],["aklaus.ca","1"],["rcbi.rochester.edu","1"],["scottbrenner.me","1"],["smartpension.co.uk","1"],["sivel.net","1"],["mainstream.rs","1"],["mac.com","1"],["mystile.com","1"],["gmx.net","1"],["element-networks.nl","1"],["bx.psu.edu","1"],["ansible.com","1"],["umich.edu","1"],["kenyonralph.com","1"],["kevinbreit.net","1"],["tiwabbit.fr","1"],["palard.fr","1"],["dyntopia.com","1"],["nakts.net","1"],["animata.net","1"],["drybjed.net","1"],["iki.fi","1"],["inducks.org","1"],["mail.ru","1"],["yseop.com","1"],["amadeus.com","1"],["antipoul.fr","1"]],"2019-12":[["gmail.com","43"],["users.noreply.github.com","33"],["redhat.com","15"],["cisco.com","3"],["mail.ru","2"],["arista.com","1"],["drake.edu","1"],["macrominds.de","1"],["med.umich.edu","1"],["arrakis.se","1"],["libregerbil.fr","1"],["huawei.com","1"],["lotaris.org","1"],["hornings.de","1"],["hetzner-cloud.de","1"],["me.com","1"],["johnrbarker.com","1"],["outlook.com","1"],["gparent.net","1"],["riolenz.de","1"],["qq.com","1"],["golov.de","1"],["fidencio.org","1"],["mulatinho.net","1"],["fewbar.com","1"],["fontein.de","1"],["microsoft.com","1"],["rewe-digital.com","1"],["bertelsmann.de","1"],["konsult.atg.se","1"],["mossroy.fr","1"],["internetionals.nl","1"],["iress.com","1"],["lebouder.net","1"],["domelu.net","1"],["ncsu.edu","1"],["thames.id.au","1"],["rnsc.be","1"],["eficode.com","1"],["sivel.net","1"],["mystile.com","1"],["mac.com","1"],["cornell.edu","1"],["hoetzel.info","1"],["dr4ke.net","1"],["datakunkku.fi","1"],["agaffney.org","1"],["kevinbreit.net","1"],["tiwabbit.fr","1"],["hotmail.com","1"],["dyntopia.com","1"],["nakts.net","1"],["jasper.la","1"],["depar.is","1"],["mens.de","1"],["purestorage.com","1"],["vmware.com","1"]],"2020-01":[["gmail.com","44"],["users.noreply.github.com","33"],["redhat.com","17"],["cisco.com","2"],["google.com","2"],["mens.de","1"],["agaffney.org","1"],["vmware.com","1"],["sydorenko.org.ua","1"],["thucke.de","1"],["gucke.net","1"],["lassi.io","1"],["libregerbil.fr","1"],["renemoser.net","1"],["hotmail.fr","1"],["hornings.de","1"],["toniob.net","1"],["azyx.fr","1"],["johnrbarker.com","1"],["outlook.com","1"],["email.de","1"],["netapp.com","1"],["riolenz.de","1"],["cyberark.com","1"],["team.telstra.com","1"],["golov.de","1"],["googlemail.com","1"],["yandex.ru","1"],["metronlab.com","1"],["fontein.de","1"],["james.cassell.me","1"],["profi.ru","1"],["lebouder.net","1"],["cleo.com","1"],["eficode.com","1"],["elrod.me","1"],["sivel.net","1"],["mystile.com","1"],["mikey.com","1"],["dr4ke.net","1"],["sed.pl","1"],["servitly.com","1"],["mediacaster.nl","1"],["mikusek.info","1"],["kevinbreit.net","1"],["tiwabbit.fr","1"],["5monkeys.se","1"],["jbladen.co.uk","1"],["yahoo.com","1"],["mail.ru","1"],["purestorage.com","1"],["stawarski.pl","1"]],"2020-02":[["users.noreply.github.com","55"],["gmail.com","50"],["redhat.com","17"],["hotmail.com","2"],["johnrbarker.com","2"],["href.ch","1"],["icloud.com","1"],["mens.de","1"],["james.cassell.me","1"],["hostinger.com","1"],["geant.org","1"],["email.unc.edu","1"],["libregerbil.fr","1"],["renemoser.net","1"],["procube.jp","1"],["odyssey4.me","1"],["chillheid.nl","1"],["lotaris.org","1"],["hornings.de","1"],["grmr.de","1"],["me.com","1"],["flyballdogs.com","1"],["starry.com","1"],["thebault.co","1"],["outlook.com","1"],["bendafi.fr","1"],["riolenz.de","1"],["dorel.me","1"],["nightowl.engineer","1"],["guut.org","1"],["lenovo.com","1"],["metronlab.com","1"],["exploide.net","1"],["wieers.com","1"],["lukasbestle.com","1"],["dvv.de","1"],["decock.org","1"],["fontein.de","1"],["microsoft.com","1"],["waf.hk","1"],["derekwinters.com","1"],["wanadoo.fr","1"],["bour.cc","1"],["lebouder.net","1"],["binghamton.edu","1"],["jnelson.ca","1"],["ui.net","1"],["eficode.com","1"],["elrod.me","1"],["ideahq.co.nz","1"],["sivel.net","1"],["mystile.com","1"],["zerodowntime.pl","1"],["hatch.live","1"],["sed.pl","1"],["amadeus.com","1"],["google.com","1"],["kevinbreit.net","1"],["flowerysong.com","1"],["fujitsu.com","1"],["lidskialf.net","1"],["antemeta.fr","1"],["tramat.com","1"],["web.de","1"],["tamu.edu","1"],["michaelheap.com","1"],["crestdatasys.com","1"],["mail.ru","1"],["purestorage.com","1"],["continental.com","1"],["hackerchick.me","1"]],"2020-03":[["gmail.com","18"],["users.noreply.github.com","7"],["redhat.com","7"],["ansible.com","3"],["elrod.me","1"],["soua.net","1"],["fontein.de","1"],["posteo.de","1"],["outlook.com","1"],["stackhpc.com","1"],["riolenz.de","1"],["sivel.net","1"],["guenane.org","1"],["strnad.ch","1"],["mac.com","1"],["gparent.net","1"],["xlab.si","1"],["student.tudelft.nl","1"],["mail.ru","1"],["sourcepole.ch","1"],["purestorage.com","1"],["renemoser.net","1"],["tsf.io","1"],["odyssey4.me","1"]],"2020-04":[["gmail.com","12"],["redhat.com","10"],["users.noreply.github.com","6"],["odyssey4.me","1"],["kenyonralph.com","1"],["flowerysong.com","1"],["fontein.de","1"],["nodead.net","1"],["ansible.com","1"],["hackerchick.me","1"],["meinit.nl","1"],["johnrbarker.com","1"],["hotmail.com","1"],["profi.ru","1"],["riolenz.de","1"],["paradigmatecnologico.com","1"],["pallxk.com","1"],["us.ibm.com","1"],["elrod.me","1"],["sivel.net","1"],["hashdata.cn","1"],["mystile.com","1"],["mac.com","1"],["gparent.net","1"],["inducks.org","1"],["mail.ru","1"],["purestorage.com","1"],["fgrep.org","1"],["apolloner.eu","1"]],"2020-05":[["gmail.com","18"],["users.noreply.github.com","11"],["redhat.com","6"],["hotmail.com","2"],["kenyonralph.com","1"],["lukas-pirl.de","1"],["libregerbil.fr","1"],["fgrep.org","1"],["informatik.uni-bremen.de","1"],["odyssey4.me","1"],["johnrbarker.com","1"],["stackhpc.com","1"],["cisco.com","1"],["golov.de","1"],["tedpearson.com","1"],["gmx.us","1"],["fontein.de","1"],["flowerysong.com","1"],["opentechstrategies.com","1"],["inaugust.com","1"],["posteo.de","1"],["lebouder.net","1"],["sivel.net","1"],["elrod.me","1"],["mystile.com","1"],["mac.com","1"],["sngx.net","1"],["notin.org","1"],["uk.ibm.com","1"],["uuml.de","1"],["mail.ru","1"],["tsf.io","1"],["nuxi.pl","1"]],"2020-06":[["users.noreply.github.com","13"],["gmail.com","11"],["redhat.com","10"],["nodead.net","1"],["hacktheplanet.fi","1"],["dell.com","1"],["protonmail.ch","1"],["mellanox.com","1"],["link-u.co.jp","1"],["inaugust.com","1"],["johnrbarker.com","1"],["fontein.de","1"],["lebouder.net","1"],["bernat.ch","1"],["f5.com","1"],["kinvolk.io","1"],["qq.com","1"],["vanginderachter.be","1"],["james.cassell.me","1"],["elrod.me","1"],["sivel.net","1"],["mystile.com","1"],["next-development.com","1"],["sngx.net","1"],["golov.de","1"],["fgrep.org","1"],["colorado.edu","1"],["mail.ru","1"],["googlemail.com","1"],["e-mail.jp","1"],["163.com","1"],["zehome.com","1"]],"2020-07":[["users.noreply.github.com","21"],["gmail.com","15"],["redhat.com","13"],["travouillon.fr","1"],["mellanox.com","1"],["fontein.de","1"],["dell.com","1"],["isan.engineer","1"],["philipdouglass.com","1"],["aussies.space","1"],["link-u.co.jp","1"],["ovv.wtf","1"],["johnrbarker.com","1"],["bigpoint.net","1"],["cmail.carleton.ca","1"],["elrod.me","1"],["sivel.net","1"],["mystile.com","1"],["thelambda.de","1"],["mail.ru","1"],["renemoser.net","1"],["aminvakil.com","1"]],"2020-08":[["gmail.com","16"],["users.noreply.github.com","13"],["redhat.com","7"],["protonmail.com","1"],["google.com","1"],["fontein.de","1"],["solbj.org","1"],["dirtymonkey.co.uk","1"],["bernat.ch","1"],["live.jp","1"],["opensips.org","1"],["sivel.net","1"],["elrod.me","1"],["sacrome.com","1"],["mystile.com","1"],["thebsdbox.co.uk","1"],["mail.ru","1"],["googlemail.com","1"],["madtech.cx","1"],["laposte.net","1"],["aminvakil.com","1"]],"2020-09":[["gmail.com","10"],["redhat.com","8"],["users.noreply.github.com","7"],["menon-sen.com","1"],["flowerysong.com","1"],["fontein.de","1"],["bdick.de","1"],["islas.org.mx","1"],["hotmail.com","1"],["oslab.fr","1"],["lebouder.net","1"],["outlook.com","1"],["netsandbox.de","1"],["riolenz.de","1"],["elrod.me","1"],["sacrome.com","1"],["sivel.net","1"],["golov.de","1"],["xlab.si","1"],["mail.ru","1"],["renemoser.net","1"],["aminvakil.com","1"]],"2020-10":[["gmail.com","10"],["users.noreply.github.com","8"],["redhat.com","7"],["fontein.de","1"],["aol.com","1"],["celenza.org","1"],["nakts.net","1"],["hotmail.com","1"],["lebouder.net","1"],["netsandbox.de","1"],["riolenz.de","1"],["vanginderachter.be","1"],["justinotherguy.org","1"],["elrod.me","1"],["sivel.net","1"],["b1-systems.de","1"],["heiderich.org","1"],["yahoo.com","1"],["mail.ru","1"],["aminvakil.com","1"]],"2020-11":[["gmail.com","11"],["users.noreply.github.com","8"],["redhat.com","6"],["cumminscollege.in","1"],["aiton.info","1"],["fontein.de","1"],["flast.jp","1"],["heimberg-ea.ch","1"],["sivel.net","1"],["elrod.me","1"],["mystile.com","1"],["docecosas.com","1"],["sydorenko.org.ua","1"],["mail.ru","1"],["aminvakil.com","1"],["uen.org","1"]],"2020-12":[["users.noreply.github.com","10"],["redhat.com","8"],["gmail.com","8"],["qrdn.de","1"],["flowerysong.com","1"],["fontein.de","1"],["gmx.com","1"],["lukebtaylor.com","1"],["gslab.com","1"],["heimberg-ea.ch","1"],["stealer.net","1"],["suse.com","1"],["sivel.net","1"],["elrod.me","1"],["mystile.com","1"],["dmsimard.com","1"],["golov.de","1"],["yahoo.com","1"],["pecknet.com","1"],["fsfe.org","1"],["mail.ru","1"],["libregerbil.fr","1"],["aminvakil.com","1"]],"2021-01":[["users.noreply.github.com","10"],["redhat.com","8"],["gmail.com","7"],["must-have-coffee.gen.nz","1"],["flowerysong.com","1"],["fontein.de","1"],["f5.com","1"],["elrod.me","1"],["sivel.net","1"],["mystile.com","1"],["dmsimard.com","1"],["sprig.gs","1"],["stanfordalumni.org","1"],["js94x.de","1"],["mail.ru","1"]],"2021-02":[["users.noreply.github.com","15"],["redhat.com","7"],["gmail.com","7"],["shanemcd.com","1"],["fontein.de","1"],["lebouder.net","1"],["laznp.id","1"],["sivel.net","1"],["elrod.me","1"],["dmsimard.com","1"],["bestsecret.com","1"],["mail.ru","1"]],"2021-03":[["users.noreply.github.com","12"],["gmail.com","12"],["redhat.com","8"],["mail.uc.edu","1"],["travouillon.fr","1"],["fontein.de","1"],["lebouder.net","1"],["sivel.net","1"],["elrod.me","1"],["mystile.com","1"],["moreati.org.uk","1"],["googlemail.com","1"]],"2021-04":[["users.noreply.github.com","20"],["gmail.com","13"],["redhat.com","8"],["protonmail.com","1"],["flowerysong.com","1"],["mattcen.com","1"],["fontein.de","1"],["drachen-server.de","1"],["nakts.net","1"],["hotmail.com","1"],["lebouder.net","1"],["cn.fujitsu.com","1"],["elrod.me","1"],["sivel.net","1"],["dominodatalab.com","1"],["mystile.com","1"],["masiutin.com","1"],["sydorenko.org.ua","1"],["moreati.org.uk","1"],["bmw.de","1"],["aminvakil.com","1"],["geertswei.nl","1"]],"2021-05":[["gmail.com","11"],["users.noreply.github.com","9"],["redhat.com","5"],["elrod.me","2"],["hroncok.cz","1"],["fontein.de","1"],["cryostase.eu","1"],["cavanaugh.pro","1"],["sivel.net","1"],["mystile.com","1"],["dominodatalab.com","1"],["therryvanneerven.nl","1"],["masiutin.com","1"],["yandex.ru","1"],["renemoser.net","1"]],"2021-06":[["users.noreply.github.com","9"],["gmail.com","8"],["redhat.com","7"],["jhe.dedyn.io","1"],["fontein.de","1"],["dundee.ac.uk","1"],["lebouder.net","1"],["ziegenberg.at","1"],["elrod.me","1"],["sivel.net","1"],["web.de","1"],["sydorenko.org.ua","1"],["arrakis.se","1"],["chandlerswift.com","1"],["fgrep.org","1"]],"2021-07":[["redhat.com","5"],["users.noreply.github.com","5"],["gmail.com","3"],["elrod.me","1"],["sivel.net","1"],["fontein.de","1"],["renemoser.net","1"],["lebouder.net","1"]],"2021-08":[["redhat.com","6"],["gmail.com","5"],["users.noreply.github.com","5"],["sivel.net","1"],["elrod.me","1"],["fontein.de","1"]],"2021-09":[["users.noreply.github.com","8"],["redhat.com","7"],["gmail.com","6"],["thinkdrop.net","1"],["elrod.me","1"],["sivel.net","1"],["mystile.com","1"],["b1-systems.de","1"],["quickmotion.es","1"]],"2021-10":[["users.noreply.github.com","12"],["gmail.com","7"],["redhat.com","4"],["sivel.net","1"],["idiap.ch","1"],["fontein.de","1"],["mystile.com","1"],["bit-man.guru","1"]],"2021-11":[["redhat.com","5"],["users.noreply.github.com","4"],["gmail.com","2"],["fontein.de","1"],["sivel.net","1"],["mystile.com","1"],["dmsimard.com","1"],["fsfe.org","1"],["reannz.co.nz","1"]],"2021-12":[["users.noreply.github.com","14"],["redhat.com","4"],["gmail.com","3"],["fontein.de","1"],["me.com","1"],["gmx.de","1"],["sivel.net","1"],["mystile.com","1"],["raby.sh","1"]],"2022-01":[["users.noreply.github.com","5"],["redhat.com","4"],["gmail.com","3"],["fontein.de","1"],["me.com","1"],["karotte.org","1"],["sivel.net","1"],["mystile.com","1"],["web.de","1"]],"2022-02":[["gmail.com","15"],["users.noreply.github.com","5"],["redhat.com","3"],["fontein.de","1"],["cs.brandeis.edu","1"],["sivel.net","1"],["mystile.com","1"],["dmsimard.com","1"],["nocternity.net","1"],["dawning.ca","1"],["grodotzki.com","1"]],"2022-03":[["users.noreply.github.com","5"],["redhat.com","4"],["gmail.com","3"],["fontein.de","1"],["invision.de","1"],["posteo.de","1"],["outlook.com","1"],["sivel.net","1"],["mystile.com","1"],["jhegman.com","1"]],"2022-04":[["redhat.com","6"],["mystile.com","6"],["gmail.com","4"],["users.noreply.github.com","3"],["fontein.de","1"],["mens.de","1"],["hotmail.com","1"],["sprig.gs","1"],["dmsimard.com","1"],["samdoran.com","1"]],"2022-05":[["users.noreply.github.com","11"],["redhat.com","8"],["mystile.com","7"],["gmail.com","2"],["fontein.de","1"],["schoot.org","1"],["riolenz.de","1"],["dmsimard.com","1"],["samdoran.com","1"]],"2022-06":[["users.noreply.github.com","13"],["gmail.com","6"],["redhat.com","4"],["fontein.de","1"],["hotmail.com","1"],["bitsofnetworks.org","1"],["riolenz.de","1"],["gruenhage.xyz","1"],["sivel.net","1"],["mystile.com","1"],["dmsimard.com","1"],["sydorenko.org.ua","1"],["renemoser.net","1"]],"2022-07":[["users.noreply.github.com","9"],["gmail.com","6"],["redhat.com","3"],["fontein.de","1"],["fujitsu.com","1"],["hotmail.com","1"],["bitsofnetworks.org","1"],["riolenz.de","1"],["sivel.net","1"],["mystile.com","1"],["golov.de","1"],["sydorenko.org.ua","1"],["moreati.org.uk","1"],["adobe.com","1"]],"2022-08":[["redhat.com","17"],["users.noreply.github.com","12"],["gmail.com","7"],["fontein.de","1"],["protonmail.ch","1"],["sivel.net","1"],["playq.net","1"],["mystile.com","1"],["sydorenko.org.ua","1"],["vanwyk.biz","1"],["ya.ru","1"]],"2022-09":[["users.noreply.github.com","11"],["gmail.com","9"],["redhat.com","7"],["fontein.de","1"],["microsoft.com","1"],["sivel.net","1"],["das.community","1"],["martialblog.de","1"],["mystile.com","1"],["dmsimard.com","1"],["sydorenko.org.ua","1"],["cgi.com","1"],["emeraldreverie.org","1"]],"2022-10":[["users.noreply.github.com","21"],["gmail.com","13"],["redhat.com","9"],["idiap.ch","1"],["fontein.de","1"],["ombre.ch","1"],["ghosh.pro","1"],["sivel.net","1"],["mystile.com","1"],["sydorenko.org.ua","1"],["karkku.fi","1"],["yahoo.com","1"],["googlemail.com","1"],["bamweb.nl","1"],["berkeley.edu","1"],["doczkal.eu","1"],["kenyonralph.com","1"]],"2022-11":[["users.noreply.github.com","9"],["redhat.com","8"],["mystile.com","7"],["gmail.com","5"],["fontein.de","1"],["proton.me","1"],["sonic.net","1"],["netsandbox.de","1"],["riolenz.de","1"],["fala.red","1"],["sivel.net","1"],["sydorenko.org.ua","1"],["moreati.org.uk","1"],["hotmail.co.uk","1"]],"2022-12":[["mystile.com","13"],["redhat.com","6"],["gmail.com","4"],["users.noreply.github.com","3"],["wp.pl","1"],["sivel.net","1"],["das.community","1"],["poindessous.com","1"],["ucdavis.edu","1"]],"2023-01":[["users.noreply.github.com","9"],["gmail.com","5"],["redhat.com","4"],["fontein.de","1"],["swagspace.org","1"],["caret.be","1"],["hotmail.com","1"],["gmx.de","1"],["juhljacobsen.dk","1"],["riolenz.de","1"],["kristopherkram.com","1"],["qq.com","1"],["sivel.net","1"],["mystile.com","1"],["golov.de","1"],["kenyonralph.com","1"]],"2023-02":[["users.noreply.github.com","10"],["gmail.com","10"],["redhat.com","6"],["fontein.de","1"],["raphaelmichel.de","1"],["hotmail.com","1"],["sivel.net","1"],["mystile.com","1"],["sydorenko.org.ua","1"]],"2023-03":[["users.noreply.github.com","12"],["gmail.com","7"],["redhat.com","6"],["fontein.de","1"],["ziegenberg.at","1"],["sivel.net","1"],["das.community","1"],["mystile.com","1"],["pantarei-design.com","1"],["deininger.net","1"]]}