{"2015-01":["resmo","msabramo","RadishTheHut","lekum","ofir-rounds","major","lorin","digi691","natefoo","quinot","jirutka","bcoca","mscherer","wjimenez5271","maxamillion","jbinto","deadbeef404","dedalusj","swimlappy","conrado","ks888","rpe-github","defionscode","lmacken","axos88","dago","netroby","jvoorhis","chrismeyersfsu","stevelenihan","mmoya","abadger","nathancahill","erinn","nmeum","tima","gaqzi","sivel","ccciudatu","gilou","kkurian","shawnsi","Sgoettschkes"],"2015-02":["whereismyjetpack","drybjed","alxgu","mixpix3ls","shamrin","kalefranz","jszwedko","arBmind","jonhadfield","sthen","funzoneq","mattstep","phenomenes","NateEag","alefteris","r1k0","kstrauser","cchurch","emonty","giovtorres","boxofrad","sysadmin75","jpmens","tjanez","sgargan","kavu","mihirvj","simontite-capita-ti","danrue","brianpeiris","cooniur","henkwiedig","cove","lotia","jensdepuydt","NicolasLM","gtirloni","fullergalway","stratoukos","follower","jhawkesworth","erikaheidi","hfinucane","catlee","pgeraghty","alobbs","autotune"],"2015-03":["maxalbert","sgordon46","deimosfr","ebastos","jeffwidman","jhermann","jlaska","mriedelumab","halberom","bmanojlovic","pilou-","dagwieers","caphrim007","jsmartin","vvanscherpenseel","landryb","hagbarddenstore","eest","ciupicri","bmoar","tobarja","AndrewLorente","willthames","mrcrilly","htgoebel","hjst","srgvg","cblument","matthieucan","famousgarkin","jxn","pyroscope","shirou","keithbentrup","Fresheyeball","semifocused","kristous"],"2015-04":["viesti","mchlumsky","joefis","phips","renard","jder","hver","logston","mavit","ralphbean","kustodian","hnakamur","gtaylor","CVirus","andrewrothstein","kevgathuku","romain-dartigues","jeffrizzo","jcpowermac","pahaz","discordianfish","gaomd","mekstrem","centromere","dorianpula","feanil","cgar","dmahler","eroldan","wenottingham","ndonegan","momandine","radarhere","nirvinehh","detiber","carsongee","tylerharper","Rory-Finnegan","ianzd","timsutton","lowwalker"],"2015-05":["daidoji","sidick","tyll","jaypei","alexmuller","erikdw","jolexa","j0057","nickhammond","jmhodges","Batmat","dougluce","szarka","gtback","aioue"],"2015-06":["mrwacky42","JavierMartinz","soupdiver","smarvin","runseb","myniva","silviot","Vebryn","j2sol","trondhindenes","bennojoy","edunham","tgerla","EdwardJKim","izhukov","rhcarvalho","arcz","parente","danasmera","Erethon","Etienne-Carriere","sirkubax","tamsky","schrodervictor","vroetman","fgsch","dguerri","nitzmahone","davejamesmiller","jkleckner","dlundquist","pastephens","joshainglis","yunano","rncry"],"2015-07":["ZviRackover","marconius","TwoD","jlmitch5","jtyr","ofpiyush","MiguelMoll","jaceklaskowski","saada","pdelared","bhanuvrat","DazWorrall","dfarrell07","jotes","hostmaster","t0mk","athoune","alexlo03","objectified","verm666","ahamilton55","mikeputnam","jordonr","woltage","vodik","gauthierl","amenonsen","galindro","cyberj","jasonarewhy","nibalizer","j-carl","reedloden","billwanjohi","dirn","amegianeg","snetting","jody-frankowski","sheldonh","hugovk","indrajitr","justinwyer","gimoh","ktosiek","sillydong","quixoten","volanja","xmj","gundalow","soarpenguin","echiu64"],"2015-08":["carloscarnero","homme","Yannig","zfil","deliciousfudge","lpirl","docschick","marcosgm","binarytemple","mgedmin","scottcunningham","patrickeasters","mutemule","tbielawa","thekarlbrown","jeffb-stell","jensenbox","abarnas","qvicksilver","ringerc","daburmistrov","muffl0n","tquenolle","mightydok","ilya-epifanov","Alphadelta14","TravisPaul","ldx","charleswhchan","qwazerty","smkr","maty0609","photoninger","jimi-c"],"2015-09":["jkugler","mcsalgado","hyperized","evanccnyc","halostatue","jaingaurav","NathanDotTo","privateip","arbabnazar","jle64","hslee16","opoplawski","LinusU","gptech","toshywoshy","AxelDelmas","Java1Guy","fboender","apollo13","brianlloyd","Ch00k","geerlingguy","donckers","OddEssay","bborysenko","thyming","kennethgillen","robusto","h-hirokawa","praveenkumar","napkindrawing","lambeau"],"2015-10":["godfreyduke","jemmyw","knakayama","matburt","Dwaligon","jaamiller","sclausson","jdelaporte","bastianharren","larsks","yesbox","glnds","Juraci","ryansb","rcleere","petrmifek","alflanagan","acogdev","Petrox","aslant","w1r0x","redrampage","jamarzka","keitwb","deyvsh","zarnovican","mathieumd","klshxsh","zemanel","aidanhs","yfix"],"2015-11":["sontags","gebn","sysreq0","ma82","cmluciano","jensschroer","sebi-hgdata","Etherdaemon","coxley","chrrrles","larsla","joernheissler","amousset","ypid","leedm777","sradvan","agireud","jcftang","Val","ksatirli","rvbaz","erjohnso","dizzler","abuduba","agx","robinro","ghislainbourgeois","gildegoma","dazwin","smiller171","dvarrazzo"],"2015-12":["Christoph-D","azaghal","Jmainguy","davidlballenger","sreekanthpulagam","Ichimonji10","sengaya","n-st","mattclay","fghaas","h0nIg","stephen144","chouseknecht","sgpinkus","ueg1990","mattroberts297","gparent","bricekollee","lberruti","qduxiaoliang","janek-warchol","Ykid","no2a","mgarstecki"],"2016-01":["grahamu","feliksik","infracaninophile","jeblair","dlangille","rozha","miketwo","rgroten","skorochkin","slimandslam","senk","towolf","claremacrae","shaba","jfrappier","sebastianneubauer","teolupus","dkasak","paulcalabro","selivan","Byron-TW","knope","nflx","ktaragorn","gregdek","strictlyd","oneswig"],"2016-02":["ikrauchanka","ahartz1","pgrange","breathe","wzzrd","binary-data","gechr","Yannik","skinlayers","electrofelix","mhuxtable","furlongm","agaffney","MatthaeusHarris","mckerrj","scottsb","rutsky","Aga303","felixfontein","kilburn","mvdbeek","shawnsilva","ogenstad","jmatsushita","kamsz","tdhopper","marcpo","anthonycrobinson","b4ldr"],"2016-03":["OwenTuz","karmab","devananda","listx","hkariti","vladpanainte","amesbury","mholiv","sudarkoff","TimJones","joemeszaros","sigio","ThomasSteinbach","bpsuntrup","holmboe","xytis","MiLk","evgeni","KrzysiekJ","RNanney","jpic","temal-","qqo","zyegfryed","kevinlondon","xiaket","jsok","djmattyg007","Shrews","alexandrem","mvgrimes","wimnat","wzyboy","Linuturk","willdurand","brianlycett","a13m","jjshoe","camradal","cboylan","berlic","robynbergeron","lamby","rajatguptarg","Antillean","dblencowe","jinesh-choksi","quentinsf","nifoc","keedya","bruceharbin","DavidWittman","someword","Qalthos","mgruener","jjahns","yfried-redhat","yyoshiki41"],"2016-04":["ritzk","tuuling","alikins","d0ugal","wolfgangkarall","d3matt","plumbis","donovan","freemanoid","dflock","bjne","jnerin","haad","forcewhisperer","nikut","gregsidelinger","dchan","zarlant","bwlz","fjros","justnems","job-so","keinohguchi","klobucar","chemikadze","peter-jang","brettinman","rickard-von-essen","jctanner","tegansnyder"],"2016-05":["maguec","peterfschaadt","dwaas","toromoti","zenbot","bocharsky-bw","viglesiasce","mhite","stpierre","n40lab","cThrice","annegentle","underyx","mikebryant","alvarezloaiciga","mancdaz","pwnall","devonharvey","kamigerami","Cryptophobia","mattchilders","dharmabumstead","svenstaro","adamchainz","pm5","mmatuska"],"2016-06":["andredasilvapinto","talonx","bedecarroll","Schnitzel","ivovangeel","Mic92","biancalana","michel-slm","krzysztof-magosa","ahlusar1989","larsf","jhesketh","shotat","graywulf","vlna","art-at-sky","kwoodson","rdezavalia","willmerae","smemsh","benjixx","ProjectRice","Lujeni","smolse","andreyshestakov","Zempashi","gqdw","riton","lathama","drew-russell","colinhoglund","ben-taylor-nzme","bqbn","md5","jjmaestro","edevil","trunkatedpig","adrienverge","steenzout","mludvig","adamscybot","jokurz","johananl"],"2016-07":["kaneshin","gtrafimenkov","matsu-chara","aneesh-joseph","kkremitzki","yunque","s-hertel","nyasukun","mirskifa","barbudone","baldwintm","wwitzel3","walbert947","stianvi","cdosborn","chaitanyaenr","brandond","krbullock","jtaleric","zigarn"],"2016-08":["eb4x","victoru","oalders","dol3y","jbscare","jladdjr","NickHeiner","tedder","mrjoshuap","alanjds","keachi","nickmisasi13","aya","timw","filipenf","coryfklein","ovcharenko","stockalexander","rasputnik","kontrafiktion","Shaps","ferrants","linuxdynasty","cantorek","PeterMartini","Fale","faulkner","thomaslorentsen","acataluddi","dustymabe","skg-net","hryamzik"],"2016-09":["gillesgagniard","khushil","dgjustice","ericchou1","cmullaney","Synchro","GGabriele","jlehtniemi-broadsoft","alvaroaleman","jre","Rucknar","Jared-Sprague","mag009","alexander-laughlin","lovmat","SaaldjorMike","rmetzler","rcutmore","ftigeot","fallencliff","udesilva","fajpunk","gadost","nvigot","dav1x","j0hnsmith","davidak","cinerama70","offthewoll","supertom","pkyeck","justinclift","machacekondra","adreznec"],"2016-10":["bdowling","sevenfourk","ping-the-one","johnnycarlin","MichaelRiss","jasdeep-hundal","konstruktoid","Meorawr","psykotox","sijis","stevekuznetsov","june07","Ssawa","qbit","bparry02","jlec","jborean93","jglf","ssteinerx","pabluk","cgwalters","pshchelo","amalts","ribbons","Foxlik","nijinashok","initcron","ericsysmin","shanemcd","samdoran","rochacbruno"],"2016-11":["gawel","jswinarton","puiterwijk","ananyacleetus","gmella","eltimn","noseworthy","tkinz27","goneri","haines","zerOnepal","bencord0","scboucher","sbarthelemy","albertomurillo","jamessewell","danielkza","michaeljs1990","jasperla","advishnuprasad","LostArchives","xkoralsky","jbarnett1981","wltjr","hsoft","dmsimard","ganeshrn","ujenmr"],"2016-12":["gaelL","kevensen","nehaljwani","frenzymadness","sophie-h","siwyd","EvanK","jtru","azenk","veger","ebeahan","kuboj","ssummer3","levequej","gl0bus","reachfh","tombo315","BondAnthony","lucrussell","imuchnik","bbyhuy","tntC4stl3","Thingee","ffrank","ghprince","Hexta","saller","mvermaes","freeseacher","vaygr","laurentgo","michaelgugino","rqelibari","GR360RY","ssbarnea","zyv","cafferata","juanvalino","alexsergeyev","bart2","ErwanAliasr1","redbloodmage","nikolovivan","kpod13","kkarimi","mulkieran","thaumos","nerzhul","slohse","ikelos","brijs","ruslantum","rouge8","kevinburke","mkrupcale","tmshn","benallard"],"2017-01":["andriisoldatenko","matbu","bachp","defunctio","artmatsak","tintoy","jamielennox","lmazuel","heni","blakfeld","manics","relaxdiego","sherlockmatt","nnutter","buzzricksons","ColOfAbRiX","robwagner33","mowgli","svogt","Logan2211","jonathanbouvier","PriceChild","oboukili","mbektchiev","johnnynotsolucky","bmillemathias","jsumners","wyscan","mkwardakov","mgale","jayme-github","cmurphy","kamilboratynski","bathizte","xificurC","smartfin","ivanbojer","tedelhourani","wilvk","tao12345666333","rcarrillocruz","marcosdiez","naslanidis","aperigault","sermilrod","enisozgen","xen0l","hoffmann","sbussetti","jonathan-luminal","n0trax","hloeffler","galexrt","thotypous","mmaslowskicc","sbktrifork","oktapodia","kevtufc","gaudenz","romainrichard","crafty78","ademmers","hogarthj","ThePletch","peay","jamescooke","JimFicarra","ei-grad","gaetronik","jvgutierrez","andrewspiers","anguswilliams","mnaser","tuxillo","andmos","rmarsa","tareqalayan","Tahvok","dbarrosop","roumano","lpenz","jonathanbeber","simplesteph","robs16","wshallum","dminca","slank","gunzy83","astro44","JackyGao2016","ericzolf","bschelberg","MarkMielke","OtherSystems","umago","isopy","thisdougb","sysadmind","timuster","pietro","anryko","berenddeschouwer","eastokes","pwae","cliles"],"2017-02":["caio2k","kulawczukmarcin","isharacomix","jjlorenzo","Slezhuk","troyready","yurikhan","bobobox","woqer","afunix","megamisan","zhuopeng","rektide","mikedlr","dLobatog","allanice001","Abdul-Anshad-A","craigfrancis","tatsuyafw","surfuga","vmindru","tomkitchen","deekayen","QijunPan","dgarros","pshen","rollerwhrtn","DavBfr","tsoikkel","kaneda-fr","lmprice","Jonnymcc","molekuul","stepanstipl","pgrenaud","Nosmoht","kuhlskev","bverschueren","dkasberg","bjolivot","TomasTomecek","alexanderturner","amblina","gregorydulin","kkirsche","rafstef","AlejandroTrev","tszym","Dhivyap","maximede","927589452","hsychla","philsch","dermute","ffledgling","DavidVentura","kharkevich","helldorado","grastogi23","ibwhite","stigchristian","bechampion","speshak","morphje","dbckz","imranh2","cptchips","Woutrrr","vincentbernat","2tunnels","flowerysong","johnnysheppard-isode","parfeon","n0ts","adrianlzt","justinmayer","danthedeckie","fengor","computersalat"],"2017-03":["AlanCoding","smaftoul","jlgaddis","mliljedahl","mjfroehlich","jerrywardlow","tumbl3w33d","hlieberman","KORPSE","wjkohnen","GwenaelPellenArkeup","johnboy2","mlichvar","cchristous","Miyurz","martbhell","AlexanderStock","JSomerstone","hchargois","mensler","jrandall","NickBall","jwg4","bpleines","Danmark","vperron","danvaida","jagibson","evrardjp","virtuald","daBONDi","areian","glydetech","gmaetzig","Daemoen","aric49","Infiniverse","snowsky","yithian","tchernomax","wholroyd","mhumeSF","ptemplier","erwilan","ilpianista","vboginskey","nihlaeth","yuriy-z","ar7z1","albix","JonTheNiceGuy","ninja-cat","fhiyo","sm4rk0","calfonso","shaunbrady","ctooley","ununseptium","rollcat","AndreaGiardini","if-meaton","userlerueda","nbraud","bndabbs","ukaj","scsnow"],"2017-04":["manuel-sousa","andreaso","lpaulmp","pmarques","kwohlfahrt","chulkilee","kbrebanov","giuseppe","Spredzy","ka7","prasadkatti","raszi","abirami-n","SesquipedalianDefenestrator","irlevesque","bradleyphipps","khnazaretyan","varadharajan","claer","pae23","bmildren","Brian-Williams","luqasz","bentaylornz","acasademont","nazo","fridim","ssidhaye","dmitry-sobolev","trishnaguha","lattwood","cboggs","itdependsnetworks","adejoux","antoineco","mattparkes","tremble","kalgynirae","BartVB","tbenk","keepzero","stylersnico","cclauss","shepdelacreme","pchauncey","rmcintosh","brettcannon","dutchiechris","LuckySB","Akasurde","colin-nolan","babineaum","dankolbrs","jmcgill298"],"2017-05":["piotrsmolinski","fiunchinho","0x46616c6b","tebanep","higginsd","stympy","kgottholm","ElijahLynn","iMartyn","msheiny","mkopta","rodolfojcj","ericworkman","toxadx","alexanderteves","graag","atosatto","pdasilva","Drey","wisotzky","michael-k","herrewig","agshew","TylerLubeck","varesa","mattwwarren","steffann","michael-dev2rights","chenzhiwei","bennyz","bengerman13","aurimasl","TheRealDwright","pichuang","scadu","kkjang","kevclarx","smbambling","lshake","tdtrask","ajdecon","dsummersl","rcuza","kahowell","MurgaNikolay","pdellaert","thomasbilk","jotum","glassresistor","almonteb","agarzon","feikesteenbergen","iamcheko","mixja","iainfoulds","sayap","kwerey","cigamit","pipern","taksekine"],"2017-06":["yujunz","san7ket","dupondje","dlazz","jelford","rmfitzpatrick","deiga","clasohm","bincyber","wrouesnel","andrewsaraceni","bitle","gaddman","marlier","Deepakkothandan","HelioCampos","willricardo","netservers","PhilThurston","gamename","skornehl","stefreak","jamesbraid","flaper87","loia","newswangerd","julienvey","KKoukiou","chaintng","tomo667a","tjsampson","msimonin","monchitos82","mechaxl","fullyint","tdobrovolny","joshsouza","ppanczyk","sstaszkiewicz-copperleaf","karthik-suresh","loqutus","immanetize","jameslabocki","giorgos-nikolopoulos","chrisdpa-tvx","evancarter-iex","jimrubenstein","abraverm","jmighion","armab","kassiansun","dkhenry","GennadySpb","vandrade","nemobis","zesik","quorten","sdodsley","mattsch","MaciejCetler","mikewiebe","jlacroix82","roadmapper","wdegeus","mihu","mtkunkel","Constantin07","ehelms","rajasaur","rpettersen","denisra"],"2017-07":["andsens","jasontibbitts","trstringer","ToddHertel","agronholm","leki75","agmezr","amuraleedhar","JeanFred","Ivo2357","mzizzi","tsdmgz","153957","danielerez","hondak","marcaurele","rjsabatini","adrianmoisey","tonk","manuvaldi","McBadass","CatTail","ovv","wil","mdawid92","bushvin","craigw","abednarik","apmits","champtar","rlgod","mrgnr","aww-yiss","sramakr","artburkart","haridsv","InTheCloudDan","acrewdson","mkrizek","joshmoore","bfloyd89","woshihaoren","SeriyBg","mesk41in","giovannisciortino","petershrom","ioggstream","ghjm","wmedlar","Numerico","jonans","DepthDeluxe","fredericlepied","rahushen","mcaulifn","gdahlm","saichint","seiffert","bielawb","equinox0815","ozboms","rgm3","trs80","kbenyous","jackprice","fredericve","xp0"],"2017-08":["khomutoff","bonuscheese","FearTheBadger","mkrogemann","andy-maier","numone213","cyberark-bizdev","Cerebus","deyanstoykov","garbled1","10sr","colin-hanson-zocdoc","pari-","valentin-krasontovitsch","dteleguin","cpointner","furhouse","lukearmstrong","techhelper1","chriskarel","benthomasson","nwchandler","mwellmeyer","julienstroheker","c0psrul3","kirarose-milliman","emmetfryan","silid","idooo","hulquest","k0ste","brokenjacobs","antonym","hsmtkk","esuarezsantana","thebenwaters","switchboardOp","CsilLAB","ewigkeit1204","prutseltje","default50","tyler-8","hawka11","PhilipGough","Jackyjjc","haroldwongms","nrwahl2","3onyc","Nicop06","toidi","memo42","steve-dave","ctorgalson","drmrd","joshuaconner","opapy","alustenberg","rosiecki","mzuccala","dgorley","Nitaco","lukas-bednar","kabo","schlueter","james-portman","piotrkarbowski-ciklum","PatrickMurray","fgbulsoni","banzo","alexjbush","jparrill","Tronde","adaranutsa","opqdonut","stemid","Asher256","disappear89","Chekov2k","barlik","flare-ws","mtinning","matthyx","mbach04","mestudd","excalq","rrey","mmckinst","inhifistereo","aarnaud","AlexZolotarenko","Elachance","cachamber","laurentribot","nwsparks","lingfish","jennings","pmcclory","evgenyfedoruk","mykaul","maciej-lasyk","brusMX","nbrew","PapyDanone","sumodirjo","rakshazi","Trozz","syquus","LiranNis","schunduri","Brayneded","aleksandr-vin","jbgo","rnestler","samyray","rich-murphey","anarcat","ultrarelativistic","rwaweber","mangas","gaige","schwatvogel","denngie","Rakaim","bobsaintcool","silverwind","tonyseek","tmarlok88","welchwilmerck","davidkretch","yaacov","fxfitz","maorlipchuk","ossark","movermeyer","marc-sensenich","sozercan","jpvrenen","gregory-dan","chadbean","elaurijssens","catatonicprime","mharista","precurse","MikeKlebolt","zmedico","syncrou","MeganLiu","bobbywatson3","jkassemi","The-Wabbit","kaarolch","Fobhep","dohoangkhiem","gaozhangfei","dsilakov","axqd"],"2017-09":["Ron916","4383","jarrpa","jpiron","dirkmueller","wgriffiths","D3DeFi","ianw","diamondo25","autarch","bak1an","marinus81","Erouan50","scathatheworm","mangelajo","jagmeetsingh91","mjuopperi","peikk0","f3lang","liancheng","cben","drrtuy","dcritch","jchristi","funixz","jonjozwiak","trutheddie","ares","markgoddard","tykling","SNikalaichyk","kulinacs","tsifrer","ipspace","ekultails","hiddenicon","bbomgardner","karrots","Ferroin","bit","joelddiaz","gurumaia","dj-wasabi","kedarX","MoShitrit","krdlab","nover","Miouge1","DamianZaremba","dteach","dglinder","tom-clx","Necior","nhojpatrick","MarkusTeufelberger","joelthompson","mbruzek","dj4ngo","shigemk2","pavelzag","timbaer","ethackal","vutenkov","mator"],"2017-10":["wxdao","rvgate","cxcv","huslage","sookido","sampritavh","richlv","jvandermeulen","igor-pinchuk","fantashley","AvnerCohen","schast","captainkerk","eikef","sduthil","themiwi","mmercer-apixio","xscript","vtsingaras","bngsudheer","yeukhon","dathelen","fabianvf","SteveHNH","Lorquas","paulquack","arcenik","edsantiago","kairoaraujo","akatch","ZubairLK","dannyroberts","pweldon","MihaiMoldovanu","phy1729","guilhermeoki","tacatac","dgilbert82","sbulage","danbohea","ThePumpingLemma","charlestolley","remixtj","paneu","gdcrocx","underwaynyc","awkspace","akomic","bolshakov","nomarek","LindsayHill","adambanker","doubleplush","jcortejoso","keslerm","AmbientLighter","candlerb","zanglang","ozbillwang","aniketkhisti","fennm","fungusakafungus","nilhase25","cognifloyd","shuklaabhi","otteydw","Nani-o","JulienPalard","weisslj","sawlogs","josephtate","argo1984","skamithi","irsl","mtb-xt","arnonki","sethp-nr","voipmeister"],"2017-11":["chifu1234","michaeljohn32","rfrancis","gaellick","gamuniz","ntkathole","Trentr9","cutwater","ZhijunZhao","ryanmaclean","patlachance","yuwzho","africanzoe","lukadante","NomAnor","AMDmi3","smartsammler","sidrocks95","strattner","DenverJ","jwhitbeck","joaocpinto","Everspace","pbakulev","cnasten","samerd","thomwiggers","Yadnyawalkya","MTN-RowinAndruscavage","sebasdoes","abenokraitis","yaweiw","bchamby","aalexmonteiro","mldmld68","dhain","steveglen","ivanvanderbyl","minimarcel","argsno","dmt","spectralflux","dariko","hdimitriou","IPvSean","dramaley","manicai","brweber2","floatingstatic","lae","loadstar81","robertdebock","arn-alt","IMOKURI","l3m","jonathannaguin","u625030","adelton","jsoref","jmbond","jamesbeake","corburn","wknapik","v1v","kellinm","HeMan","andy-pi","sebastiendarocha","rpkamp","skazi0","suankan","u571kills","BhujayKumarBhatta","dominikholler","ssebs","nafpliot-ibm","corbie"],"2017-12":["MansM","kimegede","it-praktyk","rhpvorderman","johnslay","t-cyrill","Leibniz137","hydandata","iiibrad","anguyenhuy","kagerman","Gianlu","nprncbl","gobins","bfontaine","akashihi","fishman","haidaraM","EvilGn0me","snecklifter","mattdoller","tiggi","pymag09","haridas","kalimsshar","edevenport","marqelme","robert-bo-davis","anaeh","zikalino","pmargara","ericcitaire","stefanhorning","Bachmann1234","t794104","al-x","sumkincpp","renpic","javeedf","mlouielu","miabbott","staebler","andyhky","markocelan","wpietruszewski","aaronjheng","hkrist","ashumkin","cmbrad","solarmicrobe","keszybz","elad661","dsoper2","mrlesmithjr","blamarvt","fivethreeo","mpurbo","yungez","radixdlt","xuxinkun","kaechele","talzur","gurch101"],"2018-01":["Sodki","fernandoalex","indispeq","yuji-k64613","piontas","quenck","rev112","codemonkeyjim","paulRbr","carlbuchmann","zhhuta","fedelemantuano","kokel","tiraboschi","d-vb","acozine","jeffrey4l","brunocalogero","kiorky","deiwin","tsiganenok","jn-bedag","clementtrebuchet","chipgwyn","ytsarev","clarkst","hatuomin","equelin","CFSworks","berenddeboer","cedricpim","zerkms","kyliel","Chetan-CSI","osLEccse","reversecipher","kimb","cambid","dpassante","cwarner-mdsol","Ghilli3","Madhura-CSI","cakepietoast","danielmellado","d-riecken","cprh","genome21","steaksauce-","brianteeman","afeld","cvanniekerk","bgurney-rh","jondoig","themr0c","RobReus","stravassac","charliejllewellyn","ericwb","viper233","barneysowood","TristanCacqueray","czotomo","jollyra","ethicalmohit","ganto","amolkahat","eval","xcambar","jvanderhoof","rbywater","jacobfgrant","bregman-arie","kbreit","orthanc","mtharp","GIC-de","alexpilotti","seuf","bluesalt","jonmer85","olivergondza","Colins-Git"],"2018-02":["miticojo","Klaas-","webknjaz","beardymcbeards","ThomasADavis","jcsmith","danieljaouen","ryanpetrello","jamesv1994","mwperina","russStarr","mtnbikenc","goshkis","lachlancooper","fgeek","kandsten","tripdubroot","gratuxri","Gittins","antquinonez","jontow","nwgarner","nkakouros","dragetd","gdpak","PikachuEXE","winotu","onenetworkguy","Yvan-Masson","michaelnugent","sylr","rambleraptor","sekharvajjula","kurtkeller","dgoetz","perlpunk","NickWilde1990","aajdinov","balonik","ruizink","jcea","pfink","leigh-j","josalmi","lrivallain","paulfantom","anchat1990","mcavedon","subcon42","compjunkei","AbbyRH","Firefishy","tgates81","mattl","alextsits"],"2018-03":["pschiffe","smithjlrhit","nathanwebsterdotme","naioja","manuelbonk","01100010011001010110010101110000","jeffreykoetsier","Im0","seanlok","turb","hwoarang","chaitanyaavi","obourdon","alu","sillent","aasoni","DennisGlindhart","ryanpineo","victorock","aplc0r","rndmh3ro","tas50","tgoetheyn","simon04","saito-hideki","holmahenkel","ravibhure","ilicmilan","aerostitch","afsalrahim","gt50","devfaz","tim-werner","okgolove","Alexander198961","oolongbrothers","chenl87","Heusini","velimir0xff","skylerbunny","killerwhile","mkrish004c","gouthampacha","orgito","MrOwen","Penguin2600","xandradx","gmaes","Ikuze","diafour","tzejohn","aarnone","wontruefree","lufik","danielhoherd","msven","ageis","diogobaeder","brampling","dymurray"],"2018-04":["joshiegy","megakoresh","dustinrue","ZuZuD","rigarash","shifty35","rdvencioneck","maxkur","megian","LucidOne","leventeBajczi","alekseyp","eakman","colinrymer","yasensim","jokajak","brhatiga","leongold","reelsense","nekottyo","BlackthornYugen","daviddavis","smeso","bigmstone","roolebo","tobald","ewubnhn","NeQuissimus","kenyon","dericcrago","lazouz","fetzerch","tbouvet","bmfp","mejo-","ikr0m","gevial","JohnRoach","ryancurrah","mamunozgonzalez","torvitas","shadbarton","beta-tank","verkaufer","jtauke","darland","pmakowski","zeusttu","javierbeaumont","StephenWeber","sportebois","MQasimSarfraz","justjais","mwpeterson","spmp","one-t","angystardust","remyleone","ad-m","schallee"],"2018-05":["desnudopenguino","mgu","etam","jforman","kimmelserj","uberlinuxguy","metme0145","hhamalai","drzraf","grimreaper","wznoinsk","pfarmer","cocaccola","acatton","nikitos3000","george-wilson-iproov","angapov","greut","cahlchang","lu1as","carchi8py","thadguidry","crossan007","suacide24","znantho","bartekbrzezinski","seirl","warthog9","jdufresne","rvalle","markusbloch","rsubra13","ekohl","awfki","smolz","schmots1","felix-schmidt","anna-liao","dbanttari","marwatk","ptux","securenetwrk","sradco","achaussier","rost-d","cmrd-senya","atpage","MatrixCrawler","denraf","myrdd","sjmc7","mintsoft","dennisconrad","Daniel-Sanchez-Fabregas","pierremahot","glitchcrab","lambda","odyssey4me","tranceitionalMynd","vigiroux","saydamir","provonet","SietseVisser","rubal033","ericoc","cosmix","daryltucker","JordonPhillips","Benoit-DunandLaisin","filicivi","jaakristioja","alfredodeza","rhorer","yungezz","Sweenu","apatt","aaronk1","gyorgynadaban","scottmishra","jaredhocutt","eliba","mjuenema","sac","git001","grossws","piroux","cbenhagen","cheese","NilashishC","SoundGoof","kellyhogan","abn","james-jra","digitalist","marns93","RedWhiteMiko","awiddersheim","gtema","maishsk","petr-balogh","sgratch","eoprede","vab2048","carlniger"],"2018-06":["deyjcode","justbiaoliu","mjmayer","abhigarg28","kivilahtio","zharalim","achinthagunasekara","quodlibetor","MironVeryanskiy","cpollard0","stoned","wazzaz","djzager","denderello","sparunakian","ahuffman","LastCaress77","HD650","tdm00","medberry","hirsts","whatupmiked","leifmadsen","JacksonIsaac","epicanthal","sharph","Renlor","jamessemai","rosineygp","Taluu","jamescassell","jasontedor","jeanfabrice","plumbeo","tomwassenberg","jacum","fleu42","tacid","permitanyany","SpamapS","Nothing4You","LeenSun","Camillevau","acalm","toshipp","mentos1386","hellt","Fred-sun","schp","jsimpso","jyundt","jainnikhil30","cgroschupp","lihongjie0209","jlozadad","jaevans","felixonmars","movinalot"],"2018-07":["jillr","joren485","AJ-Acevedo","bpetit","FragmentedPacket","imjoseangel","fizyk","hekonsek","frangdlt","saidmu","SpiderX","orryun","rcgoodfellow","taranjeet","FunkyM","MichaelSteffens","hlrichardson","dschneller","Tsuna77","djwhatle","birdypme","azkore","djgalloway","tabashir","btv","jeromecc","YumaInaura","ashish-billore","andyeff","gdepuille","jose-delarosa","Alex-Diez","cubeek","FloThinksPi","rscarazz","smutel","theodotos","geekq","agrisvv","chbrown13","Filippo125","dgeo","gjtempleton","rreed42","mhalano","tstoner","augustkang","hitsumabushi","tomelrod","Xyon","selslack","aerialls","jradtilbrook","cmendible","empire","funbuskevin","zwindler","amatellanes","ecoutu","tod-uma","alexandrevicenzi","lunarfs","nishiokay","samccann","calvin620707","thebalaa","laevilgenius","rm-you","joeabbey","MedicMomcilo","marsavela","jensenja","grouchoboy","yaakov-github","sevs44936","fluxcess","avishefi","smusali","heuels","Uwila","gstaicu","curry9999"],"2018-08":["dshuvar","mdaniel","nbuchwitz","idahood","annabunches","pablorf-dev","individuwill","openstacker","hemskgren","mooninite","Nifi","flawaetz","toadjaune","usaturn","flybd5","guilhermesteinmuller","dprts","muxator","guoqiao","ckotte","njferrant","lingxiankong","waded","rabru","vrischmann","yaplej","idvoretskyi","lousyd","gdelpierre","hermanwienema","vista-","tomtastic","wookietreiber","annikulin","akira6592","wilsonge","ruzickap","acdha","gregmark","boriel","ymartin59","riteshpuj2013","agrimal","gustavomcarmo","decentral1se","tzurE","EtienneDeneuve","drewburr","YunfanZhang42","Rylon","vfoucault","avaika","shibumi","syncpak","jerryrelmore","colemanserious","goettl79","lolcube","caohai","newtonne","MichaelMayorov","adamtbeames","IlnarSelimcan","debugloop","AlexisLessard","wmosher","RyanBreaker","asheplyakov","EagleIJoe","ederst","matrixise","pgaxatte","cedlerouge","amayer5125","sward1557","jamezpolley","linnil1","bersace","jairojunior","matshch","rmudingay","pjrm","gyurco","dodwmd","robsonpeixoto","ccoley","bjornicus","mnecas","hi117","jonnymccullagh","mfuchs","stmarier","Timskydiver","bonzi316","benileo","duckie","ndswartz","axelll","ssemyonov","sebastianw","nasx","GElkayam","bhuztez"],"2018-09":["rwanyoike","emailbob","egroeper","kobayashi","larry-s","FloMiau","tomww","Deaton64","flatline-studios","fholzer","OMMHOA","KellerFuchs","andrewmcgilvray","jamiesonio","Alexhha","sandeepmendiratta","direvus","danieljakots","julianladisch","vibhavsinha","chalupaa","dresnick-sf","josemaia","pieteravonts","ksubileau","mrmagooey","hatchepsut","kujiraitakahiro","moepot","dmurarasu","eisjcormier","smnmtzgr","amb1s1","mcameron","afair","mskymoore","suonto","toxicvengeance","a-harvie","colin-mccarthy","albers","max-allan-surevine","is2ei","dseeley-sky","morgajel","decadent","abarbare","apradillap","bankabanka","DSpeichert","characteristic","Anthony25","kryptsi","atrykush","rlondner","e-tienne","zeenlym","remyj38","deivid-rodriguez","shinmog","jonjitsu","Meecr0b","rmin","Protista","devyanikota","tolland","paulczar","ssahani","jbenden","kwilczek","joaopsys","Hirshr","FriedCircuits","ktdreyer","santascsi","vladimir-mencl-eresearch","thetuxkeeper","seymar","joachimmathes"],"2018-10":["rohansadale","evertmulder","sugitk","andreamtp","brandonbell","dedekind","DBendit","akshay196","ushuz","nikkytub","f-bor","marcjay","lookfirst","mjhoffman65","phlundblom","peterjenkins1","carno","linouxis9","beeankha","milo-minderbinder","s3lph","xiaozhu36","wilmardo","cscheib","jocelynj","ckoester2","claudusd","Pluggi","IAmHughes","danihodovic","biohazd","thpica","sirredbeard","fgsoap","cadl","bandit145","jcgruenhage","imjoey","bjakubiak","thepry","codylane","omarchehab98","bingoarun","wiorka","jfpanisset","mbk87","rdkls","codebop","ECoulter","dagoonline","jeffnoehren","ThePrankMonkey","1xinn","aureliojargas","JonathanO","hansmi","anasbadaha","vipulkanade","wholeshoot","rhodain","jorijinnall","csirac2","jerrejkw","milosz","dangoscomb","quater","jouve","pabowers","palmerabollo","cordones","jqueuniet","ryanmerolle","ericdost","borener","overhacked","slapula","maxstack","gardouille","ingatesystems","briantist","angristan","schley2103","EtiennePerot","richardlock","triat","frgray","r4j4h","adrw","justengland","cornett","yannrouillard","markafarrell","lucabrasi83","zimmertr","RobertHerhold","queue-tip","healem","jmeridth","denapom11","mmazur"],"2018-11":["adilio","andrewthetechie","nesanton","theo-o","MikeySmet","davidmnoriega","lonico","nadirollo","nicolasbock","inxonic","dgamanenko","majekw","fpracht","Jed-Giblin","mjeromin","dmitrypol","jeking3","ftntcorecse","Redlinkk","ikanobori","jstark1","nervo","actionless","ssiegel","vanyasvl","msurovcak","bartigor","bjorm","endorama","jacktose","tomasg2012","rlex","pillarsdotnet","rajaspachipulusu17","triplepoint","42flyingfish","douglasfraser","mdrose","BenoitKnecht","kcd83","spike77453","dcode","seag-rvc","xenlo","OxHobbs","stonemct","h-matsuo","dionben","maxwell-k","racciari","aatighi","SamyCoenen","ofirshtrull","BernardoSilva","jpdasma","amitsi","timmc","tongpu","fdeschamps","jimmymccrory","kyleknap","XOmniverse","b-t-g","atc0005","smueller18","andytom","aknrdureegaesr","YouhuaLi","B-Art","jgkirschbaum","Cleming","Isakofff","larsbu","Flakebi","martinwangjian","pallix","vmpr","ckyriakidou","kushaldas","sbarvick-dd","duritong","groggi","Akint","mcassaniti","bmike78","Xaroth","OlivierB","mklassen","adarobin","Coteh","RaphaelMeudec","TorPeeto","coreywan","keithresar","onitake","bvitnik","chopraaa","ematysek","jasonwalsh"],"2018-12":["sn4kebite","rajeevarakkal","mattandes","shateq","dlassalle","lrrb","xmadsen","seandst","sosheskaz","chris93111","michaeldg","Phuurl","piffey","hnanni","thyme-87","jlecour","agowa338","maiqueb","fatmcgav","allarm","daixijun","billdodd","gitaaron","stevie-","tomaszkiewicz","lpkirby","rhysmeister","dbnicholson","rubentsirunyan","RBakkum","josuedhg","rhydian76","tdietrich513","richardcs","Obirvalger","mhoffmann1","navalkp","greg-hellings","sdirbach","tipabu","Tomorrow9","BadStreff","lda","vpiserchia","pyr","owenmann","flamein","cinek810","JeffReeves","gstorme","mbork","kvaps","Andersson007","gforster","hanshell","uberjew666","stobias123","matonb","wojtek0806","WhyIsThisOpen","ptzianos","dnuka","soulofmischief","plastikat"],"2019-01":["thnee","jplitza","kysamson","devjatkin","Smithx10","rjw57","chanwit","unrinfosec","karstenjakobsen","tetsuyasodo","jdorel","jodlajodla","spoyd","arnested","feranwq","mindrb","TimoKramer","beckmani","Lunik","ikemo3","locutus304","tmmorin","rwinand","jlbooker","ahadel","milliams","Alb0t","migonzalvar","lefth","sebastien-rosset","kkarolis","jdwidari-mc","userimack","ajsiersema","QCU87Z","ArnabRaxit","anasbouzid","hannseman","zirpu","horazont","marcobellaccini","eahorning","vvvlc","wrossmann","chrisedebo","thomasdstewart","drewmullen","rverchere","bpennypacker","branen","MaxBab","WojciechowskiPiotr","radez","crab86","john-westcott-iv","ribeiroit","fretis","rluisr","vaneuk","jakeo","pascalheraud","mmolinac"],"2019-02":["heykarimoff","optionsome","dw","bbui1997","marcosps","MrStrix","straff","LKaemmerling","arbazkhan002","chronidev","debfx","tsavery-DD","kdelee","barbourkd","arsenicks","jimrollenhagen","nqb","snowjet","westphahl","japokorn","jistr","papibe","jadijadi","swickera","fessmage","bbaassssiiee","msgarbossa","albertca","chuckersjp","geraint-jones-nz","adirizka7","onigra","hvtuananh","nicosingh","tatref","rafaeldriutti","mente","Dutchy-","fboux0","Bramzor","rabin-io","arielb2","RMuskovets","cwilkers","moreati","anis016","timorunge","farhan7500","Andy-ch","ari-stark","ezmac","LukeDRussell","championshuttler","JAORMX","mariolenz","sgerhart","theJohnnyBrown","GPKyte","rwagnergit","jmahler","awcrosby","daurrutia","saranyasridharan","naphta","banthaherder","chrisvanheuveln","Hoshiyo","terusus","vutkin","db0","rockandska","qw34ty","UncertaintyP","vespian","jbarotin","AnderEnder","gyorgypeter","swegener","vfauth","ogni90","5nafu","modular-magician","getjack","1kaw","rdtechie","madonius","jadkik","dlerch-tpgroup"],"2019-03":["masaki-furuta","pyfontan","Jonasee","chamini2","sergey-trukhin","mz-pdm","rcanderson23","fanf2","galanoff","das7pad","raymondroelands","fbecker","yajo","frittentheke","b-abadie","HerontheCLI","mmartinv","sebasmannem","lichensky","sebwoj","tomcooperca","vmwjoseph","zhongjun2","Glandos","wbagdon","tcraxs","alucas","jiuka","caiohsramos","vlad-ro","bhansalij21","UnknownGnome","bblanham","bhavikbhavsar","hexdump0x0200","blandrew","johnwesley","BitPan","vatsalparekh","BobBoldin","dieswaytoofast","netzvieh","CodeAbyss","techknowlogick","OneBlue","ujwalkomarla","IMMORTALxJO","bencart","jwitko","cschmitt-hcloud","GBrawl","psharkey","stevenscg","KeiichiHirobe","mhunsber","titussanchez","chrisgavin","zedr","dthvt","sky-joker","dgadmin","panticz","krisvasudevan","thefaftek","catcombo","apple4ever","albinpopote","sluther","antonroman","matthieumota","nccurry","heathdbrown","MonsieurBon","barorion","gabriel376","7aitsev","PatTheSilent","synical","mtward","DerrickTJ","morph027","ilyaresh","erav","smaslennikov","s-konijn","mz0","arnaudmorin"],"2019-04":["lumean","adamgoossens","cperrin88","falcon78921","bradh352","Twenix83","MyronFanQiu","tnisan","stzilli","alohr51","spellis","stroebitzer","skyscooby","ximon18","Dmitriusan","brtknr","belzebub40k","HilcoP","williammcbroom","xuxiaowei0512","zengchen1024","davidhollenberger","marouim","junjihashimoto","nathandines","Moeser","sbonds","teamosceola","twbowman","nalsaber","aaronpederson","aperrin66","karolistamutis","shaikhfaisal","rosowiecki","charlrvd","ppuschmann","bhandeland","Gerrit91","ruimoreira","Tyler-2","kongslund","atodorov","119Vik","krisamundson","Matthias-Beck","desimaniac","bmalynovytch","zingyb","wybczu","jagadeeshnv","chkpnt","clcollins","hiyokotaisa","Kickimanjaro","raubvogel","Alex-Richman","testep02","ubruns","FedericoOlivieri","cupen","michelleperz","jpmahowald","cnsnyder","vexata","ChristianAlexander"],"2019-05":["Ninroot","kobihk","sethhochberg","netsiphon","fernandezcuesta","akshay1610","huntertj","vicmunoz","jonpugh","thomasboussekey","kylix3511","sc68cal","tyleha","Deathice","paddynewman","mdavis-xyz","isaac88","kluball","kevinbackhouse","mhoroschun","puzan","chashtag","RobbieAB","akamch","SirFerdek","ttencate","spidermila","RobW3LGA","Zeophlite","cbuquet","tknipper11","jimwitte","m3adow","MrKich","CastawayEGR","issei-m","ashleyconnor","madblkman","iinuwa","StingRayZA","Rahul-CSI","tayebBenAchour","pgbidkar","snagoor","dmp1ce","szymon3","s-hamann","mirumu","Cuttlerat","ciliusmp","renxulei","RenderQwerty","ShachafGoldstein","rohitthakur2590","solidblu","jonbws","AravindBalajiS","ankur-gupta-guavus","davidmhewitt","monkz","wjohnston888","jscaltreto","tank-bohr","mttocs","pabelanger","pratikgadiya12"],"2019-06":["asnkh","brettmilford","oscherler","piotr-gbyliczek","arenard","manderson-it","endurancetest20380119","dodge245","LucasBoisserie","dtantsur","smile37773","mifrost","jfrabaute","jcastilloixl","mirfire","bibigon812","sshnaidm","tmmruk","vjt","Sajna-Shetty","vlcty","mrtwnklr","ndokos","hwDCN","paulgear","starkers","kvprasoon","zoredache","ileler","chclaus","jarekgajewski","akamensky","infraweavers","ndclt","chkp-orso","jelly","ECRR","Taoquitok","RNHTTR","yvlasenko","CameronNemo","JunyiYi","ggeorgg","jdennis","veryeasily","bobdoah","mgarrett33","schowave","rmkraus","ericpulvino","asouini","bbbco","kfattig","jjeganathan","szabgab","luckylittle","TobleMiner","Skybound1"],"2019-07":["alvarolmedo","mletterle","mdierolf","nick6655","nmeuret","mj84","yanzhangi","AlexImray","petemounce","kylesferrazza","macetw","oxygenxo","sometimesfood","Yannis100","Sunilrajj","max-cz","dpoon","priteau","boutetnico","GarretSchumann","tommybrecher","n3pjk","6cUbi57z","phsmith","benizi","jordemort","navidnabavi","jvanderaa","itaimalek","jirihnidek","kedark3","markuman","enarciso","tperamun","avishayil","dwyerk","ctrlaltdel","nagonzalez","tylarb","sblack4","chazzly","egalegal123","thedoubl3j","lijok","sushma-alethea","anshulbehl","jsutton","dieterdm","basos9","bcavns01","aljazkosir","glyngholm","46gorilla","histamineblkr","layderv","d-little","dx0xm","alongchamps","zeten30","tpo","maletin","gitshrikant","rmahique","jos-b","vzabawski","knagamin","mback2k","mmlb","hatemosphere","sandeepavi","rosmo"],"2019-08":["greyltc","nznobody","Hugh----","jasonjuenger","chkp-amiads","itercheng","anas-shami","robertchung","dustinmiller1337","adharshsrivatsr","AaronRobinson","OttoWinter","jeevers","sig9org","aciguru","rfbonett","StanEgo","joshedmonds","decaz","monobaila","Shaid3r","noonedeadpunk","fadallar","radag87","mches","ddevalco","craigforr","mit0223","kurtdavis","haggl","p3lim","thetriforce","Ruben-Bosch","mulatinho","ajaeger","leroyguillaume","helterskelter01","rfrench42","kapsh","nkatarmal-crest","FozzY1234","sph0lt0n","silverwizard","mr-deamon","stuartpittaway","rpluem-vf","ryancbutler","inhumantsar","frankshen01","yselkowitz","ctrufan","jaywcarman","Drewster727","fortinetps","sergioirium","hemberger","accetturi","pguermo","patocl","invsblduck","benjdudas","m0","toabctl"],"2019-09":["liquidat","richardsonky","depereo","axc450","gabops","jan-zmeskal","ssato","lcts","pixiake","felyl-github","kalekseev","createchange","JKDingwall","kr3ator","minievg","PascalVA","rob8714","xorel","n1ngu","tahir-gvs","satunnainen","arvindshmicrosoft","liff","mika","ETNyx","jfleach","js-max","mtulio","carbolymer","sagarafr","pescobar","BillDinger","ezombie","0xSheepdog","gen2kes","akcozine","cristidas","leManu","cidrblock","liviozanol","dgalpaj","medmedchiheb","sestrella","nicholasamorim","MajeedMirza","zerok","kucharskim","tdekeyser","jotai73","travisnburton","florianpaulhoberg","joshinryz","davidlee-ap","schewara","JonnyG365"],"2019-10":["philippkahr","willtome","jacobsnapp","rulai-jianfang","tinproject","jobingeo","kamleshdudani","atombrella","GomathiselviS","usrbinkat","waffie1","akors","rarawls","pouyana","servisan","m3gat0nn4ge","eliahrebstock","nnstt1","cossss","jlreiter","Amrita42","bontreger","dbrgn","thaim","devarshishah3","cgruelle","herpus-derpus","m-czernek","KevP","garwil","niklasbeinghaus","JayalakshmiV","pando85","z3dm4n","cbudz","decayofmind","meerkampdvv","0xack13","contemno","james-powis","panyy3","RubenDZ","blackstar257","phongle1205","viananth","blcksrx","Maastiff","virtualroot","nre-ableton","daobrien","nikita-b","sk1u","tomkins","ocarli","houtd","memotype","StykMartin","emschu","nurfet-becirevic","parmsib","aliaksandr-dounar-epam","mschweyen","AndrewCi","ChristopherGAndrews","dev-zero"],"2019-11":["Andor","netmonk","bmillemathias-1a","frostyslav","FreedomBen","markchalloner","mrdrogdrog","medmrgh","anusha94","demizer","csmart","verasativa","Cohedrin","tpounds","illikainen","nmandy-git","Sikian","nkshrishail","matt-telstra","tchia04","sblondon","philseeley","gaoruifeng","majerus1223","Katsuyu","jasonpepper","nbendafi-yseop","Aisbergg","coreaut","guruevi","kryptonite303","kakurpiel","Hyde46","Grisu118","davedow15","alexey-dushechkin","urrameu","P-Hessler","riccardomurri","srivignessh","nillvitor","rooftopcellist","JeferCatarina","coryasilva","mjlshen","Bjoern2","rene1977","gvsheva","chris-kiick-sp","dgwynne","haiyuazhang","geoffreyblake","dlitster","Lusitaniae","aschult5","ScottBrenner","ahardin-rh","pierreprinetti","poblahblahblah","nliechti","mwl","Lin-Buo-Ren","mmallet-digipok","mossroy","kamathe","t-reppert","rohit-smpx","artazar","karthikeyan-dhandapani","stevenamelinckx","rchikatw","johnbui423","faridda","ngp-star","koba-e964","chillancezen","caleb15","Thulium-Drake","anupamaloke"],"2019-12":["timgates42","joej164","Turgon37","rnsc","DaazKu","kunkku","yiskylee","seanw122","RusoSova","internetionals","emriver","jalbersdorfer","evitalis","ZappedC64","branic","lotaris-xx","joshland","xsleonard","adam-nowotny","abhaykadam","arin-c","olanystrom","borborpa","pypypyo14","L3n41c","Zhiwei-Dai","dano0b","sabre1041","raleonardo","fidencio","dr4Ke","bidord","jjh74","Sara-Touqan","bkmeneguello","tpraxl","RSHBSXN","WillBrock","sjha4","swagner-de","roberbri","palvarez89","Brajen259","ivog74","Tristan-Sweeney-CambridgeConsultants","srbharadwaj","juergenhoetzel","choeffer"],"2020-01":["relrod","reduzent","xpvpc","rule88","jruariveiro","GurTelem","kohtala","lassik","izgeri","thucke","tirkarthi","xiaopeng163","satken2","giner","HERBOD7","fraff","heyleke","Ikuyadeu","dexpl","behemphi","xmikus01","ad1rie1","digifuchsi","C0rn3j","Toniob","mpechner","dukex","stawii","slawekzachcial","harrydevine","qoreQyaS","nnabb","orescek","dovry","loganmzz","JosephHobbs","wasosa","Maunty","aldobongio","oceyral","rockaut","ric-man","mrk-its","winem","mollux","kaorihinata"],"2020-02":["bjolo","timothymctim","exploide","tadeboro","AHIL-KANNA-WORK","emickiewicz","utoddl","tavery321","mheap","ksagle77","solvaholic","acamilleri","jsalonso","tnias","ephemeric","vitaly-shestovskiy","narimantos","TheLastProject","nop33","lbenezriravin","CWollinger","nightowlengineer","nemethloci","maxbube","rrotaru","derkoe","ihard","NonCreature0714","tottoto","graemedavidson","r0ckpine","kpfleming","ruheenaansari34","unixsysadmin","as-hbk","ilijamt","justinhaef","GeoffPurdy","misacek007","WilliamVannuffelen","adq","Na-Ne","jscheible","mikijov","oullah","koenw","joostdecock","SebastianThorn","mmoyle","href","c0dyhi11","zalox","connorads","dnmvisser","AirCombat","deepgorthi","sriviswajith","nlopez","sternze","gbour","lukasbestle","oliver-ideahq","roxyland","fjcapdevila","NewpTone","rpthms","derekwinters","sahsu","tbrisker","christiangonre","portos060474","alexhumphreys","eightnoneone","3point2","bitchkat","petoju","shuuji3","pstauffer","fawaf","iridian-ks","adambriand","sputnik13","croesnick","timmjd","dinuxlt"],"2020-03":["pontus","TSFoster","dirkvbok","richardstrnad"],"2020-04":["yan12125","nzarin","pallxk","evalero","jwcroppe","wangzw","ChrisAHolland","karelyatin"],"2020-05":["helder-garcia","zytek","Rowayda-Khayri","buehmann","riyad","richardlau","dougthor42","cnotin","marcolussetti","kfogel","Rylan12","tedpearson","rchincholkar","sadv1r","biradarganesh25","kevingentile","oxr463","bwoebi","Serienmorder","NickBusey"],"2020-06":["zhan9san","lotheac","zehome","mwhahaha","nickgryg","the-antz","pbrezina","dongsupark","danowar2k","WestleyArgentum","ibuler","FalconerTC","lospatchos","aveach","ziplokk1","ledyba-z","usatosi","sayee-jadhav","ryaner"],"2020-07":["regendo","ekaulberg","juju4","edrozenberg","mahadelmi","btravouillon","aschleifer","goetzk","jafiala","Fixmetal","Smithe2413","briankohles","aminvakil","EmilienM","DenBeke","mobusdorphin","philipsd6","jabdr","ppwaskie","fosslinux","michaelritsema","peanutduck","gorshunovr"],"2020-08":["jgroom33","NoSuchCommand","liviuchircu","pxeger","kshitijcode","GhostViz","lcastelli","terciero","marthydavid","tats-u","toopy","RealOrangeOne","avinash-ak","Matt-Deacalion","perlun","rovshango","HurSungYun","bjosullivan","Sacrome","thebsdbox","sklirg","madeddie"],"2020-09":["bernharddick","guillaumevincent","zoispag","shufengh","cloos","shounak1","brnl","Badhreesh","fatpat","altmas5","esmersmith","evaristor","carlosmmatos","Justobioma"],"2020-10":["evandam","JensHeinrich","heiderich","justinotherguy","dberg1","hobnob11","him2him2","natoscott","lpmi-13","prosillo","ankitsagar","hablutzel1","DarrenHSKG"],"2020-11":["xmarlem","gfyoung","Flast","seanblundy","ashwini-mhatre","SimonHeimberg","MSDehghan","gdiamond","egmar","paultaiton","yadneshk","pablomartinez","lmalivert","russoz","samy-mahmoudi"],"2020-12":["log-e","p3ck","lukebtaylor","mzima","ziaurrehman72","pva","ShwetaliBerad","virtualguy","matletix","azrdev","meons","tkhkokd","devon-mar"],"2021-01":["eqrx","oldium","richm","luto","mkenigs","pragmatiker","jpmat296","lparkes","ajalab","jbayfield","KB-perByte","BlueIcarus","bsolomon1124","js94x","sbraz"],"2021-02":["shaderecker","jsquyres","pushkarkumar15","sey","guisea","jakegatsby","manas-init","evilensky","msh111","laznp","syedahaider97","vikekh","wlcosta"],"2021-03":["xabinapal","lbt","bylerbk","Ompragash","muzikovam","aslafy-z","jimbo8098","saruter","ylmrx","mamercad","leandroscardua","eltociear","sommersoft"],"2021-04":["lidimayra","elara-leitstellentechnik","ernst-s","jakelevinez","Hublerho","ml-","ccamacho","dhx-mike-palandra","alinabuzachis","fernandoacorreia","guillermomolina","mattcen","logistic-bot","jamesmarshall24","schurzi","Urth","hs0210","yuri1969","antonc42","sry9681","abikouo","daeseokyoun","maximmasiutin","kindlehl"],"2021-05":["DanielChabrowski","vrubiolo","Ecno92","ChanderG","m0nt3cr1st0","bdouxx","hroncok","rkm","rukman7","nazunalika","kellyjonbrazil","drTr0jan","alexhaydock","geliwei","shane-axiom"],"2021-06":["junegunn","dacrystal","grilix","xr09","DirkSchaefer","bluikko","jhe2","twalsh-uod","ziegenberg","eoli3n","psmet-dev","ChandlerSwift","hinchliff","voodoologic","j-mracek","pefmeister"],"2021-07":["spurin","chadell"],"2021-08":["HeroCC","GregSutcliffe","rrauenza"],"2021-09":["maulikd","j-i-l","lilatomic","chambridge","MaxBrady","zorun","kimbernator","hyperreality","ariordan-redhat","zaskan","l3ender"],"2021-10":["RamblingPSTech","sankur-codes","sgaist","suchko"],"2021-11":["staelche","nkoechling","mjpieters","dsavineau","RichieB2B"],"2021-12":["dkolepp","jraby","mbanas","simonai1254","edhilgendorf","jameslivulpi","joneuhauser","philfry","OrBin","clementmartin","ptrNine","b-enoit-be"],"2022-01":["zollo","neikei","amirm-hrl","unnecessary-username","abhinavtripathy","StopMotionCuber","azmeuk","phemmer","darran-c","uupascal","gongnan","julianschacher","jkahrs","rgoncalvesse","jaromaz","slawr","ealmonte32"],"2022-02":["docdawning","ChunPanYung","gcagle3","prestoncarman","fbourqui","IronTooch","lifeofguenter","xxorde","tseeker","chrisallison","vbotka","zasca"],"2022-03":["dreua","ChanthMiao","pierreblanc","cpark50","cadamini","tmacchioni","saeedhosseini21","ee-github","rwhector","Kikiodazie"],"2022-04":["h4rr21","ugwutotheeshoes","deosrc","htol","corubba","kasiagauza","fchyla","tmichett","Iheanacho-ai","akorn"],"2022-05":["rawtaz","rmuir","OscarBell","schmidtd","julien-lecomte","DesmondSanctity","Dule-martins","TheBigBear","hunleyd"],"2022-06":["etcet","LRitzdorf","iLewisBrogan","optica-phoffmann","emanuelebarbato","mlevens-hw","Bennykillua","jatorcasso","oraNod","jefvantongerloo","Flecha21","paulreece","jlownie"],"2022-07":["tjanson","thedoc31","luphieanza","yankay","maheshbr"],"2022-08":["jw-maynard","akamanzi","Alex-Izquierdo","Remi-Mergen","NitrogenPointBlue","gmdmi","mdonoughe","nikaro","geoffreyvanwyk","jdkelley"],"2022-09":["martialblog","anweshadas","JaroslavKlech","gryu7","sbettid","Artur-at-work","AxelGard","shivamdurgbuns","jmcguir","zeitounator","cloudguruab","vanou","wnjuguna","jasperjonker","oskarahner","Ronqn"],"2022-10":["dshubhadeep","mtoivo","Blaster4385","ishan-siddiqui","prasadpatil49","Deepshaded","Goodiec","IMvision12","Aysha-py","muditchoudhary","ombre8","mazen-r","NiranjanMeghwal","jmakhack","bartdorlandt","ozanuslan","Abelarm","prayatharth","trolzen","Kampftoast","kdnakt","tasoint","smeet07","doczkal","sudiptog81","12-malak","Suven-p","Shellylo","XoMute"],"2022-11":["mandel","WaleedMortaja","darshanip","rlenferink","inifares23lab","fauust","hswong3i","rabi","Tompage1994","seachanged","gotmax23","saranti"],"2022-12":["rdhyee","leegarrett","tpoindessous","notpeter","CasualSuperman"],"2023-01":["ginigangadharan","991jo","tuxpreacher","kristianheljas","KristopherKram","multi-io","CarstenGrohmann","evangelionlion","runejuhl","Encephala","Hofer-Julian"],"2023-02":["Gijikiki","kgawda","msagi","Player256","mateusrangel","wireboot","anzoman","raphaelm","aasthavar"],"2023-03":["sumanth-lingappa","EstherChristopher","Keeper-of-the-Keys","4ch1m","0kyn","harmdhast","deining","tu1h","zpeschke"]}