{"2015-01":[["gmail.com","9"],["google.com","4"],["gdi2290.com","3"],["hevery.com","3"],["amadeus.com","2"],["suumit.com","1"]],"2015-02":[["gmail.com","8"],["google.com","5"],["suumit.com","4"],["gdi2290.com","4"],["amadeus.com","3"],["yahoo.com","2"],["chirayuk.com","1"],["engawa.de","1"],["yearofmoo.com","1"],["hevery.com","1"],["bacondarwin.com","1"],["googlemail.com","1"]],"2015-03":[["gmail.com","26"],["google.com","7"],["suumit.com","1"],["lai.so","1"],["firebase.com","1"],["bacondarwin.com","1"],["wix.com","1"],["probst.io","1"]],"2015-04":[["gmail.com","24"],["google.com","14"],["outlook.com","3"],["engawa.de","1"],["probst.io","1"],["users.noreply.github.com","1"],["gdi2290.com","1"],["hevery.com","1"],["bskyb.com","1"],["angularjs.org","1"],["amadeus.com","1"]],"2015-05":[["gmail.com","13"],["google.com","12"],["gdi2290.com","4"],["users.noreply.github.com","3"],["suumit.com","1"],["chirayuk.com","1"],["brandeis.edu","1"],["m-goderbauer.de","1"],["probst.io","1"],["umich.edu","1"],["alxandria.net","1"],["ivogabe.nl","1"],["hevery.com","1"],["bacondarwin.com","1"],["angularjs.org","1"],["amadeus.com","1"]],"2015-06":[["gmail.com","15"],["google.com","7"],["probst.io","3"],["gdi2290.com","2"],["hevery.com","2"],["suumit.com","1"],["tsander-macbookpro.roam.corp.google.com","1"],["brandeis.edu","1"],["yearofmoo.com","1"],["umich.edu","1"],["sebastian-mueller.net","1"],["bacondarwin.com","1"],["angularjs.org","1"],["googlemail.com","1"],["amadeus.com","1"]],"2015-07":[["gmail.com","15"],["google.com","13"],["bacondarwin.com","4"],["hevery.com","2"],["suumit.com","1"],["yearofmoo.com","1"],["probst.io","1"],["umich.edu","1"],["users.noreply.github.com","1"],["alxandria.net","1"],["gdi2290.com","1"],["zzo.com","1"],["ericcarraway.com","1"],["ninja-squad.com","1"],["mindginative.com","1"],["angularjs.org","1"]],"2015-08":[["gmail.com","19"],["suumit.com","6"],["hevery.com","5"],["umich.edu","4"],["google.com","3"],["mailharrison.com","1"],["probst.io","1"],["gdi2290.com","1"],["wix.com","1"],["mindginative.com","1"],["angularjs.org","1"]],"2015-09":[["gmail.com","38"],["google.com","8"],["umich.edu","8"],["hevery.com","6"],["suumit.com","5"],["bacondarwin.com","3"],["amadeus.com","3"],["angularjs.org","1"]],"2015-10":[["gmail.com","62"],["google.com","6"],["angularjs.org","3"],["umich.edu","2"],["suumit.com","1"],["hevery.com","1"],["qq.com","1"],["wix.com","1"],["amadeus.com","1"]],"2015-11":[["gmail.com","22"],["google.com","6"],["angularjs.org","2"],["yearofmoo.com","1"],["umich.edu","1"],["users.noreply.github.com","1"],["alxandria.net","1"],["live.cl","1"],["hevery.com","1"],["post.harvard.edu","1"],["qq.com","1"],["bacondarwin.com","1"],["googlemail.com","1"],["amadeus.com","1"]],"2015-12":[["gmail.com","28"],["google.com","14"],["angularjs.org","4"],["users.noreply.github.com","2"],["gdi2290.com","2"],["bacondarwin.com","2"],["ninja-squad.com","2"],["googlemail.com","2"],["suumit.com","1"],["umich.edu","1"],["michaelmrowetz.com","1"],["alxandria.net","1"],["outlook.com","1"],["post.harvard.edu","1"],["antonmoiseev.com","1"],["teropa.info","1"]],"2016-01":[["gmail.com","15"],["google.com","6"],["users.noreply.github.com","3"],["angularjs.org","2"],["amadeus.com","2"],["suumit.com","1"],["salsa4fun.co.il","1"]],"2016-02":[["gmail.com","24"],["google.com","17"],["bacondarwin.com","10"],["users.noreply.github.com","3"],["gmx.de","2"],["yearofmoo.com","1"],["gdi2290.com","1"],["hevery.com","1"],["angularjs.org","1"]],"2016-03":[["gmail.com","15"],["google.com","7"],["users.noreply.github.com","5"],["bacondarwin.com","3"],["hevery.com","3"],["angularjs.org","2"],["yearofmoo.com","1"],["amadeus.com","1"]],"2016-04":[["gmail.com","20"],["google.com","13"],["users.noreply.github.com","7"],["alxandria.net","7"],["angularjs.org","3"],["hevery.com","2"],["probst.io","1"],["umich.edu","1"],["hansl.ca","1"],["archlinux.org","1"],["castillo.io","1"],["googlemail.com","1"]],"2016-05":[["gmail.com","45"],["users.noreply.github.com","10"],["google.com","4"],["hevery.com","3"],["","2"],["castillo.io","2"],["gdi2290.com","2"],["uangel.com","1"],["amadeus.com","1"],["ninja-squad.com","1"],["hotmail.de","1"],["live.com","1"],["yearofmoo.com","1"],["outlook.com","1"],["chef.io","1"],["antonmoiseev.com","1"],["bacondarwin.com","1"],["julianmotz.com","1"],["googlemail.com","1"],["ebay.com","1"],["the-echoplex.net","1"],["kurt.pe.kr","1"],["raacke.info","1"],["myport.ac.uk","1"],["yahoo.fr","1"],["velociter.fr","1"],["jayphelps.com","1"],["hannahhoward.net","1"],["hotmail.com","1"],["probst.io","1"],["stanford.edu","1"],["japache.ca","1"],["zoho.com","1"],["ucsc.edu","1"],["suumit.com","1"],["angularjs.org","1"],["illinois.edu","1"],["teropa.info","1"],["sasidhar.com","1"]],"2016-06":[["gmail.com","39"],["google.com","7"],["suumit.com","4"],["users.noreply.github.com","3"],["hannahhoward.net","1"],["hevery.com","1"],["wassimchegham.com","1"],["live.com","1"],["angularjs.org","1"],["googlemail.com","1"],["haw-hamburg.de","1"]],"2016-07":[["gmail.com","26"],["suumit.com","5"],["google.com","2"],["yearofmoo.com","1"],["probst.io","1"],["thoughtworks.com","1"],["users.noreply.github.com","1"],["hansl.ca","1"],["amadeus.com","1"]],"2016-08":[["gmail.com","27"],["google.com","6"],["suumit.com","3"],["users.noreply.github.com","3"],["alxandria.net","3"],["post.harvard.edu","3"],["angularjs.org","3"],["hevery.com","2"],["hansl.ca","1"],["jros.org","1"],["amadeus.com","1"]],"2016-09":[["suumit.com","17"],["gmail.com","16"],["post.harvard.edu","3"],["users.noreply.github.com","3"],["google.com","1"],["yearofmoo.com","1"]],"2016-10":[["gmail.com","30"],["suumit.com","10"],["post.harvard.edu","6"],["google.com","2"],["angularjs.org","1"],["bacondarwin.com","1"]],"2016-11":[["gmail.com","24"],["epam.com","6"],["alxandria.net","3"],["agilix.com","2"],["suumit.com","1"],["danielcrisp.com","1"],["google.com","1"],["hotmail.com","1"],["hevery.com","1"],["bacondarwin.com","1"],["elol.fr","1"]],"2016-12":[["google.com","9"],["gmail.com","9"],["epam.com","9"],["bacondarwin.com","4"],["alxandria.net","3"],["suumit.com","2"],["yearofmoo.com","2"],["users.noreply.github.com","1"],["hevery.com","1"],["e-hein.de","1"],["hansl.ca","1"],["codetree.com.au","1"],["amadeus.com","1"]],"2017-01":[["epam.com","10"],["gmail.com","9"],["users.noreply.github.com","7"],["suumit.com","6"],["hevery.com","6"],["bacondarwin.com","6"],["google.com","4"],["yearofmoo.com","4"],["alxandria.net","1"]],"2017-02":[["gmail.com","9"],["users.noreply.github.com","4"],["engawa.de","3"],["google.com","3"],["hevery.com","3"],["epam.com","3"],["suumit.com","2"],["alxandria.net","2"],["bacondarwin.com","2"],["angularjs.org","2"],["yearofmoo.com","1"],["hotmail.com","1"],["ymail.com","1"],["amadeus.com","1"]],"2017-03":[["gmail.com","24"],["hevery.com","5"],["google.com","4"],["alxandria.net","4"],["suumit.com","2"],["bacondarwin.com","2"],["yearofmoo.com","1"],["probst.io","1"],["users.noreply.github.com","1"],["freightchick.com","1"]],"2017-04":[["gmail.com","28"],["bacondarwin.com","3"],["suumit.com","2"],["hotmail.com","2"],["google.com","1"],["hevery.com","1"],["post.harvard.edu","1"],["spektrakel.de","1"],["amadeus.com","1"]],"2017-05":[["gmail.com","16"],["users.noreply.github.com","8"],["bacondarwin.com","5"],["google.com","4"],["suumit.com","2"],["hotmail.com","2"],["yearofmoo.com","1"],["spektrakel.de","1"],["angularjs.org","1"]],"2017-06":[["gmail.com","43"],["hotmail.com","4"],["bacondarwin.com","3"],["google.com","2"],["suumit.com","1"],["hevery.com","1"],["yearofmoo.com","1"]],"2017-07":[["gmail.com","41"],["bacondarwin.com","10"],["google.com","6"],["users.noreply.github.com","5"],["ninja-squad.com","2"],["suumit.com","1"],["yearofmoo.com","1"],["aaroncole.email","1"],["alxandria.net","1"],["cogniance.com","1"],["hevery.com","1"],["apuliasoft.com","1"],["metamagic.in","1"]],"2017-08":[["gmail.com","31"],["google.com","7"],["bacondarwin.com","5"],["hevery.com","2"],["suumit.com","1"],["alxandria.net","1"],["yearofmoo.com","1"]],"2017-09":[["gmail.com","19"],["google.com","8"],["blowsie.com","5"],["bacondarwin.com","4"],["hevery.com","2"],["suumit.com","1"],["yearofmoo.com","1"],["alxandria.net","1"],["hotmail.com","1"],["angularjs.org","1"],["amadeus.com","1"]],"2017-10":[["gmail.com","20"],["yearofmoo.com","4"],["bacondarwin.com","3"],["google.com","2"],["alxandria.net","1"],["hansl.ca","1"]],"2017-11":[["gmail.com","37"],["cyrilletuzi.com","7"],["angular.io","6"],["google.com","3"],["hotmail.com","3"],["yearofmoo.com","2"],["alxandria.net","2"],["hevery.com","2"],["mail.bw.edu","2"],["bacondarwin.com","2"],["suumit.com","1"],["protonmail.com","1"],["impact.dk","1"],["angularjs.org","1"]],"2017-12":[["gmail.com","23"],["google.com","6"],["hevery.com","3"],["suumit.com","1"],["yearofmoo.com","1"],["alxandria.net","1"],["hotmail.com","1"],["angular.io","1"],["wilgert.nl","1"],["nearsoft.com","1"],["live.com","1"],["amadeus.com","1"]],"2018-01":[["gmail.com","22"],["google.com","16"],["bacondarwin.com","3"],["amadeus.com","3"],["crazydwarves.org","2"],["hevery.com","2"],["suumit.com","1"],["yearofmoo.com","1"],["users.noreply.github.com","1"],["outlook.com","1"],["live.com","1"],["ardiangroup.com","1"]],"2018-02":[["gmail.com","32"],["haushoppe-its.de","8"],["google.com","5"],["bacondarwin.com","5"],["yearofmoo.com","3"],["alxandria.net","2"],["hotmail.com","2"],["hevery.com","2"],["qq.com","2"],["amadeus.com","2"],["suumit.com","1"],["probst.io","1"],["users.noreply.github.com","1"],["hansl.ca","1"],["socreate.it","1"]],"2018-03":[["gmail.com","14"],["google.com","9"],["bacondarwin.com","5"],["hevery.com","3"],["alxandria.net","2"],["suumit.com","1"],["yearofmoo.com","1"],["users.noreply.github.com","1"],["grubhub.com","1"],["vip.qq.com","1"],["hotmail.com","1"],["angular.io","1"],["inpeco.com","1"],["ya.ru","1"],["amadeus.com","1"]],"2018-04":[["gmail.com","19"],["google.com","7"],["angular.io","6"],["hevery.com","3"],["users.noreply.github.com","2"],["sura.com.co","2"],["suumit.com","1"],["protonmail.com","1"],["probst.io","1"],["nathanfriend.io","1"],["alxandria.net","1"],["bacondarwin.com","1"],["googlemail.com","1"],["yandex.ru","1"],["jbedard.ca","1"],["amadeus.com","1"],["noahmedling.com","1"]],"2018-05":[["gmail.com","48"],["google.com","10"],["msn.com","5"],["suumit.com","4"],["interstate21.com","1"],["hevery.com","1"],["angular.io","1"],["jongear.io","1"],["auth0.com","1"]],"2018-06":[["gmail.com","30"],["hevery.com","6"],["bacondarwin.com","4"],["alxandria.net","3"],["qq.com","2"],["suumit.com","1"],["google.com","1"],["ninja-squad.com","1"],["metamagic.in","1"],["benlesh.com","1"]],"2018-07":[["gmail.com","44"],["bacondarwin.com","8"],["alxandria.net","6"],["google.com","4"],["suumit.com","1"],["rumkin.com","1"],["blackwright.com","1"],["duggalmail.com","1"],["benlesh.com","1"]],"2018-08":[["gmail.com","54"],["suumit.com","9"],["google.com","9"],["hevery.com","4"],["users.noreply.github.com","2"],["scotiabank.com.pe","2"],["yearofmoo.com","1"],["daniel-ruf.de","1"],["hotmail.com","1"],["angular.io","1"],["erkiner.com","1"],["alyssanicoll.com","1"],["qq.com","1"],["jonasbandi.net","1"],["bacondarwin.com","1"],["vacuumlabs.com","1"],["kieran.co","1"]],"2018-09":[["gmail.com","27"],["google.com","7"],["bacondarwin.com","5"],["angular.io","2"],["users.noreply.github.com","1"],["hevery.com","1"],["qq.com","1"],["yahoo.com","1"],["jpdev.pro","1"]],"2018-10":[["gmail.com","26"],["bacondarwin.com","9"],["alxandria.net","5"],["angular.io","4"],["google.com","3"],["yearofmoo.com","2"],["users.noreply.github.com","2"],["hevery.com","2"],["live.com","2"],["amadeus.com","2"],["hotmail.com","1"],["ninja-squad.com","1"],["riseup.net","1"],["jbedard.ca","1"],["benlesh.com","1"]],"2018-11":[["gmail.com","37"],["bacondarwin.com","7"],["google.com","5"],["holisticon.de","4"],["jhuang.me","3"],["yearofmoo.com","2"],["hevery.com","2"],["angular.io","2"],["amadeus.com","2"],["users.noreply.github.com","1"],["benlesh.com","1"]],"2018-12":[["gmail.com","36"],["angular.io","6"],["google.com","5"],["yearofmoo.com","3"],["hevery.com","2"],["alxandria.net","1"],["ninja-squad.com","1"],["ordina.be","1"]],"2019-01":[["gmail.com","51"],["google.com","9"],["ninja-squad.com","8"],["amadeus.com","7"],["users.noreply.github.com","3"],["hevery.com","3"],["abv.bg","2"],["alxandria.net","2"],["bacondarwin.com","2"],["sarunint.com","1"],["courtneypattison.com","1"],["cyrilletuzi.com","1"],["sasidhar.com","1"],["luke.org.uk","1"]],"2019-02":[["gmail.com","57"],["google.com","4"],["bacondarwin.com","2"],["yiad.am","2"],["benlesh.com","2"],["alxandria.net","1"],["wassim.app","1"],["angular.io","1"]],"2019-03":[["gmail.com","75"],["bacondarwin.com","2"],["yearofmoo.com","2"],["alxandria.net","1"],["mazurok.com","1"],["benlesh.com","1"]],"2019-04":[["gmail.com","63"],["bacondarwin.com","3"],["benlesh.com","3"],["alxandria.net","2"],["abv.bg","1"],["google.com","1"],["ninja-squad.com","1"]],"2019-05":[["gmail.com","64"],["abv.bg","5"],["users.noreply.github.com","3"],["hotmail.com","2"],["angular.io","1"],["hevery.com","1"],["qq.com","1"],["zoho.com","1"],["bacondarwin.com","1"],["wsu.edu","1"],["ninja-squad.com","1"],["benlesh.com","1"]],"2019-06":[["gmail.com","49"],["bacondarwin.com","5"],["google.com","2"],["alxandria.net","1"]],"2019-07":[["gmail.com","53"],["bacondarwin.com","2"],["google.com","1"],["vacuumlabs.com","1"],["ninja-squad.com","1"],["hevery.com","1"]],"2019-08":[["gmail.com","51"],["google.com","2"],["users.noreply.github.com","2"],["yandex.ru","1"],["hevery.com","1"],["yahoo.fr","1"]],"2019-09":[["gmail.com","42"],["google.com","3"],["yearofmoo.com","3"],["abv.bg","2"],["bacondarwin.com","1"],["hevery.com","1"],["angular.io","1"],["ninja-squad.com","1"]],"2019-10":[["gmail.com","72"],["bacondarwin.com","4"],["alxandria.net","2"],["abv.bg","1"],["google.com","1"],["interstate21.com","1"],["malcher.media","1"],["outlook.com","1"],["gcueto.com","1"],["renovateapp.com","1"]],"2019-11":[["gmail.com","52"],["google.com","4"],["bacondarwin.com","4"],["abv.bg","3"],["angular.io","3"],["outlook.com","2"],["yearofmoo.com","1"],["probst.io","1"],["users.noreply.github.com","1"],["hotmail.com","1"],["hevery.com","1"],["renovateapp.com","1"]],"2019-12":[["gmail.com","30"],["bacondarwin.com","7"],["alxandria.net","2"],["hevery.com","2"],["abv.bg","1"],["google.com","1"],["outlook.com","1"],["users.noreply.github.com","1"]],"2020-01":[["gmail.com","43"],["hevery.com","5"],["angular.io","4"],["google.com","2"],["probst.io","1"],["users.noreply.github.com","1"],["zte.com.cn","1"],["alxandria.net","1"],["outlook.com","1"],["bacondarwin.com","1"]],"2020-02":[["gmail.com","39"],["hevery.com","5"],["google.com","4"],["alxandria.net","2"],["lyft.com","1"],["outlook.com","1"],["bacondarwin.com","1"],["yahoo.com","1"],["wiese.com.au","1"]],"2020-03":[["gmail.com","36"],["google.com","5"],["users.noreply.github.com","1"],["lyft.com","1"],["bacondarwin.com","1"],["hevery.com","1"],["live.ru","1"],["Johns-MacBook-Pro-16.local","1"]],"2020-04":[["gmail.com","43"],["google.com","2"],["alxandria.net","1"],["qq.com","1"],["bacondarwin.com","1"],["yearofmoo.com","1"]],"2020-05":[["gmail.com","30"],["google.com","4"],["users.noreply.github.com","4"],["bacondarwin.com","2"],["kikkert.nl","1"],["schnwalter.eu","1"],["hevery.com","1"],["angular.io","1"]],"2020-06":[["gmail.com","60"],["hevery.com","3"],["users.noreply.github.com","3"],["hotmail.com","1"],["bacondarwin.com","1"],["lucidchart.com","1"],["yearofmoo.com","1"]],"2020-07":[["gmail.com","61"],["google.com","4"],["alxandria.net","2"],["users.noreply.github.com","2"],["angular.io","1"],["hevery.com","1"]],"2020-08":[["gmail.com","45"],["users.noreply.github.com","4"],["google.com","2"],["hevery.com","2"],["inkin.ru","1"],["post.harvard.edu","1"]],"2020-09":[["gmail.com","50"],["google.com","7"],["bacondarwin.com","5"],["users.noreply.github.com","3"],["dirkluijk.nl","1"],["hevery.com","1"],["umich.edu","1"]],"2020-10":[["gmail.com","48"],["google.com","18"],["users.noreply.github.com","3"],["malcher.media","2"],["abv.bg","1"],["geekpoint.net","1"],["alxandria.net","1"],["hevery.com","1"],["angular.io","1"],["kingland.com","1"],["mail.utoronto.ca","1"],["bacondarwin.com","1"],["mobiuso.com","1"]],"2020-11":[["gmail.com","47"],["google.com","9"],["alxandria.net","3"],["users.noreply.github.com","3"],["bacondarwin.com","2"],["abv.bg","1"],["softgarden.de","1"],["hevery.com","1"]],"2020-12":[["gmail.com","35"],["google.com","4"],["alxandria.net","2"],["mlc.cz","2"],["yahoo.com","2"],["gmx.com","1"],["users.noreply.github.com","1"],["qq.com","1"],["ymail.com","1"],["bacondarwin.com","1"],["kaljarv.com","1"]],"2021-01":[["gmail.com","41"],["google.com","6"],["bacondarwin.com","5"],["privateaser.com","3"],["umich.edu","3"],["hevery.com","2"],["users.noreply.github.com","2"]],"2021-02":[["gmail.com","57"],["google.com","4"],["list.ru","2"],["users.noreply.github.com","2"],["msn.com","1"],["yearofmoo.com","1"],["microsoft.com","1"]],"2021-03":[["gmail.com","37"],["bacondarwin.com","6"],["google.com","4"],["abv.bg","2"],["alxandria.net","2"],["angular.io","2"],["microsoft.com","1"],["users.noreply.github.com","1"],["ninja-squad.com","1"]],"2021-04":[["gmail.com","59"],["mdbootstrap.com","3"],["alxandria.net","2"],["google.com","1"],["angular.io","1"]],"2021-05":[["gmail.com","45"],["google.com","7"],["bacondarwin.com","2"],["abv.bg","1"],["mail.utoronto.ca","1"]],"2021-06":[["gmail.com","54"],["mail.utoronto.ca","3"],["google.com","2"],["abv.bg","1"]],"2021-07":[["gmail.com","45"],["alxandria.net","1"],["users.noreply.github.com","1"]],"2021-08":[["gmail.com","27"],["users.noreply.github.com","5"],["pm.me","3"],["bacondarwin.com","2"],["meetter.io","1"]],"2021-09":[["gmail.com","38"],["google.com","10"],["optimaalbania.com","4"],["users.noreply.github.com","4"],["bacondarwin.com","3"]],"2021-10":[["gmail.com","27"],["bacondarwin.com","7"],["renovateapp.com","3"],["users.noreply.github.com","2"],["abv.bg","1"],["google.com","1"]],"2021-11":[["gmail.com","39"],["renovateapp.com","4"],["bacondarwin.com","2"],["alxandria.net","1"],["users.noreply.github.com","1"]],"2021-12":[["gmail.com","32"]],"2022-01":[["gmail.com","46"],["abv.bg","7"],["google.com","7"],["users.noreply.github.com","1"]],"2022-02":[["gmail.com","44"],["users.noreply.github.com","5"],["alxandria.net","1"],["qq.com","1"],["renovateapp.com","1"],["google.com","1"],["mail.utoronto.ca","1"]],"2022-03":[["gmail.com","39"],["users.noreply.github.com","3"],["alxandria.net","1"]],"2022-04":[["gmail.com","30"],["google.com","9"],["users.noreply.github.com","3"],["alxandria.net","2"],["aspect.dev","1"]],"2022-05":[["gmail.com","48"],["google.com","3"],["yahoo.com","1"],["aspect.dev","1"],["users.noreply.github.com","1"]],"2022-06":[["gmail.com","52"],["google.com","8"],["outlook.com","4"],["alxandria.net","2"],["users.noreply.github.com","2"],["abv.bg","1"],["aspect.dev","1"]],"2022-07":[["gmail.com","18"],["google.com","13"],["users.noreply.github.com","3"],["abv.bg","1"],["aspect.dev","1"],["ninja-squad.com","1"]],"2022-08":[["gmail.com","34"],["google.com","19"],["abv.bg","1"],["alxandria.net","1"],["aspect.dev","1"],["mham.sk","1"]],"2022-09":[["gmail.com","46"],["google.com","6"],["aspect.dev","3"],["users.noreply.github.com","3"],["abv.bg","1"],["yahoo.com","1"]],"2022-10":[["gmail.com","19"],["google.com","13"],["alxandria.net","9"],["users.noreply.github.com","3"],["jpdesigning.com","1"],["matthiasweiss.at","1"],["malcher.media","1"],["aspect.dev","1"],["decodedfrontend.io","1"]],"2022-11":[["gmail.com","20"],["google.com","19"],["aspect.dev","2"],["alxandria.net","1"],["ninja-squad.com","1"],["users.noreply.github.com","1"]],"2022-12":[["gmail.com","17"],["google.com","11"]],"2023-01":[["gmail.com","24"],["google.com","7"],["users.noreply.github.com","6"],["abv.bg","3"],["iress.com","1"],["cloudflare.com","1"]],"2023-02":[["gmail.com","25"],["google.com","8"],["abv.bg","3"],["alxandria.net","1"],["ninja-squad.com","1"],["users.noreply.github.com","1"]],"2023-03":[["gmail.com","16"],["google.com","12"],["hey.com","1"],["abv.bg","1"],["alxandria.net","1"],["hotmail.com","1"],["users.noreply.github.com","1"]]}