{"2015-01":["rkirov","yjbanov","tbosch","vsavkin","mhevery","vicb","gdi2290"],"2015-02":["pkozlowski-opensource","juliemr","alexeagle","kegluneq","jelbourn"],"2015-03":["mprobst","kevmoo","mlaval"],"2015-04":["jakemac53","divdavem","IgorMinar","scheglov"],"2015-05":["petebacondarwin","matanlurey","caitp","jeffbcross","alxhub","btford"],"2015-06":["hterkelsen","ttowncompiled"],"2015-07":["matsko","jteplitz602","sigmundch"],"2016-03":["kara","vikerman"],"2016-04":["robertmesserle"],"2016-05":["ajayambre","Tragetaschen","jvelo","lacolaco","laskoviymishka","kurthong","alexcastillo","joost-de-vries","nhydock","agpreynolds","jesusfreak3","skreborn","valorkin","julmot","jonmiles","jakegarelick","ivangabriele","teleaziz","damrbaby","basarat","robwormald","davidreher","xphong","zbjornson","todoubaba","dloukadakis","hannahhoward","ochafik","Ne4istb","wesleycho"],"2016-06":["ScottSWu","ulikoehler","StephenFluin","jasonchoimtt","gionkunz","Foxandxss","choeller","michaelchiche","eddhannay","tycho01","manekinekko","kukjevov","chuckjaz","TTTee","wkwiatek","opensrcken","ipinak","idirouhab","thelgevold","polybuildr"],"2016-07":["nickraphael","Codebacca","chalin","sjelin","Cody-Nicholson","gabejohnson","hansl","Brooooooklyn","ZombieHippie","fknop","joshgerdes","ca136","robisim74","cassand","JahBrewski","bary822"],"2016-08":["jthoms1","marcuskrahl","jdalton","trotyl","samherrmann","mucer","johnlindquist","sceendy","mjschranz","JayArby","heathkit","luka454","cnishina","kwalrath","devversion","brandonroberts"],"2016-09":["Polvista","albertosantini","connorwyatt","Fank","Flounn","naomiblack","zoechi","davyengone","Pouja","chrisse27","esagawe","amcdnl","alexbyk"],"2016-10":["graingert","benelliott","fmalcher","michaelgeorgeattard","urish","steve8708","DzmitryShylovich","pedrotst","cexbrayat","AlmogShaul","imagentleman","kseamon","gkalpak","JohnAnthony"],"2016-11":["alfaproject","gaohailang","bradyisom","dejour","danielcrisp","feloy","vinagreti","awerlang","CorvusCorrax","bamnet","styopdev"],"2016-12":["Belax8","jpvanhal","RyanCavanaugh","e-hein","aboveyou00","neilhem","domusofsail","marob","itamark","MidnightWonderer","ti1024","bowenni","gary-b","code-tree","belev","JoniJnm","filipesilva"],"2017-01":["wKoza","adamski52","ptrzyna","josenicomaia","nunoarruda","jolly-roger","BendingBender","maartentibau","matthewhegarty","jasonaden","tcoz","lightningtgc"],"2017-02":["Brocco","FrozenPandaz","wardbell"],"2017-03":["jsayol","epelc","diestrin","jnizet","adam77","sjtrimble","ocombe","mikeybyker","kuncevic","thomaspink","LucasSloan"],"2017-04":["andys8","adrienboulle","cmckni3","willshowell","kapunahelewong","ethanve","KimBurgess","swseverance","cameronbriar","panuruj","Progdom","natsid","santiph","SomeKittens"],"2017-05":["Adol1111","aaronhoffman","Jacksunwei","jasonhodges","dherges","hotforfeature","aravindfz","lozanol"],"2017-06":["tinayuangao","avdg","axu2","rspier","shefalisinha","olegdunkan","DanLipsitt","Mobiletainment","sumitknoldus","juleskremer","stevermeister","rafaelss95","vogloblinsky","ExplodingCabbage","nikselite","apetrosian","bmarkov","frederikprijck","jesselpalmer"],"2017-07":["nsanitate","devoto13","chumtoadafuq","AlexeyToksarov","Toxicable","daydr3am","futurizing","CrazyPython","vprasanth","cooperka","anmary","joejordanbrown","matt24ray","meDavid","ketan-gote","royling","ThaneshR","LayZeeDK","DuncanConroy","zarahzachz","adeora","OzzieOrca","oktav777","happycollision","jrevillas","sshev","HornyakBence","SamVerschueren","elgalu"],"2017-08":["junglebarry","poychang","ksvitkovsky","ooystein","JPeer264","asnowwolf","DanielKucal"],"2017-10":["webmaxru","karptonite","PowerKiKi"],"2017-11":["JiaLiPassion","dhyey35","Haroenv","bisubus","ezeikel","EvanCarroll"],"2017-12":["dmytroyarmak","josephperrott","voithos","chembu"],"2018-04":["camilogiraldo"],"2018-09":["AndrewKushnir"],"2018-10":["gregmagolan"],"2018-11":["kyliau"],"2019-03":["jbogarthyde"],"2019-10":["alan-agius4"],"2020-06":["crisbeto"],"2021-01":["atscott","jessicajaniuk"],"2021-04":["zarend"],"2021-08":["dylhunn"],"2021-09":["TeriGlover"],"2022-04":["kormide"],"2022-05":["khempenius"],"2022-07":["WORMSS"],"2023-03":["atcastle"]}