{"2015-04":[["gmail.com","1"]],"2015-05":[["gmail.com","1"],["alipay.com","1"]],"2015-06":[["gmail.com","9"],["alibaba-inc.com","3"]],"2015-07":[["gmail.com","20"],["alibaba-inc.com","3"],["alipay.com","1"]],"2015-08":[["gmail.com","14"],["cee.moe","1"],["buaa.edu.cn","1"],["alibaba-inc.com","1"],["163.com","1"],["xiaoba.me","1"],["users.noreply.github.com","1"]],"2015-09":[["gmail.com","11"],["alipay.com","1"]],"2015-10":[["gmail.com","19"],["alibaba-inc.com","2"],["qq.com","1"],["tangshuaijideMacBook-Pro.local","1"],["alipay.com","1"]],"2015-11":[["gmail.com","14"],["alibaba-inc.com","4"],["uloveit.com.cn","2"],["alipay.com","1"]],"2015-12":[["gmail.com","14"],["alibaba-inc.com","3"]],"2016-01":[["gmail.com","15"],["alipay.com","1"]],"2016-02":[["gmail.com","7"],["qq.com","1"],["outlook.com","1"]],"2016-03":[["gmail.com","19"],["alipay.com","1"]],"2016-04":[["gmail.com","17"],["qq.com","2"],["uloveit.com.cn","1"],["163.com","1"],["alipay.com","1"],["outlook.com","1"],["didichuxing.com","1"],["silentcloudMBP.local","1"]],"2016-05":[["gmail.com","19"],["","1"],["alibaba-inc.com","1"],["163.com","1"],["alipay.com","1"]],"2016-06":[["gmail.com","18"],["alipay.com","3"],["126.com","1"],["ejoy.com","1"],["users.noreply.github.com","1"]],"2016-07":[["gmail.com","23"],["alibaba-inc.com","1"],["163.com","1"]],"2016-08":[["gmail.com","22"],["126.com","1"]],"2016-09":[["gmail.com","23"],["users.noreply.github.com","3"],["qq.com","1"],["mug.dog","1"],["alipay.com","1"]],"2016-10":[["gmail.com","18"],["outlook.com","2"],["users.noreply.github.com","2"],["yeah.net","1"],["yeliex.com","1"],["qq.com","1"],["163.com","1"],["alipay.com","1"]],"2016-11":[["gmail.com","28"],["126.com","2"],["qburst.com","1"],["zack6849.com","1"],["doma.io","1"],["users.noreply.github.com","1"]],"2016-12":[["gmail.com","35"],["qq.com","1"],["kevinivan.com","1"],["bazoge.com","1"],["outlook.com","1"],["foxmail.com","1"]],"2017-01":[["gmail.com","29"],["users.noreply.github.com","2"],["icloud.com","1"],["me.com","1"],["126.com","1"],["bp.ogis-ri.co.jp","1"],["outlook.com","1"],["edd.fm","1"],["yahoo.com","1"],["vichnal.com","1"],["alipay.com","1"]],"2017-02":[["gmail.com","25"],["163.com","3"],["vip.qq.com","1"],["qq.com","1"],["alipay.com","1"],["kud.io","1"]],"2017-03":[["gmail.com","49"],["users.noreply.github.com","3"],["qq.com","1"],["alipay.com","1"],["outlook.com","1"]],"2017-04":[["gmail.com","32"],["users.noreply.github.com","2"],["qq.com","1"],["alibaba-inc.com","1"],["163.com","1"],["me.com","1"],["yaksok.net","1"]],"2017-05":[["gmail.com","29"],["163.com","2"],["hotmail.com","1"],["panjiesw.com","1"],["jch254.com","1"],["me.com","1"],["users.noreply.github.com","1"]],"2017-06":[["gmail.com","35"],["laidian360.com","1"],["qq.com","1"],["tepper.cmu.edu","1"],["yandex.ru","1"],["users.noreply.github.com","1"]],"2017-07":[["gmail.com","38"],["users.noreply.github.com","2"],["vip.qq.com","2"],["qq.com","2"],["alipay.com","2"],["ga.co","1"],["scriptbase.org","1"],["hotmail.com","1"],["sina.com","1"],["outlook.com","1"],["alibaba-inc.com","1"]],"2017-08":[["gmail.com","47"],["qq.com","5"],["users.noreply.github.com","2"],["alibaba-inc.com","1"],["alipay.com","1"],["foxmail.com","1"]],"2017-09":[["gmail.com","45"],["qq.com","2"],["tgs.blue","1"],["yandex.ru","1"]],"2017-10":[["gmail.com","26"],["163.com","4"],["qq.com","1"]],"2017-11":[["gmail.com","26"],["qq.com","1"],["alipay.com","1"],["paybase.io","1"],["br.de","1"],["users.noreply.github.com","1"]],"2017-12":[["gmail.com","36"],["qq.com","4"],["alibaba-inc.com","1"],["gatherhere.com","1"],["antfin.com","1"],["foxmail.com","1"]],"2018-01":[["gmail.com","40"],["qq.com","5"],["antfin.com","1"],["users.noreply.github.com","1"],["boco.com.cn","1"],["alibaba-inc.com","1"],["foxmail.com","1"],["youzan.com","1"],["mail.ru","1"],["163.com","1"],["alipay.com","1"]],"2018-02":[["gmail.com","31"],["zheeeng.me","1"],["me.com","1"],["journeyman.se","1"],["users.noreply.github.com","1"],["sina.com","1"],["qq.com","1"],["alibaba-inc.com","1"],["foxmail.com","1"],["ikravets.com","1"],["163.com","1"]],"2018-03":[["gmail.com","43"],["users.noreply.github.com","3"],["163.com","3"],["guifudeMacBook-Pro.local","1"],["yunuses.com","1"],["tugboatlogic.com","1"],["qwq.cat","1"],["ojab.ru","1"],["21cn.com","1"]],"2018-04":[["gmail.com","33"],["users.noreply.github.com","3"],["antfin.com","1"],["hotmail.com","1"],["gaus.co.uk","1"],["outlook.com","1"],["student.liu.se","1"],["qq.com","1"],["ojab.ru","1"],["orangeloops.com","1"],["live.com","1"],["163.com","1"]],"2018-05":[["gmail.com","51"],["trofimov.link","1"],["alibaba-inc.com","1"],["alipay.com","1"],["clst.org","1"]],"2018-06":[["gmail.com","37"],["hotmail.com","3"],["outlook.com","2"],["deftomat.com","1"],["me.com","1"],["antfin.com","1"],["users.noreply.github.com","1"],["qq.com","1"],["alibaba-inc.com","1"],["code42.com","1"]],"2018-07":[["gmail.com","50"],["adwyze.com","7"],["outlook.com","5"],["hotmail.com","4"],["qq.com","2"],["intoli.com","1"],["antfin.com","1"],["users.noreply.github.com","1"],["vip.qq.com","1"],["alibaba-inc.com","1"],["arabel.la","1"],["vsu.cc","1"],["foxmail.com","1"],["90seconds.tv","1"]],"2018-08":[["gmail.com","64"],["latinier.fr","1"],["sebastian-bus.ch","1"],["antfin.com","1"],["users.noreply.github.com","1"],["outlook.com","1"],["qq.com","1"],["antcosa.com","1"],["foxmail.com","1"],["shuvalov.info","1"]],"2018-09":[["gmail.com","42"],["qq.com","8"],["users.noreply.github.com","6"],["alibaba-inc.com","2"],["foxmail.com","2"],["alipay.com","2"],["antfin.com","1"],["loewe.pm","1"],["163.com","1"],["ummodesign.com","1"]],"2018-10":[["gmail.com","48"],["users.noreply.github.com","3"],["qq.com","2"],["ikravets.com","2"],["antfin.com","1"],["getaround.com","1"],["hotmail.com","1"],["QQ.com","1"],["unimi.it","1"],["outlook.com","1"],["sap.com","1"],["163.com","1"]],"2018-11":[["gmail.com","44"],["qq.com","1"],["163.com","1"],["outlook.com","1"],["users.noreply.github.com","1"]],"2018-12":[["gmail.com","67"],["qq.com","7"],["hotmail.com","2"],["manaowan.com","1"],["me.com","1"],["antfin.com","1"],["126.com","1"],["ndbroadbent.com","1"],["alibaba-inc.com","1"],["multiverso.me","1"],["foxmail.com","1"],["163.com","1"]],"2019-01":[["gmail.com","52"],["qq.com","6"],["outlook.com","3"],["163.com","3"],["hotmail.com","2"],["icloud.com","1"],["incorta.com","1"],["antfin.com","1"],["carleton.ca","1"],["foxmail.com","1"],["liqichang.com","1"],["axisj.com","1"]],"2019-02":[["gmail.com","45"],["users.noreply.github.com","2"],["126.com","2"],["qq.com","2"],["yahoo.co.id","1"],["antfin.com","1"],["hotmail.com","1"],["outlook.com","1"],["ashearer.com","1"],["minus.live","1"],["alibaba-inc.com","1"],["aliyun.com","1"],["imhele.com","1"],["qunhemail.com","1"]],"2019-03":[["gmail.com","65"],["users.noreply.github.com","3"],["outlook.com","3"],["163.com","3"],["qq.com","2"],["crudo.cz","1"],["activeviam.com","1"],["nroad.com.cn","1"],["antfin.com","1"],["accenture.com","1"],["live.jp","1"],["alibaba-inc.com","1"]],"2019-04":[["gmail.com","55"],["users.noreply.github.com","2"],["qq.com","2"],["hotmail.com","1"],["outlook.com","1"],["alibaba-inc.com","1"],["163.com","1"],["diamondyuan.com","1"],["alipay.com","1"],["bbncreative.co","1"]],"2019-05":[["gmail.com","43"],["qq.com","3"],["users.noreply.github.com","2"],["outlook.com","2"],["126.com","1"],["sina.com","1"],["mail.ru","1"],["163.com","1"],["alipay.com","1"]],"2019-06":[["gmail.com","43"],["qq.com","7"],["users.noreply.github.com","5"],["outlook.com","2"],["valuebound.com","1"],["alibaba-inc.com","1"],["stu.hosei.ac.jp","1"]],"2019-07":[["gmail.com","54"],["qq.com","6"],["outlook.com","5"],["airasia.com","1"],["naver.com","1"],["antfin.com","1"],["126.com","1"],["ulg.ac.be","1"],["163.com","1"],["alipay.com","1"]],"2019-08":[["gmail.com","63"],["users.noreply.github.com","4"],["alibaba-inc.com","4"],["163.com","2"],["antfin.com","1"],["126.com","1"],["qq.com","1"],["foxmail.com","1"],["abssqr.com","1"]],"2019-09":[["gmail.com","49"],["antfin.com","5"],["qq.com","4"],["hotmail.com","3"],["users.noreply.github.com","2"],["outlook.com","2"],["","1"],["smartstudy.co.kr","1"],["caicloud.io","1"],["bytedance.com","1"],["mail.ru","1"],["shopee.com","1"]],"2019-10":[["gmail.com","53"],["users.noreply.github.com","4"],["outlook.com","3"],["163.com","2"],["","1"],["alphaliongroup.com","1"],["126.com","1"],["hotmail.com","1"]],"2019-11":[["gmail.com","42"],["qq.com","19"],["users.noreply.github.com","10"],["hotmail.com","2"],["","1"],["antfin.com","1"],["outlook.com","1"],["mg-crea.com","1"],["kachkaev.ru","1"],["live.com","1"]],"2019-12":[["gmail.com","33"],["users.noreply.github.com","8"],["qq.com","8"],["live.com","2"],["163.com","2"],["vip.qq.com","1"],["hotmail.com","1"],["outlook.com","1"],["diamondyuan.com","1"]],"2020-01":[["gmail.com","43"],["users.noreply.github.com","6"],["qq.com","2"],["alumni.cam.ac.uk","1"],["hotmail.com","1"],["apache.org","1"],["alipay.com","1"]],"2020-02":[["gmail.com","58"],["users.noreply.github.com","6"],["qq.com","2"],["hotmail.com","1"],["163.com","1"],["antfin.com","1"]],"2020-03":[["gmail.com","73"],["users.noreply.github.com","3"],["hotmail.com","2"],["qq.com","1"],["163.com","1"],["chiya.dev","1"],["outlook.com","1"],["codefactor.io","1"]],"2020-04":[["gmail.com","70"],["qq.com","3"],["hotmail.com","3"],["","1"],["sina.com","1"],["outlook.com","1"],["users.noreply.github.com","1"]],"2020-05":[["gmail.com","66"],["qq.com","4"],["users.noreply.github.com","3"],["snyk.io","2"],["outlook.com","2"],["antfin.com","1"],["codefactor.io","1"],["126.com","1"],["hotmail.com","1"],["callawaycloudconsulting.com","1"]],"2020-06":[["gmail.com","51"],["qq.com","5"],["vip.qq.com","4"],["outlook.com","3"],["users.noreply.github.com","2"],["hotmail.com","1"],["foxmail.com","1"]],"2020-07":[["gmail.com","66"],["users.noreply.github.com","2"],["qq.com","1"],["snyk.io","1"],["163.com","1"],["outlook.com","1"],["foxmail.com","1"]],"2020-08":[["gmail.com","55"],["qq.com","1"],["hotmail.com","1"],["outlook.com","1"],["foxmail.com","1"],["users.noreply.github.com","1"]],"2020-09":[["gmail.com","48"],["users.noreply.github.com","3"],["outlook.com","2"],["qq.com","1"],["mgcrea.io","1"]],"2020-10":[["gmail.com","62"],["users.noreply.github.com","6"],["outlook.com","3"],["qq.com","2"],["jasikowski.pl","1"],["mail.ru","1"],["163.com","1"]],"2020-11":[["gmail.com","64"],["qq.com","3"],["users.noreply.github.com","2"],["163.com","1"],["vellichor.me","1"],["outlook.com","1"]],"2020-12":[["gmail.com","61"],["qq.com","1"],["hotmail.com","1"],["163.com","1"],["outlook.com","1"],["users.noreply.github.com","1"]],"2021-01":[["gmail.com","43"],["outlook.com","2"],["snowsoftware.com","1"],["antfin.com","1"],["foxmail.com","1"],["users.noreply.github.com","1"]],"2021-02":[["gmail.com","28"],["users.noreply.github.com","4"],["outlook.com","2"],["antgroup.com","1"],["mail.ru","1"],["163.com","1"],["hotmail.com","1"]],"2021-03":[["gmail.com","37"],["users.noreply.github.com","6"],["outlook.com","5"],["qq.com","1"],["hotmail.com","1"],["163.com","1"]],"2021-04":[["gmail.com","47"],["users.noreply.github.com","3"],["hotmail.com","2"]],"2021-05":[["gmail.com","40"],["qq.com","3"],["users.noreply.github.com","3"]],"2021-06":[["gmail.com","38"],["qq.com","2"],["users.noreply.github.com","2"],["outlook.com","1"]],"2021-07":[["gmail.com","45"],["users.noreply.github.com","5"],["qq.com","1"],["hotmail.com","1"],["163.com","1"],["franke.tech","1"],["aminul.net","1"]],"2021-08":[["gmail.com","39"],["outlook.com","1"],["users.noreply.github.com","1"]],"2021-09":[["gmail.com","41"],["users.noreply.github.com","7"],["qq.com","3"],["antgroup.com","1"],["gmx.de","1"],["antfin.com","1"]],"2021-10":[["gmail.com","17"],["users.noreply.github.com","6"],["qq.com","2"],["outlook.com","1"]],"2021-11":[["gmail.com","27"],["alipay.com","2"],["users.noreply.github.com","2"],["qq.com","1"]],"2021-12":[["gmail.com","31"],["163.com","6"],["qq.com","5"],["users.noreply.github.com","5"],["antgroup.com","1"]],"2022-01":[["gmail.com","18"],["users.noreply.github.com","16"],["qq.com","9"],["163.com","7"],["antgroup.com","2"],["hotmail.com","2"],["foxmail.com","1"]],"2022-02":[["gmail.com","20"],["users.noreply.github.com","15"],["qq.com","4"],["vip.qq.com","1"],["hotmail.com","1"],["163.com","1"]],"2022-03":[["gmail.com","34"],["users.noreply.github.com","15"],["qq.com","13"],["foxmail.com","1"],["outlook.com","1"]],"2022-04":[["gmail.com","47"],["qq.com","7"],["users.noreply.github.com","4"],["163.com","2"],["stepsecurity.io","1"],["hotmail.com","1"],["outlook.com","1"]],"2022-05":[["gmail.com","47"],["qq.com","9"],["users.noreply.github.com","7"],["outlook.com","2"],["hotmail.com","1"]],"2022-06":[["gmail.com","34"],["qq.com","12"],["163.com","5"],["users.noreply.github.com","5"],["antgroup.com","1"],["outlook.com","1"]],"2022-07":[["gmail.com","50"],["qq.com","4"],["vip.qq.com","1"],["antgroup.com","1"],["outlook.com","1"],["users.noreply.github.com","1"]],"2022-08":[["gmail.com","27"],["users.noreply.github.com","9"],["qq.com","6"],["126.com","1"],["hotmail.com","1"],["antgroup.com","1"],["163.com","1"],["outlook.com","1"]],"2022-09":[["gmail.com","21"],["users.noreply.github.com","14"],["qq.com","10"],["hotmail.com","1"],["163.com","1"],["foxmail.com","1"]],"2022-10":[["gmail.com","36"],["qq.com","15"],["users.noreply.github.com","12"],["163.com","2"],["vip.qq.com","1"],["yuantutech.com","1"],["outlook.com","1"],["antgroup.com","1"],["chunschen.com","1"]],"2022-11":[["gmail.com","46"],["qq.com","20"],["users.noreply.github.com","13"],["foxmail.com","2"],["vip.qq.com","1"],["hotmail.com","1"],["karasu.moe","1"],["chunschen.com","1"],["163.com","1"]],"2022-12":[["gmail.com","41"],["qq.com","20"],["users.noreply.github.com","17"],["hotmail.com","3"],["outlook.com","2"],["vip.qq.com","1"],["lihansir.com","1"]],"2023-01":[["qq.com","27"],["gmail.com","13"],["users.noreply.github.com","13"],["gassner.io","1"],["antgroup.com","1"],["hotmail.com","1"]],"2023-02":[["users.noreply.github.com","31"],["qq.com","25"],["gmail.com","12"],["hotmail.com","2"],["antgroup.com","1"],["list.ru","1"],["student.fontys.nl","1"],["outlook.com","1"]],"2023-03":[["qq.com","29"],["gmail.com","22"],["users.noreply.github.com","13"],["hotmail.com","2"],["163.com","1"],["rexskz.info","1"]]}