{"2015-06":["simaQ","ibigbug"],"2015-07":["yuche","zhujun24","ustccjw","shepherdwind","benjycui","afc163","jljsj33","zaphz","pigcan","jazmit","yiminghe","gitter-badger","tsj1107","sorrycc"],"2015-08":["hanai","chenxsan","Cee","genie88","chenjiahan"],"2015-09":["elrrrrrrr"],"2015-10":["pizn","KgTong","Pyiner","iyutao","kevyu","RaoHai","ioldfish","YuhangGe","coderhaoxin"],"2015-11":["zinkey","ikobe","qiuyuntao","shelwei","chentony","popomore","wuzhao"],"2015-12":["sskyy","camsong","caolvchong","dqaria","jaredleechn","warmhug","lgmcolin","yubozhao"],"2016-01":["Carrotzpc","jzlxiaohei","superRaytin","kasinooya","raptium","enlangs"],"2016-02":["ecofe"],"2016-03":["foriacus","hotoo","ChrisFan","fengmk2","waywardmonkeys","queimadus","yesmeck","z---","mrtone"],"2016-04":["bang88","BetaRabbit","liqi07","zxyah","nikogu","MarshallChen","qintengfei","wizawu","joesonw","blade254353074","silentcloud","freestyle21","plandem"],"2016-05":["kagawagao","snadn","copooper","forthedamn","sixwinds","ddcat1115","xujihui1985","jasonslyvia"],"2016-06":["havefive","xueqingxiao","andycall","GrayChoi","sean-lin"],"2016-07":["vxzhong","enlight","rrandom","yeliex","muzuiget","miaojiuchen","ezpub"],"2016-08":["visvadw","infeng","oeddyo","jerrybendy","zation","tdzl2003","hellowenqi","wenshiqi0","ryangun","detailyang"],"2016-09":["noonnightstorm","tianlizhao","jinouwuque","npmcdn-to-unpkg-bot","kvetoslavnovak","PinkyJie","ImJoeHs","thewei","Midqiu","Dafrok","radarhere","Brooooooklyn"],"2016-10":["Danjavia","xpcode","AlbertZheng","catalinmiron","zuiidea","kayw","irrigator","int64ago","edgji","nwwells","xiaofan2406","PeterDaveHello"],"2016-11":["codering","ashishg-qburst","sliuqin","lehug","pierreneter","JimmyLv","flashback313","nathantn","wwwillchen","denzw","parlop","Dorian","cathayandy","zack6849","nimojs","tocttou"],"2016-12":["ystarlongzi","SergioCrisostomo","BoizZ","pierre-b","eddhannay","pinggod","cc272309126","kvzivn","hjin-me","dickeylth","cjke","kdenz","Morhaus","jhsu","jdz321","zaxlct","gidich","Jieraaa","jihdeh","duzliang"],"2017-01":["vthinkxie","caoyi0905","WPH95","bochen2014","jialeicui","paranoidjk","kunsam","BLamy","JesperWe","megawac","rdworth","sonovice","bokzor","windse7en","RafaelCosman","csbun","pixystone","wallverb","valentinvichnal","Jack-Ye","bwlt","pd4d10"],"2017-02":["kud","cordaro","lixiaoyang1992","corneyl","HQidea","zerob4wl","qiaoyixuan","aaronplanell","chikara-chan","warrenseymour","zollero","yociduo","YuyingWu","zhenzong"],"2017-03":["Kamahl19","piperchester","novi","elios264","ascoders","krosenberg","hargasinski","bsheikh","conwayanderson","wonyun","RobAWilkinson","itsyogesh","cpd0101","c0b41","xieguanglei","hyb628","hlehmann","Knacktus","kvey","kossel","peteratticusberg","keqingrong","madisvain","qiaolb","martinnov92","mitchelldemler","natergj","minwe","chaoren1641","william-yz","igaidai4uk"],"2017-04":["Haroenv","Syzmex","dicklwm","handycode","kennethtruong","kappa-gooner","ymjrcc","leadream","ndrshn","manjitkumar","brookshi","dyhpoon","nshntarora","LeeHarlan","GeorgioWan","pnghai","kirbo","lionkeng","ginodeis","kenaniah","whtang906","ko"],"2017-05":["liekkas","AnasTawfeek","postgetme","wangtao0101","hardfist","jch254","clinyong","jonataswalker","shlice","bkniffler","hbrls","chaotyler","abenhamdine","panjiesw","arthurdenner"],"2017-06":["atomicpages","newraina","pmq20","Detachment","damiangreen","sadmark","nvana","supra28","dimitrov-adrian","hyrijk","sojournerc","longersson","loganpowell","EnrikoLabriko","Evgeny81"],"2017-07":["imosapatryk","lyz810","yurtaev","Sowed","chenshuai2144","yozman","brightloudnoise","neekey","michmach","koobitor","bryanberger","shenlin192","confiks","huzzbuzz","mkermani144","LPegasus","NoHomey","zachguo","llaski","djyde","alecklandgraf","hansnow","newswim","Amorites","Alex1990"],"2017-08":["ramsesmoreno","ziluo","lvren","lihqi","Manweill","magicdawn","paunovic-stefan","rrjoson","kdepp","zheeeng","nii236","davidctj","twisger","zeakhold","fytriht","dbolotin","tim-soft","XBT1","milworm","comerc","atomgao","troynt","PeterRock","LeezQ","vuxor","santi","marswong","dilidili"],"2017-09":["p2227","thegatheringstorm","JeffreyATW","778758944","delesseps","kstiopin","hauwa123","taviroquai","miaowing","pastelsky","menberg","henrinormak","liaokaien","BlackGanglion","huwenchao","jackypan1989","meteor91","yangkghjh","WingGao","aertmann","Meow-z","khalibloo"],"2017-10":["wengwengweng","menq","StephenEsser","Ffloriel","mariomc","syssam","nekronhuang","remolueoend","OuYancey","suevalov","ravirambles","mohamed-seada-1994","monkindey","vgeyi","bzums","henryv0","memoryza","et","cnahliu"],"2017-11":["anxolerd","davschne","MaximusDesign","andriijas","rgbkrk","tsaiDavid","yasinuslu","ChrisFerrell","Nokecy","sammaxwellxyz","wanliyunyan","chafel","UJosue10"],"2017-12":["JetRunner","Marmiz","trotyl","apieceofbart","cjahv","nidhi-ag","Rohanhacker","J2P","cyyyu","LyndonChin","taylorsabell","CallMeXYZ","viztor","kamronbatman","danedavid","yutingzhao1991","fatelei","burdell","lovekonakona","GauravV-02","linmodev","khayalan-mathew"],"2018-01":["asoiso","spjy","yangbin1994","ahalimkara","Riokai","jjzhangg","luyiming","draco","duhongjun","urakozz","JChord","Suixinlei","TheSavior","Pyroboomka","mgrdevport","margox","m4jing","ReedSun","dengfuping","kingyang","muzea","Cuihongsen","mrgeorgegray","sallen450","zhouzhih","jasonxia23"],"2018-02":["blkdr","ivankravets","int2d","valleykid","dimitropoulos","cdeutsch","SZzzzz","evertbouw","jrvboesch","cuyl","MJ111","johnernaut","bransbury","ryanhoho","arvinxx"],"2018-03":["byuanama","jojoLockLock","cheapsteak","kaoding","ojab","whtsky","viviarui","pierre-H","imkarthikk","gregahren","sangle7","Hughen","dgeibi","twobin","pellea","arnabsen","klujanrosas","codesignist","picodoth","Scott-Tugboat","zswang","insin","kanweiwei","nestoralonso","u3u","KevinBon","idabagusangga","meesvandongen","terence55","Xoce51","SimpleFrontend"],"2018-04":["liuhong1happy","chazcb","He-zhiyong","aladdin-add","jzhangs","andremw","gausie","opennext","marcelabomfim","zombieJ","Zzzen","guonanci","billfienberg","eddiemoore","rallet","ariesjia","davidhatten","slonoed","kumarashwin","abdurahmanus","danielg2002"],"2018-05":["chrvadala","wmzhong","zhujinxuan","karol-majewski","ApacheEx","Rikkitp","qhxin","mzohaibqc","loveky","zhenghangjie","trofivan","tangjinzhou","efc","eduludi","tastypackets","fjc0k","douglas-mason","sosohime","LiuRhoRamen"],"2018-06":["RJAVA1990","pei-han","deftomat","zelongc","zhanba","sbusch","stonehank","Yangzhedi","gimenete","Jack-Works","aditya-padhi-kbl","Voronar","wangshantao","pbrink231","matthewlein","nuintun","yuxuan","dreamerblue","sliwey"],"2018-07":["405go","LucienLee","littleLane","kagd","EricTurf","wiziple","Willworkgogogo","weidapao","jakejrichards","prncc","FadeZhanger","emersonlaurentino","Gong-Elory","hongxuWei","daweilv","riwu","tolbkni","yoyo837","Fred-Shan","JribiBelhassen","lhz516","zhudaye","waiwaiku","mofelee","RaphaelChauveau","bluesh","zongzi531","AshoneA","thisJJ","xQuotes","dijonkitchen","ilanus"],"2018-08":["fergiar","hoksilato","dimadev01","tibdex","noyobo","anpleenko","vitaliymaz","elantion","jlsorak","HeskeyBaozi","mushan0x0","jpaquim","hengkx","Trufinol","SuuQi","wangxueliang","cheshireoctopus","carrie-tanminyi","Huanghuiying0624","NumanHassan","A","yallie","JackieLs","y-takey","NE-SmallTown","ohhoney1","blatinier","dancerphil"],"2018-09":["abraithwaite","Hari-Shankar-3296","magnnus","rinick","marcosfede","spawnia","fengsx","120216220","douglasjunior","Frezc","jardicc","ryerh","digz6666","Mikasa33","scharepmc2hr","erwin-k","kurogeek","zetamorph","Whoaa512","KentonYu","ycjcl868","amedora","dmitry-guryev","wendellhu95","jiechud","faisalhmohd","leijingdao"],"2018-10":["Ryanhui","fisherspy","neemski","diw1","282159468","chinawzc","astrocean","ztplz","siyu77","jwkvam","hy9125","designersmallweb","Bloss","dazbo","jinyaqiao1102","lyhper","concefly","yueyes","decadef20","yp","hieuhlc","charliegdev","TomIsion","curiowls","orenk86","cf"],"2018-11":["joaoprp","walker27","banmohan","desaianuj","orzyyyy","sysuzero","JLHwung","lianyufeng","spideeee","alex89lj","arifemrecelik","kuitos","sourcesoft","JeromeLin","kimochg","pi0","gaoli","ardok"],"2018-12":["zhangyangxue","sfturing","iugo","crazyurus","BarryYan","elfman","wangxingkang","woolfi182","huanz","gurungrahul2","j3l11234","kenve","StevenYuysy","taoweicn","hahabazinga","Alfred-sg","MeCKodo","geraldchen890806","minheq","Risord","flexchen","minesaner","ndbroadbent","morenyang","Leonard-Li777","natanielcz","reichjustin","rakshitkumarcse","gnuns","killhtf","bondBo","samlanning","gianpaj","aashutoshrathi","SylvanasGone","951565664","nick-ChenZe","vnguyen94","travikk","ipassynk","nmsn","CherishIt","yangxiaolin"],"2019-01":["GaryChangCN","anjoshigor","richardison","Gautierrr","meihuanyu","shawtung","boraikizoglu","xu-snow","sdli","thomasJang","iojichervo","QC-L","Shub1427","sanmaopep","cc189","barakplasma","krokofant","jack-Lo","kristof0425","wwwxy80s","youngbeen","eldyvoon","twist295","likeben","wx1322","ranbena","hms181231","chunlea","eidonjoe","gyh9457","AhmedAlSammany","dyygtfx","githubsaturn"],"2019-02":["thilo-behnke","pvsmounish","nathanlschneider","michellechsy","imhele","ashearer","kevinaskin","jas0ncn","RunningCoderLee","aobo-y","yinjs","laozhu","kamalmahmudi","liuchuzhang","balloonio","vinhnph-ibl","zlljqn","jurkowski","svenefftinge","mraiguo","chiaweilee","zeroslope"],"2019-03":["shumkovdenis","SamKirkland","Maktel","akaguny","searleb","Kapiroska","yuezk","pekac45","crudo","onlyann","ibesty","DiamondYuan","levkovich2806","babycannotsay","hsuanxyz","cemremengu","jinxin0112","andresin87","ppbl","Adamwu1992","Nouzbe","klouskingsley","melchior-voidwolf","tgxpuisb","inian","ngolin","whinc","SoraYama","DJanoskova","ferdikoomen","Hazyzh","marciopamplona","xiaohuoni","willc001","ZYSzys"],"2019-04":["afelicioni","aaroncawte","swillis12","JuanCarlosllh","MrHeer","zjffun","gaoqiang19514","atomoo","vanshady","liaoyinglong","bencallaway","GFwer","hextion","raybooysen","jjalonso","saxenanihal95","gxvv","moonrailgun"],"2019-05":["cmaster11","chj-damon","christophehurpeau","Gin-X","sirlantis","aiham","mathieu-anderson","eruca","gotjoshua","Veveue","nailuoGG","shiningjason","zytjs","Rustin-Liu","vicrep","attacking","JonathanLee-LX","abgaryanharutyun"],"2019-06":["Enfield1","susiwen8","toshi1127","superandrew213","cnlon","Durisvk","haianweifeng","maximest-pierre","babbarankit","3b3ziz","eldarAkay","Jarvis1010","alxkosov","mtadams007","wtzeng1","shaderzak","JohnsenZhou","morellan","kairi1227","mateusz-wierzbicki","lhyt","long-zhuge","wonderjar","gadzillllla","NsNe"],"2019-07":["m-mitchell","oldturkey","chenyizhongx","LilyWakana","austin-krave","pengtikui","Clafouti","nnecec","hasparus","justjavac","cottom","thylsky","inovux","jeessy2","kdnk","shaodahong","RathaR","zx6658","wadezhan","bhaveshc20","haimrait","ye4241","Jiang-Xuan","yongdamsh","xrkffgg","phthhieu","lhx6538665","ReganL","binyellow","vagusX","geograous"],"2019-08":["qhanw","escapiststupor","aldrinpvincent","hjiawei","lewis617","sivaraj-dev","kveerapen","xtydev","cyclic-reference","laysent","stefy","novacourtois","lengthmin","lidianhao123","lihuanji","lijinke666","ZhengYuTay","danielharrison","vijayst","RageBill","GalenWong","Malven","zomars"],"2019-09":["iicdii","daphne-jr","alekslario","plainnany","fkysly","ahauzq","sedx","changdaniel","ooolog","ashmna","TLadd","Eusen","Nikitenkova","AielloChan","crazyair","ladjzero","lxx2013"],"2019-10":["anawinwz","wangweijun0418","vaytsel","kavience","koole","rodrigoehlers","jinliming2","QingLance","neung123","sagar7993","chnliquan","jacklee814","gpetrioli","lxnxbnq","Niyiojeyinka","NightFox7","broder","GBcrimson","JaKXz","mucluck","wleven","DemetriusHR"],"2019-11":["andelf","yehq","liuchao233","seognil","likeDoMine","sradevski","skrzepij","iamkun","zhangxiuling","DeanVanNiekerk","Abdullah700","577281375","ShawDanon","chouchouovo","thding","JosiahRooney","JennieJi","mbotnari","Acmu","Aemple","kachkaev","mgcrea","cwj0417","hoest","ColinCLL","zhangyanling77","472756921","hahmadia"],"2019-12":["ChuanfengZhang","zouxiaomingya","coderge","PeachScript","jyash97","khaledkhalil94","Liu-Ya","liyuanqiu","capdiem","YaoKaiLun","Yaindrop","Satloff","cc20140820","woodsand","GuichiZhao","myeunhyuk","abdih","ZhechenLi"],"2020-01":["saeedrahimi","mrmanicou","specialorange","kerm1it","XianZhengquan","ionshaw","kevenleone","juzhiyuan","soeyi","felixjichao","GabLeRoux","cjmafei","nicu-chiciuc","hans-lizihan","RollTsai","Jirka-Lhotka","y-young"],"2020-02":["douxc","minTilda","Ta2Rim","Ildarik","golevkadesign","orkhan-huseyn","felipeptcho","holynewbie","jhoneybee","mjfwebb","medayz","mrodrigs","fomenyesu","ElliotAshby","zhiyuc123","sdhr27","marcusstenbeck","jhcccc","tannmaysgupta","taichiyi","shmilyKang","ubuntugod","brickspert","wanjas","ziyuan-174774","hansololai","dan-drews","FeengQi","fguitton"],"2020-03":["akshatmittal","ArlindoTorres","fireairforce","kant","dolfje","Skn0tt","Sean-Snow","nossbigg","slavakam","phoenixeliot","hebingchang","NaveenDA","Eslam-Yahya","indatawetrust","TennyZhuang","Andarist","BlazPocrnja","geekrainy","thisrabbit","chenxiaochun","qiqiboy","vtsybulin","lukevella","itellboy","iaurg","MXWXZ","BugHiding","irudoy","sheerun","yuribit","liusiasi","PaulJln","tdida","paleface001","xudongdev","iChebbi","x1mrdonut1x","mikeyshing88","memtech3","phosphene47"],"2020-04":["sex-squirrel","303394539","vladcalin","MishaKav","xiaofine1122","alwaysloseall","evancharlton","DongchengWang","ElderJames","wwyx778","fa93hws","ibsukru","Arttse","huntdream","rohanBagchi","wuzekang","imhxc","cfleschhut","zhangyu1818","onjuju","someyoungideas","xiaoxintang","pdeva","stimulate","tanmoyopenroot","Sonjeet","zesterquinn","THPubs","AdrianoRuberto","dpyzo0o","hallazzang","vertonghenb","FoxxMD","MengZhaoFly","channprj","altschuler","vbudovski"],"2020-05":["nanxiaobei","Mr-jiangzhiguo","EscapeB","ChuckJonas","Kol96","sorteam","sanonz","xilihuasi","sagge","arturpfb","NarimanMov","vsn4ik","dcdlove","Airkro","fadeaway1992","tywmick","chenguzhen87","MrBiscuit","Yearth","elowes","aivinog1","Xuhao","tuyeye","krishnadubagunta","wenqi73","Loogeek","jjhbw","coskunuyar","njmqd","lxfu1","Fullstop000","snyk-bot","jenvanc","AmazingTurtle","cieldon32","lexlexa","manoj150283"],"2020-06":["rdmclin2","nitinknolder","hydRAnger","xiaosongxiaosong","zt123123","israelKusayev","NotMoni","jienius","kentaro84207","DavidSichau","hehex9","ashkan-pm","njzydark","varundey","miclle","luoye-fe","netcore-jroger","sharkyze","ichuyko","icaife","eenlars","cncolder","jesse3mh9a","hicrystal","lukeshiels","harupy","smddzcy","karelsoupaEMZ","LiPinghai","webbertakken","Jaewoook","NetoBraghetto","07akioni"],"2020-07":["Niefee","gersongams","albertms10","curlywater","Yunfly","zzz111","kaysonwu","zhangchen915","LukeTimeWalker","zgoby","Johannes-Andersen","zxyao145","wuchu","hoho2017","amir5000","Amour1688","Kim-Wing-Fung","vio","ybzjsxh","mk-emeks","AlbertAZ1992","CornerSkyless","kurtfurbush","OmriGM","kitsoRik","scouttyg","yeshan333","williamstein","WynterDing","justinschuldt","CodingCreate101","wa-ri"],"2020-08":["limxingzhi","Thanaen","willamesoares","miaoyuxinbaby","jingruoyu","Bosseskompis","vixeven","xiao11lang","flyerH","xishanxu","addictional","iwanders","xiongemi","QoVoQ","Mohelm97","PeakFish","llwslc","sorahn","TrueMoein","kaankucukx"],"2020-09":["vineetvk01","sumitvekariya","nnnnoel","blaiz","chimp1nski","prettyboyweiwei","csvwolf","wangcch","knobo","samkahchiin","mwaddell","dhorelik","randomkrishna","lich-yoo","regisfoucault","HelloBojack","daczczcz1","yingpengsha","olragon","forl"],"2020-10":["n0ruSh","qianbin123","lingjieee","ttys026","zhangmengxue","iorikingdom","StIvan8","devyboy","JuniorTour","kaizvn","WLyKan","rfreling","realEago","yasikovsky","appleshell","JesusTheHun","Mongkii","alperTunca","morfey13","Rain120","yuanyao1225","Chersquwn","cybersunt","shangyilim","jieny","littleee","yucongroopher","robinpokorny"],"2020-11":["HollowMan6","JhonXY","Zireael13","hosseinmd","LeoooY","xjh22222228","davidebianchi","hellodommy","GSBL","AlanCutFlim","wf-francescoalbanese","sthtnr","fifsky","abz53378","itsmdsameerkhan","shivammodi456","wf-erikslokharts","ElsaOOo","pddpd","nodkz","jer-sen","atzcl","ocassio","Youmoo","Ifeinstein","baxtergu","wf-joeburton","372623460jh","molokovev","bingling0084","eugene-matvejev"],"2020-12":["ccloveak","YanYuanFE","aLIEzsss4","MoeCasts","fkukovec","mumiao","hiiri","Debiancc","ZeroTo0ne","stygian-desolator","KirillSBarsukov","TotooriaHyperion","zhukovvandrei","vouis","Meowu","jarretmoses","Germiniku","DanielTsai7","gaoryrt","sammarks","izeye","weiyuc","jasepellerin","maksnester","arange","yanguoyu","Sidemen19","qlchan24","imhashir"],"2021-01":["godfather239","harrisoff","qqabcv520","aequi42","zxc0328","renny-ren","JennyJia-Ant","mrlmx","doshyt","jjanssen","AkiJoey","hugorezende","Aghosey","pasinter","zhuguibiao","Kerumen","bigbigbo","alekye","eberjoe","lengfangbing","HomyeeKing","chillyistkult"],"2021-02":["qramilq","minsooshin","GitHubpan527","LeiHanCN","zj9495","zkwolf","huangkairan","bcd337","jinchaofs","sinchang","amiralitaheri","Eating-Eating"],"2021-03":["liquorxm","aceiling","jueinin","SyMind","VoliBearCat","ericlee33","jojonarte","isakol","bn3t","jvaclavik","IggsGrey","Nathansbud","jaylonez","yaoweiprc","cyates42","HellCatVN","dr2009","keelii","tianyuan233","GuruM","JohnDeved"],"2021-04":["sebakerckhof","Fog3211","hello-chinese","John60676","itibbers","janryWang","serializedowen","Gamote","cnyballk","jameslahm","i3web","gepd","themitvp","Map1en","seki2020","ChalkPE","ebonow","lijianqiang0502"],"2021-05":["OleksandrAntonenko1","lisenenkov","gaofeiyu","LoicUV","ajuner","lewis-fidlers","vmedar","xunmeng2015","xiaotiandada","LookRain","wolfykey","buzs","renzhao1113","imoctopus","fachreza73","jaideepghosh"],"2021-06":["gcdxuzhiwei","MichalJani","ymrdf","A113n1003","conwnet","jeremynac","moraispgsi","hkhere","luckyJeffy","diegovillacis10","donysukardi","eltociear"],"2021-07":["RiteshMakan","Josh-Cena","TravisChenn1996","Aliaksandrsen","aoxiang78","eldarcodes","Gherciu","khjabir","chatoo2412","bischmlb","ismailCodes","jeggy","MuhammadAnas190","mburakkalkan","nikesh-r","gtb104","DerrickTel","diyews","Andu15","AminulBD","jaycedotbin","songhn233","k983551019","alanhaledc","Greatshock","Monty-Ma"],"2021-08":["linxianxi","Austaras","v4","hanhan9449","zhyupe","aoilti","bconnorwhite","Dreamerryao","adaex","Oreoz","iamyoki","ascodelife","738","itwanggj"],"2021-09":["in-vane","Dreamcreative","Chtau","thommesZip","neotan","sushantgulati1","M-ZubairAhmed","g0shed","DaoxingHuang","AnteeHub","yingxirz","PrimulaX","drizzlesconsin","btea","JounQin","acfasj","kachanovskiy","arifszn","g7i","lironhl"],"2021-10":["miloudbelaabed","KAROTT7"],"2021-11":["GaboMendez","vireakkeosokvibol","wedeso","sunnylqm","solitia7125","hydraZty","GannonSun","X-Jagger","Sepush","jin-benben","tychenjiajun","pobch","MichalPodeszwa","cwjTerrace","dreampasss","seaSuper"],"2021-12":["q1uxu","curly210102","Dunqing","chen-jingjie","ZakarFin","zhichenshaw","sunkuangdong","songlinn","localpathcomp","FrankFang","banchichen","hxmwr","LongHaoo","MadCcc","mursulis","2724635499","mgu-x","StefSchenkelaars"],"2022-01":["dgreene1","boomler","fanerge","lyrbet","heiyu4585","csjkevin","woochanleee","wuifdesign","dimbslmh","techieeliot","toSayNothing","ONLY-yours","credred","mrwd2009","qin20","yang","94dreamer","yanm1ng","developit","JX-Zhuang","whwangms","bison92","hemengke1997"],"2022-02":["qdzhaoxiaodao","stefango","jaseowens","mic-web","KaKaHuoLuoTe","david-cord","lihansir","TrickyPi","xseman","Picsong","opopeieie","SoYoung210","DawnLck"],"2022-03":["VladimirOtroshchenko","Unuuuuu","GitKou","zqran","gp5251","liuyib","PanStar","shuaijiumei","Jungzl","yzwxk","zhao-huo-long","hmz22","yutao331763646","JiquanWang99","Dennis273","jrr997","CommanderRoot","jiandandkl","onein528","zomixi","Anizcus","freshgiammi","aghArdeshir","miracles1919"],"2022-04":["c0dedance","qyzzzz","SpaNb4","nnmax","varunsh-coder","MQuy","dragmove","jeffdrumgod","walidcherhane","omeraplak","agarciaguillo","SukkaW","littledian","zpc7","LuZhenJie1999","crenshaw-dev","rendaoer","AliRezaBeigy","swchen","nieyuyao","pfedan","tmkx"],"2022-05":["foryuki","tonywu6","yykoypj","poyiding","lalalazero","haipeng","cwveysey","ZZZCNY","rsmeral","ty888","lzm0x219","velykanov","parabolazz","cisolarix","linqiqi077","Harukisatoh","josonho"],"2022-06":["yaogengzhu","christian-lechner","zhengshuai1001","kejianfeng","zggmd","kungege","MuxinFeng","sophyphreak","slotDumpling","gariggio","shezhangzhang","robothot","nanianlisao","MasaoBlue","momesana","wellssu0","chentsulin","Pulset","hinatades","RyanCavanaugh","li-jia-nan","csr632"],"2022-07":["suica","kkkisme","Wxh16144","LiHaoGit","zhengjitf","shunyue1320","hsk-kr","dashaowang","cw1997","bobo0902","simplejason","losgif","LeonKattendick","jiameng123","wsp971","jonioni"],"2022-08":["strivelen","Mar-he","gaokaifeis","YMiemie-cy","yanquanfahei","JarvisArt","HelLuv","Qiuhang817385","dartamonov-vertex","jiangmaniu","peritot","coldice945","moderateMan","jerrykingxyz","cl1107","LiZhiHao97","clean99","HQ-Lin","yifanwww"],"2022-09":["visshaljagtap","bowen-wu","hugobarragon","nocodeempire","xWiiLLz","ZdenekKrcal","edc-hui","tempoeric","kiner-tang","RexSkz","Aaron674092290","Sheepeer","Johnny-young"],"2022-10":["boahc077","sunteago","chrismorison-wt","chunsch","flameOvO","ernestfolch","messaooudi","KangXinzhi","Dmitrienko-Nikita","ZH-seven","liuycy","pengyw97","holazz","simonwong","Hencky","strear","smwhr"],"2022-11":["tinyfind","DBSDs","JackLiR8","MARKX97","turdiyev","nayunhwan","kunl","bigyifeng","cincodenada","Yukiniro","KotoriK","nicolabosco87","valone-1","mellis481","Hazel-Lin","Semro","AdonLee","thinkasany","fyzhu","lushevol","LuciNyan","WinmezzZ","Sagie501","jcqiao","SnowingFox","echosonusharma","justanotheranonymoususer","isaced","sribich","kpustakhod","KarasuShin","AshishKapoor","jjlstruggle","SavelevMatthew","any1024"],"2022-12":["ifujustayup","gabschne","PisecesPeng","freeliujian","bluelovers","xhh0223","owjs3901","roottool","wqs576222103","BoyYangzai","ZN1996","wibus-wee","YinDongFang","southliu","AydenGen","Yuiai01","candy4290","KIRUBASHANKAR26","zjfresh","Ran-Sagy","nghiepdev","51wangping","zhangshichuan","azro352","Ian-Inizias"],"2023-01":["luo3house","grossbart","weited","simonpfish","puxiao","rafaelncarvalho","jc9702507","CCherry07","helloqian12138","ds1371dani","AkaraChen","IcedMonk","Tesla0916","3hson","therealrinku","RSS1102","SohaibRaza"],"2023-02":["Simon-He95","shitian9","Jiacheng787","qc-z","Awethentique","rgumzej","the1975","Ke1sy","carla-cn","linercoder","xliez","Rafael-Martins","KuangPF","RedJue","3Alan","snow-monster","spoilerdo","majidsadr","goveo","LukasLic","OriginRing","Lioness100","Wadefeng1","susu-hu","Wxw-Gu","Sunny-117","RamonEspinosa","roman40a"],"2023-03":["Svudec","vaakian","listar","acyza","lamvananh","dhalenok","gooyoung","PhosphorusP","enson0131","jszyy","paul-vd","destimon","mortalYoung","ZiYi0414","ablakey","maomao1996","AndyJinSS","AndyBoat","flandolf","trongtai37","duypham90","itkui","notverysalty","cxk0831"]}