{"2015-06":[["james-woods",4],["martingrayson",6],["statwonk",5],["gtoonstra",4],["mistercrunch",17],["artwr",8],["r39132",7],["glodus",5],["eerwitt",4],["woodlee",6]],"2015-07":[["dventimi",5],["jomar83",5],["mistercrunch",21],["seibert",4],["r39132",10],["griffinqiu",5],["nocrosstalk",4],["gtoonstra",7],["artwr",9],["smarden1",7],["syvineckruyk",6],["jbalogh",4]],"2015-08":[["artwr",6],["syvineckruyk",4],["maraca",4],["jeremyclover",4],["mistercrunch",22],["neovintage",5],["pharoson",5],["JackDanger",4],["kapil-malik",5],["griffinqiu",5],["alybel",4],["bolkedebruin",4],["jlowin",14],["r39132",5],["martingrayson",4]],"2015-09":[["kapil-malik",8],["markusschmaus",3],["Arkoniak",3],["Yongyiw",3],["mtustin-handy",3],["askeys",3],["r39132",6],["dclubb",3],["jlowin",14],["jomar83",4],["neovintage",5],["jason-z-hang",3],["wndhydrnt",4],["kerzhner",3],["georgebdavis",3],["syvineckruyk",4],["LilithWittmann",6],["patrickleotardif",8],["pkexcellent",3],["jasonjho",3],["martingrayson",4],["bolkedebruin",4],["Thomasmisfit",3],["puneethpotu",3],["praveev",4],["mistercrunch",19],["yoziru-desu",3],["timeisapear",3],["tonylee0329",3],["griffinqiu",6],["johnw424",3],["ambientsound",3],["CooperLuan",3]],"2015-10":[["DinoCow",3],["mlimotte",3],["JordyMoos",3],["thoralf-gutierrez",5],["Arkoniak",4],["haitaoyao",3],["ctrebing",4],["patrickleotardif",6],["r39132",4],["rdavison",3],["praveev",4],["jackgolding",3],["portah",3],["avram",4],["karthikgollapudi",3],["Jparks2532",4],["jochem",4],["zstan",3],["jlowin",8],["timeisapear",3],["caique-lima",3],["askeys",3],["artwr",4],["kkourtchikov",3],["mistercrunch",14],["yoziru-desu",3],["Yongyiw",4],["mtustin-handy",5],["lentinj",3],["bolkedebruin",10],["ajw0100",3]],"2015-11":[["syvineckruyk",4],["gwax",4],["DinoCow",4],["mtustin-handy",9],["patrickleotardif",7],["sergiohgz",4],["bolkedebruin",10],["pedrorjbr",5],["svendx4f",5],["jlowin",4],["mistercrunch",18],["r39132",7],["artwr",10],["criccomini",5],["Thomasmisfit",4],["thoralf-gutierrez",6]],"2015-12":[["turtlemonvh",3],["neovintage",3],["pedrorjbr",4],["yiqingj",3],["r39132",4],["D-Buettner",3],["martingrayson",3],["WesleyBatista",3],["Thomasmisfit",3],["mrorii",3],["thibault-ketterer",6],["artwr",4],["thoralf-gutierrez",6],["MaximilianR",4],["adamhaney",3],["cwong99",3],["NeilHanlon",3],["criccomini",6],["sray-handy",3],["gallamine",3],["DinoCow",3],["mistercrunch",13],["lamdrew",4],["Tjorriemorrie",3],["wndhydrnt",4],["mtustin-handy",6],["ziky90",3],["svendx4f",4],["kimi0421",3],["bolkedebruin",5],["gwax",3],["hirolau",3],["hevy-CC4477",3],["abridgett",7],["sergiohgz",3]],"2016-01":[["flying5",3],["sayap",3],["NeilHanlon",4],["abridgett",7],["mtagle",4],["iivvaall",3],["DinoCow",4],["bolkedebruin",6],["mahrz",4],["mistercrunch",20],["tonylee0329",3],["iddoav",3],["KeenS",3],["cesararevalo",3],["gitter-badger",3],["asnir",5],["danielbenzvi",4],["t1m0thy",5],["rosner",3],["amerkel2",3],["JoergRittinger",3],["takus",3],["dayzzz",3],["zstan",3],["criccomini",8],["rahul342",3],["msumit",7],["ybendana",3],["robottokauf3",4],["r39132",7],["jasonjho",3],["griffinqiu",3],["JordyMoos",3],["seancron",3],["kmevissen",3],["thibault-ketterer",3],["praveev",5],["yogesh2021",6],["vansivallab",4],["syvineckruyk",3]],"2016-02":[["xadhoom",4],["geeknam",4],["wil5for",4],["aoen",8],["r39132",15],["artwr",4],["jeffwidman",4],["pedrorjbr",4],["jtschoonhoven",4],["Attsun1031",5],["syvineckruyk",4],["rdavison",4],["davidsbatista",4],["bolkedebruin",5],["nicktrav",6],["msumit",4],["plypaul",4],["d-lee",5],["dayzzz",4],["criccomini",12],["mtagle",6],["kretes",6],["lumengxi",5],["mistercrunch",18],["0xR",6]],"2016-03":[["mistercrunch",14],["landscape-bot",15],["aoen",8],["abridgett",4],["tannaalok",4],["criccomini",13],["coveralls",12],["mtagle",5],["adambom",5],["jgao54",7],["xavierp",4],["mtoma",4],["underyx",7],["bolkedebruin",11],["himank",4],["hyperborea",4],["r39132",10],["jlowin",14],["xiaoliangsc",4],["zstan",4],["lucafuji",6],["artwr",10],["garthcn",4],["syvineckruyk",6],["ty707",5]],"2016-04":[["jbalogh",4],["jgao54",6],["ekhtiar",4],["jbrownlucid",4],["ty707",4],["withnale",5],["jlowin",16],["thoralf-gutierrez",7],["pradhanpk",4],["abridgett",7],["mtp401",4],["bolkedebruin",15],["underyx",5],["dgies",4],["mistercrunch",11],["SivaPandeti",4],["plypaul",5],["stranbird",7],["landscape-bot",19],["aoen",6],["criccomini",12],["r39132",15],["coveralls",15],["sdiazb",4],["James-Mission",4],["syvineckruyk",6]],"2016-05":[["artwr",7],["alexvanboxel",6],["asnir",5],["mistercrunch",13],["bolkedebruin",20],["syvineckruyk",6],["jlowin",12],["aoen",17],["Firehed",5],["coveralls",5],["sekikn",5],["underyx",5],["msumit",6],["criccomini",17],["landscape-bot",12],["r39132",17]],"2016-06":[["criccomini",17],["jlowin",10],["bolkedebruin",17],["sekikn",7],["plypaul",13],["mistercrunch",11],["zodiac",7],["artwr",8],["aoen",14],["codecov-io",8]],"2016-07":[["danielvdende",5],["aoen",9],["r39132",5],["skudriashev",14],["bolkedebruin",11],["zodiac",9],["codecov-io",7],["normster",5],["mistercrunch",5],["jlowin",7],["criccomini",7],["plypaul",10],["artwr",7],["TheSAS",5],["jgao54",6]],"2016-08":[["msumit",9],["plypaul",6],["r39132",13],["mistercrunch",5],["normster",6],["waltherg",4],["codecov-io",7],["jlowin",8],["artwr",4],["aoen",9],["gwax",4],["jgao54",4],["hongbozeng",4],["cerisier",4],["zodiac",9],["mtdewulf",4],["saguziel",5],["alexvanboxel",4],["bolkedebruin",10]],"2016-09":[["alexvanboxel",5],["r39132",8],["illop",4],["bolkedebruin",12],["codecov-io",5],["zodiac",10],["criccomini",7],["gwax",8],["normster",5],["artwr",4],["saguziel",4],["msumit",7],["PedroMDuarte",4],["mylons",4]],"2016-10":[["criccomini",6],["btallman",6],["codecov-io",6],["artwr",6],["aoen",4],["gwax",9],["alexvanboxel",5],["msumit",7],["zodiac",4],["jlowin",4],["gtoonstra",4],["skudriashev",4],["lucafuji",6],["bolkedebruin",7],["r39132",11],["robin-miller-ow",4],["mistercrunch",4]],"2016-11":[["bolkedebruin",5],["btallman",7],["keybod",7],["zodiac",11],["gwax",12],["gtoonstra",6],["Jalepeno112",7],["codecov-io",7],["r39132",15],["criccomini",8],["jlowin",7],["msumit",5]],"2016-12":[["lukem-ow",4],["jlowin",7],["saaratstaples",4],["jhsenjaliya",6],["robin-miller-ow",4],["mistercrunch",6],["criccomini",6],["saguziel",4],["bolkedebruin",12],["r39132",5],["alexvanboxel",6],["codecov-io",7],["aoen",9],["msumit",4]],"2017-01":[["jhsenjaliya",9],["alexvanboxel",7],["genomics-geek",5],["aoen",17],["criccomini",6],["fenglu-g",6],["artwr",9],["codecov-io",8],["aminghadersohi",6],["plypaul",6],["bolkedebruin",22],["gsakkis",5]],"2017-02":[["saguziel",8],["artwr",7],["toddychen",5],["gsakkis",5],["krishnabhupatiraju",7],["jlowin",11],["zodiac",5],["s7anley",5],["aoen",10],["mention-bot",6],["codecov-io",7],["bolkedebruin",14]],"2017-03":[["jlowin",9],["msempere",5],["artwr",8],["bolkedebruin",16],["saguziel",11],["thesquelched",4],["vijaykramesh",6],["mengxr",10],["mistercrunch",4],["Tagar",4],["abloomston",4],["criccomini",5],["gwax",4],["aoen",10],["dhuang",7],["joeschmid",4],["amaliujia",4],["Fokko",4],["mention-bot",9],["codecov-io",8],["adrpar",4],["sekikn",4],["zodiac",4]],"2017-04":[["criccomini",6],["saguziel",10],["camshrun",4],["bolkedebruin",13],["mention-bot",7],["dhuang",4],["sekikn",4],["hgrif",4],["alexvanboxel",4],["aoen",10],["andrewmchen",6],["artwr",8],["codecov-io",8],["mengxr",12]],"2017-05":[["mention-bot",8],["bolkedebruin",10],["mistercrunch",5],["vfoucault",7],["NielsZeilemaker",6],["hgrif",6],["mremes",4],["Fokko",5],["forsberg",4],["hesenp",4],["dlackty",4],["codecov-io",8],["skudriashev",10],["sekikn",5],["avigil-twist",4],["criccomini",6]],"2017-06":[["sekikn",6],["lukeFalsina",4],["saguziel",18],["zoyahav",4],["yk5",4],["aliceabe",4],["AllisonWang",10],["jiwang576",6],["codecov-io",9],["amaliujia",4],["Fokko",6],["ashb",4],["N3da",8],["msumit",4],["aoen",16],["ronfung",4],["bolkedebruin",16],["skudriashev",8],["criccomini",9],["mistercrunch",8]],"2017-07":[["bolkedebruin",18],["yu-iskw",5],["edgarRd",8],["ultrabug",7],["spil-dennis",5],["peterjdolan",5],["saguziel",17],["NielsZeilemaker",7],["aoen",16],["criccomini",9],["mdziemianko",5],["ashb",5],["mistercrunch",6],["codecov-io",9],["yk5",6],["AllisonWang",15],["wwlian",5],["aviDms",5]],"2017-08":[["skudriashev",8],["AllisonWang",6],["Acehaidrey",6],["saguziel",16],["TrevorEdwards",3],["msumit",3],["aoen",11],["gwax",5],["preete-dixit-ck",3],["codecov-io",7],["fenglu-g",3],["criccomini",6],["ashb",3],["mistercrunch",6],["moe-nadal-ck",3],["jgao54",3],["bolkedebruin",8],["r39132",4],["sdiazb",3],["NielsZeilemaker",3],["mrkm4ntr",4],["edgarRd",9]],"2017-09":[["moe-nadal-ck",9],["akatrevorjay",4],["aoen",9],["mrkm4ntr",5],["artwr",7],["edgarRd",7],["barrywhart",5],["ashb",11],["bolkedebruin",14],["davoscollective",5],["saguziel",11],["skudriashev",13],["GeorgeSirois",4],["dalupus",4],["NielsZeilemaker",4],["Fokko",15],["rfrenoy",4],["criccomini",7],["sid88in",8],["jgao54",7],["codecov-io",10],["lxneng",4]],"2017-10":[["andyxhadji",7],["saguziel",7],["skudriashev",4],["ProstoMaxim",4],["moertel",5],["rupesh92",4],["Acehaidrey",16],["moe-nadal-ck",4],["jgao54",6],["bolkedebruin",16],["msumit",6],["codecov-io",10],["edgarRd",5],["sekikn",4],["boechat107",6],["aoen",5],["gwax",4],["ashb",7],["fenglu-g",8],["mrkm4ntr",6],["Stibbons",4],["criccomini",10],["NielsZeilemaker",6],["Fokko",13],["ahvigil",4],["TrevorEdwards",4],["MortalViews",4]],"2017-11":[["OpringaoDoTurno",4],["akatrevorjay",5],["bolkedebruin",15],["v-sukt",4],["wileeam",5],["dhuang",4],["yrqls21",4],["RJKeevil",4],["x",4],["albertocalderari",4],["jgao54",10],["ashb",9],["aoen",5],["wolfier",4],["codecov-io",10],["litdeviant",5],["Acehaidrey",4],["criccomini",4],["Stibbons",8],["StephanErb",4],["kaxil",5],["Fokko",10],["moertel",6],["msumit",5],["Tagar",4]],"2017-12":[["fenglu-g",6],["codecov-io",9],["jgao54",7],["dimberman",5],["bolkedebruin",18],["aoen",5],["gwax",5],["ashb",13],["wrp",6],["andyxhadji",5],["kaxil",6],["criccomini",8],["Fokko",9],["TrevorEdwards",9],["prodonjs",6],["grantnicholas",6]],"2018-01":[["aoen",8],["gwax",7],["Stibbons",5],["cmkimerer",5],["dimberman",9],["artwr",4],["kevincvlam",4],["criccomini",7],["codecov-io",8],["cinhil",4],["foxish",6],["NielsZeilemaker",4],["dsdinter",5],["Acehaidrey",5],["akatrevorjay",5],["r39132",4],["bcb",5],["grantnicholas",4],["topedmaria",4],["DanSedov",4],["Fokko",12],["Swalloow",4],["fenglu-g",9],["edgarRd",6],["ethernetdan",5],["jgao54",7],["kaxil",9],["bolkedebruin",10]],"2018-02":[["sreenathkamath",3],["aoen",3],["ms32035",3],["thekashifmalik",7],["artwr",3],["dimberman",3],["sekikn",4],["blinkseb",4],["cjgu",7],["diraol",4],["iansuvak",3],["codecov-io",9],["cmlad",3],["danielvdende",4],["mremes",3],["cinhil",3],["NielsZeilemaker",3],["DannyLee12",4],["ashb",13],["agrajm",3],["kylehayes",3],["CaptainYANG",3],["zack3241",6],["john-bodley",4],["yk5",3],["reidab",5],["AetherUnbound",3],["pingbat",3],["andyxhadji",4],["hyw",3],["Fokko",13],["inytar",4],["Swalloow",3],["fenglu-g",8],["idlecool",3],["edgarRd",4],["bern4rdelli",3],["albertocalderari",3],["jgao54",11],["kaxil",11],["bolkedebruin",8]],"2018-03":[["samschlegel",4],["jinhyukchang",8],["cbandy",5],["Fokko",14],["jpds",4],["codecov-io",9],["artwr",5],["dimberman",4],["ashb",8],["kaxil",7],["sekikn",8],["criccomini",4],["plypaul",4],["saguziel",5],["milanvdm",5],["q2w",4],["albertocalderari",5],["jgao54",11],["johnarnold",5],["yrqls21",5],["mistercrunch",10],["RJKeevil",5],["aoen",5],["bolkedebruin",6],["wongwill86",7],["feng-tao",10],["d3cay1",6]],"2018-04":[["berislavlopac",6],["yrqls21",6],["albertocalderari",4],["jgao54",8],["sekikn",8],["aoen",4],["NielsZeilemaker",8],["piffall",4],["gglanzani",4],["ese",4],["bolkedebruin",13],["feng-tao",9],["mistercrunch",4],["Fokko",18],["johnarnold",6],["wileeam",7],["sebradloff",4],["kaxil",6],["artwr",6],["dimberman",7],["r39132",10],["codecov-io",9],["Tagar",4],["whynick1",6],["OElesin",5],["andy-d",4]],"2018-05":[["rodrigc",7],["imroc",4],["dimberman",10],["artwr",4],["Fokko",17],["Noremac201",4],["saguziel",4],["bnutt",4],["andscoop",4],["gerardo",5],["yrqls21",8],["plypaul",4],["feng-tao",13],["ese",4],["codecov-io",11],["piffall",7],["cloneluke",6],["gglanzani",6],["cclauss",6],["r39132",9],["jgao54",9],["tswast",4],["milton0825",7],["bolkedebruin",10],["tedmiston",4],["ashb",8],["mchalek",4],["msumit",5],["mistercrunch",9],["marcusrehm",4],["kaxil",13],["gsilk",4],["sekikn",9],["berislavlopac",5]],"2018-06":[["jrderuiter",6],["jshvrsn",6],["Noremac201",7],["bolkedebruin",7],["Fokko",14],["kaxil",13],["yrqls21",11],["milton0825",7],["imroc",6],["gglanzani",6],["jgao54",11],["feng-tao",14],["fenglu-g",6],["NielsZeilemaker",6],["msumit",6],["codecov-io",10],["ashb",11],["seelmann",7],["mistercrunch",11],["sekikn",7]],"2018-07":[["troychen728",6],["mistercrunch",5],["sekikn",5],["bolkedebruin",8],["XD-DENG",6],["mishikaSingh",4],["ashb",14],["feng-tao",6],["abdul-stripe",4],["Fokko",10],["yrqls21",4],["marcusrehm",6],["tedmiston",8],["jeffkpayne",4],["night0wl",4],["fenglu-g",6],["tswast",4],["afernandez",7],["gwax",4],["Noremac201",5],["gglanzani",5],["verdan",13],["jrderuiter",5],["kaxil",8],["happyjulie",4],["andscoop",4],["codecov-io",9]],"2018-08":[["Noremac201",5],["gerardo",6],["awelsh93",5],["aoen",5],["feng-tao",14],["yrqls21",8],["Fokko",17],["jakahn",7],["verdan",5],["dimberman",6],["troychen728",9],["ChengzhiZhao",5],["andscoop",6],["betabandido",6],["codecov-io",10],["r39132",7],["YingboWang",5],["fenglu-g",7],["jpds",6],["kaxil",15],["bolkedebruin",10],["XD-DENG",14],["tswast",8],["ashb",14],["tedmiston",10],["andrewmchen",6],["xnuinside",10],["TrevorEdwards",6]],"2018-09":[["codecov-io",10],["ashb",17],["dimberman",6],["ron819",4],["jmcarp",6],["jeffkpayne",7],["seelmann",8],["KevinYang21",13],["ckljohn",4],["ChengzhiZhao",4],["XD-DENG",15],["chronitis",4],["akosel",4],["ubermen",5],["yangaws",6],["odracci",7],["feng-tao",12],["kaxil",20],["danmactough",4],["feluelle",7],["wrp",4],["newtonle",4],["r39132",11],["xnuinside",9],["Fokko",15],["sbilinski",4],["jcao219",4]],"2018-10":[["zackmeso",4],["XD-DENG",12],["bolkedebruin",5],["oelesinsc24",6],["mikemole",6],["ron819",8],["chandulal",4],["sann3",4],["aoen",5],["ashb",25],["jj-ian",4],["exploy",6],["chang",5],["thesquelched",4],["potiuk",5],["brylie",4],["msumit",4],["jgao54",5],["codecov-io",10],["dossett",4],["bkvarda",4],["Gwildor",5],["itscaro",6],["ms32035",4],["KevinYang21",4],["marengaz",4],["phani8996",11],["dima-asana",6],["danmactough",5],["awelsh93",4],["BasPH",10],["sid88in",4],["sprzedwojski",6],["r39132",5],["fenglu-g",5],["kaxil",12],["xnuinside",4],["bart-eijk",4],["Fokko",20],["morgendave",5],["deagon",4],["feluelle",6],["Eronarn",7],["oliviersm199",4],["yangaws",14],["jason-udacity",4],["jmcarp",7],["vardancse",4],["feng-tao",5]],"2018-11":[["phani8996",9],["sprzedwojski",5],["ron819",9],["dlamblin",4],["kaxil",17],["tal181",5],["smithakoduri",4],["BasPH",4],["omusavi",5],["janhicken",4],["feng-tao",7],["feluelle",5],["bkvarda",5],["Fokko",13],["ultrabug",4],["victornoel",5],["jmcarp",7],["smentek",5],["reubenvanammers",4],["vardancse",4],["maver1ck",5],["villasv",4],["ryanyuan",4],["bolkedebruin",6],["XD-DENG",12],["ms32035",4],["potiuk",10],["yangaws",8],["xnuinside",11],["msumit",6],["ckljohn",6],["exploy",6],["codecov-io",10],["ashb",19],["KevinYang21",5]],"2018-12":[["odracci",4],["ron819",6],["seelmann",5],["jmcarp",11],["thomasbrockmeier",4],["potiuk",7],["eladkal",6],["ashb",16],["BasPH",8],["feng-tao",11],["xnuinside",4],["mik-laj",6],["mholtzscher",4],["yohei1126",6],["phoenix24",4],["Fokko",12],["tmiller-msft",6],["dimberman",6],["XD-DENG",12],["ryanyuan",4],["codecov-io",11],["verdan",4],["MarcusSorealheis",4],["oferze",5],["KevinYang21",4],["ffinfo",10],["sprzedwojski",7],["kaxil",19],["dlamblin",5],["jzucker2",4],["feluelle",8],["kppullin",4]],"2019-01":[["ramandumcs",5],["jrderuiter",5],["OmerJog",6],["andyh1203",6],["jmcarp",9],["pingzh",7],["ArgentFalcon",5],["ron819",6],["seelmann",8],["ashb",23],["Mokubyow",5],["dimberman",6],["mik-laj",20],["danabananarama",5],["codecov-io",11],["XD-DENG",16],["bolkedebruin",5],["Fokko",14],["holdenk",5],["elizabethhalper",5],["kaxil",21],["fenglu-g",5],["astahlman",6],["jgao54",6],["Nipica",5],["yohei1126",5],["drewsonne",9],["potiuk",22],["alikemalocalan",6],["zhongjiajie",12],["chaimt",5],["phani8996",5],["verdan",5],["feluelle",10],["ffinfo",10],["BasPH",6],["feng-tao",21]],"2019-02":[["mans2singh",9],["astahlman",12],["ybendana",5],["ryanyuan",9],["XD-DENG",15],["ttanay",7],["sprzedwojski",5],["OmerJog",6],["zhongjiajie",15],["Fokko",13],["mik-laj",21],["RosterIn",5],["kaxil",7],["dmateusp",6],["codecov-io",11],["BasPH",13],["feng-tao",21],["ashb",21],["ffinfo",21],["apraovjr",5],["feluelle",10],["briandconnelly",5],["drewsonne",9],["potiuk",6],["fenglu-g",5],["dima-asana",5],["jmcarp",12],["antonimaciej",6]],"2019-03":[["OmerJog",6],["mik-laj",34],["bryanyang0528",9],["dchaplinsky",6],["potiuk",25],["ffinfo",11],["cixuuz",6],["jmcarp",11],["Fokko",15],["vsoch",7],["feng-tao",19],["galuszkak",9],["feluelle",11],["codecov-io",12],["dmateusp",6],["dimberman",8],["astahlman",7],["BasPH",8],["ramandumcs",6],["davlum",6],["ashb",37],["mans2singh",8],["kaxil",11],["milton0825",16],["zhongjiajie",18],["kani5hk",6],["ttanay",6],["jrderuiter",6],["nritholtz",9],["r39132",6],["ryanyuan",6],["XD-DENG",20],["pgagnon",8]],"2019-04":[["OmerJog",7],["jmcarp",7],["kunalyogenshah",5],["Tomme",8],["bryanyang0528",5],["leahecole",5],["milton0825",18],["marcusianlevine",5],["potiuk",18],["drewsonne",5],["Orpheuz",6],["kaxil",19],["RosterIn",7],["Fokko",14],["benbenbang",6],["KevinYang21",7],["zhongjiajie",11],["BasPH",10],["antonimaciej",7],["andriisoldatenko",7],["nritholtz",7],["ashb",27],["feluelle",13],["ryanyuan",6],["XD-DENG",13],["codecov-io",12],["feng-tao",13],["gseva",5],["dimberman",5],["mans2singh",9],["sumous",5],["mik-laj",17],["kurtqq",5]],"2019-05":[["omusavi",5],["suensummit",4],["raviagarwalunravel",10],["JCoder01",4],["nurikk",4],["kurtqq",4],["shibataka000",4],["mik-laj",12],["Fokko",4],["codecov-io",11],["RosterIn",4],["kani5hk",4],["mrshu",5],["DanSedov",4],["fenglu-g",4],["zhongjiajie",11],["ramandumcs",4],["karan5291",4],["kunalyogenshah",7],["XD-DENG",7],["bolkedebruin",7],["kaxil",8],["galak75",4],["Eronarn",4],["Trollgeir",4],["guptakumartanuj",5],["curiousjazz77",4],["ashb",18],["dossett",5],["aoen",5],["KevinYang21",8],["andriisoldatenko",7],["serkef",4],["feng-tao",7],["BasPH",15],["milton0825",16],["youngyjd",5],["chrismclennon",4],["feluelle",7],["chronitis",4],["dimberman",7],["deodeveloper",5],["andrewhharmon",5],["OmerJog",9],["pgagnon",5],["potiuk",16],["jmcarp",5],["alejandrounravel",7]],"2019-06":[["codecov-io",11],["chrismclennon",4],["kaxil",9],["pgagnon",11],["milton0825",11],["feng-tao",7],["kurtqq",5],["XD-DENG",8],["Doncode",4],["kpathak13",7],["raphaelauv",5],["OmerJog",7],["mik-laj",18],["mppetkov",4],["george-miller",4],["gerardo",5],["andriisoldatenko",5],["guptakumartanuj",4],["Fokko",12],["tiopi",7],["jmcarp",7],["cjsekl",4],["BasPH",12],["akki",5],["feluelle",4],["mcw0933",4],["dimberman",5],["zhongjiajie",7],["Jagankmr3",5],["dossett",7],["ashb",27],["villasv",4],["haoliang7",4],["dstandish",12],["potiuk",20],["andrewhharmon",4],["nuclearpinguin",8],["Sinsin1367",5],["KevinYang21",4],["eladkal",5],["Trollgeir",5]],"2019-07":[["Trollgeir",6],["OmerJog",6],["mik-laj",22],["AetherUnbound",6],["msumit",6],["potiuk",26],["ybendana",6],["jaketf",7],["eladkal",9],["KevinYang21",7],["jmcarp",9],["raviagarwalunravel",6],["Fokko",10],["nuclearpinguin",10],["tiopi",6],["feluelle",11],["codecov-io",9],["akki",6],["houqp",7],["dimberman",7],["andriisoldatenko",8],["BasPH",11],["ashb",30],["milton0825",9],["zhongjiajie",6],["serkef",7],["eeshugerman",6],["XD-DENG",7],["ryanyuan",10],["aoen",6],["coufon",8],["pgagnon",10]],"2019-08":[["swiftomkar",5],["zacharya19",5],["kaxil",25],["houqp",9],["tiopi",5],["jml",6],["darrenleeweber",6],["ashb",27],["mik-laj",30],["TV4Fun",5],["StevenReitsma",5],["ryanyuan",6],["BasPH",11],["coopergillan",5],["feluelle",15],["benjamingrenier",6],["tkaymak",5],["iainjames88",6],["Fokko",11],["milton0825",11],["rolanddb",5],["coufon",14],["feng-tao",5],["dstandish",5],["ryw",7],["nuclearpinguin",21],["marengaz",6],["hagope",6],["dimberman",10],["potiuk",25]],"2019-09":[["TobKed",15],["meftasadat",4],["alexellis",5],["tiopi",6],["milton0825",4],["feng-tao",7],["feluelle",17],["mschickensoup",8],["OmerJog",4],["InigoSJ",4],["mikedias",6],["seelmann",4],["Khrol",5],["jaketf",6],["XD-DENG",5],["ryanyuan",5],["dstandish",7],["nuclearpinguin",16],["mohannadbanayosi",6],["sjmiller609",5],["qlemaire22",4],["eladkal",7],["dimberman",5],["LucasMMota",4],["yuqian90",4],["adankro",4],["potiuk",22],["bharathpalaksha",7],["pingzh",7],["KevinYang21",7],["ashb",21],["kaxil",14],["robinedwards",4],["BasPH",6],["icyfox-bupt",5],["gerardo",7],["haoliang7",5],["tkaymak",4],["dossett",4],["Fokko",8],["mrshu",4],["benjamingrenier",4],["codecov-io",11],["mik-laj",31],["jghoman",4],["alrolorojas",4]],"2019-10":[["houqp",6],["kaxil",19],["codecov-io",14],["Tagar",6],["jaketf",9],["JonnyIncognito",8],["yegeniy",8],["nuclearpinguin",14],["efolgar",8],["ToxaZ",6],["davlum",7],["TobKed",14],["milton0825",9],["leahecole",7],["mik-laj",30],["kpathak13",6],["OmerJog",7],["ashb",30],["Fokko",14],["dimberman",10],["BasPH",8],["blcksrx",6],["sekikn",6],["mschickensoup",9],["feluelle",20],["lucacavazzana",6],["KKcorps",8],["michalslowikowski00",10],["efedotova",7],["dstandish",12],["potiuk",22],["shaikshakeel",6],["mingrammer",11]],"2019-11":[["drexpp",5],["tfindlay-au",7],["acroos",5],["KKcorps",7],["BasPH",5],["feng-tao",5],["codecov-io",12],["houqp",11],["nuclearpinguin",15],["ddelange",5],["ratb3rt",8],["bolkedebruin",10],["XD-DENG",7],["kaxil",25],["pgagnon",5],["zhongjiajie",9],["msumit",5],["tfindlay-tw",5],["RosterIn",5],["mingrammer",5],["mik-laj",25],["OmerJog",9],["Fokko",5],["feluelle",21],["amichai07",6],["baolsen",7],["kik-kik",5],["TobKed",10],["milton0825",5],["potiuk",35],["blcksrx",7],["zacharya19",9],["akki",7],["ashb",26],["darrenleeweber",5]],"2019-12":[["msumit",7],["davlum",8],["michalslowikowski00",10],["potiuk",31],["ashb",32],["codecov-io",14],["robinedwards",8],["dimberman",10],["dazza-codes",13],["kaxil",22],["xinbinhuang",9],["OmerJog",7],["phstudy",7],["feluelle",11],["zhongjiajie",11],["aviemzur",8],["yuqian90",7],["tooptoop4",12],["TobKed",10],["dstandish",11],["mik-laj",27],["nuclearpinguin",25],["baolsen",14],["XD-DENG",8]],"2020-01":[["zhongjiajie",13],["yuqian90",11],["kaxil",29],["shaikshakeel",9],["michalslowikowski00",10],["sarutak",12],["nuclearpinguin",25],["potiuk",29],["ashb",24],["vsoch",11],["dazza-codes",8],["roitvt",8],["larryzhu2018",10],["TobKed",8],["lucafuji",9],["xinbinhuang",11],["aviemzur",8],["baolsen",9],["codecov-io",14],["lokeshlal",8],["feluelle",17],["mik-laj",34],["dimberman",8],["ohadmata",8],["tooptoop4",17],["dstandish",12]],"2020-02":[["Fokko",12],["anitakar",11],["madison-ookla",6],["dhegberg",6],["shcherbin",6],["jstern",7],["msb217",6],["vsoch",7],["baolsen",10],["zhongjiajie",10],["kaxil",27],["eladkal",8],["nuclearpinguin",23],["chandulal",6],["saguziel",7],["roitvt",6],["BasPH",7],["coopergillan",6],["codecov-io",13],["peter-volkov",6],["ryw",6],["JavierLopezT",6],["mik-laj",30],["blcksrx",8],["ad-m",10],["yuqian90",11],["potiuk",31],["dimberman",6],["jithin97",7],["ashb",37],["houqp",9],["AlexandrKhabarov",6],["feluelle",25]],"2020-03":[["retornam",7],["xinbinhuang",10],["anitakar",9],["ephraimbuddy",11],["dstandish",11],["OmairK",6],["baolsen",8],["zeroam",7],["zhongjiajie",20],["kaxil",35],["turbaszek",29],["michalslowikowski00",15],["jmcarp",6],["swiftomkar",8],["roitvt",9],["BasPH",7],["codecov-io",12],["mik-laj",35],["potiuk",34],["mustafagok",7],["dimberman",15],["ashb",27],["houqp",6],["feluelle",16]],"2020-04":[["TeddyHartanto",5],["milton0825",5],["zhongjiajie",17],["resdevd",4],["jonathanshir",4],["buhuipao",4],["dlamblin",4],["kaxil",31],["BasPH",10],["michalslowikowski00",9],["nadflinn",4],["dinigo",4],["KevinKobi",4],["turbaszek",26],["potiuk",35],["boittega",5],["ashb",28],["ephraimbuddy",6],["kennknowles",4],["olchas",5],["ryanahamilton",11],["CodingJonas",5],["seanxwzhang",4],["jloehel",4],["eladkal",5],["jhtimmins",4],["iamshwin",5],["belidzs",4],["dimonchik-suvorov",4],["aaltay",10],["whynick1",5],["KostyaEsmukov",5],["jstern",4],["RosterIn",5],["aamangeldi",4],["joppevos",6],["houqp",8],["casassg",5],["edejong",4],["abdulbasitds",6],["dhuang",5],["lindsable",4],["oripwk",6],["jcarless",5],["XD-DENG",7],["xinbinhuang",7],["wkhudgins92",5],["maganaluis",5],["rcjsuen",4],["roelhogervorst",6],["zachliu",5],["curiousjazz77",4],["retornam",5],["aaronfowles",4],["mustafagok",6],["brandonwillard",6],["codecov-io",8],["lokeshlal",5],["jeffolsi",5],["feluelle",19],["haoliang7",4],["mik-laj",36],["randr97",9],["j-y-matsubara",4],["Fokko",5],["dimberman",12],["YingboWang",4],["brokenjacobs",5],["alexandraabbas",4],["ryw",5],["jmcarp",5],["tooptoop4",6],["dstandish",6],["catalin0608",4],["alexandrecaze",6],["rabsr",4],["khyurri",6]],"2020-05":[["thesuperzapper",4],["crazy-2020",5],["Fokko",5],["anitakar",5],["jaketf",11],["xinbinhuang",9],["jeffolsi",4],["ephraimbuddy",7],["olchas",6],["timhealz",4],["mdediana",5],["aoen",7],["dferguson992",4],["jhtimmins",11],["Milchdealer",4],["zhongjiajie",6],["aneesh-joseph",6],["realradical",6],["fuyi",4],["jonathanshir",8],["milton0825",5],["kaxil",31],["ddelange",5],["eladkal",6],["seanxwzhang",6],["ywan2017",4],["abdulbasitds",6],["turbaszek",27],["michalslowikowski00",7],["evgenyshulman",6],["nadflinn",6],["dsaiztc",6],["tanjinP",8],["JeffryMAC",4],["casassg",12],["klsnreddy",4],["NBardelot",4],["randr97",8],["PeWu",4],["TeddyHartanto",7],["RosterIn",4],["BasPH",7],["samuelkhtu",8],["Khrol",4],["chamcca",8],["peter-volkov",4],["Acehaidrey",9],["Moress",4],["ryanyuan",5],["XD-DENG",9],["Sinsin1367",5],["JavierLopezT",5],["mik-laj",39],["mikaeld",4],["ad-m",4],["yuqian90",5],["potiuk",30],["mustafagok",9],["VijayantSoni",5],["dimberman",12],["j-y-matsubara",7],["gdevanla",4],["JavierLTPromofarma",4],["wittfabian",5],["boittega",5],["ashb",40],["schnie",4],["simond",5],["serkef",7],["joppevos",7],["houqp",8],["feluelle",19],["ibzib",4],["chrismclennon",4]],"2020-06":[["OmairK",15],["mustafagok",4],["Acehaidrey",6],["Udit107710",5],["jkbngl",4],["turbaszek",23],["mik-laj",44],["JavierLopezT",5],["mikaelfr",7],["ipeluffo",5],["JeffryMAC",4],["schnie",5],["randr97",6],["dstandish",5],["ivan-afonichkin",4],["jhtimmins",7],["TobKed",4],["casassg",10],["mdediana",7],["svetli-n",5],["vanka56",7],["kaxil",32],["efolgar",4],["fuyi",4],["zikun",10],["j-y-matsubara",5],["eeshugerman",4],["VinayGb665",6],["yuqian90",4],["akki",5],["ashb",31],["takunnithan",4],["nullhack",8],["Marloxo",6],["ephraimbuddy",27],["dimberman",10],["CodingJonas",4],["houqp",13],["samuelkhtu",7],["chipmyersjr",4],["thesuperzapper",6],["kanga333",7],["xinbinhuang",4],["jaketf",4],["SamWheating",4],["potiuk",32],["liuyonghengheng",5],["feluelle",18],["eladkal",4],["afsalabdup",4],["ad-m",4],["Khrol",5],["egibbm",5],["milton0825",5],["aneesh-joseph",10],["benbenbang",4]],"2020-07":[["liuyonghengheng",6],["retornam",5],["Fokko",4],["jaketf",6],["ephraimbuddy",16],["olchas",7],["ashwinshankar77",4],["ipeluffo",4],["vsimon",5],["takunnithan",6],["VinayGb665",5],["timhealz",4],["wolvery",4],["mdediana",5],["subkanthi",6],["OmairK",9],["scrambldchannel",7],["Milchdealer",4],["jhtimmins",9],["vlasvlasvlas",4],["anikarni",4],["zhongjiajie",5],["aneesh-joseph",9],["milton0825",7],["elwinarens",6],["kaxil",32],["bbenzikry",4],["royberkoweee",5],["rootcss",9],["nathadfield",7],["morrme",8],["turbaszek",29],["alexbegg",5],["tanjinP",4],["JeffryMAC",4],["casassg",4],["albertocalderari",6],["hit-lacus",5],["vuppalli",7],["MagicTurtle2203",4],["TobKed",6],["pingzh",5],["Unit03",6],["muscovitebob",4],["Swalloow",5],["chipmyersjr",7],["coopergillan",9],["kenjihiraoka",5],["thepabloaguilar",5],["pcandoalmeida",4],["darwinyip",4],["szczeles",4],["Acehaidrey",4],["tambulkar",4],["zhbdesign",5],["mik-laj",34],["waleedsamy",4],["guptamyr",10],["utkarsharma2",5],["ad-m",6],["vanka56",6],["potiuk",26],["manesioz",4],["jayrumi",4],["VijayantSoni",5],["dimberman",8],["YingboWang",5],["liuandy",4],["zikun",8],["j-y-matsubara",8],["ashb",18],["dossett",6],["houqp",8],["cjsekl",7],["feluelle",19],["tatiana",4]],"2020-08":[["gmontanola",4],["yesemsanthoshkumar",9],["bbenzikry",4],["mjpieters",4],["mhenc",7],["rootcss",8],["ozw1z5rd",4],["atsalolikhin-spokeo",5],["jpmarques66",8],["sanjana1604",4],["JavierLopezT",4],["codecov-commenter",4],["pingzh",5],["Craig-Chatfield",4],["ashb",6],["jedcunningham",4],["dewaldabrie",4],["ljb7977",4],["michalslowikowski00",16],["selvamshan",4],["JeffryMAC",5],["coopergillan",14],["zikun",4],["j-y-matsubara",4],["pcandoalmeida",7],["OmairK",6],["kubatyszko",4],["flvndh",4],["utkarsharma2",9],["dstandish",6],["alexbegg",6],["chipmyersjr",4],["gardnerdev",7],["yuqian90",8],["kaxil",31],["aneesh-joseph",4],["turbaszek",26],["mik-laj",38],["dimberman",12],["anitakar",4],["jaketf",8],["ryanyuan",5],["XD-DENG",6],["houqp",12],["ryanahamilton",4],["eyalzek",4],["ephraimbuddy",11],["casassg",6],["LeonY1",4],["potiuk",36],["VijayantSoni",6],["FloChehab",6],["bryzgaloff",5],["ryw",8],["caddac",7],["Hasan-J",4],["vikramkoka",7],["YingboWang",9],["ipeluffo",5],["olchas",7],["varundhussa",4],["feluelle",14],["eladkal",5],["kumargauravin",5],["jhtimmins",8],["AndersonReyes",6]],"2020-09":[["Shivarp1",4],["varundhussa",5],["OmairK",6],["baolsen",6],["jhtimmins",10],["rafaelpierre",5],["antoniocali",4],["kaxil",34],["JavierLopezT",5],["mik-laj",27],["olchas",9],["joshi95",5],["pcandoalmeida",11],["MateuszKukiela",4],["jbampton",4],["ryanahamilton",9],["flvndh",5],["iadi7ya",4],["chrismclennon",4],["chipmyersjr",6],["michalslowikowski00",16],["eladkal",5],["rootcss",6],["faihegberg",4],["mickaelgervais",4],["chattarajoy",4],["JeffryMAC",5],["FloChehab",4],["ryanyuan",6],["harrisjoseph",4],["andreaspeters",5],["XD-DENG",14],["Adil-Ibragimov",5],["NadimYounes",5],["Sangarshanan",7],["TobKed",9],["ryw",9],["lattwood",4],["brian-lavery",4],["francescomucio",10],["mjpieters",6],["appunni-dishq",4],["alexbegg",5],["darwinyip",4],["daemon-demon",4],["mlgruby",10],["FHoffmannCode",13],["zoomzoomTnT",6],["abhilash1in",7],["aranjanthakur",4],["SalAlba",8],["feluelle",15],["pingzh",6],["ashb",29],["ecerulm",4],["maiorBoltach",4],["dimberman",21],["dyon78",6],["coopergillan",5],["yuqian90",10],["RosterIn",4],["tszerszen",6],["msumit",5],["ephraimbuddy",11],["turbaszek",37],["houqp",10],["jedcunningham",7],["KevinYang21",4],["potiuk",33],["sergioesca4",4],["jaketf",8]],"2020-10":[["zacharya19",5],["kaxil",39],["turbaszek",31],["yuqian90",6],["shivanshs9",8],["tooptoop4",6],["kukigai",7],["potix2",12],["RaviTezu",6],["ryw",7],["nathadfield",5],["olchas",5],["ephraimbuddy",9],["jhtimmins",12],["davido912",5],["ashmeet13",7],["eladkal",6],["ivica-k",7],["yangrong688",5],["jmcarp",6],["mlgruby",10],["sergioesca4",5],["gigkokman",5],["mcepok",5],["potiuk",43],["kishvanchee",7],["vikramkoka",8],["szn",5],["michalslowikowski00",6],["paolaperaza",8],["BhuviTheDataGuy",5],["FloChehab",8],["kurtqq",5],["dimberman",17],["francescomucio",8],["michalmisiewicz",9],["ryanahamilton",16],["mjpieters",11],["feluelle",13],["andreaspeters",7],["XD-DENG",8],["FHoffmannCode",8],["fhoda",5],["RosterIn",5],["rynmccrmck",5],["mik-laj",34],["brian-lavery",5],["ktrueda",7],["msumit",7],["casassg",9],["houqp",5],["TobKed",14],["ashb",40],["jbampton",9],["JavierLopezT",6],["vshshjn7",5],["scrdest",5],["rootcss",6],["iadi7ya",5],["flvndh",5],["pingzh",5],["pcandoalmeida",8]],"2020-11":[["michalmisiewicz",6],["highfly22",4],["rootcss",7],["vikramkoka",6],["dferguson992",5],["baxievski",5],["mpolatcan",4],["hsnprsd",6],["raphaelauv",4],["fhoda",5],["dsynkov",5],["szn",5],["jhtimmins",7],["VBhojawala",8],["jfmolano",4],["Hasan-J",4],["Dr-Denzy",7],["AndersonReyes",4],["jedcunningham",4],["houqp",8],["turbaszek",30],["eladkal",9],["xinbinhuang",5],["andreaspeters",7],["XD-DENG",23],["FloChehab",6],["kaxil",37],["davido912",5],["petedejoy",5],["yuqian90",6],["Acehaidrey",4],["ryanahamilton",13],["szczeles",4],["tomasfarias",6],["honarkhah",5],["di1eep",4],["RosterIn",5],["maroshmka",4],["aaltay",6],["jbampton",11],["brighton1101",4],["mik-laj",32],["ephraimbuddy",11],["Zedmor",5],["casassg",6],["nathadfield",5],["feluelle",8],["ashmeet13",6],["dimberman",13],["ecerulm",6],["patchandpray",4],["JavierLopezT",7],["ibzib",6],["jmcarp",6],["baolsen",5],["kukigai",7],["mjpieters",10],["TobKed",11],["leahecole",4],["potiuk",43],["michalslowikowski00",7],["blcksrx",4],["sekikn",5],["ryw",6],["anirudhbagri",5],["mtraynham",4],["ashb",41]],"2020-12":[["GuillaumeDesforges",4],["eladkal",8],["cris-b",4],["feluelle",5],["turbaszek",19],["andreaspeters",4],["XD-DENG",19],["ashb",35],["jao6693",4],["jhtimmins",7],["DreamPearl",5],["jbampton",8],["AmarEL",6],["aaltay",6],["ernest-kr",4],["dimberman",11],["TobKed",8],["oferze",4],["rmanvar-indeed",4],["michalslowikowski00",4],["owlphi",6],["nic314",4],["kubatyszko",4],["Nick-0723",4],["alokshenoy",4],["tuanchris",4],["danielenricocahall",5],["dstandish",15],["xinbinhuang",6],["debodirno",5],["flavio-assis",4],["RosterIn",6],["ms32035",4],["weldpua2008",6],["rkh-hash",4],["mik-laj",31],["potiuk",43],["kaxil",30],["houqp",10],["ecerulm",8],["vikramkoka",10],["VBhojawala",4],["KevYuen",5],["ryanahamilton",8],["jsmodic",4],["JavierLopezT",5],["htgeis",4],["SamWheating",7],["whatnick",4],["ryw",6],["mschmo",5],["jmcarp",4],["RikHeijdens",8],["yuqian90",5],["r-richmond",4],["otourzan",4],["ephraimbuddy",6],["siddartha-ravichandran",5],["aqua7regia",4],["casassg",5],["SevakAvet",4],["subkanthi",4],["marshall7m",4],["triptec",5],["Dr-Denzy",5],["soltanianalytics",4],["shivanshs9",4],["rootcss",4],["JCoder01",5],["madison-ookla",7]],"2021-01":[["RosterIn",7],["Junnplus",12],["FloChehab",7],["weldpua2008",4],["jedcunningham",5],["jmcarp",6],["olchas",4],["houqp",8],["ashb",21],["xinbinhuang",6],["AlexeySanko",4],["gardnerdev",6],["soltanianalytics",8],["levahim",5],["ryanahamilton",7],["yogyang",5],["dimberman",8],["jsmodic",4],["jyotidhiman0610",5],["marshall7m",7],["sekikn",4],["Swalloow",5],["aaltay",5],["AmarEL",5],["tandelDipak",4],["jhtimmins",7],["doowhtron",5],["eladkal",7],["DreamPearl",4],["hedrickw",4],["madison-ookla",9],["ephraimbuddy",6],["cccs-cat001",4],["bbovenzi",4],["jmelot",4],["VBhojawala",9],["imamdigmi",4],["XD-DENG",12],["andreaspeters",4],["trowdan",4],["feluelle",13],["vemikhaylov",6],["andriisoldatenko",4],["drago-f5a",5],["kaxil",35],["turbaszek",20],["adilkhash",4],["terekete",4],["ashmeet13",4],["mik-laj",30],["andrzejsydor",4],["AlessioM",6],["tolkjen",6],["RNHTTR",5],["SamWheating",5],["subkanthi",5],["seybi87",4],["mattluudo",5],["ecerulm",5],["kurtqq",4],["JavierLopezT",7],["Dr-Denzy",7],["baxievski",4],["Aakcht",4],["noelmcloughlin",4],["potiuk",36],["dstandish",11],["griffincosgrove",7],["smowden",4],["Dundo777",4],["leahecole",4],["yuqian90",6],["YingyingPeng22",5],["TobKed",17],["vikramkoka",8]],"2021-02":[["turbaszek",23],["everglory99",3],["kaxil",29],["SamWheating",7],["RNHTTR",8],["RikHeijdens",4],["jmcarp",3],["brighton1101",3],["leahecole",6],["flvndh",3],["JPonte",6],["MaxTaggart",4],["jbampton",7],["dimberman",9],["davidcaron",5],["uma66",5],["wolvery",6],["DerekHeldtWerle",5],["eladkal",10],["eejbyfeldt",3],["subashcanapathy",3],["brunobastosg",3],["HansBambel",3],["XD-DENG",13],["ryanyuan",3],["sarahamilton",5],["orige",3],["fuxiao224",3],["radim94",5],["davidshay",3],["Abhik1998",3],["millin",3],["thesuperzapper",3],["andygarfield",3],["ccage-simp",3],["bperson",4],["Gabriel39",3],["vikramcse",3],["sherifabdlnaby",3],["dimonchik-suvorov",3],["yjwong",3],["ferruzzi",5],["yuqian90",8],["zkan",3],["fjmacagno",3],["pgillet",4],["DreamyWen",3],["feluelle",3],["TheRum",3],["mik-laj",19],["edikmkoyan",3],["heeroyuy925",4],["haard",3],["aviau",3],["alexInhert",3],["naturalett",3],["ecerulm",6],["stubs",3],["jyotidhiman0610",5],["sfc-gh-jpotiuk",3],["thundergolfer",3],["soumilshah1995",3],["bbovenzi",7],["luup2k",3],["lisovskey",3],["ConstantinoSchillebeeckx",4],["sschaetz",5],["jpyen",4],["AratiNagmal",3],["paulvic",4],["chrisrfu",3],["palerdot",3],["adilkhash",4],["rg2609",3],["vemikhaylov",5],["iameugenejo",3],["VBhojawala",7],["FHoffmannCode",3],["levahim",3],["jwitz",5],["arbass22",3],["jonasrla",3],["DRavikanth",3],["zachliu",6],["zlhsmfj",3],["Aakcht",3],["blcksrx",3],["ryanahamilton",8],["vikramkoka",10],["huaerheima",3],["stoiandl",3],["ayushchauhan0811",4],["Khrol",5],["RosterIn",9],["FloChehab",6],["yohei1126",3],["mzaforas",4],["ephraimbuddy",16],["JavierLopezT",6],["gdevanla",3],["jlcoto",3],["rachael-ds",7],["mtahakhan",3],["Junnplus",10],["HaloKo4",4],["jnq",3],["sakaia",3],["alittlesliceoftom",3],["tooptoop4",4],["Abdur-rahmaanJ",6],["jedcunningham",7],["r-richmond",4],["cmarteepants",3],["marcosmarxm",5],["piffall",4],["debugger22",3],["morrme",4],["anushkrishnav",4],["ashb",25],["pchtsp",4],["anilkulkarni87",4],["casassg",3],["DougForrest",3],["heyfavour",3],["Dr-Denzy",6],["dave-philp",4],["TobKed",6],["Jake-Gillberg",3],["totogo",3],["potiuk",26],["markhopson",6],["gitzhuyongfu",3],["dstandish",18],["criccomini",3],["xinbinhuang",8],["cris-b",5],["Scuall1992",9],["digitalsimboja",5],["zappallot",3],["Swalloow",3],["kurtqq",3],["nmyk",3],["YangMuye",5],["alanwu4321",3],["cccs-seb",3],["ajbosco",3],["o-nikolas",4],["jhtimmins",11]],"2021-03":[["Avinashreddy29",3],["marcosmarxm",13],["dsynkov",3],["sshah90",3],["suiting-young",8],["loustler",4],["zachliu",4],["suxin1995",3],["Abhik1998",3],["nttdriva",4],["mcarbajo",3],["DerekHeldtWerle",4],["eladkal",8],["markhopson",4],["akrava",3],["potiuk",26],["larsjeh",3],["BasPH",5],["dstandish",17],["JCoder01",4],["cccs-cat001",3],["ephraimbuddy",18],["lordozb",3],["kapopken",7],["Davide95",3],["vemikhaylov",5],["Dr-Denzy",5],["dungdm93",5],["flvndh",5],["Visya",3],["gopalakrishnanu",3],["berksudan",3],["scouvreur",4],["pgillet",4],["JiHyeongSeo",3],["jscheffl",4],["danarwix",6],["jagusztinl",4],["bbovenzi",14],["doughepi",3],["SamWheating",5],["RNHTTR",7],["digitalsimboja",4],["sunkickr",7],["yacine-del",3],["marclamberti",3],["auvipy",3],["madden1706",3],["davlum",3],["leonsmith",6],["JavierLopezT",8],["ShawnMcGough",3],["haard",4],["yuqian90",3],["jmelot",7],["Abdur-rahmaanJ",6],["fhoda",4],["uranusjr",15],["kaxil",28],["akki",3],["andreaspeters",4],["XD-DENG",14],["ngaranko",4],["vineethguna",3],["FredericoCoelhoNunes",3],["shivanshs9",3],["ConstantinoSchillebeeckx",4],["houqp",5],["jlaneve",3],["TobKed",5],["tomasfarias",5],["wolfier",4],["Aakcht",3],["andrewelkins",3],["ryanahamilton",17],["msumit",5],["mcepok",6],["thekiai",4],["ecerulm",6],["CalRobert",3],["Narendra-Neerukonda",3],["tpilewicz",3],["sfc-gh-kbregula",3],["atrbgithub",3],["raphaelauv",4],["mik-laj",20],["jakubgs",3],["RosterIn",7],["turbaszek",15],["mikelese",3],["saurabhladhe",3],["jedcunningham",11],["mzaforas",3],["andrewgodwin",4],["dkinzer",3],["jbampton",5],["ganesancit",3],["ankitdobhal",4],["szczeles",3],["ms32035",4],["kenfinster",4],["sschaetz",3],["dimberman",15],["kaustubhharapanahalli",3],["sserdyukov",3],["aneesh-joseph",5],["bblommers",3],["kosteev",3],["anitakar",3],["xinbinhuang",8],["Goodkat",3],["Junnplus",3],["vikramkoka",5],["fjmacagno",3],["ianstanton",4],["ZhukovAlexander",3],["kurtqq",4],["jhtimmins",9],["ericpp",9],["mrpowerus",3],["jmcarp",4],["cccs-seb",4],["ashb",34],["himabindu07",3],["gmcrocetti",3]],"2021-04":[["alexInhert",4],["ByPort",3],["FloChehab",5],["kaxil",32],["SamWheating",6],["RNHTTR",4],["JavierLopezT",4],["Dr-Denzy",5],["ShakaibKhan",3],["pgagnon",3],["marcusianlevine",4],["fedeizzo",3],["yangrong688",3],["tswast",4],["leahecole",3],["bbovenzi",8],["wolfier",9],["ctimbreza",3],["antonaut",3],["zorzigio",3],["mobuchowski",5],["wongelz",3],["ianstanton",6],["ginevragaudioso",5],["jmelot",3],["AlabamaYarrow",3],["XD-DENG",8],["RosterIn",3],["CoburnJoe",3],["malthe",4],["josh-fell",7],["YuDorogov",3],["natanweinberger",5],["CelastrinaLadon",3],["anatoly-soldatov",3],["zarrarrana",3],["igorpejic",3],["davlum",4],["mik-laj",20],["thejens",9],["Nidhoggur1993",3],["kentdanas",3],["dinigo",3],["Tonkonozhenko",3],["jkmalek",3],["SangwanP",3],["uranusjr",18],["jagusztinl",3],["levyitay",3],["iremonur",3],["sunkickr",10],["pgzmnk",3],["trollhe",3],["suiting-young",5],["bperson",3],["gvazharov",3],["stephsamson",3],["ngaranko",3],["ephraimbuddy",15],["mrpowerus",3],["yuqian90",6],["matttattoli",4],["pelaprat",3],["jkugiya",3],["Goodkat",5],["zhzhang",4],["houqp",5],["jlaneve",3],["jedcunningham",20],["bryce-lewis",3],["iwanbolzern",3],["akki",4],["saveriogzz",4],["laurikoobas",3],["darshan-majithiya",4],["feluelle",4],["MatthewRBruce",4],["jhtimmins",9],["r-richmond",3],["BenoitHanotte",5],["dimberman",13],["lukas-at-harren",3],["itroulli",7],["subkanthi",3],["EunSeop",3],["ashb",20],["quoc-t-le",4],["odajun",3],["blcksrx",5],["vikramkoka",3],["pateash",7],["aneesh-joseph",7],["vikramcse",5],["szachovy",3],["millin",6],["patsevanton",5],["andrewgodwin",10],["zachliu",5],["kakarukeys",3],["xinbinhuang",14],["dstandish",12],["codenamestif",5],["potiuk",26],["jsemric",4],["pablo-menhir",3],["turbaszek",9],["dungdm93",3],["jacobhjkim",5],["ms32035",5],["ryanahamilton",7],["DerekHeldtWerle",7],["eladkal",14],["marcosmarxm",10],["cadet354",3]],"2021-05":[["hafid-d",4],["potiuk",31],["natanweinberger",9],["dstandish",7],["ryanahamilton",9],["ephraimbuddy",13],["eladkal",11],["MarkusTeufelberger",4],["satishmittal111",4],["jmelot",6],["msumit",8],["khilawar4",6],["o-nikolas",6],["jhtimmins",13],["paolaperaza",4],["codenamestif",4],["jbampton",7],["zachliu",4],["nlecoy",4],["monti-python",5],["turbaszek",6],["Junnplus",9],["ferruzzi",5],["Dr-Denzy",7],["wolfier",7],["vikramcse",5],["jedcunningham",19],["BKronenbitter",4],["boittega",5],["ashb",36],["bbovenzi",12],["amatellanes",4],["yuqian90",7],["maryampashmi",4],["freget",4],["MatrixManAtYrService",5],["jlaneve",5],["ysk24ok",4],["mik-laj",15],["JavierLopezT",6],["feluelle",4],["pateash",7],["aneesh-joseph",9],["andormarkus",6],["fredthomsen",5],["vikramkoka",5],["XD-DENG",6],["levyitay",4],["andrewgodwin",11],["xinbinhuang",8],["rahulraina7",4],["Isaacwhyuenac",5],["SamWheating",4],["sunkickr",4],["casra-developers",8],["uranusjr",21],["tegardp",4],["flolas",7],["jpyen",4],["yoshichulo",4],["RosterIn",4],["sighingnow",4],["dimberman",4],["enisnazif",4],["kaxil",28],["Visya",5],["Sanchit112",5],["malthe",7],["mrbaguvix",5]],"2021-06":[["jorgeac12",3],["yyhecust",5],["bbovenzi",10],["LukeHong",5],["sfc-gh-madkins",4],["dstandish",5],["Richiecakes",3],["paantya",5],["WhiteHotLoveTiger",3],["XD-DENG",4],["robertsaxby",3],["santhoshhpe",3],["alexbonella",4],["walf443",3],["anirudhbagri",3],["Sanchit112",6],["sakirepallisrivamsi",3],["ciancolo",4],["GergelyKalmar",3],["baolsen",7],["SamWheating",5],["Visya",4],["dnskr",5],["ernest-kr",3],["SamiRehmanNostra",3],["freget",4],["vincyf1",3],["pateash",4],["aneesh-joseph",3],["liuxhit",3],["zorzigio",3],["raajpackt",3],["andrewgodwin",5],["ts-co",3],["pmalafosse",3],["lidalei",4],["fhoda",3],["msumit",11],["SimonOsipov",4],["anitakar",6],["AliMuhammadOfficial",4],["xinbinhuang",7],["ephraimbuddy",20],["luoyuliuyin",3],["penggongkui",5],["kushsharma",3],["yashbaldawa-okta",3],["casra-developers",7],["j143",4],["turbaszek",8],["buxizhizhoum",7],["kaxil",25],["lehmann",3],["michalc",3],["kurtqq",4],["dan-origami",3],["zhangyi-hu",5],["yupbank",3],["mmenarguezpear",4],["timgriffiths",3],["Goodkat",3],["eladkal",12],["Patil2099",3],["potiuk",31],["sollozzo2",4],["kosteev",4],["alexInhert",3],["dacort",3],["ekarsten",3],["saurasingh",3],["huozhanfeng",4],["bperson",3],["natanweinberger",4],["josh-fell",6],["merwan",3],["pgagnon",5],["JavierLopezT",4],["mik-laj",18],["gunplun",3],["TAKEDA-Takashi",3],["coolacid",3],["Jorricks",8],["ecerulm",13],["codenamestif",3],["yuqian90",6],["almogtavor",3],["peschue",3],["cvsekhar",3],["uranusjr",25],["zqd759592942",3],["Prasnal",3],["bryce-lewis",3],["subkanthi",3],["houqp",3],["ferruzzi",14],["dimonchik-suvorov",5],["hbrls",3],["ashb",34],["BKronenbitter",3],["dhuang",3],["LChloe",3],["jpyen",6],["hx-markterry",3],["avocadomaster",3],["malthe",9],["olivermeyer",5],["shivanshs9",3],["coopergillan",3],["jjlyr",3],["jhtimmins",10],["o-nikolas",5],["MatthewRBruce",6],["eitanme",3],["ashwin153",3],["maxcountryman",4],["JPonte",6],["jedcunningham",17],["sunki-hong",6],["flolas",5],["Aakcht",3],["ManiBharataraju",4],["andormarkus",4],["ejstembler",3],["acarmisc",3],["koszti",3],["ccage-simp",3],["IanDoarn",3],["lewismc",3],["MarkusTeufelberger",5],["danielhoherd",3],["randr97",3],["HashSalmon",3],["Dr-Denzy",3]],"2021-07":[["yuqian90",5],["AngryHelper",4],["ferruzzi",18],["Jesus89",3],["mariotaddeucci",7],["fatmumuhomer",4],["ptrhck",3],["akki",3],["sorabhgit",3],["fjetter",4],["kaxil",25],["dzamo",4],["mik-laj",22],["nmehraein",3],["cablespaghetti",3],["zkan",5],["BShraman",7],["peter-volkov",3],["XuankangLin",3],["WingCode",3],["potiuk",34],["k29deepak",3],["yyhecust",5],["jaimefr",3],["psg2",5],["henryzhangsta",4],["fhoda",3],["awildturtok",3],["sighingnow",3],["baryluk",6],["chenjiahui",4],["sharingan-no-kakashi",9],["Cabeda",3],["nathadfield",5],["jmelot",4],["flolas",6],["ShraddheyaS",4],["iostreamdoth",4],["rv-irosario",3],["eejbyfeldt",3],["orossini",4],["bingqinzhou",3],["pyerbiz",6],["Bennyelg",6],["saurasingh",4],["ryanahamilton",3],["dolevf",3],["ManiBharataraju",5],["hakman12",4],["oyarushe",8],["malthe",7],["dstandish",6],["jsemric",3],["wanderijames",3],["baolsen",9],["tylerwmarrs",3],["jhtimmins",7],["o-nikolas",6],["raphaelauv",6],["eskarimov",4],["tomyedwab",3],["sreenath-kamath",3],["trucnguyenlam",4],["Gabriel39",5],["elad-k",3],["kiwy42",3],["AvniM",3],["huozhanfeng",8],["aa1371",6],["andrewgodwin",3],["rikhilrai",3],["snjypl",3],["dimberman",3],["john-jac",4],["Tonkonozhenko",3],["mgorsk1",7],["eladkal",12],["george79d",4],["ephraimbuddy",17],["jmaldon1",3],["jedcunningham",15],["stephsamson",3],["luoyuliuyin",5],["ayushchauhan0811",3],["anitakar",4],["ashb",26],["coolbeans201",4],["warrenstephens",4],["andriisoldatenko",3],["uranusjr",28],["mehmax",4],["lssatvik",4],["msumit",3],["soliverr",4],["samgans",5],["xingdao",3],["brain-buster",3],["Aakcht",4],["pateash",7],["kloty",3],["hewe",3],["dlampa",3],["aslantar",4],["ShaharPotash1",3],["nshetty15",3],["edwardwang888",5],["namjals",3],["ecerulm",3],["codenamestif",6],["Jorricks",7],["kevinbsilva",3],["houqp",3],["MatrixManAtYrService",3],["chuancyzhang",4],["subkanthi",6],["turbaszek",5],["fredthomsen",3],["andormarkus",3],["jarfgit",3],["mcreenan",4],["dacort",9],["infused-kim",4],["nijanthanvijayakumar",5],["XD-DENG",3],["soltanianalytics",3],["sunank200",7],["dinigo",3],["santosh-d3vpl3x",3],["josh-fell",14],["troyharvey",3],["paantya",3],["bbovenzi",5],["penggongkui",4],["sudarshan2906",3],["pmalafosse",7],["msardana94",3],["zseta",3],["collinmcnulty",4],["Walderman",4],["wolfier",3],["SamWheating",4],["gyscos",6],["ciancolo",8]],"2021-08":[["huozhanfeng",3],["vengi57",3],["kosteev",4],["eskarimov",3],["kurtqq",3],["ryanahamilton",3],["bbenshalom",3],["rounakdatta",4],["akki",3],["pukaleashish",3],["santosh-d3vpl3x",3],["janarthanandev",3],["dinigo",5],["cctvzd7",3],["lwyszomi",5],["GregKarabinos",3],["wanderijames",5],["mnojek",4],["stijndehaes",3],["gmcrocetti",3],["vladdoster",4],["iblaine",6],["Diogo-Costa",4],["JavierLopezT",8],["eejbyfeldt",3],["bhavaniravi",3],["suhanovv",5],["nijanthanvijayakumar",4],["blcksrx",3],["gmsantos",3],["andriyfedorov",3],["enima2684",6],["terryfugit",3],["baolsen",5],["nmehraein",4],["aa1371",4],["georborodin",5],["kimyen",3],["mariotaddeucci",5],["Aakcht",6],["noelmcloughlin",5],["edwardwang888",6],["jhtimmins",6],["o-nikolas",3],["benjcabalona1029",3],["cablespaghetti",3],["dimberman",5],["jbampton",3],["dacort",4],["chamorin",3],["mwaaas",3],["flolas",3],["andrew-candela",3],["frankcash",3],["massamany",3],["tidunguyen",3],["suiting-young",3],["kiwy42",3],["jayantsande25",3],["siddharthvp",6],["ShakaibKhan",5],["zbstof",3],["zhangyi-hu",3],["Sonins",5],["leahecole",4],["match-gabeflores",4],["collinmcnulty",3],["knutole",3],["kn6405",4],["ClassyLion",3],["dondaum",3],["thejens",3],["tanujdhiman",3],["malthe",6],["ferruzzi",7],["AngryHelper",4],["timothyclarke",3],["sethwoodworth",3],["davlum",5],["cherkavi",3],["xinbinhuang",6],["bradarndt",5],["josh-fell",10],["wojsamjan",4],["LionelZhao28",12],["SamWheating",7],["hafid-d",3],["busunkim96",3],["potiuk",36],["EliMor",5],["jomar83",3],["GauthierSgds",3],["cccs-seb",3],["fatmumuhomer",5],["sw1010",4],["pateash",3],["cansjt",5],["dimon222",3],["amiriry",3],["eladkal",11],["ashb",26],["msumit",8],["Limess",3],["baryluk",7],["sighingnow",6],["MatrixManAtYrService",3],["aioannoa",3],["py-ranoid",3],["mik-laj",15],["Sic4Parvis9Magna",3],["hbrls",3],["Jorricks",5],["ecerulm",3],["codenamestif",4],["kaxil",25],["turbaszek",4],["thesuperzapper",3],["uranusjr",28],["yevsh",5],["deedmitrij",4],["denimalpaca",7],["alexInhert",3],["dstandish",4],["Gabriel39",4],["andrewgodwin",9],["repocho",6],["BShraman",3],["BasPH",5],["subkanthi",9],["luoyuliuyin",3],["zkan",3],["xasx",3],["Xrampino",3],["nathadfield",4],["vijayakumarpattanashetti",3],["yyhecust",5],["arvinder-mo",3],["snolan-amount",3],["bbovenzi",7],["raphaelauv",6],["ephraimbuddy",22],["jedcunningham",23],["sreenath-kamath",4],["willioktavega",3],["shadrus",5]],"2021-09":[["potiuk",37],["pateash",4],["Aakcht",4],["kimyen",4],["gmsantos",4],["malthe",7],["ashb",29],["mik-laj",22],["jhtimmins",5],["o-nikolas",4],["ryanyuan",6],["uranusjr",27],["dimon222",4],["bbovenzi",11],["Jorricks",11],["ecerulm",4],["robinedwards",5],["spoutnickgp",5],["kaxil",27],["alex-astronomer",8],["mariotaddeucci",4],["baryluk",5],["kazanzhy",6],["collinmcnulty",7],["mobuchowski",5],["Brooke-white",11],["flolas",4],["bmckallagat-os",5],["alexInhert",4],["bbenshalom",5],["rachelwigell",4],["mrbaguvix",5],["ignaski",9],["edwardwang888",11],["stephenonethree",4],["kevin1kevin1k",4],["MatrixManAtYrService",5],["john-jac",4],["jaketf",7],["andrewgodwin",9],["laserpedro",5],["mnojek",5],["hpatel-higi",4],["Mikhail-M",4],["BasPH",7],["denimalpaca",4],["thejens",5],["ephraimbuddy",21],["subkanthi",8],["jedcunningham",22],["wc-s",5],["JavierLopezT",7],["fritz-astronomer",4],["siddharthvp",5],["khalidmammadov",7],["leonsmith",5],["kosteev",4],["nathadfield",6],["eskarimov",4],["kurtqq",4],["bhavaniravi",6],["blcksrx",5],["fatmumuhomer",4],["tnyz",5],["deedmitrij",6],["dimberman",5],["Narendra-Neerukonda",6],["josh-fell",14],["ShakaibKhan",4],["iostreamdoth",4],["ferruzzi",5],["suhanovv",4],["fredthomsen",7],["turbaszek",12],["msumit",9],["dstandish",5],["nwalens",9],["jarfgit",4],["denysivanov",4],["SamWheating",14],["eladkal",17]],"2021-10":[["jedcunningham",10],["ferruzzi",9],["fredthomsen",3],["Jasonnor",3],["codenamestif",6],["khalidmammadov",9],["uranusjr",16],["Caerbannog",3],["MatrixManAtYrService",3],["Bowrna",4],["eskarimov",3],["SamWheating",3],["kaxil",9],["axxe",3],["casra-developers",3],["brettpalmberg",3],["GuidoTournois",4],["Brooke-white",10],["jarfgit",5],["robinedwards",3],["o-nikolas",4],["jhtimmins",3],["bbovenzi",5],["gbonazzoli",3],["mehmax",3],["eladkal",10],["zkan",3],["edithturn",3],["matsavage",3],["ephraimbuddy",11],["alexbegg",3],["lwyszomi",5],["subkanthi",4],["denimalpaca",3],["mariotaddeucci",4],["potiuk",17],["PApostol",4],["ashb",12],["nikie",3],["pateash",3],["turbaszek",4],["edwardwang888",4],["zachliu",6],["baolsen",3],["JavierLopezT",5],["nwalens",4],["josh-fell",10],["mnojek",4],["anaynayak",4],["raphaelauv",4],["guotongfei",4],["bhavaniravi",3],["pgvishnuram",3],["mik-laj",11],["zbstof",3],["dstandish",10],["rounakdatta",3],["john-jac",5],["alex-astronomer",5]],"2021-11":[["eladkal",14],["Melodie97",4],["KennethanCeyer",6],["ashb",22],["dimon222",8],["SamWheating",7],["megan-parker",4],["rsg17",4],["raphaelauv",8],["msumit",5],["Ritika-Singhal",5],["higrys",4],["ulisesojeda",4],["fredthomsen",5],["andormarkus",4],["chinwobble",5],["OyinOlamide",4],["dbarrundiag",7],["eskarimov",8],["collinmcnulty",5],["kazanzhy",7],["yeshbash",4],["a-nascimento",5],["pateash",4],["hterik",5],["karakanb",4],["tanelk",4],["calfzhou",4],["andrewgodwin",6],["kd2718",7],["o-nikolas",10],["jhtimmins",6],["nwalens",4],["Aakcht",5],["dstandish",23],["baryluk",4],["sdebruyn",4],["tomasgatial",4],["mnojek",5],["john-jac",10],["jplauri",5],["Bowrna",5],["MaksYermak",4],["potiuk",36],["lwyszomi",8],["ShakaibKhan",5],["AnithaG-Oak",4],["yiannis-had",4],["subkanthi",12],["j143",5],["dmoore247",4],["aakashnand",4],["ferruzzi",6],["josh-fell",19],["david30907d",5],["uranusjr",31],["freget",5],["khalidmammadov",10],["BasPH",6],["kaxil",19],["jedcunningham",23],["malthe",7],["torbjornvatn",5],["anurag-rajawat",4],["alexott",11],["tsingh2k15",4],["leahecole",4],["bugraoz93",7],["ephraimbuddy",16],["XD-DENG",4],["bbovenzi",9],["humit0",6],["vsimon",4],["alexbegg",8],["PApostol",6],["mik-laj",16]],"2021-12":[["raphaelauv",6],["PApostol",7],["edithturn",12],["Acehaidrey",6],["Bowrna",12],["KennyRich",6],["MatrixManAtYrService",5],["ericpp",4],["kaxil",24],["jobegrabber",4],["gbonazzoli",4],["saveriogzz",4],["aaltay",6],["tanguymartinez",4],["mobuchowski",7],["dstandish",26],["derkuci",6],["Aakcht",7],["khalidmammadov",14],["megan-parker",4],["pingzh",4],["mingshi-wang",6],["ckljohn",4],["harishkrao",6],["wolvery",6],["tsingh2k15",4],["alexott",5],["bbovenzi",8],["rsg17",6],["eladkal",21],["ashb",28],["BasPH",11],["josh-fell",22],["philipherrmann",4],["uranusjr",34],["kazanzhy",17],["ashwin153",4],["lwyszomi",5],["humit0",4],["mik-laj",16],["ephraimbuddy",17],["Sonins",4],["turbaszek",8],["jensgrnb",4],["plockaby",6],["SamWheating",7],["dimon222",8],["fbertos",5],["jon-fearer",5],["dbarrundiag",6],["eskarimov",7],["pateash",5],["hterik",4],["yiga2",5],["MaksYermak",4],["malthe",8],["casra-developers",4],["pgvishnuram",6],["bugraoz93",4],["jedcunningham",25],["potiuk",50],["piotrkmita",4],["wenjun93",4],["hwooson12",4],["AngryHelper",8],["ferruzzi",12],["bradleybonitatibus",4],["o-nikolas",5],["pierrejeambrun",7],["bhavaniravi",6],["yehoshuadimarsky",4],["pvanliefland",4],["easontm",4],["subkanthi",19],["adaezebestow",4]],"2022-01":[["IKholopov",4],["norm",4],["SamWheating",11],["turbaszek",8],["MaksYermak",6],["AngryHelper",6],["ferruzzi",12],["mingshi-wang",6],["lidalei",4],["auvipy",4],["aabhaschopra",4],["pingzh",6],["wolfier",5],["11010cy",4],["rustikk",4],["edithturn",12],["uranusjr",34],["Aakcht",4],["Sonins",5],["Bowrna",14],["MatrixManAtYrService",5],["pierrejeambrun",8],["jedcunningham",16],["ashb",30],["o-nikolas",7],["jhtimmins",4],["harishkrao",4],["subkanthi",13],["ReadytoRocc",5],["BasPH",6],["fbertos",6],["josh-fell",14],["merobi-hub",5],["ephraimbuddy",15],["avkirilishin",4],["PApostol",6],["kazanzhy",11],["blag",4],["mik-laj",13],["uplsh580",4],["frodo2000",5],["takuti",4],["Acehaidrey",4],["mobuchowski",10],["Juacall",4],["kaxil",17],["V0lantis",4],["Melodie97",8],["eladkal",16],["wojsamjan",5],["bbovenzi",8],["lewismc",5],["t4n1o",4],["caxefaizan",4],["chenglongyan",6],["dstandish",15],["rajaths010494",4],["wanlce",5],["feluelle",4],["khalidmammadov",10],["pateash",6],["hterik",4],["dungdm93",4],["david30907d",6],["malthe",10],["mariotaddeucci",5],["rsg17",8],["sunank200",4],["potiuk",44]],"2022-02":[["pierrejeambrun",7],["arezamoosavi",4],["ferruzzi",11],["BenGatewood",4],["KevinYanesG",4],["rsg17",7],["mik-laj",11],["mnojek",4],["edwardwang888",4],["chenglongyan",8],["kaxil",11],["wanlce",5],["pingzh",12],["ephraimbuddy",18],["edithturn",5],["mehmax",4],["hubert-pietron",5],["lwyszomi",8],["riccardo-salamanna",5],["sungpeo",4],["MaksYermak",5],["malthe",10],["allebacco",4],["eladkal",18],["uranusjr",27],["zaimy",4],["subkanthi",9],["wojsamjan",5],["schirag1993",9],["josh-fell",13],["avkirilishin",7],["mhenc",8],["vincbeck",6],["Dev232001",6],["hsrocks",9],["rafalh",5],["kadai0308",5],["zmac12",4],["andreaslang",4],["rustikk",5],["frankcash",7],["norm",6],["SamWheating",9],["eskarimov",4],["ac1997",5],["bbovenzi",9],["jhtimmins",5],["phanikumv",5],["utkarsharma2",9],["dstandish",22],["mariotaddeucci",4],["howardyoo",4],["zhongjiajie",4],["lihan",4],["jedcunningham",23],["davidpr91",4],["Melodie97",9],["aa3pankaj",8],["blag",5],["raphaelauv",5],["AdamPaslawski",5],["turbaszek",8],["david30907d",8],["victorphoenix3",5],["druizz90",4],["jkramer-ginkgo",5],["pateash",7],["hterik",4],["Bowrna",10],["Jorricks",5],["kazanzhy",8],["makrushin-evgenii",5],["ashb",30],["potiuk",35],["alexott",7],["kristoffern",4],["alex-astronomer",5]],"2022-03":[["SamWheating",7],["norm",7],["lwyszomi",9],["turbaszek",5],["SasanAhmadi",9],["ferruzzi",12],["shicholas",4],["talnagar",6],["victorphoenix3",4],["mingshi-wang",5],["pingzh",10],["ac1997",4],["rustikk",4],["edithturn",7],["vincbeck",11],["abhinavraj23",4],["pohek321",8],["tirkarthi",4],["uranusjr",23],["Bowrna",11],["MatrixManAtYrService",4],["steveyz-astro",4],["pierrejeambrun",7],["jedcunningham",25],["ashb",19],["o-nikolas",7],["ajbosco",4],["zachliu",6],["harishkrao",7],["frankcash",5],["094459",5],["subkanthi",8],["BasPH",5],["patricker",4],["xylar",4],["josh-fell",12],["ephraimbuddy",17],["jbampton",5],["mhenc",7],["shahkshitij15",4],["andyfcx",4],["kazanzhy",5],["collinmcnulty",4],["blag",7],["nitinmahawadiwar",4],["mik-laj",14],["samhita-alla",4],["ryanahamilton",4],["alex-astronomer",6],["EricGao888",8],["tanelk",4],["raphaelauv",6],["mnojek",11],["alekseiloginov",10],["kaxil",11],["alexott",8],["kosteev",7],["TreyYi",4],["eladkal",20],["aoelvp94",4],["bbovenzi",14],["bhirsz",8],["caxefaizan",4],["arezamoosavi",5],["sagmansercan",7],["dstandish",21],["hsrocks",6],["megan-parker",5],["mirobertod",4],["pateash",6],["malthe",8],["shuhoy",4],["Jorricks",4],["ulsc",10],["potiuk",43]],"2022-04":[["RNHTTR",5],["norm",5],["ianbuss",4],["lwyszomi",4],["SasanAhmadi",5],["MaksYermak",5],["ferruzzi",6],["anthonyjgraff",4],["talnagar",5],["pingzh",9],["karunpoudel",5],["edithturn",8],["vincbeck",11],["erdos2n",4],["tirkarthi",15],["JorgenG",4],["uranusjr",31],["pcolladosoto",5],["MatrixManAtYrService",7],["Bowrna",11],["houqp",10],["joppevos",8],["pierrejeambrun",7],["jedcunningham",24],["dbarrundiag",4],["ashb",26],["repl-mike-roest",4],["jhtimmins",4],["o-nikolas",8],["subkanthi",4],["gitstart-airflow",4],["pavel-lexyr",4],["fshehadeh",4],["josh-fell",11],["ephraimbuddy",16],["jbampton",5],["mhenc",5],["collinmcnulty",7],["zjffdu",4],["blag",6],["nclaeys",4],["mik-laj",10],["pankajkoti",4],["ryanahamilton",6],["EricGao888",4],["peloyeje",4],["tanelk",9],["raphaelauv",4],["evanrosebrook",4],["mai-nakagawa",5],["kaxil",12],["alexott",9],["kosteev",4],["eladkal",20],["bbovenzi",18],["bhirsz",9],["kianelbo",4],["michaelmicheal",4],["dan-vaughan",4],["dstandish",17],["iw-pavan",4],["hsrocks",6],["pateash",4],["malthe",6],["hankehly",8],["pankajastro",6],["zengbotang",4],["potiuk",36],["itayB",5]],"2022-05":[["bperson",4],["subkanthi",4],["dskoda1",4],["igorborgest",8],["wojsamjan",4],["repl-chris",9],["gmcrocetti",5],["pingzh",10],["snjypl",6],["ecerulm",5],["Jorricks",4],["norm",4],["SamWheating",5],["RNHTTR",4],["koconder",7],["tanelk",7],["thinhnd2104",4],["vincbeck",12],["ashb",15],["ferruzzi",11],["alexott",7],["ishiis",6],["moshederri",4],["jaegwonseo",4],["hsrocks",6],["MaksYermak",4],["mfjackson",4],["uranusjr",23],["raphaelauv",7],["nitinmuteja",4],["kazanzhy",7],["potiuk",34],["msumit",4],["kalyani-subbiah",5],["mik-laj",8],["gbonazzoli",4],["kouk",7],["pierrejeambrun",10],["gmsantos",7],["josh-fell",12],["Taragolis",8],["jhtimmins",4],["o-nikolas",10],["NickYadance",4],["mhenc",4],["dstandish",12],["domagojrazum",6],["jedcunningham",18],["schattian",7],["tirkarthi",10],["rahulgoyal2987",5],["pankajastro",6],["bernardocouto",4],["kaxil",8],["rbiegacz",5],["Fokko",8],["Bowrna",9],["joppevos",5],["burakyilmaz321",6],["eladkal",18],["turbaszek",8],["ianbuss",6],["lwyszomi",5],["bbovenzi",15],["zachliu",4],["kbendick",4],["ephraimbuddy",16],["epapineau",4],["edithturn",6],["bhirsz",8],["thcidale0808",5],["humit0",5],["pecigonzalo",4]],"2022-06":[["mik-laj",11],["ishiis",9],["pingzh",4],["josh-fell",20],["shubham22",5],["LaPetiteSouris",8],["ferruzzi",11],["chenglongyan",11],["potiuk",39],["holly-evans",4],["cswpy",4],["dstandish",19],["igorborgest",11],["pasalkarsachin1",4],["schattian",4],["bharanidharan14",18],["gmcrocetti",4],["bhirsz",9],["turbaszek",6],["tirkarthi",4],["pierrejeambrun",8],["ashb",17],["ephraimbuddy",14],["tm-drtina",4],["ejk43",4],["bhavaniravi",4],["rino0601",6],["Swalloow",5],["Aakcht",5],["thinhnd2104",5],["itayB",4],["blag",8],["eskarimov",9],["raphaelauv",5],["fritz-astronomer",5],["Fokko",4],["MaksYermak",4],["mariotaddeucci",4],["RNHTTR",5],["lwyszomi",5],["gmsantos",5],["phanikumv",11],["kaxil",10],["bbovenzi",17],["koconder",6],["tanelk",8],["NaveenGokavarapu19",4],["eladkal",19],["malthe",5],["o-nikolas",8],["lmeerwood",4],["jhtimmins",5],["aspain",4],["michaelmicheal",5],["pauldalewilliams",4],["rafagsiqueira",4],["vincbeck",9],["epapineau",4],["alexkruc",8],["argibbs",6],["denimalpaca",7],["jedcunningham",22],["Bowrna",9],["chethanuk-plutoflume",16],["pankajastro",12],["ankurbajaj9",4],["uranusjr",23],["patricker",4],["Mottimo",4],["dungdm93",6],["remem9527",5],["BasPH",6],["Taragolis",16]],"2022-07":[["nshetty15",3],["uranusjr",22],["john-bodley",3],["ishiis",3],["rossturk",5],["phanikumv",7],["kevgeo",3],["nicolamarangoni",3],["rishkarajgi",6],["nigel-millward",3],["blag",5],["denimalpaca",5],["turbaszek",3],["pastanton",3],["joao-aguilera-c",3],["ryantam626",3],["alexott",7],["danielvdende",3],["BasPH",9],["jwitz",4],["shubham22",3],["jsoo1",3],["vincbeck",6],["pierrejeambrun",9],["Hasan-J",6],["josedaniel-escribano-clarity",3],["yingxuanwangxuan",4],["potiuk",38],["tsugumi-sys",3],["yenchenLiu",3],["xianghuzhao",3],["anja-istenic",3],["THISisZOLI",3],["o-nikolas",3],["Lazloo",3],["bdsoha",4],["pankajkoti",5],["Aakcht",4],["SuperQ",5],["wselfjes",3],["jedcunningham",20],["ephraimbuddy",15],["csp98",5],["edithturn",5],["skadyan",3],["tronlightracer",3],["millin",3],["jochenott",3],["Conformist101",3],["Taragolis",10],["Gollum999",3],["bbovenzi",15],["RNHTTR",4],["norm",4],["Jorricks",4],["gmsantos",6],["michaelosthege",3],["thelastmessiha",3],["calfzhou",3],["jarfgit",3],["frankcash",4],["wojsamjan",4],["emr65df",3],["pdebelak",3],["jgr-trackunit",3],["AndrewTsao",3],["ankurbajaj9",3],["Piatachock",3],["TamGB",3],["dwreeves",3],["TommyDew42",4],["dstandish",19],["rino0601",6],["msumit",3],["eladkal",16],["vagetablechicken",3],["syedahsn",5],["hsnprsd",4],["josh-fell",16],["dbarrundiag",4],["MatrixManAtYrService",5],["Bowrna",5],["argibbs",5],["bkossakowska",3],["bharanidharan14",7],["feluelle",4],["lostkamp",3],["mai-nakagawa",6],["Pocoder",3],["MaksYermak",4],["Fokko",5],["chenglongyan",9],["DougTrajano",3],["V0lantis",6],["kaxil",3],["ryanahamilton",4],["anselboero",3],["blcksrx",3],["hankehly",7],["davidkl97",3],["FanatoniQ",7],["pingzh",3],["yangmingfu404",3],["cswpy",3],["gitstart-airflow",4],["PatrykKlimowicz",3],["dstaple",3],["chethanuk-plutoflume",8],["ecodina",4],["bluek1te",4],["nanohanno",4],["mans2singh",3],["raphaelauv",3],["fritz-astronomer",4],["hterik",4],["pateash",3],["ferruzzi",10],["alexkruc",8],["kazanzhy",9],["collinmcnulty",3],["gem7318",3],["ashb",15],["mik-laj",6],["krcrouse",3],["AetherUnbound",3],["kosteev",5]],"2022-08":[["syedahsn",4],["Jorricks",7],["kazanzhy",8],["hewerthomn",5],["vara-bonthu",4],["clellmann",5],["itayB",5],["bkossakowska",5],["denimalpaca",5],["dwreeves",4],["uranusjr",31],["phanikumv",9],["gaborratky-db",4],["blcksrx",4],["ephraimbuddy",14],["mhenc",5],["jhtimmins",6],["o-nikolas",10],["bharanidharan14",6],["notatallshaw-work",4],["eladkal",19],["Gollum999",4],["lwyszomi",4],["bbovenzi",14],["alexott",8],["sudohainguyen",4],["Bowrna",5],["MatrixManAtYrService",5],["dstandish",15],["ashb",23],["linzhou-db",4],["FanatoniQ",6],["gmcrocetti",4],["adamfrly",4],["Aakcht",4],["pdebelak",5],["ChrisFraun",6],["vincbeck",14],["pateash",5],["RosterIn",5],["mai-nakagawa",5],["bhirsz",6],["argibbs",6],["sbrandtb",4],["alexkruc",7],["rossturk",7],["wolfier",4],["feluelle",5],["pankajastro",10],["josh-fell",18],["jedcunningham",21],["francescomucio",8],["mik-laj",5],["barrywhart",7],["chenglongyan",6],["blag",12],["alexandermalyga",6],["raphaelauv",6],["mingshi-wang",5],["cloventt",4],["Hasan-J",4],["pierrejeambrun",12],["norm",10],["MaksYermak",4],["ferruzzi",12],["dclandau",4],["potiuk",37],["jbmeerkat",5],["hankehly",10],["rishkarajgi",10],["zachliu",5],["michaelmicheal",4],["V0lantis",5],["kaxil",9],["Taragolis",15],["brki",4]],"2022-09":[["alexandermalyga",4],["tirkarthi",4],["mik-laj",9],["lwyszomi",4],["norm",9],["bdsoha",4],["feluelle",11],["denimalpaca",5],["vincbeck",8],["bhirsz",11],["dimberman",10],["MrGeorgeOwl",5],["potiuk",38],["XD-DENG",5],["ephraimbuddy",12],["Taragolis",15],["dstandish",23],["BasPH",5],["Jorricks",13],["patricker",8],["morooshka",5],["rjmcginness",5],["ashb",27],["fritz-astronomer",5],["hankehly",8],["bbovenzi",14],["BobDu",4],["blag",8],["jedcunningham",24],["kokorin",6],["kaxil",12],["VladaZakharova",4],["ChrisFraun",4],["MatrixManAtYrService",4],["Bowrna",8],["bkossakowska",7],["raphaelauv",5],["hterik",10],["pateash",4],["gmsantos",4],["eladkal",14],["notatallshaw-work",4],["pankajastro",6],["syedahsn",7],["chenglongyan",6],["marcelo-franceschini",4],["pauldalewilliams",8],["o-nikolas",7],["jens-scheffler-bosch",6],["mhenc",7],["pankajkoti",5],["zachliu",4],["pierrejeambrun",11],["Gollum999",4],["kazanzhy",5],["collinmcnulty",6],["phanikumv",11],["ferruzzi",10],["josh-fell",11],["jharner11235",4],["uranusjr",24],["nikhi-suthar",8]],"2022-10":[["dstandish",25],["merobi-hub",5],["kazanzhy",6],["BobDu",5],["Jorricks",6],["bkossakowska",7],["nivaldoh",4],["rkarish",5],["pankajastro",7],["alanatlemba",5],["nicholashendrickx-tomtom",4],["zachliu",4],["cedkoffeto",5],["bhirsz",7],["hankehly",13],["sshivprasad",4],["ashb",7],["hamedhsn",5],["pavansharma36",6],["alessandrolacorte",4],["kaxil",5],["gmsantos",4],["kosteev",5],["jens-scheffler-bosch",5],["blag",9],["dakshin-k",6],["Taragolis",14],["kolfild26",4],["aakashnand",5],["o-nikolas",17],["denimalpaca",4],["bharanidharan14",5],["morooshka",6],["syedahsn",7],["hterik",4],["XD-DENG",8],["ayushthe1",4],["ephraimbuddy",12],["eladkal",18],["pierrejeambrun",14],["raphaelauv",4],["potiuk",31],["RachitSharma2001",8],["alexandermalyga",5],["calebwoofenden",5],["punx120",6],["bbovenzi",12],["alexkruc",7],["lwyszomi",4],["jedcunningham",13],["NickYadance",5],["mobuchowski",5],["bdsoha",11],["eitanme",4],["chenglongyan",4],["emincanoguz11",5],["VladaZakharova",5],["Bowrna",4],["r-richmond",4],["mik-laj",5],["blcksrx",4],["stromal",4],["uranusjr",18],["tirkarthi",7],["ferruzzi",11],["shubham22",4],["vincbeck",10],["paolo-moriello",4]],"2022-11":[["hankehly",7],["stijndehaes",5],["ephraimbuddy",18],["aa3pankaj",4],["bertiewooster",4],["blcksrx",5],["matthewblock",4],["lwyszomi",4],["Adityamalik123",7],["Aakcht",5],["michaelmicheal",5],["amoghrajesh",4],["ashb",18],["vandonr-amz",9],["bbovenzi",10],["o-nikolas",13],["bdsoha",13],["jyotsa09",5],["csm10495",5],["bluek1te",4],["vksunilk",4],["t25kim",5],["ferruzzi",11],["BobDu",4],["syedahsn",8],["VladaZakharova",4],["TreyYi",4],["eladkal",18],["mik-laj",6],["mhenc",5],["RachitSharma2001",5],["alexandermalyga",4],["stepanof",4],["uranusjr",27],["andersbogsnes",4],["tirkarthi",7],["alanatlemba",5],["MrGeorgeOwl",4],["Anton-Shutik",6],["mobuchowski",8],["leehuwuj",4],["blag",7],["shubham22",5],["danielhoherd",5],["Bowrna",6],["windmark",5],["potiuk",34],["romibuzi",4],["vincbeck",13],["jh242",5],["kazanzhy",10],["xlanor",5],["norm",6],["pankajastro",8],["rajat-tomar",5],["ayushthe1",4],["dstandish",26],["XD-DENG",8],["bolkedebruin",12],["fletchjeff",4],["pierrejeambrun",15],["dolfinus",4],["bhirsz",4],["hussein-awala",5],["daniel-anya",5],["alexott",9],["Jorricks",6],["zhiyong-ong",6],["raphaelauv",6],["kolfild26",5],["cBrayton",4],["jedcunningham",21],["hamedhsn",4],["tanelk",4],["BasPH",8],["malthe",4],["Taragolis",19],["IKholopov",6],["kaxil",7]],"2022-12":[["bbovenzi",9],["VladaZakharova",8],["nathan-contino",5],["xinbinhuang",5],["ut8ia",5],["ephraimbuddy",13],["pierrejeambrun",8],["romibuzi",5],["potiuk",39],["hterik",5],["jedcunningham",15],["BasPH",11],["bkossakowska",4],["bhirsz",7],["hussein-awala",5],["Soonmok",7],["IKholopov",4],["Taragolis",28],["dstandish",25],["malthe",6],["vchiapaikeo",7],["pingzh",5],["eladkal",18],["syedahsn",7],["VinceLegendre",4],["2h-kim",4],["RNHTTR",4],["melugoyal",4],["chethanuk-plutoflume",4],["ryangrose",4],["mhenc",10],["shahar1",5],["michaelmicheal",5],["hugochinchilla",5],["csm10495",7],["tirkarthi",4],["phanikumv",4],["sternr",5],["moiseenkov",6],["BobDu",6],["vincbeck",12],["gschuurman",4],["IAL32",9],["RachitSharma2001",6],["ashb",14],["amoghrajesh",6],["kosteev",4],["luanmorenomaciel",4],["bolkedebruin",7],["XD-DENG",11],["kfirgollan",4],["bharanidharan14",9],["atrbgithub",4],["swapz-z",8],["pankajastro",7],["jon-evergreen",4],["uranusjr",25],["stamixthereal",6],["KarshVashi",4],["JulesTriomphe",5],["vandonr-amz",9],["Adityamalik123",4],["surabathini",4],["dwreeves",4],["rkarish",6],["o-nikolas",11],["kaxil",15],["ferruzzi",13],["dimberman",5],["snjypl",7],["tatiana",5],["MrGeorgeOwl",7],["Bowrna",6]],"2023-01":[["RachitSharma2001",6],["tirkarthi",6],["mlnsharma",5],["aru-trackunit",6],["yxiao1996",6],["moiseenkov",5],["feluelle",6],["csm10495",7],["utkarsharma2",6],["vchiapaikeo",10],["vincbeck",15],["hussein-awala",11],["amoghrajesh",8],["auvipy",5],["snjypl",9],["MrGeorgeOwl",7],["potiuk",34],["bolkedebruin",8],["ephraimbuddy",16],["Taragolis",29],["dstandish",23],["alexott",10],["BasPH",14],["shahar1",6],["harishkrao",8],["maggesssss",7],["pingzh",6],["kristopherkane",5],["ashb",15],["bbovenzi",9],["kolfild26",5],["michaelmicheal",5],["vandonr-amz",16],["jedcunningham",18],["bugraoz93",6],["kaxil",11],["VladaZakharova",8],["sudeepgupta90",8],["shyft-mike",7],["IAL32",6],["bkossakowska",6],["stamixthereal",9],["amarlearning",5],["eladkal",17],["o-nikolas",16],["johannaojeling",5],["jens-scheffler-bosch",10],["mhenc",7],["frankcash",5],["pierrejeambrun",10],["mrichman",6],["maxnathaniel",8],["rkarish",7],["phanikumv",7],["ferruzzi",13],["josh-fell",13],["natanweinberger",5],["malthe",6],["uranusjr",28],["SoxMax",5]],"2023-02":[["jedcunningham",13],["pdebelak",4],["Taragolis",24],["IKholopov",5],["dannikay",4],["Jianxuan-Li",4],["vemikhaylov",6],["pankajastro",11],["raphaelauv",4],["mhenc",12],["bkossakowska",4],["alexott",7],["VladaZakharova",8],["pierrejeambrun",11],["o-nikolas",11],["john-jac",4],["JulesTriomphe",5],["pgagnon",7],["jose-lpa",5],["FloMom",4],["uranusjr",16],["feluelle",8],["BasPH",4],["jeffery9876",5],["tirkarthi",4],["r-richmond",4],["tatiana",5],["ferruzzi",14],["josh-fell",15],["Aakcht",5],["harishkrao",12],["vincbeck",11],["hussein-awala",13],["1inuxoid",7],["Bowrna",5],["vchiapaikeo",4],["vedantlodha",5],["LMnet",4],["mobuchowski",6],["kaxil",9],["bbovenzi",10],["ashb",12],["aru-trackunit",5],["bugraoz93",5],["RachitSharma2001",4],["moiseenkov",9],["potiuk",28],["romibuzi",4],["norm",6],["fritz-astronomer",4],["Abhishek-kumar-samsung",10],["sunank200",7],["eladkal",17],["steren",6],["alexandermalyga",4],["dimberman",12],["arjunanan6",5],["phanikumv",7],["thirtyseven",4],["csp33",4],["s0neq",5],["vandonr-amz",7],["amoghrajesh",8],["dstandish",9],["XD-DENG",4],["bolkedebruin",9],["VinceLegendre",7],["syedahsn",4],["ephraimbuddy",12],["shahar1",5],["michaelmicheal",8],["syun64",4]],"2023-03":[["vincbeck",10],["pierrejeambrun",14],["kaxil",7],["okayhooni",4],["aru-trackunit",5],["josh-fell",19],["Bowrna",5],["trickysky",4],["dimonchik-suvorov",5],["ferruzzi",13],["harishkrao",8],["notatallshaw",4],["vandonr-amz",10],["lwyszomi",4],["sudeepgupta90",4],["hussein-awala",17],["john-jac",4],["mhenc",4],["VladaZakharova",5],["maahir22",6],["shubham22",4],["TJaniF",4],["amoghrajesh",14],["sirVir",5],["agalst",4],["JDarDagran",5],["SamWheating",10],["norm",4],["RNHTTR",7],["vchiapaikeo",4],["boushphong",5],["1inuxoid",4],["tanvn",4],["pingzh",5],["dylanbstorey",10],["tnk-ysk",5],["herlambang",4],["mayeulk",4],["auvipy",5],["r-richmond",4],["elongl",6],["huymq1710",6],["hterik",6],["Yaro1",5],["PierreC1024",7],["vemikhaylov",8],["eladkal",20],["Taragolis",14],["rajaths010494",4],["rbb17",5],["dstandish",9],["ashb",10],["pankajastro",13],["potiuk",33],["romibuzi",4],["dnskr",5],["alexott",5],["jedcunningham",19],["dzhigimont",4],["syun64",5],["raphaelauv",4],["syedahsn",7],["mrichman",4],["collinmcnulty",5],["Abhishek-kumar-samsung",7],["Lee-W",10],["punx120",5],["bbovenzi",11],["N-ickJones",5],["blinkseb",4],["argibbs",10],["michaelmicheal",4],["BasPH",4],["apilaskowski",5],["arjunanan6",4],["o-nikolas",16],["uranusjr",25],["bolkedebruin",5],["mikaeld",4],["ephraimbuddy",12],["erdos2n",5],["nsAstro",6],["phanikumv",12],["nivangio",4],["mobuchowski",10],["casra-developers",6]]}