{"2015-06":[["gmail.com","8"],["gregory-foster.local","1"],["iam.unibe.ch","1"]],"2015-07":[["gmail.com","9"],["stripe.com","2"],["wooga.net","2"],["users.noreply.github.com","1"],["one.com","1"],["glassdoor.com","1"],["email.com","1"],["airbnb.com","1"]],"2015-08":[["gmail.com","6"],["Jeremiahs-MacBook-Air.local","4"],["ip-172-31-23-108.ap-southeast-1.compute.internal","1"],["getbellhops.com","1"],["airbnb.com","1"],["jampp.com","1"],["cotap.com","1"],["glassdoor.com","1"],["iHal.local","1"]],"2015-09":[["gmail.com","8"],["airbnb.com","4"],["yahoo-inc.com","1"],["users.noreply.github.com","1"],["jampp.com","1"],["blueapron.com","1"],["unassigned0391.local","1"],["arkoniak.com","1"],["glassdoor.com","1"],["lilithwittmann.de","1"],["ubisoft.com","1"],["handy.com","1"],["adobe.com","1"]],"2015-10":[["gmail.com","15"],["xs4all.nl","5"],["users.noreply.github.com","5"],["rdif.me","1"],["handybook.com","1"],["jonathan-parks.local","1"],["handy.com","1"]],"2015-11":[["gmail.com","12"],["rdif.me","2"],["arthur-wiedmer.local","1"],["Pascals-MacBook-Pro.local","1"],["xs4all.nl","1"],["realimpactanalytics.com","1"],["ericsson.com","1"],["one.com","1"],["tecsisa.com","1"],["handybook.com","1"],["wepay.com","1"]],"2015-12":[["gmail.com","10"],["iHal.local","4"],["handybook.com","2"],["tecsisa.com","1"],["xs4all.nl","1"],["merck.com","1"],["handy.com","1"],["users.noreply.github.com","1"]],"2016-01":[["gmail.com","18"],["smop.co.uk","1"],["vansivallab.com","1"],["yahoo-inc.com","1"],["users.noreply.github.com","1"],["kmkonline.co.id","1"],["blue-yonder.com","1"],["cloverhealth.com","1"],["agari.com","1"],["kayak.com","1"],["growdown.com","1"],["rok3.me","1"],["similarweb.com","1"],["arctic.chem.harvard.edu","1"],["realimpactanalytics.com","1"],["komodohealth.com","1"],["verint.com","1"],["rosner.io","1"],["wepay.com","1"]],"2016-02":[["gmail.com","11"],["airbnb.com","5"],["agari.com","4"],["wepay.com","2"],["sonobi.com","1"],["xebia.com","1"],["jeffwidman.com","1"],["voismart.it","1"],["apple,com","1"],["freshbooks.com","1"],["xs4all.nl","1"],["squareup.com","1"]],"2016-03":[["gmail.com","17"],["users.noreply.github.com","13"],["yahoo-inc.com","3"],["airbnb.com","2"],["agari.com","2"],["wepay.com","2"],["cybraics.com","1"],["gazeta.pl","1"],["lyft.com","1"],["kayak.com","1"],["xs4all.nl","1"],["glassdoor.com","1"],["klarna.com","1"],["squareup.com","1"]],"2016-04":[["users.noreply.github.com","15"],["gmail.com","7"],["wepay.com","2"],["airbnb.com","2"],["everstring.com","1"],["luc.id","1"],["zendesk.com","1"],["afnic.fr","1"],["agari.com","1"],["us.ibm.com","1"],["mozilla.com","1"],["ifwe.co","1"],["cogolabs.com","1"],["paymill.com","1"],["smop.co.uk","1"]],"2016-05":[["users.noreply.github.com","12"],["gmail.com","6"],["agari.com","4"],["airbnb.com","3"],["wepay.com","3"],["","2"],["apache.org","2"],["ericstern.com","1"],["yandex-team.ru","1"],["underyx.me","1"],["qubole.com","1"],["nerdwallet.com","1"],["xs4all.nl","1"],["mozilla.com","1"],["mfglabs.com","1"]],"2016-06":[["gmail.com","8"],["airbnb.com","4"],["users.noreply.github.com","3"],["apache.org","2"],["wepay.com","2"],["vanboxel.be","1"],["corp.mail.ru","1"],["lyft.com","1"],["qubole.com","1"],["cloverhealth.com","1"],["agari.com","1"],["bluesmithis.com","1"],["us.ibm.com","1"],["xs4all.nl","1"],["postmates.com","1"],["lumoslabs.com","1"],["klarna.com","1"],["inmobi.com","1"],["mfglabs.com","1"]],"2016-07":[["gmail.com","8"],["airbnb.com","3"],["users.noreply.github.com","3"],["apache.org","3"],["wepay.com","3"],["ericstern.com","1"],["vanboxel.be","1"],["kanga.nu","1"],["blue-yonder.com","1"],["qubole.com","1"],["agari.com","1"],["xs4all.nl","1"],["yahoo.com","1"],["scaleway.com","1"],["eleks.com","1"]],"2016-08":[["gmail.com","6"],["twitch.tv","2"],["airbnb.com","2"],["users.noreply.github.com","2"],["qubole.com","2"],["odigeo.com","1"],["vanboxel.be","1"],["apple.com","1"],["42.am","1"],["apache.org","1"],["cloverhealth.com","1"],["zapier.com","1"],["agari.com","1"],["yi-wang.me","1"],["xs4all.nl","1"],["cornell.edu","1"],["yahoo.com","1"],["scaleway.com","1"],["stoic.net","1"]],"2016-09":[["users.noreply.github.com","3"],["gmail.com","3"],["apache.org","2"],["markovian.com","1"],["vanboxel.be","1"],["airbnb.com","1"],["qubole.com","1"],["cloverhealth.com","1"],["gmx.de","1"],["eazeup.com","1"],["textio.com","1"],["xs4all.nl","1"],["yahoo.com","1"],["nytimes.com","1"],["163.com","1"],["wepay.com","1"]],"2016-10":[["gmail.com","12"],["users.noreply.github.com","2"],["yahoo.com","2"],["wepay.com","2"],["vanboxel.be","1"],["danielzohar.com","1"],["me.com","1"],["Dineshs-MacBook-Pro.local","1"],["qubole.com","1"],["apache.org","1"],["cloverhealth.com","1"],["spotify.com","1"],["pandora.com","1"],["xs4all.nl","1"],["easytaxi.com","1"],["blablacar.com","1"],["wisebanyan.com","1"],["affiliate.oliverwyman.com","1"],["adotmob.com","1"],["163.com","1"]],"2016-11":[["gmail.com","13"],["airbnb.com","4"],["apache.org","2"],["wepay.com","2"],["celect.com","1"],["vitorbaptista.com","1"],["yahoo-inc.com","1"],["astronomer.io","1"],["livingsocial.com","1"],["domaintools.com","1"],["teslahealth.com","1"],["GMail.com","1"],["stripe.com","1"],["xs4all.nl","1"],["pandora.com","1"],["lumoslabs.com","1"],["b23.io","1"],["yahoo.com","1"],["ckarenas.com","1"],["tinyclues.com","1"]],"2016-12":[["gmail.com","8"],["airbnb.com","3"],["outlook.com","2"],["quartethealth.com","1"],["vanboxel.be","1"],["fundacaolemann.org.br","1"],["maksimize.com","1"],["apache.org","1"],["move.com","1"],["xs4all.nl","1"],["affiliate.oliverwyman.com","1"],["yahoo.com","1"],["cmrclaims.com","1"],["wepay.com","1"]],"2017-01":[["xs4all.nl","15"],["gmail.com","5"],["airbnb.com","2"],["affiliate.oliverwyman.com","1"],["wepay.com","1"],["upsight.com","1"],["fengcloud.hot.corp.google.com","1"],["godatadriven.com","1"]],"2017-02":[["airbnb.com","4"],["gmail.com","4"],["github.com","2"],["vanboxel.be","1"],["squadrun.co","1"],["change.org","1"],["vitorbaptista.com","1"],["users.noreply.github.com","1"],["fengcloud.hot.corp.google.com","1"],["godatadriven.com","1"],["apache.org","1"],["intel.com","1"],["xs4all.nl","1"],["nttdata.co.jp","1"],["ubisoft.com","1"],["gritlogic.com","1"],["wepay.com","1"]],"2017-03":[["gmail.com","11"],["airbnb.com","4"],["apache.org","4"],["xs4all.nl","3"],["cloverhealth.com","2"],["data.gov.sg","1"],["change.org","1"],["vitorbaptista.com","1"],["gmx.com","1"],["users.noreply.github.com","1"],["godatadriven.com","1"],["minodes.com","1"],["outlook.com","1"],["formulate.se","1"],["chojin.org","1"],["groupalia.com","1"],["yahoo.com","1"],["jkrommmbp.local","1"],["datarobot.com","1"]],"2017-04":[["gmail.com","4"],["apache.org","3"],["xs4all.nl","3"],["smartweb.com.ua","1"],["databricks.com","1"],["gmx.com","1"],["users.noreply.github.com","1"],["zendesk.com","1"],["accertify.com","1"],["airbnb.com","1"],["godatadriven.com","1"],["hotmail.com","1"],["cloverhealth.com","1"],["boristyukin.com","1"],["yi-wang.me","1"],["groupalia.com","1"],["yahoo.com","1"],["symphonyrm.com","1"]],"2017-05":[["xs4all.nl","10"],["gmail.com","9"],["apache.org","3"],["users.noreply.github.com","2"],["godatadriven.com","2"],["databricks.com","1"],["checkr.com","1"],["circlekeurope.com","1"],["twosigma.com","1"],["erevalue.com","1"],["yahoo.com","1"],["iki.fi","1"],["affiliate.oliverwyman.com","1"],["laposte.net","1"],["plaid.com","1"],["prontomarketing.com","1"],["applied-maths.com","1"],["wepay.com","1"]],"2017-06":[["gmail.com","16"],["google.com","3"],["airbnb.com","2"],["microsoft.com","1"],["users.noreply.github.com","1"],["fengcloud.hot.corp.google.com","1"],["apache.org","1"],["booking.com","1"],["xs4all.nl","1"],["pandora.com","1"],["gritlogic.com","1"],["dotlovesdata.com","1"],["berkeley.edu","1"],["giggles.svl.corp.google.com","1"],["wepay.com","1"]],"2017-07":[["gmail.com","6"],["airbnb.com","4"],["google.com","3"],["godatadriven.com","2"],["apache.org","2"],["imgix.com","1"],["prismfp.com","1"],["gentoo.org","1"],["fengcloud.hot.corp.google.com","1"],["booking.com","1"],["techcitylabs.com","1"],["xs4all.nl","1"],["creditkarma.com","1"],["yume.com","1"],["firemirror.com","1"],["wepay.com","1"]],"2017-08":[["gmail.com","5"],["airbnb.com","3"],["google.com","2"],["creditkarma.com","2"],["users.noreply.github.com","1"],["godatadriven.com","1"],["cloverhealth.com","1"],["apache.org","1"],["pandora.com","1"],["datafox.co","1"],["kth.se","1"],["aravindv-00332.we.pay","1"],["yahoo.com","1"],["paypal.com","1"],["grandrounds.com","1"],["kaspersky.com","1"],["wepay.com","1"]],"2017-09":[["gmail.com","13"],["users.noreply.github.com","3"],["airbnb.com","3"],["apache.org","3"],["google.com","2"],["godatadriven.com","2"],["wepay.com","2"],["comscore.com","1"],["twitter.com","1"],["gamewisp.com","1"],["healthjump.com","1"],["qubole.com","1"],["azrisolutions.com","1"],["paymill.de","1"],["glassdoor.com","1"],["xs4all.nl","1"],["pandora.com","1"],["dotmodus.com","1"],["yahoo.com","1"],["firemirror.com","1"]],"2017-10":[["gmail.com","12"],["airbnb.com","4"],["apache.org","4"],["google.com","2"],["godatadriven.com","2"],["wepay.com","2"],["janczak.mtv.corp.google.com","1"],["zendesk.com","1"],["emelyanenko.net","1"],["qubole.com","1"],["rambler-co.ru","1"],["xs4all.nl","1"],["pandora.com","1"],["DESKTOP-2VL398N.localdomain","1"],["columbia.edu","1"],["allegrogroup.com","1"],["fastmail.nl","1"],["twistbioscience.com","1"],["kaspersky.com","1"],["firemirror.com","1"]],"2017-11":[["gmail.com","11"],["godatadriven.com","3"],["apache.org","3"],["airbnb.com","2"],["spothero.com","1"],["protonmail.com","1"],["google.com","1"],["users.noreply.github.com","1"],["blue-yonder.com","1"],["bluecore.com","1"],["glassdoor.com","1"],["xs4all.nl","1"],["wooga.net","1"],["amazon.com","1"],["adobe.com","1"],["firemirror.com","1"],["wepay.com","1"]],"2017-12":[["gmail.com","10"],["google.com","2"],["apache.org","2"],["wepay.com","2"],["global-fashion-group.com","1"],["bitsofdave.com","1"],["airbnb.com","1"],["blue-yonder.com","1"],["godatadriven.com","1"],["homeaway.com","1"],["outlook.com","1"],["exacaster.com","1"],["bonnierbroadcasting.com","1"],["xs4all.nl","1"],["quizlet.com","1"],["farfetch.com","1"],["columbia.edu","1"],["realimpactanalytics.com","1"],["yahoo.com","1"],["paypal.com","1"],["firemirror.com","1"]],"2018-01":[["gmail.com","13"],["airbnb.com","2"],["pandora.com","2"],["homeaway.com","2"],["just-eat.com","1"],["users.noreply.github.com","1"],["coatue.com","1"],["godatadriven.com","1"],["me.com","1"],["qubole.com","1"],["apache.org","1"],["cloverhealth.com","1"],["newzoo.com","1"],["dxc.com","1"],["exacaster.com","1"],["jobteaser.com","1"],["hakeraj.com","1"],["google.com","1"],["xs4all.nl","1"],["yahoo.com","1"],["zeilemaker.nl","1"],["fastmail.nl","1"],["getyourguide.com","1"],["pernod-ricard.com","1"]],"2018-02":[["gmail.com","15"],["users.noreply.github.com","2"],["apache.org","2"],["airbnb.com","2"],["fastmail.net","1"],["thedyrt.com","1"],["jobteaser.com","1"],["zeilemaker.nl","1"],["lcaggioni-macbookpro.roam.corp.google.com","1"],["spu.edu","1"],["periscope.io","1"],["karmiclabs.com","1"],["coinbase.com","1"],["bluecore.com","1"],["xs4all.nl","1"],["creditkarma.com","1"],["annalect.com","1"],["1000mercis.com","1"],["wepay.com","1"],["data.gov.sg","1"],["nextgames.com","1"],["so1.net","1"],["hotmail.com","1"],["lyft.com","1"],["thetileapp.com","1"],["godatadriven.com","1"],["magicleap.com","1"],["easytaxi.com.br","1"],["pandora.com","1"],["multiply.com","1"],["kaspersky.com","1"],["skywww.net","1"],["amoobi.com","1"],["overstock.com","1"],["justin.tv","1"]],"2018-03":[["gmail.com","16"],["wepay.com","2"],["apache.org","2"],["airbnb.com","2"],["users.noreply.github.com","2"],["quizlet.com","1"],["godatadriven.com","1"],["lyft.com","1"],["qubole.com","1"],["microsoft.com","1"],["coinbase.com","1"],["gilt.com","1"],["easytaxi.com.br","1"],["xs4all.nl","1"],["multiply.com","1"],["edward.sh","1"],["lutin.us","1"],["soundcloud.com","1"],["holimetrix.com","1"],["dotmodus.com","1"],["bodastage.com","1"],["thinknear.com","1"],["firemirror.com","1"],["walmart.com","1"]],"2018-04":[["gmail.com","17"],["godatadriven.com","4"],["users.noreply.github.com","4"],["wepay.com","2"],["bonnierbroadcasting.com","2"],["gamewisp.com","2"],["yahoo.com","2"],["airbnb.com","2"],["lopac.net","2"],["lyft.com","2"],["xs4all.nl","1"],["flatiron.com","1"],["bluekiri.com","1"],["bounceexchange.com","1"],["locolandia.net","1"],["apache.org","1"],["pandora.com","1"],["microsoft.com","1"],["tman.me","1"],["quizlet.com","1"],["glassdoor.com","1"],["creditkarma.com","1"],["hakeraj.com","1"],["exelate.com","1"],["tictail.com","1"],["zeilemaker.nl","1"],["paypal.com","1"],["lanzani.nl","1"],["kaspersky.com","1"],["lebech.info","1"]],"2018-05":[["gmail.com","14"],["godatadriven.com","9"],["lyft.com","4"],["airbnb.com","2"],["apache.org","2"],["just-eat.com","2"],["fastmail.net","1"],["yahoo.com","1"],["spu.edu","1"],["van.asperen.org","1"],["quantopian.com","1"],["outlook.com","1"],["locolandia.net","1"],["xs4all.nl","1"],["bluewin.ch","1"],["wepay.com","1"],["users.noreply.github.com","1"],["etsy.com","1"],["outlook.jp","1"],["hotmail.com","1"],["lopac.net","1"],["winter-weht.net","1"],["mail.utoronto.ca","1"],["bluekiri.com","1"],["trustpilot.com","1"],["pandora.com","1"],["epam.com","1"],["tencent.com","1"],["docutap.com","1"],["lanzani.nl","1"],["google.com","1"],["dropbox.com","1"],["thomasvdberge.be","1"],["qubole.com","1"],["cloverhealth.com","1"],["FreeBSD.org","1"],["soundcloud.com","1"],["marcelosantino.com.br","1"]],"2018-06":[["gmail.com","12"],["docutap.com","8"],["quantopian.com","4"],["apache.org","3"],["google.com","2"],["airbnb.com","2"],["xiaohongshu.com","1"],["users.noreply.github.com","1"],["blue-yonder.com","1"],["lyft.com","1"],["slice.com","1"],["qubole.com","1"],["driesprong.frl","1"],["flatiron.com","1"],["flokli.de","1"],["tapad.com","1"],["bluekiri.com","1"],["olono.ai","1"],["xs4all.nl","1"],["FreeBSD.org","1"],["zeilemaker.nl","1"],["stefan-seelmann.de","1"],["tencent.com","1"],["amazon.com","1"],["contentinsights.com","1"],["firemirror.com","1"],["wepay.com","1"]],"2018-07":[["gmail.com","16"],["users.noreply.github.com","3"],["apache.org","2"],["hotmail.com","1"],["navercorp.com","1"],["stefan-seelmann.de","1"],["driesprong.frl","1"],["twitter.com","1"],["bombora.com","1"],["tictail.com","1"],["xs4all.nl","1"],["nav.com","1"],["unacast.com","1"],["firemirror.com","1"],["mishikas-mbp.corp.adobe.com","1"],["joinroot.com","1"],["example.com","1"],["healthmine.com","1"],["skyscanner.net","1"],["lyft.com","1"],["airbnb.com","1"],["zeilemaker.nl","1"],["blizzard.com","1"],["gmx.de","1"],["kinesis.org","1"],["multiply.com","1"],["berkeley.edu","1"],["enigma.com","1"],["kpn.com","1"],["google.com","1"],["cloverhealth.com","1"],["stripe.com","1"],["olono.ai","1"],["delphia.com","1"]],"2018-08":[["gmail.com","32"],["users.noreply.github.com","9"],["google.com","2"],["hotmail.com","2"],["yotpo.com","1"],["gerar.do","1"],["protonmail.com","1"],["driesprong.frl","1"],["twitter.com","1"],["lyft.com","1"],["jampp.com","1"],["apache.org","1"],["pilani.bits-pilani.ac.in","1"],["qq.com","1"],["xs4all.nl","1"],["gadventures.com","1"],["theiconic.com.au","1"],["kittyhawk.aero","1"],["paypal.com","1"],["8fit.com","1"],["wishabi.com","1"],["firemirror.com","1"]],"2018-09":[["gmail.com","46"],["twitter.com","8"],["hotmail.com","4"],["users.noreply.github.com","2"],["stefan-seelmann.de","1"],["meetup.com","1"],["driesprong.frl","1"],["bombora.com","1"],["nomic.com","1"],["blue-yonder.com","1"],["apache.org","1"],["ncbi.nlm.nih.gov","1"],["yale.edu","1"],["gnumedia.org","1"],["so1.net","1"],["outlook.com","1"],["pigscanfly.ca","1"],["yahoo.com","1"],["happn.com","1"],["u.northwestern.edu","1"],["bluewin.ch","1"],["potiuk.com","1"],["firemirror.com","1"]],"2018-10":[["gmail.com","59"],["users.noreply.github.com","9"],["firemirror.com","3"],["lebech.info","1"],["astronomer.io","1"],["naveria.com","1"],["aluque.io","1"],["shrinqghana.com","1"],["so1.net","1"],["pacbell.net","1"],["ymail.com","1"],["squozen.org","1"],["potiuk.com","1"],["sethish.com","1"]],"2018-11":[["gmail.com","65"],["users.noreply.github.com","16"],["outlook.com","2"],["case.edu","1"],["sergiohgz.eu","1"],["stefan-seelmann.de","1"],["lyft.com","1"],["posteo.de","1"],["hotmail.com","1"],["noqcks.io","1"],["blizzard.com","1"],["qq.com","1"],["pigscanfly.ca","1"],["nielsen.com","1"],["firemirror.com","1"]],"2018-12":[["gmail.com","55"],["users.noreply.github.com","13"],["lyft.com","2"],["microsoft.com","1"],["nomic.com","1"],["umich.edu","1"],["hotmail.com","1"],["posteo.de","1"],["toptal.com","1"],["kinesis.org","1"],["pigscanfly.ca","1"],["zeilemaker.nl","1"],["firemirror.com","1"]],"2019-01":[["gmail.com","86"],["users.noreply.github.com","22"],["pigscanfly.ca","6"],["driesprong.frl","4"],["firemirror.com","2"],["protonmail.com","1"],["rainforce.org","1"],["google.com","1"],["bombora.com","1"],["lyft.com","1"],["hotmail.com","1"],["apache.org","1"],["outlook.com","1"],["villoro.com","1"],["yahoo.com","1"],["aniszewski.eu","1"],["ricardo.ch","1"],["mail.mcgill.ca","1"]],"2019-02":[["users.noreply.github.com","25"],["gmail.com","18"],["ncbi.nlm.nih.gov","5"],["umich.edu","2"],["hotmail.com","2"],["stefan-seelmann.de","1"],["driesprong.frl","1"],["flyingplastic.com","1"],["ubc.ca","1"],["lyft.com","1"],["outlook.com","1"],["xs4all.nl","1"],["found-it.net","1"],["nordqvist.co","1"]],"2019-03":[["gmail.com","58"],["users.noreply.github.com","30"],["hotmail.com","7"],["umich.edu","5"],["mettrr.com","5"],["firemirror.com","2"],["protonmail.com","1"],["alex-johnson.net","1"],["lyft.com","1"],["medianewsgroup.com","1"],["ssense.com","1"],["deltaprojects.com","1"],["korbit.co.kr","1"],["found-it.net","1"],["freckleiot.com","1"],["mwkby.com","1"],["cs.ccu.edu.tw","1"],["potiuk.com","1"]],"2019-04":[["gmail.com","49"],["users.noreply.github.com","26"],["hotmail.com","4"],["outlook.com","2"],["yahoo.com","2"],["firemirror.com","2"],["126.com","1"],["parkwhiz.com","1"],["nandoquintana.com","1"],["reverb.com","1"]],"2019-05":[["gmail.com","33"],["users.noreply.github.com","28"],["google.com","1"],["umich.edu","1"],["hotmail.com","1"],["sina.com","1"],["outlook.com","1"],["xs4all.nl","1"],["mail.mcgill.ca","1"]],"2019-06":[["gmail.com","47"],["users.noreply.github.com","22"],["etsy.com","7"],["apache.org","2"],["polidea.com","2"],["mundipagg.com","1"],["crealytics.com","1"],["honestbee.com","1"],["docutap.com","1"],["github.com","1"]],"2019-07":[["gmail.com","24"],["polidea.com","18"],["firemirror.com","11"],["users.noreply.github.com","9"],["uwaterloo.ca","1"],["urch.eu","1"],["premise.com","1"],["twitter.com","1"]],"2019-08":[["gmail.com","24"],["users.noreply.github.com","15"],["polidea.com","10"],["apache.org","5"],["airbnb.com","2"],["outlook.com","2"],["potiuk.com","2"],["philipphoffmann.de","1"],["scribd.com","1"],["google.com","1"],["buran.us","1"],["aol.com","1"],["mumak.net","1"],["illinois.edu","1"],["spu.edu","1"],["firemirror.com","1"],["husky.neu.edu","1"]],"2019-09":[["users.noreply.github.com","31"],["gmail.com","29"],["polidea.com","6"],["apache.org","3"],["google.com","2"],["umich.edu","2"],["scarletmail.rutgers.edu","1"],["automattic.com","1"],["practo.com","1"],["loadsmart.com","1"],["outlook.com","1"],["etsy.com","1"],["ericsson.com","1"],["ricardo.ch","1"],["illinois.edu","1"],["firemirror.com","1"]],"2019-10":[["users.noreply.github.com","33"],["gmail.com","31"],["polidea.com","12"],["twitter.com","4"],["firemirror.com","4"],["apache.org","3"],["google.com","1"],["umich.edu","1"],["alopeyk.com","1"],["hotmail.com","1"],["ratb3rt.com","1"],["samsonkoshy.com","1"],["ericsson.com","1"],["freshworks.com","1"],["acm.org","1"],["scribd.com","1"]],"2019-11":[["users.noreply.github.com","23"],["gmail.com","23"],["hotmail.com","4"],["polidea.com","4"],["apache.org","3"],["umich.edu","1"],["shezaf.com","1"],["airbnb.com","1"],["ratb3rt.com","1"],["outlook.com","1"],["scribd.com","1"]],"2019-12":[["gmail.com","82"],["users.noreply.github.com","20"],["sina.com","4"],["polidea.com","4"],["hotmail.com","3"],["automattic.com","1"],["google.com","1"],["shezaf.com","1"],["statpro.com","1"],["datadoghq.com","1"],["apache.org","1"],["outlook.com","1"],["ratb3rt.com","1"],["bardelot.fr","1"],["tomekzukowski.com","1"],["firemirror.com","1"],["wepay.com","1"]],"2020-01":[["gmail.com","24"],["users.noreply.github.com","23"],["polidea.com","4"],["scribd.com","1"],["jupiterintel.com","1"],["astronomer.io","1"],["umich.edu","1"],["mcqueen.net","1"],["solution4future.com","1"],["datadoghq.com","1"],["hudson-trading.com","1"],["bardelot.fr","1"],["oss.nttdata.com","1"],["gitlab.com","1"],["bluevine.com","1"],["freshworks.com","1"],["acm.org","1"],["firemirror.com","1"],["wepay.com","1"]],"2020-02":[["users.noreply.github.com","29"],["gmail.com","27"],["polidea.com","8"],["astronomer.io","2"],["datanavigator.ca","1"],["dcard.cc","1"],["umich.edu","1"],["airbnb.com","1"],["ryanahamilton.com","1"],["alopeyk.com","1"],["fastmail.com","1"],["shopback.com","1"],["hotmail.com","1"],["apache.org","1"],["noqcks.io","1"],["outlook.com","1"],["ymail.com","1"],["yandex.ru","1"],["sadaoui.eu","1"],["scribd.com","1"],["firemirror.com","1"]],"2020-03":[["gmail.com","40"],["users.noreply.github.com","19"],["apache.org","7"],["polidea.com","6"],["airbnb.com","1"],["alopeyk.com","1"],["hotmail.com","1"],["ternarydata.com","1"],["outlook.com","1"],["ianmaddox.com","1"],["bardelot.fr","1"],["firemirror.com","1"],["wepay.com","1"]],"2020-04":[["gmail.com","38"],["users.noreply.github.com","26"],["hotmail.com","3"],["polidea.com","2"],["scribd.com","2"],["firemirror.com","1"],["pager.com","1"],["wkhudgins.info","1"],["google.com","1"],["airbnb.com","1"],["apache.org","1"],["outlook.com","1"],["iprospect.com","1"],["wooga.net","1"],["shopify.com","1"],["ya.ru","1"],["wepay.com","1"]],"2020-05":[["gmail.com","36"],["users.noreply.github.com","16"],["hotmail.com","2"],["google.com","1"],["astronomer.io","1"],["twitter.com","1"],["ryanahamilton.com","1"],["dietrich.app","1"],["databand.ai","1"],["clojurians.org","1"],["worldremit.com","1"],["btinternet.com","1"],["pandora.com","1"],["liquidata.co","1"],["iprospect.com","1"],["t-online.de","1"],["yandex.ru","1"],["polidea.com","1"],["scribd.com","1"],["firemirror.com","1"]],"2020-06":[["gmail.com","47"],["users.noreply.github.com","24"],["firemirror.com","5"],["astronomer.io","3"],["polidea.com","3"],["hotmail.com","2"],["scribd.com","2"],["oss.nttdata.co.jp","1"],["twitter.com","1"],["medianewsgroup.com","1"],["pandora.com","1"],["angadsingh.in","1"],["iprospect.com","1"],["bluevine.com","1"],["verizon.com","1"],["solardata.net","1"]],"2020-07":[["gmail.com","56"],["users.noreply.github.com","26"],["firemirror.com","8"],["polidea.com","5"],["protonmail.com","2"],["shippeo.com","1"],["astronomer.io","1"],["GMAIL.COM","1"],["ryanahamilton.com","1"],["king.com","1"],["old-panda.com","1"],["yandex.ru","1"],["coderplus.com","1"],["airflow.apache.org","1"],["scribd.com","1"]],"2020-08":[["gmail.com","43"],["users.noreply.github.com","31"],["coderplus.com","4"],["polidea.com","4"],["hotmail.com","3"],["astronomer.io","2"],["google.com","1"],["umich.edu","1"],["kosteev.com","1"],["ryanahamilton.com","1"],["outlook.com","1"],["old-panda.com","1"],["airflow.apache.org","1"],["scribd.com","1"]],"2020-09":[["gmail.com","37"],["users.noreply.github.com","17"],["airflow.apache.org","2"],["polidea.com","2"],["mucio.net","1"],["google.com","1"],["astronomer.io","1"],["twitter.com","1"],["umich.edu","1"],["opensignal.com","1"],["hotmail.com","1"],["outlook.com","1"],["yahoo.com","1"],["scribd.com","1"],["firemirror.com","1"]],"2020-10":[["gmail.com","32"],["users.noreply.github.com","31"],["polidea.com","7"],["google.com","2"],["astronomer.io","2"],["hotmail.com","2"],["accioanalytics.com","1"],["twitter.com","1"],["ryanahamilton.com","1"],["wealthsimple.com","1"],["zopatista.com","1"],["opensignal.com","1"],["king.com","1"],["outlook.com","1"],["kaidee.com","1"],["meilleursagents.com","1"],["umamicollective.com","1"],["gocurrency.com","1"],["bluevine.com","1"],["live.com","1"],["airflow.apache.org","1"],["firemirror.com","1"]],"2020-11":[["gmail.com","58"],["polidea.com","16"],["users.noreply.github.com","14"],["meilleursagents.com","4"],["firemirror.com","3"],["apache.org","2"],["airflow.apache.org","2"],["stanford.edu","1"],["astronomer.io","1"],["me.com","1"],["hollowman.ml","1"],["ryanahamilton.com","1"],["zopatista.com","1"],["hotmail.com","1"],["king.com","1"],["pandora.com","1"],["transferwise.com","1"],["usc.edu","1"],["alum.uncw.edu","1"],["scribd.com","1"]],"2020-12":[["gmail.com","31"],["users.noreply.github.com","19"],["polidea.com","6"],["astronomer.io","2"],["hotmail.com","2"],["firemirror.com","2"],["expedia.com","1"],["google.com","1"],["me.com","1"],["ryanahamilton.com","1"],["lbl.pl","1"],["grizzell.me","1"],["pandora.com","1"],["devil.se","1"],["delphia.com","1"],["shopify.com","1"],["usc.edu","1"],["airflow.apache.org","1"],["scribd.com","1"]],"2021-01":[["gmail.com","34"],["users.noreply.github.com","21"],["polidea.com","6"],["astronomer.io","5"],["apache.org","2"],["potiuk.com","2"],["scribd.com","2"],["icloud.com","1"],["zopatista.com","1"],["hotmail.com","1"],["orange.fr","1"],["yale.edu","1"],["boylesoftware.com","1"],["pax.com","1"],["devil.se","1"],["yahoo.com","1"],["finitestate.io","1"],["airflow.apache.org","1"]],"2021-02":[["gmail.com","37"],["users.noreply.github.com","28"],["polidea.com","6"],["firemirror.com","3"],["astronomer.io","2"],["outlook.com","2"],["automattic.com","1"],["odds.team","1"],["hotmail.com","1"],["edu.uwaterloo.ca","1"],["meilleursagents.com","1"],["boylesoftware.com","1"],["qq.com","1"],["pax.com","1"],["shopify.com","1"],["live.com","1"],["beebgames.com","1"],["amazon.com","1"],["usc.edu","1"],["gmx.net","1"],["airflow.apache.org","1"],["potiuk.com","1"],["scribd.com","1"]],"2021-03":[["gmail.com","51"],["users.noreply.github.com","37"],["astronomer.io","4"],["potiuk.com","4"],["robertlawson.net","1"],["protonmail.com","1"],["google.com","1"],["leonmarksmith.com","1"],["ryanahamilton.com","1"],["getindata.com","1"],["apache.org","1"],["grammarly.com","1"],["metallapan.se","1"],["liveintent.com","1"],["shopify.com","1"],["qiyi.com","1"],["ex.ua","1"],["airflow.apache.org","1"],["firemirror.com","1"]],"2021-04":[["gmail.com","42"],["users.noreply.github.com","22"],["potiuk.com","5"],["astronomer.io","3"],["firemirror.com","3"],["ryanahamilton.com","1"],["hp.com","1"],["hotmail.com","1"],["stephsamson.com","1"],["shopify.com","1"],["mail.ru","1"],["airflow.apache.org","1"]],"2021-05":[["gmail.com","26"],["users.noreply.github.com","14"],["astronomer.io","7"],["apache.org","5"],["firemirror.com","4"],["shopify.com","3"],["potiuk.com","3"],["jacobkim.io","1"],["snu.ac.kr","1"],["google.com","1"],["ryanahamilton.com","1"],["vergnol.fr","1"],["kayzen.io","1"],["fredthomsen.net","1"],["alumnos.uai.cl","1"],["viasat.com","1"],["coderplus.com","1"],["airflow.apache.org","1"]],"2021-06":[["gmail.com","31"],["users.noreply.github.com","30"],["astronomer.io","10"],["potiuk.com","6"],["shopify.com","2"],["scribd.com","2"],["protonmail.com","1"],["snu.ac.kr","1"],["me.com","1"],["126.com","1"],["hotmail.com","1"],["apache.org","1"],["bu.edu","1"],["ymail.com","1"],["live.com","1"],["googlemail.com","1"],["airflow.apache.org","1"],["firemirror.com","1"]],"2021-07":[["gmail.com","33"],["users.noreply.github.com","24"],["astronomer.io","4"],["potiuk.com","4"],["google.com","1"],["dal.ca","1"],["apache.org","1"],["montuoro.info","1"],["uni-muenster.de","1"],["21buttons.com","1"],["henry.dev","1"],["nilmail.co","1"],["carta.com","1"],["liveintent.com","1"],["stephsamson.com","1"],["alumnos.uai.cl","1"],["cartodb.com","1"],["live.com","1"],["auth0.com","1"],["googlemail.com","1"],["airflow.apache.org","1"],["husky.neu.edu","1"]],"2021-08":[["gmail.com","49"],["users.noreply.github.com","19"],["potiuk.com","11"],["sethish.com","1"],["protonmail.com","1"],["outlook.fr","1"],["astronomer.io","1"],["gmx.com","1"],["zonamail.com","1"],["odds.team","1"],["mehraein.fr","1"],["hotmail.com","1"],["king.com","1"],["interia.pl","1"],["wooga.net","1"],["shopify.com","1"],["amazon.com","1"],["yandex.ru","1"],["airflow.apache.org","1"],["happyelements.com","1"],["sigma.ug.edu.pl","1"]],"2021-09":[["gmail.com","55"],["users.noreply.github.com","30"],["astronomer.io","9"],["firemirror.com","4"],["potiuk.com","3"],["jackcanty.com","1"],["gmx.com","1"],["leonmarksmith.com","1"],["opusinteractive.com","1"],["hotmail.com","1"],["flydark.com","1"],["ogr.cbu.edu.tr","1"],["outlook.com","1"],["sayten.me.uk","1"],["tails.com","1"],["yahoo.com","1"],["shopify.com","1"],["yandex.ru","1"],["airflow.apache.org","1"]],"2021-10":[["users.noreply.github.com","23"],["gmail.com","18"],["astronomer.io","3"],["liberty-rider.com","1"],["google.com","1"],["gmx.com","1"],["GMAIL.COM","1"],["opusinteractive.com","1"],["hotmail.com","1"],["stripe.com","1"],["match.com","1"],["gocurrency.com","1"],["pandora.com","1"],["shopify.com","1"],["airflow.apache.org","1"],["potiuk.com","1"],["ryansiulw.com","1"],["firemirror.com","1"]],"2021-11":[["users.noreply.github.com","36"],["gmail.com","35"],["protonmail.com","2"],["astronomer.io","2"],["hotmail.com","2"],["amazon.com","2"],["firemirror.com","2"],["debruyn.dev","1"],["naver.com","1"],["google.com","1"],["gmx.com","1"],["gocurrency.com","1"],["pigno.se","1"],["foxmail.com","1"],["mathewsavage.com","1"],["airflow.apache.org","1"],["unacast.com","1"],["potiuk.com","1"],["sigma.ug.edu.pl","1"]],"2021-12":[["users.noreply.github.com","41"],["gmail.com","40"],["astronomer.io","2"],["amazon.com","2"],["yeah.net","1"],["naver.com","1"],["Romanenko.in","1"],["google.com","1"],["umich.edu","1"],["gmx.com","1"],["opusinteractive.com","1"],["mercari.com","1"],["hotmail.com","1"],["pandora.com","1"],["ymail.com","1"],["loblaw.ca","1"],["yahoo.com","1"],["jonas-strassel.de","1"],["voyageprive.com","1"],["airflow.apache.org","1"],["potiuk.com","1"],["firemirror.com","1"]],"2022-01":[["users.noreply.github.com","39"],["gmail.com","35"],["potiuk.com","16"],["live.com","6"],["naver.com","1"],["astronomer.io","1"],["umich.edu","1"],["gmx.com","1"],["hotstar.com","1"],["hotmail.com","1"],["apache.org","1"],["tuta.io","1"],["eagleeye.com","1"],["herrmann.tech","1"],["amazon.com","1"],["airflow.apache.org","1"],["cloa.io","1"]],"2022-02":[["users.noreply.github.com","60"],["gmail.com","30"],["google.com","3"],["astronomer.io","3"],["amazon.com","2"],["potiuk.com","2"],["naver.com","1"],["databricks.com","1"],["Romanenko.in","1"],["umich.edu","1"],["gmx.com","1"],["201created.com","1"],["totalwine.com","1"],["allegro.pl","1"],["hotmail.com","1"],["apache.org","1"],["msn.com","1"],["pandora.com","1"],["freshworks.com","1"],["airflow.apache.org","1"],["sigma.ug.edu.pl","1"]],"2022-03":[["gmail.com","45"],["users.noreply.github.com","34"],["potiuk.com","19"],["apache.org","5"],["google.com","4"],["shopify.com","2"],["astronomer.io","1"],["umich.edu","1"],["allegro.pl","1"],["hotmail.com","1"],["outlook.com","1"],["yathit.com","1"],["advanced-store.com","1"],["shook.family","1"],["taeho.io","1"],["ip-172-31-14-31.us-east-2.compute.internal","1"],["airflow.apache.org","1"],["sigma.ug.edu.pl","1"]],"2022-04":[["gmail.com","35"],["users.noreply.github.com","22"],["potiuk.com","11"],["google.com","5"],["astronomer.io","2"],["amazon.com","2"],["kreet.eu","1"],["googlemail.com","1"],["airflow.apache.org","1"],["sigma.ug.edu.pl","1"]],"2022-05":[["users.noreply.github.com","30"],["gmail.com","30"],["potiuk.com","14"],["apache.org","4"],["google.com","2"],["amazon.com","2"],["taragol.is","1"],["river-island.com","1"],["binghamton.edu","1"],["outlook.com","1"],["rcpassos.me","1"],["airflow.apache.org","1"],["sigma.ug.edu.pl","1"]],"2022-06":[["gmail.com","46"],["users.noreply.github.com","26"],["amazon.com","2"],["potiuk.com","2"],["andrew.gibbs.io","1"],["taragol.is","1"],["2metz.fr","1"],["tessian.com","1"],["google.com","1"],["3pillarglobal.com","1"],["umich.edu","1"],["hotmail.com","1"],["apache.org","1"],["yandex.ru","1"],["apartmentlist.com","1"],["unacast.com","1"],["airflow.apache.org","1"],["sigma.ug.edu.pl","1"]],"2022-07":[["gmail.com","42"],["users.noreply.github.com","39"],["potiuk.com","6"],["astronomer.io","2"],["outlook.com","2"],["tessian.com","1"],["rutgers.edu","1"],["126.com","1"],["ryanahamilton.com","1"],["apache.org","1"],["rossturk.com","1"],["amazon.com","1"],["airflow.apache.org","1"],["spu.edu","1"],["open.store","1"],["navercorp.com","1"],["sigma.ug.edu.pl","1"]],"2022-08":[["users.noreply.github.com","57"],["gmail.com","39"],["potiuk.com","5"],["yahoo.com","2"],["taragol.is","1"],["tessian.com","1"],["databricks.com","1"],["icloud.com","1"],["google.com","1"],["mucio.net","1"],["201created.com","1"],["apache.org","1"],["shell.com","1"],["rossturk.com","1"],["kloud.email","1"],["friday.de","1"],["qq.com","1"],["amazon.com","1"],["airflow.apache.org","1"]],"2022-09":[["users.noreply.github.com","36"],["gmail.com","25"],["astronomer.io","3"],["hotmail.com","3"],["google.com","2"],["amazon.com","2"],["taragol.is","1"],["201created.com","1"],["flaatten.org","1"],["apache.org","1"],["dee.ufc.br","1"],["bobdu.cc","1"],["apartmentlist.com","1"],["airflow.apache.org","1"],["potiuk.com","1"]],"2022-10":[["users.noreply.github.com","47"],["gmail.com","28"],["potiuk.com","5"],["astronomer.io","3"],["apache.org","1"],["outlook.com","1"],["kloud.email","1"],["samsung.com","1"],["bobdu.cc","1"],["apartmentlist.com","1"],["airflow.apache.org","1"]],"2022-11":[["gmail.com","46"],["users.noreply.github.com","36"],["apache.org","5"],["amazon.com","2"],["linkedin.com","1"],["taragol.is","1"],["u.nus.edu","1"],["ridedott.com","1"],["google.com","1"],["astronomer.io","1"],["hotmail.com","1"],["brandwatch.com","1"],["hippoharvest.com","1"],["kloud.email","1"],["calalum.org","1"],["bobdu.cc","1"],["mail.ru","1"],["yandex.ru","1"],["airflow.apache.org","1"],["potiuk.com","1"]],"2022-12":[["users.noreply.github.com","33"],["gmail.com","28"],["google.com","3"],["astronomer.io","2"],["apache.org","2"],["amazon.com","2"],["jingk.ai","1"],["linkedin.com","1"],["naver.com","1"],["taragol.is","1"],["icloud.com","1"],["syrinity.com","1"],["feverup.com","1"],["u.rochester.edu","1"],["alphalab.capital","1"],["kloud.email","1"],["bobdu.cc","1"],["airflow.apache.org","1"],["potiuk.com","1"]],"2023-01":[["users.noreply.github.com","46"],["gmail.com","34"],["potiuk.com","12"],["astronomer.io","2"],["amazon.com","2"],["taragol.is","1"],["icloud.com","1"],["google.com","1"],["umich.edu","1"],["hotmail.com","1"],["sina.com","1"],["live.de","1"],["colliertech.org","1"],["technolink.org","1"],["bobdu.cc","1"],["163.com","1"],["schwartzpub.com","1"],["airflow.apache.org","1"],["kakao.com","1"]],"2023-02":[["users.noreply.github.com","43"],["gmail.com","33"],["taragol.is","2"],["astronomer.io","2"],["amazon.com","2"],["brex.com","1"],["google.com","1"],["hotmail.com","1"],["apache.org","1"],["sina.com","1"],["vink.pl","1"],["googlemail.com","1"],["yandex.ru","1"],["ex.ua","1"],["potiuk.com","1"],["airflow.apache.org","1"],["compado.com","1"],["kakao.com","1"]],"2023-03":[["users.noreply.github.com","54"],["gmail.com","32"],["potiuk.com","15"],["hotmail.com","2"],["pm.me","2"],["amazon.com","2"],["andrew.gibbs.io","1"],["whoyz.com","1"],["mucio.net","1"],["astronomer.io","1"],["umich.edu","1"],["tutanota.com","1"],["outlook.com","1"],["qq.com","1"],["sharpgrid.com","1"],["samsung.com","1"],["cloudera.com","1"],["airflow.apache.org","1"],["compado.com","1"]]}