{"2015-06":["eerwitt","gregorymfoster","askeys","artwr","mistercrunch","woodlee","statwonk","akuhn"],"2015-07":["james-woods","storpipfugl","syvineckruyk","jeremyclover","seibert","adamhaney","r39132","jomar83","robbwagoner","jbalogh","0x68","smarden1","gtoonstra","hominot"],"2015-08":["microblag","jlowin","CooperLuan","patriciorocca","maraca","gepser","kapil-malik","ikalinin","JackDanger"],"2015-09":["LilithWittmann","griffinqiu","yoziru-desu","mtustin-handy","jasonjho","johnw424","jason-z-hang","Arkoniak","kerzhner","neovintage","dclubb","patrickleotardif"],"2015-10":["thoralf-gutierrez","avram","ajw0100","rdavison","karthikgollapudi","wndhydrnt","DinoCow","lentinj","mlimotte","caique-lima","Jparks2532","kkourtchikov","jochem","haitaoyao","bolkedebruin","JordyMoos"],"2015-11":["pascalknapen","Yongyiw","sergiohgz","svendx4f","jdanbrown","criccomini","KamilMroczek","soloman1124","gwax"],"2015-12":["lamdrew","abridgett","sray-handy","mrorii","thibault-ketterer","ziky90"],"2016-01":["aminghadersohi","vansivallab","takus","praveev","danielbenzvi","rahul342","rosner","gitter-badger","mtp401","NeilHanlon","hongbozeng","JoergRittinger","asnir","flying5","cesararevalo","iddoav","iivvaall","kmevissen","robottokauf3","msumit","t1m0thy","sayap","MaximeKestemont"],"2016-02":["shahafabileah","mtagle","geeknam","lumengxi","biln","KeenS","joshmarlow","bbrumi","jeffwidman","wil5for","Attsun1031","nicktrav","natekupp","aoen","seregasheypak","d-lee","xadhoom","0xR"],"2016-03":["ahobson","xiaoliangsc","SaurabhBajaj","garthcn","jgao54","ty707","underyx","RvN76","notifytovishal","adambom","LeBlanc","Syeoryn","hyperborea","jtschoonhoven","jmcarp","himank","obulpathi","ledsusop","asamasoma","amread","kretes","xavierp","zshapiro","mtoma"],"2016-04":["AntoineAugusti","jwswj","boxysean","plypaul","sharifyounes","mreid-moz","withnale","neuromusic","pradhanpk","ekhtiar","SivaPandeti","angelgao","stranbird","jbrownlucid","johnnason","slvwolf","clickthisnick","matthiashuschle","caseybrown89"],"2016-05":["whummer","michaelmu","stephencattaneo","jlowin","mreid-moz","alexvanboxel","artwr","sekikn","aaur0","msumit","r39132","underyx","biellls","aoen","geeknam","hongbozeng","bolkedebruin","markreddy","whummer","mistercrunch","zstan","puneethpotu","mattuuh7","dud225","jgao54","Firehed"],"2016-06":["criccomini","hudbrog","ajayyadava"],"2016-07":["mylons","Shekharv","skudriashev","normster"],"2016-08":["jalessio"],"2016-10":["sicarul","lauralorenz"],"2016-11":["gtoonstra"],"2016-12":["duffn"],"2017-01":["gsakkis"],"2017-03":["dhuang","gwax","seancron"],"2017-04":["saguziel"],"2017-05":["vfoucault"],"2017-06":["AntoineAugusti"],"2017-11":["x","moertel"],"2017-12":["StephanErb"],"2018-01":["dimberman"],"2018-02":["reidab","hyw"],"2018-03":["tmccartan","feng-tao","dan-sf","samschlegel","bbonagura9","whynick1","feluelle","kaxil","Fokko"],"2018-04":["TJBIII","tedmiston","devinXL8","johnarnold"],"2018-05":["mrkm4ntr"],"2018-06":["KevinYang21","seelmann"],"2018-07":["martinzlocha","andscoop","ashb","elgalu","KevYuen"],"2018-08":["gargd","WilliamQLiu","seratch","jakebiesinger","haavardw","wrp","nicor88","kehv1n","amohan34","robinedwards","ckljohn","sethwilsonwishabi","gauthiermartin","samuelmullin","Cplo","YingboWang","xoen","tswast","gerardo","imsut","sakshi2894","leonardoam","vardancse","jasonicarter","verdan","jpds","betabandido","retornam","Noremac201","XD-DENG","fenglu-g","xnuinside","PointyShinyBurning","jakahn","abdul-stripe","tzulberti-jampp","sann3","nathadfield","brookskd","wmorris75","Renzmeister","awelsh93","troychen728"],"2018-09":["zihengCat","brylie","johnhofman","sbilinski","thejasbabu","newtonle","pcorbel","minh5","BrennerPablo","ubermen","aaronmak","cclauss","jeffkpayne","nritholtz","ChengzhiZhao","gsilk","aprotopopov","holdenk","chronitis","wdhorton","odracci","BradHolmes","kodieg","thoralf-gutierrez","jcao219","jmcarp","Naman-Bhalla","akosel","hydrosquall","fralalonde","exploy","potiuk","mingyexia"],"2018-10":["bkvarda","chang","nmyk","mishikaSingh","thesquelched","sganz","liamstewart","cloneluke","sprzedwojski","bart-eijk","dlebech","testvinder","oliviersm199","apekshithr","cadicallegari","justinholmes","jawang35","gigkokman","sethwoodworth","sid88in","chandulal","xales","danmactough","noronham","BasPH","thalesmello","dima-asana","marengaz","ron819","dgrtwo","PaulVelthuis93","neil90","iamthebot","schnie","bslakter","akshayi1","jason-udacity","Gwildor","phani8996"],"2018-11":["GabrielNicolasAvellaneda","nykh","smentek","dlamblin","ms32035","blugowski","yangaws","ryanyuan","danassa","noqcks","rmn36","alekstorm","sergiohgz","gglanzani","aakside","zackmeso","msadityan","telac","botbiz","ChaturvediSulabh","janhicken","WesleyBatista","emailbob","victornoel","villasv","pishilong","jlricon","mblack20","deagon","andyxhadji","smithakoduri","bskim45","oferze"],"2018-12":["pingzh","kppullin","omusavi","medmrgh","swiffer","stankud","tal181","MarcusSorealheis","NielsZeilemaker","Joylal4896","mdziemianko","gseva","BrechtDeVlieger","eladkal","yeluolei","tmiller-msft","ffinfo","earthmancash2","yileic","bryantbiggs","sunnykrGupta","rootcss","yohei1126"],"2019-01":["drewsonne","ianbillett","wyndhblb","villoro","brokenjacobs","tkaymak","3vivekb","benoyantony","antweiss","chinhngt","andyh1203","basvdl","abitrolly","anoopengineer","mik-laj","asawitt","TheZepto","OmerJog","ning-github","galak75","kpfleming","benjigoldberg","jhtimmins","DariuszAniszewski","Patchus","jongyoul","danabananarama","rgangopadhya","kkpoon","RasPavel","sieben","conradlee","dmarcous","zhongjiajie","standyro","mholtzscher","ramandumcs","astahlman","mikemole","aliceabe"],"2019-02":["stefan-wolfsheimer","mans2singh","antonimaciej","suburbanmtman","thesuperzapper","RosterIn","Patouche","sibowyer","syucream","amarnus","dstandish","diederikwp","ttanay","yiheng","ssoto","chrisnordqvist","Penumbra69","tayloramurphy","antxxxx","cubranic","posei","ArgentFalcon","vapiravfif","ogirardot","sarmadali20"],"2019-03":["dbatten5","cchung100m","emartgu","colin-streicher","jensenity","TheOriginalAlex","CatarinaSilva","PaulW","C4","hixus","milton0825","shoito","saurabh3091","hengfengli","kristiany","ruimffl","zingorn","judoole","cixuuz","jucke","jyothsnapk17","higee","youngyjd","andy-g14","cooltoast","ad-m","stijndehaes","fmaritato","bryanyang0528","dmateusp","jmsanders","yaswanthrajyadiki","kani5hk","kik-kik","adamantnz","eeshugerman","kalyanaramansanthanam","galuszkak","Trollgeir","mwakaba2","davlum","morgendave"],"2019-04":["kurtqq","tomwross","pgagnon","andriisoldatenko","nandoquintana","sumous","yourhiro","ebenoist","tenapril","ordonezf","TV4Fun","vladimir-gavrilenko","zar1","cmdoptesc","kuzyn83","shubhparekh","marcusianlevine","Tomme","jaketf","rushigajaria","rodrigoWizeLine","ReptilianBrain","davideanastasia","leahecole"],"2019-05":["curiousjazz77","rossgray","wderose","shuva10v","AlexisBRENON","dossett","robinknox","albertocalderari","petersunbag","mrshu","buom","chrismclennon","andrewhharmon","suensummit","cong-zhu","karan5291","kunalyogenshah","shibataka000","m1so","GuzikJakub","mikethoun","jacobeturpin","serkef","plcstpierre","sergialonsoalpha","codebuff","DanSedov","r-richmond","JCoder01","sh-tech","martijnvdgrift","reggieag","oliviervg1"],"2019-06":["jacobhjkim","ahuynh3","bbcbruno","turbaszek","jzucker2","chaithra-yenikapati","jgysland","Chris7","george-miller","Sinsin1367","ryan-williams","rweverwijk","cjsekl","jj-ian","haoliang7","kenbier","guptakumartanuj","raphaelauv","ghisvail","nazo","ashwiniadiga","joshuacano","Eronarn","alrolorojas","hiteshrd","creyesp","manu-crealytics","ToxaZ","marsewe","lgwacker","canhtran","thomashillyer"],"2019-07":["candu","ljq0002","djFFFFF","arlopurcell","pemontto","akki","nautilus28","jmccallum-premise","d2kalra","ncrocfer","fahran","shuwen-zhang","benjscohen","houqp","mingjie-li","durch","mattrasto","chaimt","yunstanford","saurabhwahile","smogili1","tirkarthi","rocketbitz","lubert","iantruslove","umanium","Bluesn0w","AetherUnbound","MisLink","m1racoli","Doncode","abhishekray07","bhavika","adamhopkinson","alepuccetti","rodriguez-facundo","christopheralcock"],"2019-08":["is2co","tiopi","ishan4488","michalbrys","markdoliner","damon09273","dazza-codes","danfrankj","blcksrx","coopergillan","gmaliar","yuqian90","bingqinzhou","jml","swiftomkar","idralyuk","hagope","StevenReitsma","hblanks","ryw","J535D165","jakebiesinger-onduo","rudlac","adussarps","khgitting","mohannadbanayosi","rolanddb","shaminmeerankutty","mortenbpost","coufon","philipphoffmann","jstern","mauliksoneji","aijamalnk","sb2nov","bijanmoudi"],"2019-09":["soldraghz","ocical","yimingl17","Khrol","getras1998","drexpp","itstemo","vipul007ravi","andrei-l","TobKed","mgasner","camilomartinez","Alexis-Gu-Ar","daniela-BV","steven-freed","felipefb","bryan831","Mordeck","adankro","fatmali","pedroortizm","FernandoMon","madison-ookla","ohadmata","mikedias","DPGrev","yorologo","bharathpalaksha","qlemaire22","penghou620","gauravprachchhak","stoynov96","bigquant","Mistobaan","brilhana","zacharya19","joao-a-silva","dongjinleekr"],"2019-10":["SaturnFromTitan","ZxMYS","scrawfor","francescomucio","zxzl","chicochico","rajatsri28","koshys","wjiangqc","arkadiuszbach","Nagalenoj","frankcash","l0n3r4n83r","chencivalue","icyfox-bupt","KKcorps","aaltay","kpathak13","saianupkumarp","stevetaggart","eminency","toughrogrammer","Minutis","shaikshakeel","michalslowikowski00","ratb3rt","louisguitton","jojo19893","mr-c","mingrammer","SimonCW"],"2019-11":["valexharo","mcw0933","ddelange","badfeanor","yegeniy","jrowen","jsurloppe","hoesler","laakejs","eserdyuk-exos","baolsen","zikun","simonohanlon101","rvanasa","nanco2sensei","JavierLopezT","shcherbin","daphshez","domantasjurkus","acroos","aviemzur","osule","blindlf"],"2019-12":["paulvic","SevakAvet","digger","dggs123","flo076","jomach","dgorelik","visciang","NBardelot","kaverisharma09","benjamingrenier","xinbinhuang","DandikUnited","robobario","jmccartin","svivier-orange","antonymayi","marinajpereira","shawnzhu","kimpers","timkpaine","phstudy","mustafagok","adityav","AlexandreYang","tooptoop4","dacohen","zuku1985","Daumis102","pradeepbhadani","seii-saintway"],"2020-01":["mtagle","rayrrr","joe-gordian-software","terezaif","JeremyBernier","Kawaamai","sarutak","chethanuk-plutoflume","bphillips-exos","s-mcqueen","jithin97","loicbenoit","lokeshlal","alexnu","JonnyDaenen","rconroy293","gabrieleckers","amichai07","mprinc","nalepae","GavinDmello","tigerjz32","petedejoy","bharatkashyap"],"2020-02":["anitakar","sjvanrossum","vsoch","aKumpan","ianstanton","ryanahamilton","davidshopback","BoKyeong-Kim","sbrandtb","MikaYuoadas","peter-volkov","data-navigator","ANiteckiP","snazzyfox","msb217","htkuan","saurabhdhupar","spektom","redSlug","simis2626","shmanu017","baecher","nikhilnadig28","lucacavazzana","wolney","AlexandrKhabarov","duyet","MatthewRBruce","MarkYHZhang","MichaelChirico","banderson131"],"2020-03":["TomAugspurger","OmairK","AurimasGr","grauscher","ianmaddox","TeddyHartanto","phigrofi","Better-Boy","alexzlue","dhegberg","atrbgithub","CaptainCuddleCube","gdevanla","auvipy","envious","lsimoneau","krisgeus","roitvt","jjmurre","toddy86","yajna-pandith","JPFrancoia","zeroam","ephraimbuddy","fhoda","marwan116","mhousley"],"2020-04":["dinigo","edejong","j-y-matsubara","vianhazman","roelhogervorst","johnnybravo-xyz","itayB","mbarrien","mppetkov","CodingJonas","LucasMMota","boittega","tatitati","oxymor0n","belidzs","RafaelAMello","gnomeria","KostyaEsmukov","aamangeldi","brandonwillard","randr97","nadflinn","alexandraabbas","dimonchik-suvorov","malagoli","iamshwin","wkhudgins92","inytar","jcarless","mebelousov","khyurri","alexandrecaze","ivorynoise","rcjsuen"],"2020-05":["fusuiyi123","vshshjn7","dsaiztc","realradical","abhilash1in","oripwk","JPonte","wittfabian","voltaiq-austin-chou","crazy-2020","Sarankrishna","JonnyWaffles","joppevos","siddartha-ravichandran","Blacksmoke16","klsnreddy","reltuk","mikeclarke","abdulbasitds","mdediana","Lyalpha","clojurians-org","koszti","Rcharriol","Acehaidrey","mikaeld","jonathanshir","Sangarshanan","mschickensoup","swecooo","lopesdiego12","harrisjoseph","pranjalmittal","waiyan1612"],"2020-06":["mgorsk1","dpostolovski","fuyi","cBournhonesque","notatallshaw","chipmyersjr","egibbm","ipeluffo","tung491","rjrbt","rahul-ve","blackw1ng","simond","DanilBaibak","nullhack","songyanho","ahmad-maruf","VinayGb665","svetli-n","angadsingh","pulsar314","benbenbang","AnimeshAgrawal","phill84","casassg","formigone","tanjinP","Marloxo","ivan-afonichkin","Udit107710","samuelkhtu","vsimon","blimmer"],"2020-07":["subkanthi","danihodovic","loozhengyuan","bbenzikry","royberkoweee","OldPanda","liuandy","manesioz","nitaibezerra","vanka56","dwjoss","aneesh-joseph","szczeles","guptamyr","SamWheating","MagicTurtle2203","darwinyip","ShpetnyEugene","jayrumi","scrambldchannel","kanga333","aviralwal","ashwinshankar77","giancarloromeo","waleedsamy","BaoshanGu","Unit03","timhealz","Hartorn","wolvery","debek","rafyzg","vuppalli","m-racine","whrocha","olchas","natasharw","lindsable","morrme","Milchdealer","ArrichM","alokshenoy","neil3handari","liuyonghengheng","takunnithan","fabien-sarcel","chamcca","jmelching","Moress","kblibr"],"2020-08":["sanjana1604","vlasvlasvlas","derrickqin","Craig-Chatfield","caddac","mhenc","mattiagiupponi","maganaluis","759803573","aksakalli","vgabdala","syudb","LeonY1","theodor1289","dewaldabrie","MohammedDiab","joshi95","karangale","gardnerdev","PoojaChandak","anikarni","ohbarye","bryzgaloff","TreeKat71","CarlosDutra","ljb7977","varundhussa","marcoaaguiar","alexbegg","flvndh","thejens","kosteev","rynmccrmck","jpmarques66","ypatankar","pcandoalmeida","viniciusdsmello","vikramkoka","Hasan-J"],"2020-09":["ecerulm","jedcunningham","anmol-dhingra","antoniocali","lattwood","tszerszen","Smeb","Swalloow","wendykan","jonstacks","atsalolikhin-spokeo","xOnelinx","SalAlba","dmitrikuksik","MateuszKukiela","mlgruby","lordozb","yene","millertracy","kunz07","eyalzek","rgrizzell","jmfreeman","jbampton","NadimYounes","NickBenthem","dyon78","kushsharma"],"2020-10":["kukigai","alxdembo","maroshmka","michael-j-thomas","VijayantSoni","yamrzou","faihegberg","debodirno","FloChehab","sergioesca4","mcepok","kishvanchee","shivanshs9","TAKEDA-Takashi","davido912","potix2","jacobmhoffman","mpermana","edeNFed","prakshalj0512","anirudhbagri","yangrong688","wyattshapiro","rafaelpierre","nheer","irudson","michalmisiewicz","Kaash","daemon-demon","juanuicich","jmelot","stijn-meersman","dungdm93","mjpieters","amaterasu-coder","gmontanola","FHoffmannCode","DBCerigo","joebeeson","arunvelsriram"],"2020-11":["match-gabeflores","hnaoto","brighton1101","lgov","HollowMan6","zigius","VBhojawala","davideconsonni","Zedmor","phraniiac","aranjanthakur","hsnprsd","mtraynham","nlecoy","sharad-vm","jdmedeiros","diegobenedicto","VictorGeaGarcia","Dr-Denzy","AdriMarteau","TheRum","jfmolano","patchandpray","zazazack","highfly22","mpolatcan","megaserg","venosov","dsynkov","pdashk","ashmeet13","heavelock","di1eep","szn","davidmarques78","honarkhah","RaviTezu"],"2020-12":["WilliamTun","GuillaumeDesforges","jao6693","zclimes","triptec","kvackkvackanka","RikHeijdens","aqua7regia","flavio-assis","smowden","evinism","danielenricocahall","plorenzatto","stefanwuthrich","AndersonReyes","kubatyszko","fortierq","rkh-hash","dflionis","tuanchris","ghodouss","jsmodic","iyangchen","DreamPearl","whatnick","abhishekbafna","Nick-0723","AmarEL","owlphi","soltanianalytics","mfjackson","otourzan"],"2021-01":["hrkh","emilioego","trowdan","lewismc","Tofull","bbovenzi","amatellanes","weldpua2008","andrzejsydor","jyotidhiman0610","Junnplus","griffincosgrove","AqeelAltaf","iangcarroll","panatimahesh","pchtsp","cccs-cat001","kentdanas","baxievski","cheunhong","sarahamilton","slaupster","IvanUkhov","marshall7m","sdas13","toshitanian","AlexeySanko","levahim","vemikhaylov","imamdigmi","Aakcht","drago-f5a","phucbui95","mattluudo"],"2021-02":["varunvora","RNHTTR","ferruzzi","heeroyuy925","jnq","cris-b","vikramcse","andygarfield","YingyingPeng22","jonasrla","Jake-Gillberg","AratiNagmal","zkan","ConstantinoSchillebeeckx","piffall","millin","Lord-Y","Abdur-rahmaanJ","HansBambel","Gabriel39","zlhsmfj","jlcoto","alanwu4321","cccs-seb","marcosmarxm","yogyang","mzaforas","ivica-k","stubs","palerdot","dave-philp","adilkhash","totogo","MaxTaggart","cmarteepants","lisovskey","jpyen","Scuall1992","brunobastosg","uma66","mtahakhan","huaerheima","orige","davidcaron","rachael-ds","yjwong"],"2021-03":["thekiai","mikelese","haard","penggongkui","ZhukovAlexander","sunkickr","digitalsimboja","bperson","shizidushu","Abhik1998","berksudan","ericpp","tpilewicz","jlaneve","gmcrocetti","CalRobert","markhopson","andrewelkins","uranusjr","scouvreur","Visya","zachliu","DerekHeldtWerle","mmoyses","subashcanapathy","ankitdobhal","JiHyeongSeo","lmaczulajtys","mcarbajo","tomasfarias","kenfinster","radim94","andrewgodwin","sserdyukov","iadi7ya","eejbyfeldt","loustler","sschaetz","ganesancit","leonsmith","akrava"],"2021-04":["Tonkonozhenko","suiting-young","zhzhang","igorpejic","pgzmnk","ByPort","RenGeng","stephsamson","pateash","bryce-lewis","jsemric","antonaut","wongelz","anatoly-soldatov","Goodkat","SangwanP","cadet354","CelastrinaLadon","jkugiya","wolfier","natanweinberger","laurikoobas","mobuchowski","matttattoli","itroulli","AlabamaYarrow","szachovy","YuDorogov","zarrarrana","pablo-menhir"],"2021-05":["dejii","CyberHippo","yesemsanthoshkumar","malthe","nic314","sighingnow","ngaranko","p-kachalov","grassten","flolas","ysk24ok","tegardp","levyitay","BenoitHanotte","Isaacwhyuenac","enisnazif","arvindeybram","fredthomsen","monti-python","codenamestif"],"2021-06":["scottypate","danielhoherd","sfc-gh-madkins","walf443","LukeHong","Sanchit112","mmenarguezpear","PengMingHua905001","buxizhizhoum","liuxhit","merwan","avocadomaster","ginevragaudioso","josh-fell","j143","ernest-kr","o-nikolas","sollozzo2","zhangyi-hu","tianjianjiang","vincyf1","BKronenbitter","ts-co","AliMuhammadOfficial","jscheffl","dacort","olivermeyer","Jorricks","gabrielsyapse","microhuang","ashwin153","freget","sunki-hong","jorgeac12","WhiteHotLoveTiger","andormarkus","maxcountryman","pgillet","almogtavor"],"2021-07":["AlessioM","pyerbiz","luoyuliuyin","robertsaxby","huozhanfeng","namjals","santosh-d3vpl3x","pmalafosse","Daniel-Han-Yang","collinmcnulty","saurasingh","dzamo","sharingan-no-kakashi","henryzhangsta","jaimefr","troyharvey","dolevf","dlampa","ShraddheyaS","snjypl","tylerwmarrs","zseta","john-jac","ShaharPotash1","BShraman","ciancolo","kevinbsilva","MatrixManAtYrService","samgans","oyarushe","nijanthanvijayakumar","msardana94","infused-kim","k29deepak","hewe","brain-buster","aslantar","XuankangLin","rikhilrai","Jesus89","iostreamdoth","Cabeda","nshetty15","baryluk"],"2021-08":["andrew-candela","zbstof","gmsantos","noelmcloughlin","mariotaddeucci","Xrampino","LionelZhao28","mcreenan","ShakaibKhan","andriyfedorov","repocho","enima2684","wojsamjan","Sic4Parvis9Magna","hbrls","rahulraina7","Diogo-Costa","sadan","bradarndt","nmehraein","chamorin","jomar83","Sonins","GregKarabinos","edwardwang888","kloty","tidunguyen","deedmitrij","lwyszomi","suhanovv","sreenath-kamath","py-ranoid","denimalpaca","arvinder-mo","iblaine","xasx","bhavaniravi","shadrus","willioktavega","sw1010"],"2021-09":["ignaski","rab170","kiwy42","bmckallagat-os","Narendra-Neerukonda","rachelwigell","minu7","cablespaghetti","spoutnickgp","khalidmammadov","kevin1kevin1k","diegosolis08","GonzaloUlla","bbenshalom","AnumSheraz","Mikhail-M","mnojek","MhmtErsy","mirobertod","nwalens","xingularity","wc-s","ydodeja365","PApostol","fuzheado","Xilorole","JackDanger","mattwang44","snolan-amount","ethanquix","AnthonyShipman","harikaduyu","saveriogzz","ClimbsRocks","frankbreetz","aa1371","c-nuro","fritz-astronomer","cristian-fatu","Jasonnor","FiyinD","SayTen","jarfgit","tnyz","alex-astronomer","iercan","j-asonwang"],"2021-10":["brettpalmberg","Caerbannog","edithturn","eskarimov","Bowrna"],"2021-11":["rrpelgrim","harryplumer","dimon222","gulshngill","christophergrant","wdoug","masayuki038","ahappypie","KennethanCeyer","endast","torbjornvatn","hterik","guotongfei","Melodie97","sdebruyn","Riturajvats","ReadytoRocc","DorConnecteam","yiannis-had","kazanzhy","Mokubyow","matsavage","huage1994","jakubczaplicki","keze","axxe","humit0","chinwobble","ChanglinZhou","jsnb-devoted","Mrngilles","MaksYermak","anurag-rajawat","alexott","piorkowskiprzemyslaw","nhankiet","alexandear","int3rlop3r","ulisesojeda","jplauri","grepthat","calfzhou","kd2718"],"2021-12":["harishkrao","Ritika-Singhal","pierrejeambrun","holly-evans","bugraoz93","dbarrundiag","yehoshuadimarsky","boredland","Piatachock","robertoea","minhthong582000","piotrkmita","mishc9","rsg17","legau","hwooson12","jon-fearer","philipherrmann","georborodin","lostkamp","ssatia","holadepo","tanguymartinez","luistm","yeshbash","jobegrabber","abiwill","wanlce","4lberto","aliotta","pvanliefland","qgallet","PSAB","e-roux","adaezebestow","danielvdende","tsingh2k15","kolban-google","andrew-nascimento","mai-nakagawa","bradleybonitatibus","KennyRich","pgvishnuram","wenjun93","casra-developers"],"2022-01":["mingshi-wang","hubert-pietron","phanikumv","adamspriggs","danneaves-ee","aabhaschopra","caxefaizan","fbertos","ac1997","frodo2000","demetthyl","steveyz-astro","nephtyws","norm","takuti","vinitpayal","IanDoarn","DrFaust92","r-alekseev","merobi-hub","masterlittle","omer-ginosar","ayushchauhan0811","sunank200","rounakdatta","Datkros","augusto-herrmann","derkuci","rajaths010494","LaPetiteSouris","rustikk","mike-mcdonald","anna-hope","uplsh580","bharanidharan14","chenglongyan"],"2022-02":["pbabics","david30907d","SasanAhmadi","druizz90","avkirilishin","vinooganesh","zmac12","utkarsharma2","mehmax","sungpeo","hsrocks","tfayyaz","aliavni","luciakasman","riccardo-salamanna","Jolcik","NivekNey","leiguorui","vincbeck","ngwallace","ne1r0n","AbhiPrasad","aa3pankaj","jkramer-ginkgo","KevinYanesG","gmcatsf","howardyoo","byyue","renardguill","zaimy","fj-sanchez","dnskr","lihan","AdamPaslawski","njrs92","h2cone","kadai0308","makrushin-evgenii"],"2022-03":["victorphoenix3","Giuzzilla","schirag1993","NomNomGit","blag","shahkshitij15","cheelio","davidhagens","talnagar","andrzejzysko","094459","xissy","EricGao888","yenchenLiu","patricker","MattTriano","easontm","ulsc","aspain","megan-parker","TreyYi","yathit","akifcakir","stefangsalandy","xyu","stephenoken","ttomasz","BioGeek","ajbosco","santonaastronomer","haoli-buaa","sbakiu","gitruhul","wutienyang","NiloFreitas","mixilchenko","alekseiloginov","okayhooni","likecodingloveproblems","anuragbisht12","rafalh","budney","shicholas","cafeal","shuhoy","senthilkumarkj"],"2022-04":["iw-pavan","pcolladosoto","sagmansercan","karunpoudel","davidavdav","repl-mike-roest","tauzen","piotrekklis","dcecchini","eprj453","kianelbo","tanelk","gitstart-airflow","bhirsz","anthonyjgraff","pankajastro","bilbof","pankajkoti","npodewitz","dan-vaughan","jasonwashburn","martinburch","mwallace582","LennyKLB","mtsadler-branch","morganjcw","erdos2n","hankehly","dx034","theesen","ianbuss","jackwotherspoon","GApfel","vezeli"],"2022-05":["fuxiao224","nhojjohn","jaegwonseo","jianyuan","yeachan153","pecigonzalo","igorborgest","fshehadeh","koconder","akolar-db","thinhnd2104","alexkruc","auyer","bernardocouto","schattian","pragyak412","rozza","Dark-Knight11","ishiis","repl-chris","joelossher","rahulgoyal2987","nsAstro","jakubno","Taragolis","c-thiel","mthakare-onshape","skadyan","dskoda1"],"2022-06":["kinow","YasenPetrov","remem9527","rino0601","pauldalewilliams","ankurbajaj9","rafagsiqueira","DSamuylov","slyapustin","tm-drtina","epapineau","jonathansp","michaelmicheal","argibbs","dojoscan","kevgeo","Erotemic","nclaeys","viktorvia","akakakakakaa","mariasumedre-3pg","dwreeves","francois2metz","future-taga","ejk43","lmarvaud","Lavedonio","henriqueribeiro","ArjunSharda","pavel-lexyr","sivankumar86"],"2022-07":["josedaniel-escribano-clarity","Conformist101","gem7318","Pocoder","csp98","yingxuanwangxuan","DougTrajano","sybernatus","emr65df","pdebelak","hinnefe2","THISisZOLI","jsoo1","anja-istenic","TommyDew42","krcrouse","nanohanno","zengbotang","rossturk","xianghuzhao","thelastmessiha","zartstrom","pastanton","jwitz","nigel-millward","jbvsmo","wselfjes","bkossakowska","john-bodley","withakay","cswpy","jkinkead","bryan824","michaelosthege","ecodina","pasalkarsachin1"],"2022-08":["havocbane","sashashura","barrywhart","tomsej","NickYadance","avanelli","jgr-trackunit","sophiely","morningcloud","adamfrly","bdsoha","celeriev","lidalei","alexandermalyga","bjankie1","cwdjankoski","FanatoniQ","rishkarajgi","doiken","fletchjeff","sudohainguyen","V0lantis","Voldurk","dclandau","cloventt","ravimakhija","ryantam626","j-martin","mohittalele","Corea","clellmann","choznerol","dene14","syedahsn","gaborratky-db","MAGLeb","domagojrazum","b8choi","mutiev"],"2022-09":["cra","maguerreberry","notatallshaw-gts","sprohaska","BobDu","joshuaghezzi","mabrikan","jens-scheffler-bosch","SPTKL","c2zwdjnlcg","Gollum999","nicolamarangoni","Starefossen","Lee-W","kameshkotwani","ihorlukianov","hewerthomn","yyvess","DMilmont","liu431","bressanmarcos","marcelo-franceschini","kokorin","srn221B"],"2022-10":["ayushthe1","sarayourfriend","Poxxy","cedkoffeto","dakshin-k","graben1437","sahilthapar","pigidser","curlup","sleepy-tiger","emincanoguz11","rlukin","rkarish","vara-bonthu","prajyotnaik3","hanna-liashchuk","VladaZakharova","yanmulin","mati-o","bmtKIA6","Akshay-samsung","MatthieuBlais","sshivprasad","MrGeorgeOwl","temmyzeus","dylan-turnbull","pavansharma36","oleg-ruban","anthonyp97","FingerLiu","aakashnand","vandonr-amz"],"2022-11":["bluek1te","mrk-andreev","jordanjeremy","hussein-awala","eitanme","alanatlemba","chncaption","zhiyong-ong","joseph-max-coalfire","punx120","ronahk","wjmolina","JulesTriomphe","bertiewooster","SnowOracle","paolo-moriello","WestonKing-Leatham","odaneau-astro","morkot","RoyNoymanW","umren","IKholopov","amoghrajesh","leehuwuj","dolfinus","Deepshikhayadav","morooshka","tiokim","vksunilk","csm10495","jacobm3","MrParosk","Adityamalik123","darrenmk","shahar1","chyok","richardbadman","jakemraz","skabbit","isakilikya","dandv","magdagultekin"],"2022-12":["syun64","daniel-anya","kouk","huang06","maxnathaniel","mdering","jbandoro","IAL32","vchiapaikeo","abouklila","jon-evergreen","bravmi","TohnJhomas","romibuzi","xyc-pz","0xflotus","kfirgollan","nathan-contino","rob-1126","jfallt","billcrook","gschuurman","KarshVashi","xlanor","markhatch","kolfild26","aaronsatae","moiseenkov","2h-kim","aaronabraham311","thangnd197","stamixthereal","RachitSharma2001","matt-theguyw1cat"],"2023-01":["sudeepgupta90","yxiao1996","sadler-elena","AaronCoquet-Easypark","fhaubner","zazaho","maggesssss","avicol","SoxMax","joarobles","bharat99k","gxcuit","cjac","tlinkin","ShelRoman","aru-trackunit","swalkowski","JGoldman110","vedantlodha","wonhyeongseo","johannaojeling","kacpermuda","ncorriveau","surabathini","okue","schwartzpub","amarlearning","Chen-Oliver","spencer-shadley"],"2023-02":["duke8585","arjunanan6","nuclear0wl","rubenbriones","Adaverse","wiktorn","tatiana","deanmorin","kristopherkane","syed-gilani","jose-lpa","EricPickup","Soonmok","Abhishek-kumar-samsung","dannikay","jeffery9876","farhan0syakir","BenediktRamsauer","Josersanvil","Thomas-McKanna","seunggabi","loulsb","s0neq","jcpark3797","hasiotis","Jianxuan-Li","bnix"],"2023-03":["dominik-werner-casra","npsables","dylanbstorey","sumit-kushwah","N-ickJones","wesolowskim","tsoud","abhishekbhakat","adamwhitneysoftwire","FloMom","bramvandewalle","trickysky","LMnet","ottomata","1inuxoid","planoe","1yangsh","mjkonarski-b","tanvn","nivangio","ignitz","Dris101","blinkseb","vDMG","chranto","bnguyennhon","dashanji","boushphong","mayeulk","tnk-ysk","meujin","jcobb-healx","aibazhang","Yaro1","evanasse"]}