{"2016-02":[["wesm",2],["proflin",5],["jacques-n",2]],"2016-03":[["xhochy",10],["emkornfield",16],["wesm",20]],"2016-04":[["fengguangyuan",12],["wesm",22],["emkornfield",15]],"2016-05":[["fengguangyuan",10],["wesm",16],["emkornfield",17],["xhochy",10]],"2016-06":[["wesm",16],["xhochy",11]],"2016-07":[["wesm",10],["xhochy",7],["jihoonson",5]],"2016-08":[["emkornfield",8],["jacques-n",8],["wesm",13],["julienledem",17]],"2016-09":[["xhochy",7],["wesm",8],["julienledem",9]],"2016-10":[["xhochy",9],["julienledem",10],["wesm",13]],"2016-11":[["xhochy",8],["julienledem",7],["wesm",13]],"2016-12":[["julienledem",7],["xhochy",10],["wesm",14]],"2017-01":[["nongli",8],["wesm",19],["xhochy",11]],"2017-02":[["xhochy",13],["elahrvivaz",12],["wesm",18]],"2017-03":[["tebeka",9],["kou",9],["xhochy",14],["julienledem",13],["elahrvivaz",14],["wesm",28],["cpcloud",9]],"2017-04":[["leifwalsh",11],["kou",12],["xhochy",11],["wesm",32],["julienledem",12],["jreback",14],["cpcloud",22]],"2017-05":[["kou",11],["cpcloud",15],["xhochy",9],["itaiin",8],["wesm",20]],"2017-06":[["wesm",18],["BryanCutler",8],["pcmoritz",15],["xhochy",11],["MaxRis",7],["cpcloud",10]],"2017-07":[["kou",8],["MaxRis",8],["cpcloud",10],["pcmoritz",10],["wesm",26],["BryanCutler",7],["xhochy",12]],"2017-08":[["cpcloud",11],["robertnishihara",9],["BryanCutler",9],["kou",7],["xhochy",9],["wesm",27],["siddharthteotia",7],["antonymayi",7],["icexelloss",13],["pcmoritz",12]],"2017-09":[["kou",12],["BryanCutler",10],["wesm",26],["icexelloss",15],["jacques-n",7],["renesugar",7],["xhochy",8],["siddharthteotia",10],["cpcloud",9]],"2017-10":[["pcmoritz",11],["BryanCutler",13],["xhochy",10],["icexelloss",21],["yufeldman",11],["heimir-sverrisson",10],["wesm",29],["jacques-n",11],["cpcloud",12],["siddharthteotia",18]],"2017-11":[["siddharthteotia",12],["pcmoritz",8],["kou",8],["icexelloss",21],["BryanCutler",16],["xhochy",12],["wesm",23],["cpcloud",12],["trxcllnt",12]],"2017-12":[["jcrist",10],["jorisvandenbossche",7],["JinHai-CN",6],["BryanCutler",7],["robertnishihara",6],["Licht-T",6],["xhochy",10],["cpcloud",10],["wesm",19],["pcmoritz",7],["siddharthteotia",8],["icexelloss",7]],"2018-01":[["robertnishihara",7],["cpcloud",7],["kou",5],["BryanCutler",8],["icexelloss",10],["jacques-n",5],["alphalfalfa",9],["pcmoritz",5],["siddharthteotia",7],["wesm",20],["pitrou",11],["xhochy",10],["jcrist",8],["xuepanchen",5]],"2018-02":[["trxcllnt",8],["robertnishihara",7],["cpcloud",24],["BryanCutler",8],["TheNeuralBit",7],["wesm",23],["rjrussell77",5],["pitrou",20],["xhochy",14],["xuepanchen",5]],"2018-03":[["BryanCutler",7],["icexelloss",9],["siddharthteotia",11],["wesm",20],["pitrou",19],["cpcloud",13],["xhochy",11],["andygrove",6],["TheNeuralBit",6],["kou",6],["laurentgo",13],["mitar",8],["Adriandorr",6],["AlexHagerman",6]],"2018-04":[["cpcloud",11],["pcmoritz",8],["laurentgo",8],["xhochy",14],["atuldambalkar",11],["kszucs",9],["wesm",7],["paddyhoran",7],["kou",9],["maxim-lian",9],["BryanCutler",9],["andygrove",12],["pitrou",23],["Adriandorr",7],["robertnishihara",8]],"2018-05":[["trxcllnt",8],["wesm",17],["codecov-io",7],["pcmoritz",14],["pitrou",19],["BryanCutler",10],["zhijunfu",8],["robertnishihara",12],["sunchao",6],["salah-man",9],["kou",12],["kszucs",13],["concretevitamin",6],["xhochy",14],["andygrove",6]],"2018-06":[["wesm",18],["pitrou",11],["alendit",8],["shiro615",6],["kszucs",12],["pcmoritz",9],["vancobuca",6],["domoritz",6],["cpcloud",10],["atuldambalkar",5],["BryanCutler",7],["jacques-n",6],["robertnishihara",5],["codecov-io",7],["xhochy",12],["kou",8]],"2018-07":[["kszucs",18],["wesm",27],["xhochy",14],["kou",13],["alendit",14],["pitrou",20],["icexelloss",9],["pcmoritz",11],["BryanCutler",12],["codecov-io",9],["cpcloud",9]],"2018-08":[["sbinet",7],["BryanCutler",7],["wesm",23],["pitrou",24],["pcmoritz",7],["crepererum",9],["icexelloss",7],["sunchao",12],["codecov-io",10],["kou",12],["xhochy",9],["kszucs",9]],"2018-09":[["icexelloss",8],["romainfrancois",10],["codecov-io",6],["paddyhoran",6],["mrkn",6],["kszucs",16],["kou",13],["trxcllnt",7],["wesm",30],["BryanCutler",10],["jacques-n",6],["xhochy",12],["pitrou",17],["guoyuhong",8],["robertnishihara",6],["pearu",20]],"2018-10":[["pitrou",25],["praveenbingo",15],["paddyhoran",10],["sunchao",10],["xhochy",11],["codecov-io",8],["pearu",13],["robertnishihara",11],["kou",17],["javierluraschi",8],["BryanCutler",11],["kszucs",17],["fsaintjacques",9],["romainfrancois",15],["shiro615",12],["pravindra",13],["wesm",26]],"2018-11":[["codecov-io",8],["sunchao",11],["xhochy",8],["kou",14],["fsaintjacques",12],["javierluraschi",8],["shiro615",12],["wesm",26],["pcmoritz",11],["BryanCutler",10],["pitrou",22],["sbinet",8],["romainfrancois",13],["pravindra",10],["kszucs",17],["andygrove",10],["paddyhoran",11]],"2018-12":[["shiro615",12],["kszucs",14],["cav71",8],["pcmoritz",9],["nevi-me",8],["bkietz",12],["pravindra",13],["codecov-io",9],["wesm",28],["fsaintjacques",19],["pitrou",23],["sunchao",11],["xhochy",10],["andygrove",8],["robertnishihara",8],["sbinet",8],["kou",15]],"2019-01":[["codecov-io",9],["mrkn",8],["emkornfield",13],["siddharthdave",10],["pcmoritz",15],["pearu",13],["xhochy",15],["kszucs",16],["romainfrancois",11],["andygrove",9],["sunchao",10],["pitrou",25],["nevi-me",8],["pravindra",23],["shiro615",9],["wesm",25],["kou",17],["anuragkh",8],["lihalite",9],["bkietz",8],["fsaintjacques",11]],"2019-02":[["andygrove",14],["mrkn",18],["wesm",28],["xhochy",17],["sunchao",10],["bkietz",14],["lihalite",13],["pitrou",24],["fsaintjacques",16],["alecmocatta",10],["sbinet",10],["tanyaschlusser",14],["eerhardt",14],["nevi-me",11],["emkornfield",22],["kou",17],["paddyhoran",10],["kszucs",12],["pravindra",12],["mikepigott",14],["stephentoub",10]],"2019-03":[["andygrove",19],["sunchao",16],["xhochy",18],["kszucs",15],["emkornfield",19],["kou",22],["lihalite",9],["guoyuhong",9],["hatemhelal",9],["codecov-io",9],["mrkn",13],["wesm",28],["sbinet",13],["eerhardt",16],["nevi-me",17],["bkietz",17],["pitrou",20],["fsaintjacques",19],["romainfrancois",9],["pcmoritz",10],["javierluraschi",10]],"2019-04":[["sbinet",16],["andygrove",8],["majetideepak",8],["eerhardt",7],["sunchao",11],["wesm",13],["kou",13],["pitrou",27],["nevi-me",9],["liurenjie1024",8],["martindurant",9],["mrkn",7],["bkietz",14],["lihalite",12],["alexandreyc",9],["fsaintjacques",14],["xrl",7],["emkornfield",13],["BryanCutler",7],["codecov-io",8],["kszucs",11],["anson627",7]],"2019-05":[["praveenbingo",10],["emkornfield",29],["bkietz",15],["sbinet",11],["yuruiz",10],["fsaintjacques",15],["tpboudreau",15],["kou",20],["wesm",30],["lihalite",10],["majetideepak",9],["pitrou",30],["BryanCutler",10],["liyafan82",13],["kszucs",9],["jorisvandenbossche",11],["nealrichardson",13],["sunchao",9],["codecov-io",9],["pravindra",12],["eerhardt",10]],"2019-06":[["eerhardt",12],["jorisvandenbossche",12],["liyafan82",16],["kou",23],["fsaintjacques",20],["nealrichardson",18],["praveenbingo",15],["bkietz",17],["romainfrancois",16],["kszucs",14],["emkornfield",31],["wesm",32],["pitrou",29],["ursabot",14],["lihalite",13],["pravindra",12],["shiro615",13]],"2019-07":[["pprudhvi",10],["kszucs",15],["BryanCutler",12],["liyafan82",23],["emkornfield",34],["kou",11],["lihalite",13],["pravindra",13],["liurenjie1024",10],["codecov-io",12],["wesm",20],["praveenbingo",10],["tianchen92",23],["bkietz",19],["pitrou",29],["fsaintjacques",15]],"2019-08":[["tianchen92",31],["liyafan82",24],["bkietz",21],["shiro615",12],["pravindra",16],["codecov-io",13],["BryanCutler",14],["emkornfield",35],["pitrou",33],["fsaintjacques",16],["pprudhvi",12],["wesm",29],["jorisvandenbossche",17],["kou",17],["nealrichardson",14]],"2019-09":[["andygrove",14],["tianchen92",16],["wesm",24],["bkietz",21],["pitrou",35],["emkornfield",17],["paddyhoran",12],["codecov-io",11],["liyafan82",14],["nealrichardson",19],["romainfrancois",12],["fsaintjacques",16],["kszucs",23],["jorisvandenbossche",15],["ursabot",11],["kou",17]],"2019-10":[["lihalite",12],["nealrichardson",15],["kou",13],["bkietz",22],["pitrou",25],["fsaintjacques",19],["liyafan82",19],["andygrove",12],["emkornfield",28],["kszucs",15],["tianchen92",15],["gawain-bolton",13],["jorisvandenbossche",14],["mrkn",11],["wesm",25]],"2019-11":[["pitrou",28],["fsaintjacques",17],["jorisvandenbossche",15],["liyafan82",16],["bkietz",23],["emkornfield",23],["gawain-bolton",10],["kou",16],["tianchen92",11],["BryanCutler",12],["xuechendi",10],["rok",11],["wesm",14],["kszucs",13],["nealrichardson",15]],"2019-12":[["mrkn",15],["jorisvandenbossche",13],["kiszk",9],["emkornfield",13],["fsaintjacques",14],["kou",20],["HashidaTKS",9],["bkietz",23],["rok",9],["jacques-n",12],["wesm",19],["nevi-me",14],["nealrichardson",13],["liyafan82",11],["martinradev",12],["pitrou",30],["kszucs",18]],"2020-01":[["abbotware",9],["eerhardt",12],["kou",20],["nealrichardson",19],["pitrou",21],["lidavidm",9],["emkornfield",15],["nevi-me",10],["kszucs",21],["HashidaTKS",9],["andy-thomason",10],["jacques-n",10],["tianchen92",9],["jorisvandenbossche",15],["fsaintjacques",12],["bkietz",14],["BryanCutler",9],["liyafan82",16],["wesm",15]],"2020-02":[["emkornfield",12],["lidavidm",7],["liyafan82",12],["nealrichardson",20],["jorisvandenbossche",12],["ursabot",8],["pprudhvi",7],["mrkn",8],["andygrove",10],["pitrou",34],["fsaintjacques",16],["wesm",16],["bkietz",19],["rok",10],["kszucs",18],["shiro615",9],["kou",18]],"2020-03":[["emkornfield",12],["lidavidm",16],["nealrichardson",19],["rymurr",10],["jorisvandenbossche",21],["mrkn",10],["andygrove",10],["pitrou",31],["fsaintjacques",15],["wesm",33],["bkietz",28],["rok",11],["martinradev",11],["kszucs",20],["kou",17]],"2020-04":[["paddyhoran",10],["cyb70289",9],["kou",16],["nealrichardson",19],["kiszk",10],["pitrou",28],["lidavidm",11],["emkornfield",21],["andygrove",11],["kszucs",21],["tianchen92",9],["jorisvandenbossche",19],["fsaintjacques",15],["zhztheplayer",11],["bkietz",24],["BryanCutler",10],["liyafan82",15],["wesm",24]],"2020-05":[["emkornfield",17],["lidavidm",12],["nealrichardson",20],["rymurr",11],["jorisvandenbossche",12],["andygrove",14],["nevi-me",15],["pitrou",24],["fsaintjacques",17],["wesm",26],["houqp",12],["bkietz",13],["kiszk",14],["kszucs",17],["kou",15],["mr-smidge",11]],"2020-06":[["kszucs",21],["cyb70289",10],["jorisvandenbossche",16],["bkietz",19],["xhochy",10],["liyafan82",13],["rymurr",13],["kou",17],["emkornfield",13],["lidavidm",10],["wesm",37],["maartenbreddels",11],["romainfrancois",10],["nealrichardson",18],["nevi-me",12],["houqp",10],["fsaintjacques",13],["pitrou",32]],"2020-07":[["emkornfield",15],["lidavidm",9],["liyafan82",13],["nealrichardson",18],["rymurr",17],["jorisvandenbossche",16],["sunchao",8],["maartenbreddels",8],["andygrove",12],["eerhardt",8],["pitrou",25],["romainfrancois",8],["wesm",26],["BryanCutler",11],["xhochy",8],["bkietz",17],["jorgecarleitao",13],["c-jamie",8],["jianxind",9],["kszucs",21],["paddyhoran",8],["kou",15],["mr-smidge",10]],"2020-08":[["MingyuZhong",9],["lidavidm",10],["nealrichardson",13],["emkornfield",24],["kszucs",11],["bkietz",12],["jianxind",9],["nevi-me",11],["liyafan82",15],["jorisvandenbossche",14],["kou",14],["pitrou",27],["jorgecarleitao",20],["romainfrancois",9],["andygrove",18],["kiszk",13],["alamb",24]],"2020-09":[["kszucs",18],["xhochy",11],["bkietz",16],["cyb70289",9],["romainfrancois",10],["jorisvandenbossche",16],["emkornfield",19],["nealrichardson",14],["wesm",12],["arw2019",11],["nevi-me",14],["liyafan82",10],["andygrove",14],["jorgecarleitao",23],["alamb",16],["jhorstmann",11],["ggershinsky",10],["pitrou",34]],"2020-10":[["wesm",11],["terencehonles",9],["pitrou",27],["bkietz",19],["maartenbreddels",10],["jorgecarleitao",22],["thamht4190",12],["kszucs",16],["emkornfield",17],["carols10cents",10],["BryanCutler",9],["nevi-me",16],["liyafan82",12],["kou",14],["nealrichardson",16],["jduo",14],["alamb",23],["jorisvandenbossche",16],["lidavidm",14]],"2020-11":[["pitrou",26],["jorisvandenbossche",12],["lidavidm",16],["kylepbit",10],["vertexclique",17],["jduo",11],["bkietz",16],["jorgecarleitao",23],["kou",16],["nevi-me",19],["jhorstmann",14],["Ulimo",12],["velvia",10],["eerhardt",11],["andygrove",16],["Dandandan",15],["kiszk",11],["nealrichardson",10],["Bei-z",13],["alamb",25]],"2020-12":[["kou",16],["westonpace",13],["andygrove",20],["kszucs",8],["nealrichardson",14],["emkornfield",9],["mqy",12],["lidavidm",10],["xhochy",8],["jorisvandenbossche",13],["XiaokunDing",8],["tifflhl",8],["nevi-me",14],["pitrou",22],["GregBowyer",10],["Dandandan",25],["jonkeane",8],["alamb",24],["bkietz",20],["arw2019",8],["codecov-io",10],["jorgecarleitao",22],["seddonm1",17]],"2021-01":[["lidavidm",10],["pitrou",28],["ovr",10],["bkietz",19],["ianmcook",13],["emkornfield",14],["nevi-me",16],["jorgecarleitao",23],["mqy",12],["kou",20],["liyafan82",10],["kszucs",15],["jorisvandenbossche",16],["sunchao",12],["mathyingzhou",13],["cyb70289",14],["nealrichardson",20],["Dandandan",21],["westonpace",23],["seddonm1",10],["codecov-io",10],["alamb",25],["jonkeane",11]],"2021-02":[["alamb",28],["jonkeane",11],["houqp",11],["dianaclarke",10],["bkietz",19],["ovr",9],["pitrou",26],["nealrichardson",16],["ritchie46",10],["nevi-me",15],["ursabot",9],["Dandandan",14],["westonpace",18],["seddonm1",15],["ianmcook",15],["emkornfield",19],["kou",12],["jorgecarleitao",18],["cyb70289",11],["lidavidm",12]],"2021-03":[["anthonylouisbsb",11],["pitrou",34],["zeroshade",14],["westonpace",24],["Dandandan",19],["nevi-me",13],["jonkeane",14],["alamb",28],["kszucs",12],["bkietz",20],["seddonm1",12],["projjal",14],["jorgecarleitao",12],["nealrichardson",28],["liyafan82",14],["lidavidm",21],["emkornfield",19],["ianmcook",26],["kou",15],["cyb70289",13]],"2021-04":[["lidavidm",24],["domoritz",16],["projjal",19],["thisisnic",14],["jorisvandenbossche",20],["kou",14],["anthonylouisbsb",14],["zeroshade",20],["nealrichardson",29],["alamb",21],["jonkeane",19],["kszucs",16],["cyb70289",15],["ianmcook",28],["emkornfield",22],["westonpace",31],["mathyingzhou",15],["pitrou",32],["Dandandan",14]],"2021-05":[["thisisnic",16],["pitrou",24],["jonkeane",16],["nirandaperera",10],["rok",12],["anthonylouisbsb",11],["kou",10],["jorisvandenbossche",14],["lidavidm",27],["kszucs",14],["edponce",10],["westonpace",18],["ianmcook",21],["emkornfield",12],["domoritz",14],["projjal",10],["cyb70289",12],["nealrichardson",18],["bkietz",18]],"2021-06":[["westonpace",19],["jonkeane",13],["edponce",13],["pitrou",36],["jorisvandenbossche",18],["kszucs",15],["nealrichardson",14],["bkietz",25],["zeroshade",12],["lidavidm",27],["rok",20],["emkornfield",18],["ianmcook",15],["cyb70289",13],["thisisnic",15],["kou",17]],"2021-07":[["nirandaperera",14],["thisisnic",17],["kou",14],["emkornfield",16],["ianmcook",13],["amol-",14],["jonkeane",19],["bkietz",23],["nealrichardson",22],["pitrou",23],["westonpace",25],["lidavidm",29],["anthonylouisbsb",13],["kszucs",19],["rok",17],["jorisvandenbossche",17]],"2021-08":[["aocsa",11],["jorisvandenbossche",18],["westonpace",15],["rok",12],["thisisnic",12],["amol-",9],["kkraus14",9],["cyb70289",10],["kou",12],["nirandaperera",11],["jonkeane",18],["nealrichardson",20],["pitrou",34],["edponce",11],["cpcloud",17],["bkietz",21],["liyafan82",10],["lidavidm",31],["emkornfield",18],["ianmcook",10]],"2021-09":[["augustoasilva",13],["westonpace",23],["kou",15],["pitrou",38],["edponce",28],["zeroshade",19],["jonkeane",16],["cpcloud",13],["emkornfield",17],["ianmcook",15],["rok",20],["jorisvandenbossche",18],["aucahuasi",18],["lidavidm",36],["thisisnic",16],["amol-",16],["aocsa",15],["nealrichardson",18]],"2021-10":[["nealrichardson",11],["westonpace",13],["aocsa",8],["ursabot",7],["amol-",7],["thisisnic",7],["kou",13],["lidavidm",14],["jorisvandenbossche",8],["aucahuasi",10],["edponce",10],["pitrou",20],["jonkeane",11],["coryan",8],["emkornfield",13]],"2021-11":[["cpcloud",13],["westonpace",16],["9prady9",14],["bkmgit",17],["jonkeane",23],["thisisnic",20],["lidavidm",26],["rkavanap",13],["emkornfield",19],["AlenkaF",16],["vvellanki",21],["zeroshade",16],["kszucs",14],["jorisvandenbossche",22],["ursabot",15],["kou",24],["pitrou",38],["amol-",13],["paleolimbot",13],["augustoasilva",20],["dragosmg",14]],"2021-12":[["lidavidm",35],["zixi-bwang",10],["jorisvandenbossche",22],["eerhardt",10],["kou",19],["jonkeane",20],["ursabot",15],["amol-",15],["cyb70289",12],["AlenkaF",18],["kszucs",15],["westonpace",21],["pitrou",39],["rok",10],["paleolimbot",13],["vibhatha",18],["bkmgit",22],["coryan",16],["asuhan",15],["dragosmg",14],["thisisnic",22],["edponce",19],["wjones127",16]],"2022-01":[["kszucs",20],["jorisvandenbossche",19],["dhruv9vats",14],["dragosmg",16],["kou",16],["jonkeane",21],["edponce",14],["lidavidm",36],["jcralmeida",13],["paleolimbot",13],["rok",17],["wjones127",16],["iajoiner",16],["vibhatha",21],["bkmgit",18],["thisisnic",17],["pitrou",32],["ursabot",14],["westonpace",23]],"2022-02":[["lidavidm",27],["jonkeane",21],["kszucs",13],["kou",14],["vibhatha",9],["emkornfield",16],["ursabot",12],["westonpace",21],["thisisnic",13],["jorisvandenbossche",15],["AlenkaF",12],["wjones127",9],["cyb70289",15],["anthonylouisbsb",10],["paleolimbot",9],["pitrou",25],["dhruv9vats",10],["dragosmg",19],["sanjibansg",9],["rok",14],["jcralmeida",12],["nealrichardson",12],["jvanstraten",20]],"2022-03":[["jorisvandenbossche",21],["dhruv9vats",12],["dragosmg",22],["save-buffer",17],["michalursa",13],["kou",14],["jonkeane",24],["edponce",14],["AlenkaF",14],["lidavidm",48],["davisusanibar",25],["paleolimbot",12],["sanjibansg",18],["rok",15],["wjones127",14],["vibhatha",19],["thisisnic",12],["pitrou",32],["emkornfield",13],["ursabot",14],["westonpace",28]],"2022-04":[["jorisvandenbossche",19],["dragosmg",16],["kou",19],["jonkeane",19],["edponce",16],["AlenkaF",18],["lidavidm",44],["davisusanibar",17],["paleolimbot",18],["sanjibansg",15],["wjones127",15],["vibhatha",28],["nealrichardson",19],["pitrou",33],["emkornfield",16],["ursabot",15],["westonpace",31]],"2022-05":[["pitrou",29],["rtpsw",10],["ursabot",15],["assignUser",16],["westonpace",24],["jorisvandenbossche",16],["wjones127",11],["thisisnic",11],["kou",19],["dragosmg",19],["sanjibansg",11],["rok",13],["kszucs",12],["zeroshade",11],["cyb70289",11],["jonkeane",13],["lidavidm",17],["nealrichardson",17],["raulcd",14],["amol-",8],["zhztheplayer",8],["vibhatha",15],["AlenkaF",8]],"2022-06":[["rok",13],["sanjibansg",8],["davisusanibar",8],["paleolimbot",9],["icexelloss",11],["jorisvandenbossche",8],["assignUser",16],["westonpace",25],["kou",23],["save-buffer",9],["pitrou",29],["nealrichardson",17],["cyb70289",9],["zeroshade",8],["wjones127",13],["wesm",15],["rtpsw",15],["emkornfield",10],["AlenkaF",8],["iChauster",11],["amol-",11],["raulcd",14],["vibhatha",19],["lidavidm",24]],"2022-07":[["wesm",14],["pitrou",31],["wjones127",17],["vibhatha",21],["iChauster",12],["nealrichardson",23],["dragosmg",23],["emkornfield",9],["drin",9],["save-buffer",10],["rok",18],["paleolimbot",23],["ursabot",13],["westonpace",28],["assignUser",14],["jvanstraten",10],["raulcd",15],["thisisnic",9],["AlenkaF",19],["michalursa",11],["SG011",14],["kou",26],["jorisvandenbossche",14],["lidavidm",28]],"2022-08":[["lidavidm",30],["thisisnic",12],["rtpsw",17],["paleolimbot",14],["eitsupi",10],["ursabot",16],["kou",22],["ksuarez1423",13],["save-buffer",10],["cyb70289",9],["ManManson",13],["toddfarmer",9],["zeroshade",24],["icexelloss",13],["milesgranger",14],["marsupialtail",12],["rok",13],["raulcd",9],["wjones127",9],["drin",11],["jorisvandenbossche",13],["davisusanibar",13],["pitrou",36],["vibhatha",16],["nealrichardson",15],["assignUser",12],["westonpace",28]],"2022-09":[["fatemehp",11],["kou",25],["westonpace",23],["assignUser",15],["davisusanibar",12],["jorisvandenbossche",17],["save-buffer",13],["ksuarez1423",13],["raulcd",12],["lwhite1",11],["ursabot",17],["js8544",16],["lidavidm",28],["vibhatha",21],["nealrichardson",13],["zeroshade",19],["rok",15],["paleolimbot",14],["rtpsw",13],["wjones127",16],["pitrou",35],["thisisnic",11],["michalursa",12],["milesgranger",13]],"2022-10":[["vibhatha",11],["raulcd",14],["aucahuasi",11],["rtpsw",14],["paleolimbot",13],["milesgranger",13],["assignUser",14],["westonpace",17],["pitrou",33],["ursabot",16],["lwhite1",14],["AlenkaF",16],["fatemehp",14],["kou",27],["nealrichardson",18],["thisisnic",18],["wjones127",12],["lidavidm",22],["jorisvandenbossche",21],["amoeba",11],["rok",15]],"2022-11":[["kou",22],["fatemehp",13],["rok",21],["assignUser",12],["westonpace",22],["wjones127",14],["milesgranger",20],["toddfarmer",12],["jorisvandenbossche",22],["raulcd",14],["vibhatha",11],["emkornfield",11],["paleolimbot",16],["lidavidm",14],["thisisnic",19],["nealrichardson",12],["rtpsw",18],["pitrou",31],["AlenkaF",11],["ursabot",14]],"2022-12":[["benibus",10],["eitsupi",7],["ursabot",14],["pitrou",30],["vibhatha",11],["rok",15],["milesgranger",7],["mapleFU",12],["cyb70289",7],["kou",24],["fatemehp",12],["westonpace",19],["assignUser",13],["lidavidm",16],["emkornfield",9],["h-vetinari",10],["jorisvandenbossche",19],["wjones127",9],["yaqi-zhao",9],["AlenkaF",14],["rtpsw",13],["zeroshade",12],["zhixingheyi-tian",7],["heronshoes",7],["amol-",8],["raulcd",10],["thisisnic",11],["paleolimbot",11],["wgtmac",17]],"2023-01":[["kou",28],["fatemehp",8],["wgtmac",22],["assignUser",17],["westonpace",30],["EpsilonPrime",11],["sjperkins",12],["jorisvandenbossche",19],["save-buffer",12],["raulcd",16],["ursabot",17],["js8544",12],["lidavidm",20],["mapleFU",18],["vibhatha",18],["heronshoes",8],["nealrichardson",11],["zeroshade",18],["rok",16],["amoeba",8],["paleolimbot",18],["AlenkaF",11],["cyb70289",10],["rtpsw",13],["wjones127",22],["abandy",10],["pitrou",32],["felipecrv",22],["thisisnic",16],["ianmcook",8],["emkornfield",13]],"2023-02":[["nealrichardson",10],["ianmcook",8],["eitsupi",8],["felipecrv",17],["eerhardt",7],["fatemehp",7],["kou",21],["jorisvandenbossche",23],["sjperkins",7],["wjones127",14],["rtadepalli",7],["Fokko",10],["thisisnic",13],["rok",15],["lidavidm",20],["zeroshade",16],["DanTm99",7],["benibus",8],["mapleFU",18],["adamreeve",8],["js8544",15],["vibhatha",11],["wgtmac",18],["ursabot",15],["AlenkaF",12],["paleolimbot",8],["assignUser",11],["westonpace",32],["pitrou",14],["rtpsw",21],["icexelloss",19]],"2023-03":[["HaochengLIU",8],["kou",22],["eerhardt",12],["srebhan",8],["benibus",9],["mapleFU",21],["adamreeve",7],["jorisvandenbossche",23],["thisisnic",12],["rok",20],["amoeba",8],["sanjibansg",10],["felipecrv",21],["lidavidm",23],["icexelloss",26],["paleolimbot",9],["emkornfield",7],["wjones127",17],["zeroshade",22],["ursabot",13],["rtpsw",22],["dinimar",7],["tolleybot",7],["wgtmac",20],["davisusanibar",10],["assignUser",12],["westonpace",24],["ildipo",10],["amol-",11],["raulcd",10],["yevgenypats",12],["AlenkaF",12]]}