{"2016-02":[["cloudera.com","3"],["gmail.com","1"]],"2016-03":[["gmail.com","4"],["dremio.com","2"],["apache.org","1"],["xhochy.com","1"]],"2016-04":[["gmail.com","3"],["xhochy.com","1"],["intel.com","1"]],"2016-05":[["gmail.com","2"],["apache.org","2"],["dremio.com","1"],["163.com","1"],["xhochy.com","1"]],"2016-06":[["gmail.com","3"],["apache.org","1"],["xhochy.com","1"],["node20.(none)","1"]],"2016-07":[["apache.org","2"],["dremio.com","1"],["gmail.com","1"]],"2016-08":[["apache.org","3"],["dremio.com","2"],["nyu.edu","1"],["gmail.com","1"],["online.fr","1"],["xhochy.com","1"]],"2016-09":[["dremio.com","3"],["twosigma.com","1"],["xhochy.com","1"]],"2016-10":[["dremio.com","3"],["twosigma.com","3"],["peter-hoffmann.com","1"],["xhochy.com","1"]],"2016-11":[["twosigma.com","2"],["dremio.com","1"],["gmail.com","1"],["xhochy.com","1"]],"2016-12":[["dremio.com","2"],["zenadi.com","1"],["gmail.com","1"],["twosigma.com","1"],["clear-code.com","1"],["xhochy.com","1"]],"2017-01":[["gmail.com","2"],["yahoo.com","1"],["dremio.com","1"],["live.com","1"],["twosigma.com","1"],["xhochy.com","1"],["clear-code.com","1"]],"2017-02":[["dremio.com","2"],["live.com","1"],["gmail.com","1"],["us.ibm.com","1"],["ccri.com","1"],["clear-code.com","1"],["xhochy.com","1"],["twosigma.com","1"]],"2017-03":[["gmail.com","10"],["dremio.com","1"],["enigma.io","1"],["apache.org","1"],["ccri.com","1"],["clear-code.com","1"],["twosigma.com","1"],["xhochy.com","1"]],"2017-04":[["gmail.com","6"],["twosigma.com","2"],["ccri.com","2"],["dremio.com","1"],["hpe.com","1"],["apache.org","1"],["clear-code.com","1"],["jeffknupp.com","1"],["us.ibm.com","1"],["xhochy.com","1"]],"2017-05":[["gmail.com","4"],["clear-code.com","4"],["twosigma.com","3"],["ccri.com","2"],["databricks.com","1"],["xhochy.com","1"]],"2017-06":[["dremio.com","4"],["gmail.com","4"],["apache.org","2"],["blue-yonder.com","1"],["klab.com","1"],["infer.com","1"],["clear-code.com","1"],["twosigma.com","1"],["jeffknupp.com","1"],["us.ibm.com","1"],["ccri.com","1"],["kelman.net","1"],["xhochy.com","1"]],"2017-07":[["gmail.com","10"],["dremio.com","2"],["blue-yonder.com","2"],["","1"],["siren.solutions","1"],["hpe.com","1"],["twosigma.com","1"],["clear-code.com","1"],["yahoo.com","1"],["inspur.com","1"],["oracle.com","1"],["xhochy.com","1"]],"2017-08":[["gmail.com","9"],["dremio.com","2"],["","1"],["movie.ocn.ne.jp","1"],["blue-yonder.com","1"],["clear-code.com","1"],["twosigma.com","1"],["hatappi.me","1"],["speee.jp","1"],["mos6581.org","1"],["yahoo.com","1"],["ccri.com","1"],["xhochy.com","1"]],"2017-09":[["gmail.com","11"],["dremio.com","2"],["blue-yonder.com","2"],["clear-code.com","2"],["reback.net","1"],["me.com","1"],["hpe.com","1"],["twosigma.com","1"],["xhochy.com","1"]],"2017-10":[["gmail.com","10"],["dremio.com","3"],["twosigma.com","2"],["spothero.com","1"],["wolve.com","1"],["blue-yonder.com","1"],["outlook.jp","1"],["clear-code.com","1"],["stanwell.com","1"],["ccri.com","1"],["xhochy.com","1"],["egroat.com","1"]],"2017-11":[["gmail.com","10"],["dremio.com","3"],["cs.berkeley.edu","1"],["me.com","1"],["users.noreply.github.com","1"],["andrewandrade.ca","1"],["blue-yonder.com","1"],["outlook.jp","1"],["clear-code.com","1"],["twosigma.com","1"],["intel.com","1"],["icir.org","1"],["team.telstra.com","1"],["stanwell.com","1"],["ccri.com","1"],["xhochy.com","1"]],"2017-12":[["gmail.com","10"],["dremio.com","2"],["twosigma.com","2"],["maeth.com","1"],["me.com","1"],["users.noreply.github.com","1"],["blue-yonder.com","1"],["outlook.jp","1"],["apache.org","1"],["clear-code.com","1"],["xhochy.com","1"]],"2018-01":[["gmail.com","12"],["mozo.jp","1"],["me.com","1"],["users.noreply.github.com","1"],["dremio.com","1"],["blue-yonder.com","1"],["outlook.jp","1"],["twosigma.com","1"],["clear-code.com","1"],["python.org","1"],["advisorsexcel.com","1"],["justindunham.net","1"],["xhochy.com","1"]],"2018-02":[["gmail.com","12"],["blue-yonder.com","2"],["mozo.jp","1"],["me.com","1"],["users.noreply.github.com","1"],["clear-code.com","1"],["twosigma.com","1"],["python.org","1"],["live.com","1"],["atlassian.com","1"],["tudelft.nl","1"],["berkeley.edu","1"],["ccri.com","1"],["xhochy.com","1"],["adobe.com","1"]],"2018-03":[["gmail.com","8"],["dremio.com","2"],["uptake.com","1"],["me.com","1"],["users.noreply.github.com","1"],["blue-yonder.com","1"],["twosigma.com","1"],["unexpectedeof.net","1"],["clear-code.com","1"],["python.org","1"],["intel.com","1"],["ansatzcapital.com","1"],["tnode.com","1"],["ccri.com","1"],["xhochy.com","1"],["in.tum.de","1"]],"2018-04":[["gmail.com","11"],["blue-yonder.com","3"],["affirm.com","1"],["zilliz.com","1"],["alum.mit.edu","1"],["hotmail.com","1"],["twosigma.com","1"],["clear-code.com","1"],["python.org","1"],["unexpectedeof.net","1"],["ansatzcapital.com","1"],["genomicsplc.com","1"],["maxroos.com","1"]],"2018-05":[["gmail.com","14"],["antfin.com","2"],["willets.org","1"],["sendgrid.com","1"],["me.com","1"],["users.noreply.github.com","1"],["blue-yonder.com","1"],["hotmail.com","1"],["outlook.jp","1"],["apache.org","1"],["twosigma.com","1"],["clear-code.com","1"],["python.org","1"],["outlook.com","1"],["bu.edu","1"],["us.ibm.com","1"],["xs4all.nl","1"],["berkeley.edu","1"],["bnl.gov","1"]],"2018-06":[["gmail.com","10"],["antfin.com","2"],["users.noreply.github.com","2"],["blue-yonder.com","2"],["apache.org","2"],["uber.com","2"],["nanoporetech.com","1"],["cern.ch","1"],["me.com","1"],["dremio.com","1"],["clear-code.com","1"],["python.org","1"],["mihevc.org","1"],["factset.com","1"]],"2018-07":[["gmail.com","11"],["users.noreply.github.com","2"],["clear-code.com","2"],["civisanalytics.com","1"],["cern.ch","1"],["me.com","1"],["antfin.com","1"],["blue-yonder.com","1"],["apache.org","1"],["uber.com","1"],["python.org","1"],["twosigma.com","1"],["inf.ethz.ch","1"],["163.com","1"],["danielcompton.net","1"],["in.tum.de","1"]],"2018-08":[["gmail.com","11"],["python.org","4"],["apache.org","2"],["cern.ch","1"],["andrew.cmu.edu","1"],["blue-yonder.com","1"],["hotmail.com","1"],["uber.com","1"],["clear-code.com","1"],["lembacon.com","1"],["inf.ethz.ch","1"],["celonis.com","1"]],"2018-09":[["gmail.com","10"],["cloudera.com","7"],["yahoo.com","3"],["apache.org","2"],["uber.com","2"],["me.com","1"],["antfin.com","1"],["xcalar.com","1"],["users.noreply.github.com","1"],["il.ibm.com","1"],["blue-yonder.com","1"],["hotmail.com","1"],["clear-code.com","1"],["intel.com","1"],["python.org","1"],["purrple.cat","1"]],"2018-10":[["gmail.com","13"],["dremio.com","5"],["clear-code.com","3"],["hotmail.com","2"],["","1"],["cern.ch","1"],["me.com","1"],["antfin.com","1"],["lyft.com","1"],["blue-yonder.com","1"],["hpe.com","1"],["apache.org","1"],["uber.com","1"],["python.org","1"],["mrkn.jp","1"],["purrple.cat","1"]],"2018-11":[["gmail.com","14"],["dremio.com","4"],["apache.org","3"],["hotmail.com","2"],["","1"],["cern.ch","1"],["antfin.com","1"],["blue-yonder.com","1"],["arm.com","1"],["clear-code.com","1"],["python.org","1"],["cisco.com","1"],["alibaba-inc.com","1"],["factset.com","1"],["fb.com","1"],["purrple.cat","1"],["in.tum.de","1"]],"2018-12":[["gmail.com","11"],["dremio.com","3"],["apache.org","3"],["oss.nttdata.co.jp","1"],["cern.ch","1"],["users.noreply.github.com","1"],["blue-yonder.com","1"],["hpe.com","1"],["hotmail.com","1"],["clear-code.com","1"],["dustmop.io","1"],["python.org","1"],["oss.nttdata.com","1"],["c-bata.link","1"],["pfelton.co.uk","1"],["purrple.cat","1"],["cavallinux.eu","1"],["justindunham.net","1"],["xhochy.com","1"],["tickel.net","1"],["mathworks.co.uk","1"]],"2019-01":[["gmail.com","21"],["dremio.com","4"],["netflix.com","2"],["me.com","2"],["apache.org","2"],["python.org","1"],["hotmail.com","1"],["blue-yonder.com","1"],["twosigma.com","1"],["clear-code.com","1"],["outlook.com","1"],["capitalone.com","1"],["users.noreply.github.com","1"],["antfin.com","1"],["oss.nttdata.com","1"],["fzcorp.com","1"],["pacbell.net","1"],["icir.org","1"],["mrkn.jp","1"],["purrple.cat","1"],["cavallinux.eu","1"],["berkeley.edu","1"],["alipay.com","1"],["xhochy.com","1"]],"2019-02":[["gmail.com","17"],["apache.org","4"],["users.noreply.github.com","3"],["me.com","2"],["dremio.com","2"],["hotmail.com","2"],["intel.com","2"],["smithii.com","1"],["cern.ch","1"],["protonmail.ch","1"],["antfin.com","1"],["blue-yonder.com","1"],["clear-code.com","1"],["twosigma.com","1"],["python.org","1"],["palantir.com","1"],["mrkn.jp","1"],["purrple.cat","1"],["xhochy.com","1"],["tickel.net","1"]],"2019-03":[["gmail.com","17"],["clear-code.com","5"],["users.noreply.github.com","4"],["microsoft.com","3"],["mathworks.com","2"],["apache.org","2"],["hotmail.com","2"],["dremio.com","2"],["cern.ch","1"],["blue-yonder.com","1"],["antfin.com","1"],["comcast.net","1"],["me.com","1"],["tutanota.com","1"],["uber.com","1"],["protonmail.ch","1"],["twosigma.com","1"],["python.org","1"],["alibaba-inc.com","1"],["monetate.com","1"],["mrkn.jp","1"],["purrple.cat","1"],["benteler.com","1"],["xhochy.com","1"]],"2019-04":[["gmail.com","16"],["dremio.com","3"],["apache.org","2"],["zilliz.com","1"],["cern.ch","1"],["me.com","1"],["microsoft.com","1"],["hotmail.com","1"],["yandex.com","1"],["clear-code.com","1"],["twosigma.com","1"],["python.org","1"],["influxdata.com","1"],["mihevc.org","1"],["alibaba-inc.com","1"],["mrkn.jp","1"],["rstudio.com","1"],["amd-lab.com","1"]],"2019-05":[["gmail.com","22"],["dremio.com","4"],["microsoft.com","2"],["users.noreply.github.com","2"],["apache.org","2"],["clear-code.com","2"],["zilliz.com","1"],["cern.ch","1"],["google.com","1"],["me.com","1"],["mathworks.com","1"],["microfocus.com","1"],["uber.com","1"],["intel.com","1"],["python.org","1"],["qq.com","1"],["alibaba-inc.com","1"],["live.no","1"],["foxmail.com","1"]],"2019-06":[["gmail.com","15"],["apache.org","3"],["dremio.com","3"],["microsoft.com","2"],["alibaba-inc.com","2"],["zilliz.com","1"],["me.com","1"],["antfin.com","1"],["newyorker.de","1"],["kershnertrading.com","1"],["users.noreply.github.com","1"],["google.com","1"],["mathworks.com","1"],["hpe.com","1"],["icloud.com","1"],["arm.com","1"],["cern.ch","1"],["clear-code.com","1"],["python.org","1"],["crepererum.net","1"],["nvidia.com","1"],["xs4all.nl","1"],["mrkn.jp","1"],["rstudio.com","1"],["foxmail.com","1"],["posten.no","1"],["winding-lines.com","1"],["xhochy.com","1"]],"2019-07":[["gmail.com","14"],["users.noreply.github.com","5"],["clear-code.com","4"],["alibaba-inc.com","3"],["yahoo.com","2"],["zilliz.com","1"],["icloud.com","1"],["google.com","1"],["me.com","1"],["microsoft.com","1"],["dremio.com","1"],["mathworks.com","1"],["arm.com","1"],["itamarst.org","1"],["apache.org","1"],["python.org","1"],["intel.com","1"],["crepererum.net","1"],["mihevc.org","1"],["mrkn.jp","1"],["foxmail.com","1"],["tudelft.nl","1"],["berkeley.edu","1"]],"2019-08":[["gmail.com","17"],["dremio.com","2"],["foxmail.com","2"],["nvidia.com","1"],["icloud.com","1"],["me.com","1"],["users.noreply.github.com","1"],["mathworks.com","1"],["hotmail.com","1"],["apache.org","1"],["clear-code.com","1"],["intel.com","1"],["python.org","1"],["crepererum.net","1"],["returntocorp.com","1"],["Takuyas-MacBook-Pro.local","1"],["alibaba-inc.com","1"],["inf.ethz.ch","1"],["mrkn.jp","1"],["fb.com","1"],["googlemail.com","1"],["utdallas.edu","1"]],"2019-09":[["gmail.com","16"],["dremio.com","2"],["me.com","2"],["rigo.sk","2"],["cern.ch","1"],["microsoft.com","1"],["fastmail.fm","1"],["h2o.ai","1"],["icloud.com","1"],["hotmail.com","1"],["apache.org","1"],["clear-code.com","1"],["intel.com","1"],["python.org","1"],["linaro.org","1"],["alibaba-inc.com","1"],["mrkn.jp","1"],["foxmail.com","1"],["chicagotrading.com","1"],["rstudio.com","1"],["funke.eu","1"],["hengruo.me","1"],["quantco.com","1"],["utdallas.edu","1"],["ccri.com","1"]],"2019-10":[["gmail.com","21"],["apache.org","8"],["intel.com","2"],["cfm.fr","1"],["creativeanvil.com","1"],["icloud.com","1"],["users.noreply.github.com","1"],["dremio.com","1"],["rigo.sk","1"],["hotmail.com","1"],["uber.com","1"],["brandwatch.com","1"],["python.org","1"],["mihevc.org","1"],["alibaba-inc.com","1"],["mrkn.jp","1"],["connectedsignals.com","1"],["foxmail.com","1"],["grandrounds.com","1"],["hengruo.me","1"]],"2019-11":[["gmail.com","21"],["cfm.fr","1"],["cern.ch","1"],["icloud.com","1"],["il.ibm.com","1"],["hotmail.com","1"],["apache.org","1"],["clear-code.com","1"],["python.org","1"],["alibaba-inc.com","1"],["mihevc.org","1"],["probayes.com","1"],["foxmail.com","1"],["amazon.com","1"],["pchanda.com","1"],["quantco.com","1"],["purestorage.com","1"]],"2019-12":[["gmail.com","15"],["users.noreply.github.com","3"],["cfm.fr","1"],["cern.ch","1"],["protonmail.ch","1"],["il.ibm.com","1"],["dremio.com","1"],["jbapple.com","1"],["arm.com","1"],["apache.org","1"],["amiya.co.jp","1"],["clear-code.com","1"],["python.org","1"],["jp.ibm.com","1"],["alibaba-inc.com","1"],["peter-hoffmann.com","1"],["mrkn.jp","1"],["foxmail.com","1"],["rstudio.com","1"],["pchanda.com","1"],["quantco.com","1"]],"2020-01":[["gmail.com","19"],["apache.org","3"],["arm.com","2"],["cfm.fr","2"],["intel.com","2"],["amiya.co.jp","2"],["users.noreply.github.com","2"],["criteo.com","1"],["hotmail.com","1"],["microsoft.com","1"],["kershnertrading.com","1"],["clear-code.com","1"],["graphistry.com","1"],["creativeanvil.com","1"],["python.org","1"],["jp.ibm.com","1"],["alibaba-inc.com","1"],["fzcorp.com","1"],["xs4all.nl","1"],["garillot.net","1"],["foxmail.com","1"],["rstudio.com","1"],["yahoo.com","1"],["tinyclues.com","1"],["pchanda.com","1"],["quantco.com","1"]],"2020-02":[["gmail.com","18"],["apache.org","2"],["cfm.fr","1"],["fastmail.fm","1"],["antfin.com","1"],["users.noreply.github.com","1"],["icloud.com","1"],["hotmail.com","1"],["datadoghq.com","1"],["nvidia.com","1"],["amiya.co.jp","1"],["clear-code.com","1"],["arm.com","1"],["intel.com","1"],["python.org","1"],["urbanlogiq.com","1"],["mihevc.org","1"],["alibaba-inc.com","1"],["mrkn.jp","1"],["b23.io","1"],["genomicsplc.com","1"],["pchanda.com","1"],["distilnetworks.com","1"],["gov.bc.ca","1"]],"2020-03":[["gmail.com","17"],["intel.com","3"],["dremio.com","2"],["urbanlogiq.com","2"],["arm.com","2"],["signavio.com","1"],["users.noreply.github.com","1"],["adamhooper.com","1"],["fastmail.com","1"],["cs.berkeley.edu","1"],["hotmail.com","1"],["icloud.com","1"],["apache.org","1"],["amiya.co.jp","1"],["clear-code.com","1"],["salesforce.com","1"],["python.org","1"],["cambridgesemantics.com","1"],["alibaba-inc.com","1"],["cern.ch","1"],["mihevc.org","1"],["bigstream.co","1"],["mrkn.jp","1"],["foxmail.com","1"],["b23.io","1"],["pchanda.com","1"],["quantco.com","1"],["gov.bc.ca","1"]],"2020-04":[["gmail.com","24"],["intel.com","4"],["signavio.com","1"],["quantco.com","1"],["kershnertrading.com","1"],["microsoft.com","1"],["dremio.com","1"],["urch.eu","1"],["icloud.com","1"],["home","1"],["datadoghq.com","1"],["apache.org","1"],["hotmail.com","1"],["pianocktail.org","1"],["python.org","1"],["alibaba-inc.com","1"],["urbanlogiq.com","1"],["zoho.com","1"],["mihevc.org","1"],["fanthreesixty.com","1"],["mrkn.jp","1"],["foxmail.com","1"],["brokenco.de","1"],["pchanda.com","1"],["scribd.com","1"],["distilnetworks.com","1"],["googlemail.com","1"],["berkeley.edu","1"],["tum.de","1"],["arm.com","1"]],"2020-05":[["gmail.com","16"],["dremio.com","2"],["alibaba-inc.com","2"],["arm.com","2"],["signavio.com","1"],["users.noreply.github.com","1"],["fastmail.fm","1"],["hotmail.com","1"],["me.com","1"],["apache.org","1"],["ge.com","1"],["clear-code.com","1"],["python.org","1"],["outlook.com","1"],["intel.com","1"],["pauldix.net","1"],["jp.ibm.com","1"],["icloud.com","1"],["urbanlogiq.com","1"],["mrkn.jp","1"],["foxmail.com","1"],["pchanda.com","1"],["quantco.com","1"],["163.com","1"],["googlemail.com","1"],["ccri.com","1"],["acm.org","1"]],"2020-06":[["gmail.com","22"],["qq.com","2"],["intel.com","2"],["apache.org","2"],["users.noreply.github.com","2"],["dremio.com","2"],["case.edu","1"],["arm.com","1"],["hotmail.com","1"],["zenadi.com","1"],["grafana.com","1"],["clear-code.com","1"],["itamarst.org","1"],["satoricyber.com","1"],["outlook.com","1"],["python.org","1"],["signavio.com","1"],["alibaba-inc.com","1"],["nerdnetworks.org","1"],["urbanlogiq.com","1"],["mrkn.jp","1"],["foxmail.com","1"],["rstudio.com","1"],["pchanda.com","1"],["quantco.com","1"],["kylemccarthy.io","1"]],"2020-07":[["gmail.com","23"],["apache.org","2"],["163.com","2"],["case.edu","1"],["ornl.gov","1"],["microsoft.com","1"],["dremio.com","1"],["arm.com","1"],["posteo.de","1"],["hotmail.com","1"],["clear-code.com","1"],["python.org","1"],["intel.com","1"],["jp.ibm.com","1"],["urbanlogiq.com","1"],["nerdnetworks.org","1"],["mrkn.jp","1"],["foxmail.com","1"],["rstudio.com","1"],["jetstoneam.com","1"],["pchanda.com","1"]],"2020-08":[["gmail.com","24"],["python.org","4"],["vip.qq.com","2"],["signavio.com","1"],["google.com","1"],["antfin.com","1"],["fastmail.fm","1"],["dremio.com","1"],["arm.com","1"],["apache.org","1"],["jumptrading.com","1"],["clear-code.com","1"],["23andme.com","1"],["intel.com","1"],["outlook.com","1"],["jp.ibm.com","1"],["mrkn.jp","1"],["katanagraph.com","1"],["rstudio.com","1"],["pchanda.com","1"],["amazon.com","1"],["fautre.com","1"]],"2020-09":[["gmail.com","36"],["clear-code.com","3"],["signavio.com","2"],["google.com","1"],["users.noreply.github.com","1"],["softtek.com","1"],["dremio.com","1"],["arm.com","1"],["apache.org","1"],["influxdata.com","1"],["mrkn.jp","1"],["rstudio.com","1"],["factset.com","1"],["pchanda.com","1"]],"2020-10":[["gmail.com","41"],["microsoft.com","2"],["users.noreply.github.com","2"],["dremio.com","2"],["google.com","1"],["gmail.com–","1"],["clear-code.com","1"],["jp.ibm.com","1"],["distilnetworks.com","1"]],"2020-11":[["gmail.com","28"],["dremio.com","3"],["hotmail.com","2"],["nerdnetworks.org","2"],["users.noreply.github.com","2"],["signavio.com","2"],["urbanlogiq.com","1"],["arm.com","1"],["apache.org","1"],["clear-code.com","1"],["outlook.com","1"],["python.org","1"],["jp.ibm.com","1"],["bitquilltech.com","1"],["gmail.com–","1"],["honles.com","1"],["foxmail.com","1"],["bloomberg.net","1"],["rstudio.com","1"],["tomueller.de","1"],["waynest.com","1"],["pchanda.com","1"],["sweco.se","1"],["distilnetworks.com","1"],["quantco.com","1"],["scribd.com","1"]],"2020-12":[["gmail.com","30"],["users.noreply.github.com","2"],["waynest.com","2"],["outlook.com","2"],["signavio.com","1"],["microsoft.com","1"],["arm.com","1"],["blackrock.com","1"],["clear-code.com","1"],["mitre.org","1"],["python.org","1"],["google.com","1"],["intel.com","1"],["jp.ibm.com","1"],["nerdnetworks.org","1"],["alibaba-inc.com","1"],["garillot.net","1"],["urbanlogiq.com","1"],["honles.com","1"],["foxmail.com","1"],["tencent.com","1"],["tomueller.de","1"],["pchanda.com","1"],["tudelft.nl","1"],["quantco.com","1"],["sipsolutions.net","1"],["fastmail.co.uk","1"]],"2021-01":[["gmail.com","37"],["users.noreply.github.com","3"],["apache.org","2"],["glimpse.io","1"],["kuleuven.be","1"],["ursacomputing.com","1"],["arm.com","1"],["limpet.net","1"],["clear-code.com","1"],["python.org","1"],["ibm.com","1"],["urbanlogiq.com","1"],["garillot.net","1"],["ymail.com","1"],["honles.com","1"],["foxmail.com","1"],["bloomberg.net","1"],["tomueller.de","1"],["ryanj.net","1"],["quantco.com","1"]],"2021-02":[["gmail.com","27"],["users.noreply.github.com","3"],["databricks.com","1"],["dremio.com","1"],["kx.com","1"],["brg.rs","1"],["arm.com","1"],["silberstein.nu","1"],["dcc.uchile.cl","1"],["apache.org","1"],["clear-code.com","1"],["python.org","1"],["intel.com","1"],["meldrum.se","1"],["jp.ibm.com","1"],["alibaba-inc.com","1"],["urbanlogiq.com","1"],["nerdnetworks.org","1"],["ymail.com","1"],["mrkn.jp","1"],["foxmail.com","1"],["factset.com","1"],["tomueller.de","1"],["pchanda.com","1"],["ryanj.net","1"],["quantco.com","1"]],"2021-03":[["gmail.com","25"],["outlook.com","2"],["simbioseventures.com","2"],["users.noreply.github.com","2"],["glimpse.io","1"],["ya.ru","1"],["nvidia.com","1"],["me.com","1"],["jagex.com","1"],["mihevc.org","1"],["qq.com","1"],["nerdnetworks.org","1"],["mrkn.jp","1"],["gov.bc.ca","1"],["influxdata.com","1"],["loswjpeeter1.intra.gsacapital.com","1"],["revolut.com","1"],["clear-code.com","1"],["python.org","1"],["gsacapital.com","1"],["rstudio.com","1"],["factset.com","1"],["netis.com.cn","1"],["dawg.eu","1"],["dremio.com","1"],["tibco.com","1"],["signavio.com","1"],["comp5328","1"],["protonmail.com","1"],["arm.com","1"],["dcc.uchile.cl","1"],["urbanlogiq.com","1"],["foxmail.com","1"],["pchanda.com","1"],["teliacompany.com","1"]],"2021-04":[["gmail.com","37"],["simbioseventures.com","2"],["signavio.com","1"],["me.com","1"],["users.noreply.github.com","1"],["mathworks.com","1"],["dcc.uchile.cl","1"],["dtn.com","1"],["clear-code.com","1"],["python.org","1"],["nerdnetworks.org","1"],["mihevc.org","1"],["rstudio.com","1"],["tomueller.de","1"],["pchanda.com","1"],["quantco.com","1"],["illinois.edu","1"],["hotmail.co.uk","1"],["turbogears.org","1"]],"2021-05":[["gmail.com","26"],["users.noreply.github.com","3"],["simbioseventures.com","2"],["icloud.com","1"],["adamj.eu","1"],["ursacomputing.com","1"],["dcc.uchile.cl","1"],["dtn.com","1"],["clear-code.com","1"],["mihevc.org","1"],["neworld.us","1"],["foxmail.com","1"],["live.com","1"],["quantco.com","1"],["turbogears.org","1"]],"2021-06":[["gmail.com","18"],["users.noreply.github.com","2"],["simbioseventures.com","2"],["google.com","1"],["mathworks.com","1"],["arm.com","1"],["apache.org","1"],["clear-code.com","1"],["python.org","1"],["jp.ibm.com","1"],["mihevc.org","1"],["webrepublic.com","1"],["mscience.com","1"],["neworld.us","1"],["rstudio.com","1"],["uc.cl","1"],["factset.com","1"],["live.com","1"],["quantco.com","1"],["illinois.edu","1"],["turbogears.org","1"]],"2021-07":[["gmail.com","25"],["yanhuangdata.com","2"],["ursacomputing.com","2"],["simbioseventures.com","2"],["mathworks.com","1"],["arm.com","1"],["apache.org","1"],["clear-code.com","1"],["liftoff.io","1"],["python.org","1"],["mihevc.org","1"],["ah-thassan-mac.dhcp.mathworks.com","1"],["factset.com","1"],["foxmail.com","1"],["rstudio.com","1"],["pchanda.com","1"],["turbogears.org","1"]],"2021-08":[["gmail.com","27"],["users.noreply.github.com","3"],["google.com","1"],["jdrake.com","1"],["ursacomputing.com","1"],["mathworks.com","1"],["arm.com","1"],["apache.org","1"],["itamarst.org","1"],["clear-code.com","1"],["python.org","1"],["jp.ibm.com","1"],["mihevc.org","1"],["neworld.us","1"],["factset.com","1"],["pchanda.com","1"],["simbioseventures.com","1"],["tabular.io","1"],["turbogears.org","1"]],"2021-09":[["gmail.com","23"],["users.noreply.github.com","5"],["google.com","4"],["fishandwhistle.net","1"],["ursacomputing.com","1"],["arm.com","1"],["apache.org","1"],["clear-code.com","1"],["python.org","1"],["mihevc.org","1"],["neworld.us","1"],["factset.com","1"],["rstudio.com","1"],["foxmail.com","1"],["llnl.gov","1"],["turbogears.org","1"]],"2021-10":[["gmail.com","19"],["google.com","3"],["users.noreply.github.com","3"],["microsoft.com","1"],["ursacomputing.com","1"],["arm.com","1"],["clear-code.com","1"],["python.org","1"],["intel.com","1"],["factset.com","1"],["rstudio.com","1"],["simbioseventures.com","1"],["turbogears.org","1"]],"2021-11":[["gmail.com","29"],["google.com","2"],["users.noreply.github.com","2"],["apache.org","2"],["clear-code.com","2"],["factset.com","2"],["simbioseventures.com","2"],["","1"],["yanhuangdata.com","1"],["fishandwhistle.net","1"],["hotmail.com","1"],["arm.com","1"],["python.org","1"],["appodeal.com","1"],["jp.ibm.com","1"],["rstudio.com","1"],["rediffmail.com","1"],["turbogears.org","1"]],"2021-12":[["gmail.com","30"],["apache.org","2"],["google.com","1"],["emailplus.org","1"],["dremio.com","1"],["fishandwhistle.net","1"],["arm.com","1"],["hotmail.com","1"],["clear-code.com","1"],["python.org","1"],["msn.com","1"],["jp.ibm.com","1"],["utec.edu.pe","1"],["foxmail.com","1"],["live.com","1"],["telles.dev","1"],["pchanda.com","1"],["voltrondata.com","1"],["simbioseventures.com","1"],["gmx.at","1"],["turbogears.org","1"]],"2022-01":[["gmail.com","40"],["arm.com","2"],["icloud.com","1"],["google.com","1"],["me.com","1"],["users.noreply.github.com","1"],["fishandwhistle.net","1"],["hotmail.com","1"],["apache.org","1"],["intel.com","1"],["python.org","1"],["nerdnetworks.org","1"],["utec.edu.pe","1"],["cpan.org","1"],["rstudio.com","1"],["pchanda.com","1"],["turbogears.org","1"]],"2022-02":[["gmail.com","23"],["mathworks.com","3"],["factset.com","2"],["google.com","2"],["arm.com","2"],["users.noreply.github.com","2"],["dremio.com","2"],["protonmail.com","1"],["e.local","1"],["fishandwhistle.net","1"],["microsoft.com","1"],["mail.com","1"],["hotmail.com","1"],["apache.org","1"],["clear-code.com","1"],["python.org","1"],["msn.com","1"],["intel.com","1"],["palantir.com","1"],["modeanalytics.com","1"],["mihevc.org","1"],["icloud.com","1"],["foxmail.com","1"],["rstudio.com","1"],["live.com","1"],["pchanda.com","1"],["quantco.com","1"],["simbioseventures.com","1"],["turbogears.org","1"]],"2022-03":[["gmail.com","28"],["dremio.com","2"],["arm.com","2"],["njit.edu","1"],["emailplus.org","1"],["google.com","1"],["spatialys.com","1"],["fishandwhistle.net","1"],["mathworks.com","1"],["ursacomputing.com","1"],["cs.wisc.edu","1"],["amiri.dev","1"],["hotmail.com","1"],["sina.cn","1"],["snowflake.com","1"],["clear-code.com","1"],["python.org","1"],["mihevc.org","1"],["polytechnique.edu","1"],["factset.com","1"],["zagorni.eu","1"],["telles.dev","1"],["free.fr","1"],["turbogears.org","1"]],"2022-04":[["gmail.com","35"],["dremio.com","3"],["wujciak.de","2"],["users.noreply.github.com","2"],["timvw.be","1"],["fishandwhistle.net","1"],["fivefarmers.com","1"],["unfolded.ai","1"],["hotmail.com","1"],["apache.org","1"],["me.com","1"],["sas.com","1"],["clear-code.com","1"],["intel.com","1"],["msn.com","1"],["python.org","1"],["arm.com","1"],["jp.ibm.com","1"],["mihevc.org","1"],["omnisci.com","1"],["factset.com","1"],["zagorni.eu","1"],["bnosac.be","1"],["turbogears.org","1"],["botify.com","1"]],"2022-05":[["gmail.com","40"],["users.noreply.github.com","4"],["arm.com","2"],["il.ibm.com","1"],["spatialys.com","1"],["wolfe.id.au","1"],["hotmail.com","1"],["apache.org","1"],["wujciak.de","1"],["clear-code.com","1"],["intel.com","1"],["appodeal.com","1"],["leblanc.tech","1"],["factset.com","1"],["zagorni.eu","1"],["telles.dev","1"],["neeva.co","1"],["turbogears.org","1"]],"2022-06":[["gmail.com","23"],["users.noreply.github.com","8"],["icloud.com","1"],["google.com","1"],["me.com","1"],["fivefarmers.com","1"],["saul.pw","1"],["snowflake.com","1"],["hotmail.com","1"],["arm.com","1"],["apache.org","1"],["wujciak.de","1"],["clear-code.com","1"],["intel.com","1"],["python.org","1"],["mihevc.org","1"],["factset.com","1"],["pm.me","1"],["igdore.org","1"],["neeva.co","1"],["simbioseventures.com","1"],["turbogears.org","1"],["baidu.com","1"]],"2022-07":[["gmail.com","37"],["users.noreply.github.com","15"],["protonmail.com","1"],["google.com","1"],["microsoft.com","1"],["fivefarmers.com","1"],["dremio.com","1"],["fishandwhistle.net","1"],["snowflake.com","1"],["wujciak.de","1"],["clear-code.com","1"],["intel.com","1"],["python.org","1"],["jp.ibm.com","1"],["mihevc.org","1"],["inbox.ru","1"],["pm.me","1"],["zagorni.eu","1"],["dbarnes.info","1"]],"2022-08":[["gmail.com","41"],["users.noreply.github.com","9"],["hotmail.com","2"],["apache.org","2"],["voltrondata.com","2"],["hotmail.fr","1"],["student.pwr.edu.pl","1"],["google.com","1"],["libero.it","1"],["fivefarmers.com","1"],["arm.com","1"],["meltin.jp","1"],["clear-code.com","1"],["python.org","1"],["intel.com","1"],["pm.me","1"],["archlinux.org","1"],["querifylabs.com","1"],["rediffmail.com","1"]],"2022-09":[["gmail.com","23"],["users.noreply.github.com","14"],["voltrondata.com","2"],["stanford.edu","1"],["fivefarmers.com","1"],["126.com","1"],["hotmail.com","1"],["posteo.net","1"],["arm.com","1"],["wujciak.de","1"],["clear-code.com","1"],["python.org","1"],["msn.com","1"],["mihevc.org","1"],["telecom-bretagne.eu","1"],["pm.me","1"],["baidu.com","1"]],"2022-10":[["gmail.com","22"],["users.noreply.github.com","7"],["clear-code.com","4"],["gmx.com","1"],["snowflake.com","1"],["hotmail.com","1"],["wujciak.de","1"],["intel.com","1"],["msn.com","1"],["python.org","1"],["tsirpanis.gr","1"],["pm.me","1"],["voltrondata.com","1"]],"2022-11":[["gmail.com","27"],["clear-code.com","7"],["users.noreply.github.com","3"],["protonmail.com","1"],["hotmail.fr","1"],["icloud.com","1"],["fivefarmers.com","1"],["arm.com","1"],["python.org","1"],["yahoo.com","1"],["attalitech.com","1"],["turbogears.org","1"]],"2022-12":[["gmail.com","25"],["users.noreply.github.com","14"],["sarlandie.net","1"],["hotmail.fr","1"],["me.com","1"],["gmx.com","1"],["hotmail.com","1"],["wujciak.de","1"],["clear-code.com","1"],["python.org","1"],["outlook.com","1"],["qq.com","1"],["mihevc.org","1"],["amazon.com","1"],["voltrondata.com","1"],["googlemail.com","1"],["turbogears.org","1"]],"2023-01":[["gmail.com","26"],["users.noreply.github.com","14"],["apache.org","2"],["qq.com","2"],["hotmail.fr","1"],["google.com","1"],["hotmail.com","1"],["lophus.org","1"],["vbfox.net","1"],["wujciak.de","1"],["clear-code.com","1"],["influxdata.com","1"],["jp.ibm.com","1"],["mihevc.org","1"],["wandb.com","1"],["zagorni.eu","1"],["mails.ucas.ac.cn","1"],["yandex.ru","1"]],"2023-02":[["gmail.com","34"],["users.noreply.github.com","10"],["google.com","1"],["126.com","1"],["wujciak.de","1"],["clear-code.com","1"],["python.org","1"],["qq.com","1"],["nerdnetworks.org","1"],["live.com","1"],["tabular.io","1"],["buddin.org","1"],["hotmail.co.uk","1"],["thermopylae.net","1"],["enzou.tokyo","1"]],"2023-03":[["gmail.com","21"],["users.noreply.github.com","10"],["gooddata.com","1"],["hotmail.com","1"],["apache.org","1"],["apax.net","1"],["twosigma.com","1"],["clear-code.com","1"],["wujciak.de","1"],["outlook.com","1"],["tsirpanis.gr","1"],["mihevc.org","1"],["voltrondata.com","1"],["enzou.tokyo","1"]]}