{"2016-03":["wesm"],"2016-06":["xhochy"],"2017-10":["kou"],"2017-11":["mrandrewandrade"],"2017-12":["jacques-n","liancheng","lewismc"],"2018-01":["siddharthteotia","pitrou","simnyatsanga"],"2018-02":["jheer","rvernica","johanpel","elbertwang3"],"2018-03":["andygrove","rsabhi","mitar","vkorukanti"],"2018-04":["kjordahl"],"2018-05":["alok","284km","pudidic","joshuastorck"],"2018-06":["domoritz","atuldambalkar","vancobuca"],"2018-07":["kszucs"],"2018-08":["rs2","lembacon"],"2018-09":["praveenbingo","laurentgo"],"2018-10":["selitvin"],"2018-12":["pravindra"],"2019-01":["Binyang2014","trxcllnt"],"2019-02":["paddyhoran","feluelle","rasa"],"2019-03":["eerhardt","DrTodd13","dbast","dlekkas","suvayu","alexandreyc","m-novikov","sunchao"],"2019-05":["rymurr","majetideepak","tianchen92"],"2019-06":["fwessels","nealrichardson"],"2019-07":["Ingvar-Y","lihalite","mikofski"],"2019-08":["b-rms"],"2019-10":["matteofigus","liyafan82"],"2019-12":["maartenbreddels","hoffmann","kiszk","veprbl"],"2020-01":["nevi-me"],"2020-07":["sir-sigurd","pgwhalen"],"2020-08":["emkornfield","PoojaChandak"],"2020-09":["MingyuZhong"],"2020-10":["Luminarys"],"2021-01":["marcprux"],"2021-02":["jorgecarleitao"],"2021-04":["jonkeane","lidavidm"],"2021-05":["Spirarel","lorenzwalthert","cyb70289"],"2021-07":["mbrobbel"],"2021-08":["aucahuasi"],"2021-09":["jjyao"],"2022-01":["colinbs","jduo"],"2022-04":["assignUser","westonpace"],"2022-05":["jorisvandenbossche","zhztheplayer","eitsupi","3AceShowHand","raulcd","stenlarsson","lfygh","okadakk"],"2022-06":["davisusanibar","toddfarmer","jackylee-ch","dragosmg","WilliamWhispell","pschou","viirya","juwalter","drin","JabariBooker","zeroshade","alexdesiqueira","martin-liu","rishabh-rana","ViniciusSouzaRoque","sfc-gh-mmuthuraman","amol-","saulpw","vibhatha","rok","rtpsw","AlenkaF","AlvinJ15","tom-s-powell","wjones127","ianmcook","0x0L","ElenaHenderson","anthonylouisbsb","iChauster","WillAyd","save-buffer"],"2022-07":["asmirnov82","palak-9202","zagto","dominicbarnes","hideaki","anjakefala","SG011","michalursa","boshek","thisisnic","jvanstraten","jinchengchenghh","mathias-mike","kshitij12345","paleolimbot","REASY","Johnnathanalmeida","lwhite1","00Masato","mirkhosro","KBambrick1","cpcloud"],"2022-08":["p-a-a-a-trick","igor-suhorukov","tustvold","js8544","ManManson","amoeba","otegami","mopcup","kevingurney","ConeyLiu","marsupialtail","ggodik","3dbrows","gpetrovic-meltin","williamhyun","Juneezee","mgiessing","jiezhang","ksuarez1423","kosak","Ankit01Gehlot","gforsyth","milesgranger","mipo57","fatemehp","LouisClt","liukun4515","0x26res","pcmoritz","felixonmars"],"2022-09":["willeagren","ZMZ91","wgtmac","fmichonneau","krfricke","joosthooz","mitchdevenport","dhruv9vats","jrbourbeau","andreoss","benibus","lafiona","serge-sans-paille","rasnjo"],"2022-10":["bkmgit","mattip","teo-tsirpanis","Y--","h-vetinari","stiga-huang","laysakura","quanghgx","sfc-gh-nthimmegowda","sanjibansg","JacekPliszka"],"2022-11":["daattali","siddhantrao23","hadley","drabastomek","austin3dickey","lquerel","nwt","djnavarro","bkietz"],"2022-12":["lukester1975","EpsilonPrime","heronshoes","sighingnow","frederickjansen","Dhul-Husni","martin-kokos","mapleFU","jgehrcke","markjschreiber","tmater","0xflotus","sarfata","ljishen","pgramme","niyue","buaazhwb","fdzuJ","lionel-","gf2121"],"2023-01":["aliakseimakarau","chrisirhc","jonashaag","ucasfl","aiguofer","liry","adamreeve","kylebarron","mumblepins","felipecrv","dongjoon-hyun","Shaheer-Ahmd","vbfox","jp0317","forsaken628","qnm","mhilton","neshkeev","PragmaTwice","alistaire47","minyoung"],"2023-02":["phofl","coryan","abetomo","rtadepalli","cboettig","saltgen","leos","NoahFournier","icexelloss","gringasalpastor","DanTm99","abandy","Zaharid","Fokko","sjperkins","alamb","brettbuddin","judahrand"],"2023-03":["jacobmarble","ildipo","MarcoGorelli","mikelui","R-JunmingChen","HaochengLIU","yevgenypats","aaron-mongodb","CodiePP"]}