{"2019-03":[["zhangxin1988",1.41],["dailidong",1]],"2019-04":[["lidongdai",14.73],["millionfor",14.66],["qiaozhanwei",11.7],["lenboo",11.18],["lgcareer",9],["samz406",6.08],["Baoqi",5],["dailidong",4.9],["hyperknob",3.46],["jimmy201602",3.16],["fanguanqun",3.16],["yangjiajun2014",3],["lyf198972",2.45],["chubbyjiang",2.45],["datuzi",2.24],["zhanghaicheng1",2.24],["lzy305",2.24],["coreychen",2],["wentaowua",2],["kevin5210",2],["whitelilis",1.73],["sherlock111",1.73],["roy110",1.73],["zhangpeng1990618",1.73],["yangqinlong",1.73],["itheima-cby",1.73],["telltime",1.73],["wuliyong225",1.73],["chgxtony",1.73],["huanzui",1.73],["zhuyizhizhi",1.73],["cmdares",1.73],["qq389401879",1.73],["moranrr",1.41],["hujiang75277381",1.41],["woniulinux",1.41],["free-souls",1.41],["vkingnew",1.41],["ronyang1985",1.41],["lshmouse",1.41],["xiaoyongzeng",1.41],["cmideal",1.41],["w467630315",1.41],["khadgarmage",1.41],["swxchappy",1.41],["dxer",1.41],["ivivi",1.41],["yyl861",1.41],["chyun",1],["yuexuejun",1],["mnikogit",1],["livionlj",1],["y1170328179s",1],["Stanfan",1],["vblvbl",1],["bobzhangfw",1],["pczhouhua",1],["Huangxy2018",1],["XyJan",1],["ylgkger",1],["linzhaoyang6688",1],["15652309089",1],["allantaylor81",1],["yangning83",1],["RustRw",1]],"2019-05":[["qiaozhanwei",12.53],["lenboo",11.27],["millionfor",9.49],["lgcareer",8.25],["lidongdai",7.81],["hymzcn",5.74],["dailidong",5.1],["itheima-cby",3.61],["feloxx",3.46],["yangqinlong",3],["leiruiqi",2.83],["Baoqi",2.83],["moranrr",2.65],["cxyab",2.45],["thisnew",2.45],["Crossoverrr",2.24],["petersear",2.24],["lipengbo2018",2.24],["qdore",2.24],["Davidsong1989",2.24],["qq389401879",2],["zuiaiyuhuashi",2],["coding-now",2],["lzy305",2],["rongyingjie",2],["jyouAc",2],["huanzui",1.73],["sunnyingit",1.73],["hujiang75277381",1.73],["fanguanqun",1.73],["wuchch",1.73],["nysyxxg",1.73],["onRoad2Happy",1.41],["xiaoyou0254",1.41],["gj-zhang",1.41],["lshoo",1.41],["chgxtony",1.41],["wy-coder",1.41],["vkingnew",1.41],["lgbo-ustc",1.41],["zhanglistar",1.41],["kcoderk",1.41],["boystray",1.41],["free-souls",1],["minghai1984",1],["clforzhx",1],["leiliang163",1],["bailgot",1],["echmi",1],["rihaijin",1],["inewzone",1],["zhangshun0530",1],["liuGangBestSkip",1],["samz406",1],["thiszyq",1],["liuminyt",1],["zhanghuidouble",1],["blue20080",1]],"2019-06":[["qiaozhanwei",8.37],["lgcareer",8.06],["lenboo",6.24],["lidongdai",5.2],["dailidong",3.74],["mnloveyx",3.32],["sunnyingit",3.32],["chinashenkai",3],["antti8",2.83],["lzy305",2.65],["hujiang75277381",2.65],["telltime",2.65],["xianhu",2.65],["Balro",2.45],["lfyee",2.24],["Stanfan",2.24],["swxchappy",2.24],["blacklit",2.24],["zhengqiangtan",2],["alleyZ",2],["lipengbo2018",2],["lnnlab",1.73],["petersear",1.73],["nandda",1.73],["jacky539027",1.41],["yzjzgr",1.41],["ronyang1985",1.41],["qintian95",1.41],["bailgot",1.41],["zhongchongfang",1.41],["carryskye",1.41],["moranrr",1],["kevinxuk",1],["audience7510",1],["owen800q",1],["0xqq",1],["sandy27494131",1],["lynchlee",1]],"2019-07":[["lgcareer",11.75],["qiaozhanwei",11.7],["boandai",11.09],["lenboo",10.72],["hymzcn",6.71],["wuchunfu",5],["Baoqi",4.58],["wu-sheng",3.46],["xianhu",3],["c-f-cooper",3],["jyc1996",2.83],["datuzi",2.65],["BigDataQiChao",2.45],["xubin8558",2.45],["lipanpan6213861",2.45],["zhuwep",2.24],["pxfman",2.24],["LgbDemo",2.24],["qq389401879",2.24],["jamescheng16",2.24],["Braavos96",2.24],["Slash-Wong",2],["zhangzhipeng621",2],["butingzhuanquanquan",2],["jet2007",2],["mnloveyx",2],["crazycarry",2],["allantaylor81",2],["sad-apple",1.73],["ITriangle",1.73],["feloxx",1.73],["artiship",1.73],["zongyaoou",1.73],["zhangmeng0428",1.73],["tianchenglong",1.41],["huanzui",1.41],["chinashenkai",1.41],["hhaiben123",1.41],["chenyuan9028",1.41],["307526982",1.41],["dailidong",1.41],["meijies",1.41],["JesseYaoLi",1.41],["robin253",1.41],["hujiang75277381",1.41],["billwang828",1.41],["Jave-Chen",1.41],["zhanghaicheng1",1.41],["JackIllkid",1.41],["bg1011",1.41],["petersear",1.41],["KevinOfChina",1.41],["dskys",1.41],["carryskye",1.41],["kct12345",1.41],["gk0916",1.41],["lzy305",1.41],["buildupchao",1],["Davidsong1989",1],["lvqiushi",1],["ivan-shu",1],["huheng3",1],["BiStarTechnology",1],["Tianny",1],["tzx-xzt",1],["samz406",1]],"2019-08":[["dailidong",9.38],["lgcareer",6.24],["lenboo",6.16],["boandai",6.08],["qiaozhanwei",5.66],["chekore",5.2],["William-GuoWei",3.61],["phoenixhadoop",3.32],["Baoqi",3.32],["LoveEvenWong",3.16],["qq389401879",3.16],["LiemLin",3],["Alonzo20",3],["wu-sheng",3],["chenyuan9028",2.83],["zhanghaicheng1",2.24],["shafi-1",2.24],["hujiang75277381",2.24],["lihongyu666",2],["cabbage89",2],["zhanghuidouble",2],["ldy521314",2],["wuchunfu",1.73],["zhangzhipeng621",1.73],["coding-now",1.73],["autodas",1.73],["chinashenkai",1.73],["mnloveyx",1.73],["zongyaoou",1.73],["songdi676",1.41],["victoryjames",1.41],["wenjian-tcloudata",1.41],["865357384",1.41],["Jedda1314Jessie",1.41],["jepsonXing",1.41],["w771920097",1.41],["moranrr",1.41],["n2-cmd",1.41],["nielifeng",1],["billwang828",1],["cwm3412638",1],["WangyanxuFp",1],["wukele",1],["gaojun2048",1],["caicaimi",1],["gk0916",1],["BigDataQiChao",1],["AronChung",1]],"2019-09":[["qiaozhanwei",9.64],["dailidong",9.11],["lgcareer",8],["iamnotgay",6.71],["Baoqi",6.16],["break60",6.16],["chongchongzi",5.74],["lenboo",5.74],["AmourST",5.48],["gary0416",5.48],["dailidong",4.8],["LoveEvenWong",4.8],["qiaozhanwei",4.8],["wu-sheng",4.24],["buildupchao",4.12],["xingchun-chen",4],["iture123",3.46],["khadgarmage",3.46],["djkevincr",3.46],["wangshu-zhouyunfan",3.46],["LiemLin",3.32],["ww1516123",3.16],["wxisme",3.16],["BoYiZhang",3.16],["jxauwxj",3],["0xflotus",2.83],["chenyuan9028",2.83],["xiangtao",2.65],["david-hwp",2.65],["qrfxiaoge",2.65],["wuchunfu",2.65],["Renkai",2.65],["gaojun2048",2.65],["lyonggee",2.45],["HangtongLee",2.45],["fancyChuan",2.45],["Yeleights",2.24],["Baoqi",2.24],["xiej23",2.24],["lgcareer",2.24],["zhoushuoqi22",2.24],["maimaip",2.24],["samz406",2.24],["arugal",2.24],["w771920097",2],["victoryjames",2],["lianayu",2],["userNever",2],["moranrr",2],["feihegao",2],["barntt77",2],["qq389401879",2],["amorynan",1.73],["Ram-Prakash-M",1.73],["Alonzo20",1.73],["coding-now",1.73],["fcyongji163com",1.73],["xiej23",1.73],["zhanghuidouble",1.73],["lihongyu666",1.73],["Alonzo20",1.73],["hujian219",1.41],["tswstarplanet",1.41],["ustcliao",1.41],["ynlxc",1.41],["liehuoqiangni",1.41],["frank3gogo",1.41],["pbadeager",1.41],["LeonTing",1.41],["Jungle-Lee",1.41],["zhucl1986",1.41],["liumingning",1.41],["865357384",1.41],["LiemLin",1.41],["super-sponge",1.41],["chekore",1.41],["pbadeager",1.41],["wangwenjia1981",1.41],["data-yangmengfei",1.41],["hanxirui",1.41],["thisnew",1],["asimovch",1],["William-GuoWei",1],["leow3811",1],["hnuxbl",1],["c-f-cooper",1],["jepsonXing",1],["lyf198972",1],["mchcz",1],["chenliang613",1],["liu295849610",1],["hjk0205",1],["yangjiajun2014",1],["xuzong",1],["silvermissile",1],["laudylcp",1]],"2019-10":[["break60",13.45],["lgcareer",11.58],["Technoboy-",11.14],["qiaozhanwei",10.34],["khadgarmage",9.64],["lenboo",9.11],["dailidong",7.14],["Baoqi",5.1],["gary0416",4.69],["xingchun-chen",3.32],["chongchongzi",2.65],["lianayu",2.45],["coding-now",2.24],["zhaoyuguang",2.24],["chenyuan9028",2],["lynchlee",2],["zhanghuidouble",2],["wuchunfu",1.73],["JerrZhang",1.73],["galesun",1.73],["elonlo",1.73],["JaredTan95",1.73],["wengad82",1.73],["gaojun2048",1.73],["erienniu",1.73],["cristicmf",1.73],["ChunMengLu",1.73],["buildupchao",1.41],["liehuoqiangni",1.41],["liumingning",1.41],["kimmxu",1.41],["liuping027",1.41],["pinghe",1.41],["lyf198972",1.41],["zongyaoou",1.41],["iture123",1.41],["1990hjp",1.41],["William-GuoWei",1.41],["xujiapei",1.41],["phoenixhadoop",1],["Yeleights",1],["lipengyu",1],["ShiXiaoQiangGitHub",1]],"2019-11":[["lgcareer",14.42],["qiaozhanwei",13.75],["break60",11.66],["dailidong",9.27],["Technoboy-",8.83],["lenboo",8.25],["Baoqi",4.8],["dependabot[bot]",4.58],["khadgarmage",3.87],["francis-du",3.74],["xiaot502",3.61],["wangsvip",3.46],["shaozhipeng",3.32],["KEN-LJQ",2.83],["Yeleights",2.83],["qrfxiaoge",2.65],["lfyee",2.45],["Right-ydd",2.45],["nauu",2.45],["xwhfcenter",2.45],["xingchun-chen",2.24],["huyaoban",2.24],["MiaoSO",2.24],["chongchongzi",2],["krystalics",2],["yh2388",2],["chubbyjiang",2],["wangxuetao",2],["PhenixXX",2],["moonhunter1986",2],["jinchaoxiang",1.73],["JinyLeeChina",1.73],["BoYiZhang",1.73],["sunnerrr",1.73],["noulli",1.73],["wzx-ang",1.73],["ww56ww77",1.73],["BruceQiu90",1.73],["wmouren",1.73],["lamber-ken",1.73],["hongshouwei",1.73],["haiboself",1.73],["liumingning",1.73],["chenyuan9028",1.73],["nysyxxg",1.73],["henliqi",1.73],["feifanlee",1.41],["milton4code",1.41],["zhangcunchao",1.41],["xiashao1980",1.41],["lo0o0ong",1.41],["kinbod",1.41],["DingZhengCN",1.41],["wjyheropk",1.41],["wuchunfu",1.41],["zhangkaikai",1.41],["Aries1314",1.41],["zixi0825",1.41],["ygksy",1.41],["JOSEPH-HU",1.41],["bestprize999",1.41],["zhangbo512",1.41],["zsmdata",1.41],["wangjiaqi-",1.41],["bannerkun",1],["Pekaoseya",1],["wusober",1],["aixiaoai81",1],["dudiao",1],["huyisen",1],["865357384",1],["glxfeng",1],["buildupchao",1],["moranrr",1],["stanfen",1],["1JioAcceleratorW1thNoBrake",1],["madfrog2047",1],["ouyanghuangzheng",1],["liubinpy",1]],"2019-12":[["Technoboy-",14.63],["break60",12.53],["nauu",11.87],["lgcareer",11.18],["codecov-io",11.05],["lenboo",10.15],["samz406",9.64],["khadgarmage",9.54],["qiaozhanwei",9.43],["dailidong",9.27],["dependabot[bot]",8.19],["Yeleights",7.94],["clay4444",7.81],["elonlo",7.28],["wenhemin",5.74],["lamber-ken",5.57],["Jave-Chen",5.29],["xingchun-chen",5.1],["gaojun2048",5.1],["zjcnb",4.58],["amorynan",3.87],["Nivane",3.74],["wuchunfu",3.61],["zhangdehai",3.32],["uzdz",3],["JinyLeeChina",3],["feiyalun",2.65],["zzq1314zll",2.65],["gggyd123",2.45],["runningdata",2.45],["pengcheng4451",2.24],["gfjia-tech",2.24],["jiangzhx",2.24],["henliqi",2.24],["amenhub",2.24],["KEN-LJQ",2.24],["swxchappy",2.24],["zsmdata",2.24],["wangsvip",2],["haotengteng",2],["yh2388",2],["lianjie1229",2],["huzhengfei001",2],["heroLi",2],["minghai1984",2],["zhanghuidouble",2],["wjyheropk",1.73],["Right-ydd",1.73],["simmonn",1.73],["herbtea0223",1.73],["chongchongzi",1.73],["gnuhpc",1.73],["JackIllkid",1.73],["glxfeng",1.73],["tomalloc",1.41],["wendyshusband",1.41],["huyaoban",1.41],["865357384",1.41],["keduw",1.41],["yoreyuan",1.41],["DolphinZhao",1.41],["modehuan",1.41],["sudddenly",1.41],["humingminghz",1.41],["ly2325yj",1.41],["phoenixhadoop",1.41],["smileyboy2019",1.41],["qinzl1",1.41],["coding-now",1.41],["xwhfcenter",1.41],["pub1212",1.41],["antti8",1.41],["zhangguolihen",1.41],["617001885",1],["Baoqi",1],["mojinxiaowei-li",1],["githubzhangchunyang",1],["billwang828",1],["DingZhengCN",1],["sunnerrr",1],["gogo649",1],["ek912",1],["blackberrier",1],["RunchenSong",1],["BoYiZhang",1],["p768lwy3",1],["KennCai",1],["njnu-seafish",1],["hhy8545259",1],["silvermissile",1]],"2020-01":[["Technoboy-",15.13],["sonarcloud[bot]",12.25],["break60",11.45],["Yeleights",11],["codecov-io",10.68],["Jave-Chen",9.85],["dailidong",8.54],["lgcareer",8.12],["gabrywu",7.81],["qiaozhanwei",7.62],["xingchun-chen",6.86],["nauu",6.16],["clay4444",6.16],["samz406",6.16],["lenboo",6],["khadgarmage",5.66],["elonlo",5.2],["DSExtension",4.47],["lfyee",4.36],["xwhfcenter",3.74],["BoYiZhang",3.16],["zjcnb",3.16],["Nivane",3.16],["liwenhe1993",3],["amorynan",2.83],["841861251",2.45],["wenhemin",2.45],["githubzhangchunyang",2.24],["modehuan",2],["MessiAo",2],["Harpsichord1207",2],["l397051926",2],["QQhuxuhui",1.73],["lanluyu123",1.73],["lianjie1229",1.73],["zhbdesign",1.73],["stevenchen945",1.73],["Gene1994",1.41],["wengad82",1.41],["herryhw",1.41],["zhangguolihen",1.41],["jollygrass",1.41],["ly2325yj",1],["yh2388",1],["18161897731",1],["drinkatmoon",1],["zsmdata",1],["stopit",1]],"2020-02":[["sonarcloud[bot]",15.23],["Eights-Li",11.4],["Technoboy-",10.95],["qiaozhanwei",10.54],["dailidong",9.9],["codecov-io",8],["Jave-Chen",7.81],["gabrywu",7.68],["liwenhe1993",7.42],["khadgarmage",7.07],["lgcareer",6.78],["break60",6.56],["wenhemin",6.4],["nauu",5.2],["lenboo",4.58],["samz406",4.12],["xingchun-chen",4],["lfyee",3.74],["gaojun2048",3.61],["githubzhangchunyang",3.61],["chengcxy",3],["cconlyou",2.83],["barntt77",2.45],["yh2388",2.45],["data-yangmengfei",2.45],["zixi0825",2.24],["BoYiZhang",2.24],["clay4444",2.24],["stevenchen945",2.24],["paulzanmei",2.24],["henliqi",1.73],["Mryst",1.73],["Harpsichord1207",1.73],["woshiwuxiaofei",1.73],["pigsoft2016",1.73],["jamee-wang",1.41],["yangjf2019",1.41],["yaoh599",1.41],["zhaoyw1",1.41],["stevegomez17",1.41],["uuyuu",1.41],["Aries1314",1.41],["kylozw",1.41],["Notos2",1.41],["xxland",1.41],["nboding",1.41],["yangjiajun2014",1],["repose1019",1],["Robustshouhualee",1],["prosperzhong",1],["wendyshusband",1],["coulsonHuang",1],["lizu18xz",1],["haotengteng",1]],"2020-03":[["sonarcloud[bot]",18.63],["dailidong",14.76],["break60",12.49],["gabrywu",12.17],["Technoboy-",10.25],["codecov-io",9.85],["qiaozhanwei",9.8],["Rubik-W",9.49],["xingchun-chen",8.49],["yh2388",8.25],["lgcareer",8],["Jave-Chen",7.87],["liwenhe1993",7.68],["tswstarplanet",7.42],["khadgarmage",6.08],["DSExtension",5.92],["TisonKun",5.92],["Eights-Li",5.29],["simon824",4.58],["songquanhe-gitstudy",4.47],["feiyalun",4.47],["zixi0825",4.24],["lenboo",4.24],["Hackeruncle",4],["elitecodegroovy",3.87],["rusonding",3.74],["barntt77",3.46],["AhahaGe",3.46],["oceanos",3],["gaojun2048",3],["nauu",2.83],["Aries1314",2.65],["jinjim",2.45],["BoYiZhang",2.45],["osenlin",2.24],["wangchangliang1008",2.24],["Wuv1Up",2.24],["WeiYe-Jing",2.24],["LiemLin",2],["JoshuaZhuCN",2],["hzq001",2],["Cock001",1.73],["lzy305",1.73],["xpdgit",1.73],["Nicobaby",1.73],["xiaoguyu",1.73],["KEN-LJQ",1.73],["nd49782",1.73],["bigjar",1.73],["cainiaoxiaoshen",1.41],["haotengteng",1.41],["waniuwa",1.41],["itbasketplayer",1.41],["lhlh1994",1.41],["sc750531323",1.41],["haitaodd",1.41],["samz406",1.41],["CESAEREE",1],["Notos2",1],["stud2008",1],["lianjie1229",1],["boying52",1],["saifreestyle",1],["jessienxx",1],["zhaoyw1",1],["wangsvip",1],["zhanghuidouble",1],["yangjf2019",1],["zhaxiaodong9860",1],["dukeshiny",1],["zhangb0120",1],["uuyuu",1],["data-yangmengfei",1]],"2020-04":[["sonarcloud[bot]",19.57],["dailidong",13.82],["xingchun-chen",11.05],["break60",10.15],["qiaozhanwei",8.49],["codecov-io",8],["lgcareer",7.81],["zixi0825",6.78],["lenboo",6.71],["hgaol",6],["liwenhe1993",5.83],["songquanhe-gitstudy",5.48],["Rubik-W",5.48],["githubzhangchunyang",5.29],["Technoboy-",5.1],["ZhangchengHu0923",5],["wxg0103",4.8],["samz406",4.69],["zhongjiajie",4.58],["JohnBarrowman65",4.47],["gumupaier",4.36],["oceanos",4.24],["LiemLin",4],["phoenixhadoop",4],["JunjianS",3.87],["liucf915",3.87],["muzhongjiang",3.74],["JoshuaZhuCN",3.61],["simon824",3.61],["arlanhon",3.46],["kezhenxu94",3.32],["13521460205",3.16],["WeiYe-Jing",3.16],["lslone",3],["duduupup",2.83],["itbasketplayer",2.83],["yh2388",2.83],["feiyalun",2.65],["chenghm",2.65],["hebin-swxc",2.65],["1445103710",2.65],["743294668",2.45],["GSHF",2.45],["lianjie1229",2.45],["knight11111",2.45],["wuzhipeng7cc",2.24],["BoYiZhang",2.24],["wanghongwei9538",2.24],["15921762467",2.24],["dongzl",2.24],["gabrywu",2.24],["peilongwu",2.24],["lizhuigit",2.24],["yangqiangqiang1",2],["Hackeruncle",2],["marrycheck",2],["elitecodegroovy",2],["iture123",2],["Nicobaby",2],["uuyuu",2],["StephenLU0422",2],["KEN-LJQ",2],["sudddenly",2]],"2020-05":[["sonarcloud[bot]",18.08],["break60",12.88],["dailidong",11.4],["xingchun-chen",9.27],["qiaozhanwei",8.94],["lgcareer",8.37],["lenboo",8.37],["codecov-commenter",7.35],["gabrywu",7.21],["codecov-io",6.56],["743294668",6.08],["zhangchunyang1024",6],["tlhhup",5.74],["Rubik-W",5.39],["feiyalun",5.29],["CalvinKirs",5.1],["simon824",5.1],["zixi0825",5.1],["BoYiZhang",5],["Eights-Li",4.9],["listenLearning",4.8],["liwenhe1993",4.58],["hgaol",4.36],["khadgarmage",3.87],["1445103710",3.87],["GabrielWithTina",3.74],["samz406",3.61],["itbasketplayer",3.61],["dukeshiny",3.46],["gaojun2048",3.32],["kezhenxu94",3.16],["JinyLeeChina",3.16],["ywywn",3.16],["gumupaier",3],["xuchangqun",3],["ChunMengLu",2.65],["mkdym",2.65],["stanfen",2.65],["Technoboy-",2.45],["lijufeng2016",2.24],["yh2388",2.24],["oceanos",2.24],["dairui2",2.24],["VENSCC",2.24],["brightfox",2.24],["Wuv1Up",2.24],["Liugh2020",2.24],["fasoal",2],["jetaime-chen",2],["gaogaoshan",2],["wxg0103",2]],"2020-06":[["sonarcloud[bot]",15.72],["gabrywu",15.46],["dailidong",12.61],["yangyichao-mango",12.21],["CalvinKirs",10.49],["xingchun-chen",8.89],["BoYiZhang",8.31],["zixi0825",8.31],["break60",7.94],["lgcareer",7.62],["Eights-Li",6.78],["simon824",6.78],["Rubik-W",6.32],["samz406",6.16],["lenboo",5.92],["codecov-commenter",5.92],["597365581",5.1],["zhangchunyang1024",5.1],["zengqinchris",5],["743294668",4.47],["xsbai",4.47],["feiyalun",4.12],["gaojun2048",4.12],["satcblue",4],["kezhenxu94",3.87],["superScala",3.87],["hua6",3.61],["itbasketplayer",3.46],["yh2388",3.32],["arlanhon",3.32],["lijufeng2016",3.16],["muzhongjiang",3.16],["hlzhu1983",3],["hei-wei",3],["databoyliu",3],["arvin0810",2.83],["Erik-ly",2.83],["glz-java",2.83],["hgaol",2.83],["Heltman",2.65],["jxzdoing",2.65],["wsxwsxwsx",2.65],["Jave-Chen",2.65],["Wf675721680",2.65],["wa-ooo",2.65],["qiaozhanwei",2.45],["which520",2.45],["frankYu001",2.45],["yeyudefeng",2.45],["caoyj1991",2.45],["jetaime-chen",2.45],["dairui2",2.45],["liuhuijuan-bx",2.45],["GabrielWithTina",2.45],["zhuangchong",2.45],["hanfengcan",2.45],["QQhuxuhui",2.24],["amy108",2.24],["super-sponge",2.24],["BKHC",2.24],["adadfa2",2.24],["whitelowrie",2],["xiaoning123456",2],["SunJiFengPlus",2],["wuqingzhi128",2],["Jops-data",2],["kangjunxiang",2],["cailiming1994",2],["guogithut",2],["jcfhj",2],["yesiyuan007",2],["torysuper",2]],"2020-07":[["sonarcloud[bot]",22.16],["yangyichao-mango",20.9],["CalvinKirs",12.08],["break60",11],["dailidong",10.82],["tswstarplanet",9.49],["RedemptionC",8.72],["gabrywu",8.25],["felix-thinkingdata",8.25],["wuchunfu",7.21],["zhuangchong",7.14],["BoYiZhang",7.07],["rockxsj",6.93],["xingchun-chen",6.78],["lgcareer",6.4],["lenboo",6.24],["qiaozhanwei",5.48],["zengqinchris",5.2],["JinyLeeChina",4.9],["gaojun2048",4.9],["shenqicheng100",4.69],["codecov-commenter",4.58],["CycloneBoy",4.36],["muzhongjiang",4.36],["zixi0825",4.36],["khadgarmage",4],["cpsky",4],["legen618",3.87],["samz406",3.74],["wangyanphp",3.74],["peilongwu",3.61],["liukunyuan",3.61],["yoreyuan",3.46],["13430647361",3.46],["yh2388",3.46],["kevinsun2010",3.32],["1findyou",3.32],["amenglu",3.16],["johnnygo920",3],["xsbai",3],["One-fengshuai",3],["wa-ooo",2.83],["frankYu001",2.83],["wxm245",2.83],["zhangchunyang1024",2.83],["Rubik-W",2.83],["hsupu",2.83],["feloxx",2.65],["xiangyu67373",2.65],["muruhanjiang",2.45],["wuwentao515",2.45],["iceblue510",2.24],["leehom",2.24],["JunjianS",2.24],["hczhcz",2.24],["satcblue",2.24],["shi-hailong",2.24],["Jops-data",2.24],["beepupa",2],["totalo",2],["hanfengcan",2],["zhangmy163",2],["liwenhe1993",2],["zx-hub",2],["shaobo99",2],["lookhua",2],["vanilla111",2],["673981652",2],["nauu",2]],"2020-08":[["yangyichao-mango",19.95],["sonarcloud[bot]",18.92],["break60",11.58],["CalvinKirs",11.4],["lgcareer",10.63],["hsupu",8.94],["xingchun-chen",8.25],["qiaozhanwei",7.42],["geosmart",7.28],["zhuangchong",7.28],["felix-thinkingdata",7.14],["yy0812",6.16],["lenboo",6.16],["dailidong",6.08],["BoYiZhang",5.83],["vanilla111",5.66],["cpsky",4.9],["gabrywu",4.47],["JinyLeeChina",4.12],["zixi0825",4.12],["XiaotaoYi",4],["codecov-commenter",3.74],["glxfeng",3.61],["SunJiFengPlus",3.61],["dengc367",3.61],["Jave-Chen",3.46],["gaojun2048",3.16],["muzhongjiang",3],["zoulixun",3],["wuchunfu",3],["guyinyou",3],["Ylisen",2.83],["quicklyfast",2.83],["lingxingzhang",2.83],["rockxsj",2.83],["islandgit",2.83],["shenqicheng100",2.65],["gaoyu2016",2.65],["zshit",2.65],["mandyqcx",2.45],["18668180370",2.45],["qingzhongli",2.45],["superxiaojie",2.24],["Eights-Li",2.24],["siaron",2.24],["roger68",2.24],["yinancx",2.24],["kevinsun2010",2.24],["Fengt-en",2.24],["liangpingliu",2.24],["Jops-data",2.24],["QiAnXinCodeSafe",2],["gaoyang-projects",2],["databoyliu",2],["Technoboy-",2],["liuyungao",2],["liuzx8888",2],["lonkin1",2],["diorw",1.73],["Heltman",1.73],["chengcxy",1.73],["misinong",1.73],["Lwaitt",1.73],["xiaosongaa",1.73],["jepsonzhang",1.73],["Wuv1Up",1.73],["zhangweiwhim",1.41],["yangxifi",1.41],["wuwentao515",1.41],["shitoubiao",1.41],["Heyw",1.41],["XiaoMiSum",1.41],["d317356845",1.41],["wbxsos",1.41],["wstcilzm",1.41],["ruanwenjun",1.41],["gaodayu",1.41],["vayzhang",1.41],["nsnmlgba",1.41],["CharlesJay01",1.41],["chenghm",1.41],["1763734039",1.41],["pipiwukong",1.41],["legen618",1],["13430647361",1],["liuxuedongcn",1],["yh2388",1],["Rubik-W",1],["liangriyu",1],["ja3per",1],["elonlo",1],["BackFire",1],["wang87612",1],["KEN-LJQ",1],["xu-zhijian",1],["peilongwu",1],["yeyudefeng",1],["BobbySun",1]],"2020-09":[["sonarcloud[bot]",16.85],["zhuangchong",11.45],["yangyichao-mango",10.58],["xingchun-chen",10.1],["CalvinKirs",9.06],["break60",9.06],["gaojun2048",8.89],["597365581",8.25],["lgcareer",7.87],["qiaozhanwei",7.75],["felix-thinkingdata",7.55],["Technoboy-",6.78],["BoYiZhang",6.56],["dailidong",5.57],["vanilla111",5.57],["geosmart",5.1],["simon824",4.9],["hsupu",4.8],["guyinyou",4.47],["xloya",4.47],["shiliquan",4.36],["lishiyucn",4.24],["yangruochen",4],["JinyLeeChina",3.74],["codecov-commenter",3.61],["pptfz",3.61],["gabrywu",3.61],["blue0305",3.61],["xiagw",3.46],["elonlo",3.46],["AhahaGe",3.46],["switlen",3.32],["zhanghaicheng1",3.16],["1015zhc",3],["lenboo",3],["SunJiFengPlus",3],["sunyanbin",3],["kuroikenshi",2.83],["glxfeng",2.83],["opcooc",2.83],["normalcc01",2.83],["muzhongjiang",2.83],["liuzx8888",2.83],["yinancx",2.83],["zixi0825",2.83],["yefei-ddyw",2.65],["lavesin",2.65],["zwOvO",2.65],["ifeng2025",2.65],["zosimer",2.65],["wuliulw",2.45],["nightxing",2.45],["Slowfever-star",2.45],["sandun-zhang",2.45],["lingxingzhang",2.45],["yy0812",2.45],["dengc367",2.45],["jepsonzhang",2.24],["knightchong",2.24],["enoughwell",2],["hailin0",2],["13476806803",2],["ly3too",2],["Heltman",2],["eyesmoons",2],["939598604",2],["AfterYesterday",2]],"2020-10":[["sonarcloud[bot]",13.6],["zhuangchong",11.09],["CalvinKirs",9.06],["dailidong",8.6],["lgcareer",8.37],["break60",8.06],["lenboo",7.94],["BoYiZhang",7.75],["hermeshephaestus",7.28],["xingchun-chen",6.4],["codecov-io",5.2],["gaojun2048",4.8],["13430647361",4.8],["IamMujuziMoses",4.8],["Segun-Ogundipe",3.61],["597365581",3.46],["gabrywu",3.46],["shiliquan",3.16],["KnightChess",3.16],["yh2388",2.83],["spring-bu",2.83],["baijun",2.45],["teacherZF",2.45],["huzekang",2.45],["zosimer",2.24],["riverzzz",2.24],["which520",2.24],["baihongbin",2.24],["wangyangting",2.24],["jiuli",2],["shiyuexieyi",2],["zhangjingwei-gwi",2],["Heltman",2],["yefei-ddyw",1.73],["jiakai908",1.73],["hailin0",1.73],["Eights-Li",1.73],["lucky9322",1.73],["liuhuijuan-bx",1.73],["Somaru-chan",1.73],["lookhua",1.73],["zixi0825",1.73],["sheldon1iu",1.73],["rockxsj",1.73],["yangyichao-mango",1.73],["limaoyu012",1.73],["Robust20171222",1.73],["zhangb0120",1.73],["ccckoyn",1.73],["erienniu",1.73],["yangrong688",1.73],["zhoushigan",1.41],["lishiyucn",1.41],["elonlo",1.41],["AhahaGe",1.41],["lose50281",1.41],["qiaozhanwei",1.41],["dick318",1.41],["Jerry-lin",1.41],["hlzhu1983",1.41],["zuoyebushiwo",1.41],["939598604",1.41],["tianmingqin",1.41],["SunJiFengPlus",1.41],["zqWu",1.41],["porkling",1.41],["samz406",1.41],["hujiang75277381",1.41],["yinancx",1.41],["yangruochen",1.41],["leehom",1.41],["enoughwell",1],["DSExtension",1],["liukunyuan",1],["felix-thinkingdata",1],["jilieryuyi",1],["wangxj3",1],["KarenEfereyan",1],["roger68",1],["legen618",1],["walterfung0",1],["zhangchunyang1024",1],["marswon",1],["ljp510016132",1]],"2020-11":[["sonarcloud[bot]",11.83],["xingchun-chen",11.53],["CalvinKirs",11.14],["lenboo",8.77],["zhuangchong",7.75],["Eights-Li",7.48],["felix-thinkingdata",6.24],["dailidong",6.08],["Rubik-W",4.69],["codecov-io",4.69],["hermeshephaestus",4.58],["gabrywu",4.36],["BoYiZhang",4.12],["shiliquan",4],["gaojun2048",3.74],["baijun",3.61],["kevinsun2010",3.46],["chengpeng2015",3.32],["liliang1991",3],["iyeeku",3],["chengshiwen",3],["xiahejun",3],["LINKPEF",3],["wangxj3",2.83],["glaryaugus",2.65],["lil-winga",2.65],["ximengyun",2.45],["hailin0",2.45],["yh2388",2.45],["zhmingyong",2.45],["15177592207",2.24],["HaoRanCang",2.24],["szsuyuji",2.24],["q443048756",2.24],["wukefang",2.24],["qiaozhanwei",2],["chakench",2],["supperchild123",2],["MrYangSir",2],["dataHunterAssassi",2],["Leaf-star",2],["sodul",2],["fengbuyu",2],["samz406",2],["yangyichao-mango",2]],"2020-12":[["sonarcloud[bot]",17.8],["CalvinKirs",17.38],["chengshiwen",11.09],["lgcareer",10.25],["zhuangchong",9.43],["dailidong",9.22],["codecov-io",7.42],["lenboo",7.35],["felix-thinkingdata",6.63],["xingchun-chen",6.24],["BoYiZhang",6.16],["break60",6.08],["kevinsun2010",5.1],["zt-1997",4.8],["IamMujuziMoses",4.58],["Eights-Li",4.47],["fanghj",4.47],["gaojun2048",4.12],["zhanguohao",4],["kamisangk",3.74],["hailin0",3.61],["masterable",3.46],["GitFireMan",3.32],["whitelowrie",3.32],["Jatham922",3.32],["shiliquan",3.32],["CrazyBeeline",3.32],["zh0122",3],["snycc15",3],["zfq314",3],["wangxj3",3],["gaozhenfeng1",3],["hei12138",2.83],["c-f-cooper",2.83],["samz406",2.83],["geosmart",2.83],["keepmeup",2.83],["suncf1985",2.65],["liangpingliu",2.65],["glxfeng",2.65],["isLiuXinxin",2.65],["zacheung",2.45],["1015zhc",2.45],["imyoubo",2.45],["shiyuexieyi",2.45],["yh2388",2.45],["drunkenlegend",2.45],["Tianqi-Dotes",2.45],["Segun-Ogundipe",2.45],["opcooc",2.45],["gaoyu2016",2.24],["liuxuedongcn",2.24],["xloya",2.24],["lbjyuer",2.24],["licongyang",2.24],["mumuCode",2.24],["kalencaya",2.24],["Hxssssss",2.24],["JinyLeeChina",2],["zongqiren",2],["zosimer",2],["shiyi23",2],["lingya",2],["share23",2],["iwasjoker",2],["QiAnXinCodeSafe",2],["wen-hemin",2],["zzq1314zll",2]],"2021-01":[["sonarcloud[bot]",18.92],["CalvinKirs",16.03],["chengshiwen",13.6],["zhuangchong",13.08],["dailidong",10.86],["zt-1997",7.94],["break60",7.87],["codecov-io",7.87],["lenboo",7.75],["Segun-Ogundipe",7],["deanwong",6.93],["xingchun-chen",6.78],["felix-thinkingdata",6.63],["JinyLeeChina",6.24],["Tianqi-Dotes",5.83],["IamMujuziMoses",5.39],["lgcareer",5.2],["597365581",5.1],["zhanguohao",4.9],["chuyang-zl",4.9],["brucemen711",4.58],["DSExtension",4.58],["c-f-cooper",4.47],["simon824",4.24],["kezhenxu94",4.24],["ptyp",4.12],["shiliquan",4],["lbjyuer",3.87],["Hxssssss",3.87],["z7658329",3.74],["wssmao",3.61],["enoughwell",3.61],["dddyszy",3.61],["woshiwuxiaofei",3.46],["xxjingcd",3.46],["SuperHeroBigData",3.32],["aNotBadCoder",3.32],["ntupapaya",3.32],["ukihsoroy",3.16],["QiAnXinCodeSafe",3.16],["zjw-zjw",3.16],["wangchuang07",3.16],["zhaorongsheng",3],["BoYiZhang",3],["liuxuedongcn",3],["qmengss",3],["ruancheng77",3],["hillyuen",2.83],["linyanbin666",2.83],["crazycarry",2.83],["Yanwenjingcn",2.83],["qiubo369",2.65],["zongqiren",2.65],["daizc1",2.45],["berlinsaint",2.45],["yy0812",2.45],["arvin0810",2.45],["masterable",2.45],["baiyibo",2.45],["uniqueen",2.24],["JerryBai0106",2.24],["baijun",2.24],["hailin0",2.24],["hehuachengtay",2.24],["sqxiayaoshun",2.24],["kylozw",2.24],["quanzhian",2.24],["microeastcowboy",2.24],["ThusithaDJ",2.24],["keepmeup",2.24],["githubzhulf",2.24],["WeiLinCool",2.24],["pptfz",2],["xiaot502",2],["liuyichaosoftware",2],["chavanvivek920",2],["snycc15",2],["maqiang0813",2],["gaojun2048",2],["GloryJin",2]],"2021-02":[["sonarcloud[bot]",21.95],["chengshiwen",21],["CalvinKirs",17.46],["zhuangchong",15.3],["lenboo",9.38],["felix-thinkingdata",8.37],["dailidong",8.37],["codecov-io",8.25],["break60",7.35],["wangxj3",7.28],["zhanguohao",7],["wen-hemin",6.63],["JinyLeeChina",6.32],["WilliamChen-luckbob",6.16],["597365581",6.08],["lgcareer",5.92],["simon824",5.92],["dddyszy",5],["xingchun-chen",4.9],["jbampton",4.69],["woshiwuxiaofei",4.36],["AlleriaWindrunner",4.36],["yakcy",4.24],["gaoyu2016",3.87],["lijufeng2016",3.74],["gitofrenlu",3.74],["yimaixinchen",3.61],["gaojun2048",3.46],["wangdazhong001",3.32],["zapjone",3.32],["Ylisen",3],["ptyp",3],["zixi0825",3],["samz406",2.83],["brucemen711",2.83],["Segun-Ogundipe",2.83],["SuperHeroBigData",2.83],["MrSongYChina",2.65],["alphabet5",2.65],["lishiyucn",2.45],["coding-now",2.45],["whw02",2.45],["xyzhh",2.45],["Yibo-Liu",2.24],["IamMujuziMoses",2.24],["Yanwenjingcn",2.24],["mannharleen",2.24],["wistwill",2.24],["fanwq",2.24],["kezhenxu94",2.24],["hailin0",2.24],["yaofengchn",2],["BoYiZhang",2],["github-actions[bot]",2],["banboosgithub",2],["daipeng1104",2],["peizhuang-ws",1.73],["xiangffsuper",1.73],["HanWu2",1.73],["JIANCHUJUN",1.73],["nightxing",1.73],["zt-1997",1.73],["gaozhenfeng1",1.41],["caesarcheng",1.41],["masterable",1.41],["ZJ577624359",1.41],["keepmeup",1.41],["xiashao1980",1.41],["zongqiren",1.41],["data-yangmengfei",1.41],["ntupapaya",1.41],["zhu-mingye",1.41],["kalencaya",1.41],["lexiLiu",1.41],["drowecho",1.41],["caodaoxi",1.41],["jenna25",1.41],["wisdom555",1.41],["Anilople",1.41],["execdf",1.41],["wjsshide",1.41],["ruancheng77",1.41],["hillyuen",1],["zacheung",1],["twoyang0917",1],["jepsonzhang",1],["kamiljune",1],["Leaf-star",1],["babogd",1],["xuhonghui",1],["xxh2000",1],["vrsashly",1],["wAlec1102",1],["zhangchunyang1024",1],["Narenderadonis",1],["iwongta",1]],"2021-03":[["chengshiwen",23.98],["sonarcloud[bot]",19.7],["CalvinKirs",18.22],["zhuangchong",11.75],["ruanwenjun",10.3],["simon824",9.27],["lijufeng2016",8.43],["JinyLeeChina",7.87],["wen-hemin",6.93],["zhanguohao",6.78],["codecov-io",6.4],["xingchun-chen",5.29],["haydenzhourepo",5.2],["wa-ooo",5],["dailidong",4.8],["dddyszy",4.47],["lenboo",4.36],["597365581",4.24],["Ts686",4.24],["ZJ577624359",3.61],["zixi0825",3.46],["chenshuai1995",3.46],["gaojun2048",3.46],["fredster33",3.32],["mrproliu",3.16],["wanghong1314",3.16],["lgcareer",3],["lyyprean",3],["xxjingcd",3],["wu-sheng",2.83],["szs122",2.83],["hhj970815",2.65],["wangxj3",2.65],["HeChuanXUPT",2.65],["break60",2.65],["gitriver",2.65],["hailin0",2.65],["KonsonChow",2.45],["yakcy",2.45],["shiliquan",2.24],["wgwtransfer",2.24],["JinLin6564",2.24],["didiaode18",2.24],["MrZhangZetao",2.24],["zongqiren",2],["qmengss",2],["samz406",2],["cha1Yi",2]],"2021-04":[["chengshiwen",18.14],["ruanwenjun",17.2],["sonarcloud[bot]",15.78],["CalvinKirs",10.63],["JinyLeeChina",9.33],["github-actions[bot]",8.6],["zhuangchong",8.54],["wen-hemin",8.49],["didiaode18",8.06],["wangxj3",6],["xingchun-chen",5.83],["lenboo",5.83],["codecov-commenter",5.39],["wanghong1314",4.9],["QuakeWang",4.58],["Jonathan-Wei",4.47],["lyyprean",4.47],["BoYiZhang",4.24],["gaoyu2016",4],["zixi0825",3.74],["haydenzhourepo",3.61],["dailidong",3.46],["fanwq",3.32],["mrproliu",3.32],["praynise",3],["QiAnXinCodeSafe",2.83],["codecov-io",2.83],["cyx-code",2.83],["lauliu",2.83],["simon824",2.65],["break60",2.65],["wynn45de",2.45],["liuziyingbeidou",2.45],["gitofrenlu",2.45],["sincere2018",2.45],["glxfeng",2.45],["qingzhongli",2.45],["gaozhenfeng1",2.45],["geosmart",2.24],["KW-night",2.24],["OliverBai",2.24],["Machimedes",2.24],["DSExtension",2.24],["roamerop",2.24],["yutaoChina",2.24],["kezhenxu94",2.24],["wqxs",2],["SunnyZ-L",2],["lisirrx",2],["zombietramp",2],["yingliwuli",1.73],["baisui1981",1.73],["VSMDD",1.73],["xiashao1980",1.73],["18610028899",1.73],["ysrotciv",1.73],["fyydnz53",1.73],["gaogao110",1.73],["Chaunceyctx",1.73],["li-hardy",1.73],["Yanwenjingcn",1.73],["jiang-zilong",1.73],["shuimuziyang",1.73],["Guanpx",1.73],["huangwei2013",1.73],["Tandoy",1.41],["GaoTianDuo",1.41],["WilsonWangCS",1.41],["liangziqiang",1.41],["Marcono1234",1.41],["djhexe",1.41],["syb853553110",1.41],["CriysHot",1.41],["gitnote-images",1.41],["k9flame",1.41],["zhangfeng114",1.41],["longgegeZHL",1.41],["ChenCarlos",1.41],["cutiechi",1.41],["share23",1.41],["tangzhf",1.41],["zhanguohao",1.41],["tercel53",1.41],["570944242",1.41],["lijufeng2016",1.41],["ycfn97",1.41],["zhbdesign",1.41],["zjw-zjw",1.41],["hutao1990",1.41],["zhangb0120",1],["irhawks",1],["ninyjun",1],["jczk",1],["ruancheng77",1],["JacobZheng0927",1]],"2021-05":[["ruanwenjun",13.49],["github-actions[bot]",9.9],["JinyLeeChina",9.54],["sonarcloud[bot]",8.49],["CalvinKirs",8.06],["chengshiwen",8],["haydenzhourepo",7.94],["zhuangchong",7.81],["codecov-commenter",4.9],["gk0916",4.58],["geosmart",4.36],["caoping6",4],["dailidong",4],["wen-hemin",3.87],["QuakeWang",3.61],["4ss3g4f",3.32],["Yao-MR",3.32],["didiaode18",3.16],["gaomiup20",3],["wangxj3",3],["yeboo",2.83],["zhanguohao",2.83],["lenboo",2.83],["Irving0689",2.83],["lishiyucn",2.65],["syb853553110",2.65],["medkhabt",2.65],["dik111",2.65],["597365581",2.45],["guofeijia",2.45],["kayJiang",2.45],["mengfeiMonica",2.45],["BoYiZhang",2.45],["waconde",2.24],["cpbeast",2.24],["Yiyiyimu",2.24],["s348268281",2],["AntAndfish",2],["JunjianS",2],["SbloodyS",2],["blackberrier",2],["Dipsy-chen",2],["kocham",1.73],["zjw-zjw",1.73],["xingchun-chen",1.73],["muzhongjiang",1.73],["finger-21th",1.73],["linux0x5c",1.73],["blacktea-latte",1.73],["yutaoChina",1.73],["quanzhian",1.73],["felix-thinkingdata",1.73],["ZhaoJianchangA",1.73],["cyx-code",1.73],["usretyn",1.73],["jefferyeven",1.73],["longfeizhou2016",1.73],["CriysHot",1.41],["865357384",1.41],["liuyihan",1.41],["xu-zhijian",1.41],["ji04xiaogang",1.41],["choucmei",1.41],["Tandoy",1.41],["liuyichaosoftware",1.41],["shubifeng",1.41],["shiliquan",1.41],["zhbdesign",1.41],["MrZhangZetao",1.41],["Sky-Gu",1.41],["cczz12345",1.41],["lfyzjck",1.41],["qulibibg",1.41],["bo8888",1.41],["mnloveyx",1],["BackFire",1],["xiashao1980",1],["zhujian86",1],["yimaixinchen",1],["1015zhc",1],["roamerop",1],["Nick-0723",1]],"2021-06":[["kyoty",14.56],["ruanwenjun",13.34],["sonarcloud[bot]",12.41],["github-actions[bot]",12.25],["chengshiwen",11.66],["CalvinKirs",11.58],["JinyLeeChina",8.83],["blackberrier",7],["codecov-commenter",7],["zhuangchong",5.83],["xingchun-chen",5.57],["Squidyu",5.39],["oryjk",5.29],["dailidong",5.29],["wen-hemin",5.29],["wangxj3",4.8],["wangmingzhiJohn",4.36],["gaoyu2016",4.36],["wordhardqi",3.74],["pingyuan001",3.74],["geosmart",3.61],["leeseven-li",3.32],["ji04xiaogang",3.32],["lyn916",3.16],["gaojun2048",3],["tinyking",2.83],["Yanwenjingcn",2.83],["syb853553110",2.83],["QuakeWang",2.65],["choucmei",2.65],["zhbdesign",2.45],["mengfeiMonica",2.45],["didiaode18",2.45],["Hermesfuxi",2.24],["xyzhh",2.24],["myangle1120",2.24],["medkhabt",2.24],["flyDragon-Y",2.24],["yulongz",2.24],["zhujian86",2.24],["docming",2.24],["xjlgod",2.24],["Tandoy",2],["KingdomTaoF",2],["shuitao",2],["zixi0825",2],["Dawn-K",2],["EtachGu",2],["skymsg",2],["nmz0324",1.73],["alayangchao",1.73],["zhu-mingye",1.73],["lordk911",1.73],["zhanggengengen",1.73],["qulibibg",1.73],["yang100455",1.73],["azurecn",1.73],["qxiong522",1.73],["wuhongyuwhy",1.73],["Issues-translate-bot",1.41],["Anilople",1.41],["k9flame",1.41],["EthanZhang1997",1.41],["chakench",1.41],["EliuGit",1.41],["wangxi-yunjisuan",1.41],["Data-bytes305",1.41],["zongqiren",1.41],["GaoTianDuo",1.41],["ViceneLee",1.41],["865357384",1.41],["lenboo",1.41],["pengwf1804",1.41],["wqxs",1.41],["github24518",1.41],["NeverLanded",1.41],["garyganyang",1],["jasonlnk",1],["zhangb0120",1],["jon-qj",1],["kocham",1],["aslongasdream",1],["xucx",1],["althafpj",1],["wenyuanLv",1],["wybaby168",1],["SbloodyS",1],["xied75",1],["JacobZheng0927",1],["ximenfeibing",1],["dddyszy",1],["darkz1984",1],["nmgliangwei",1]],"2021-07":[["sonarcloud[bot]",12.85],["CalvinKirs",12.37],["wen-hemin",11.45],["ruanwenjun",11.36],["github-actions[bot]",10.95],["kyoty",10.91],["JinyLeeChina",10.82],["chengshiwen",8.83],["zhuangchong",7.55],["codecov-commenter",7.14],["dailidong",6.63],["wangmingzhiJohn",6.08],["calvinjiang",5.83],["Technoboy-",5.66],["jon-qj",5.39],["shink",4.36],["geosmart",3.74],["zhu-mingye",3.61],["gabrywu",3.46],["cpsky",3.46],["Tandoy",3.32],["tanvimoharir",3.16],["SunnyZ-L",3.16],["soreak",3.16],["gitter-badger",2.83],["darkz1984",2.83],["skymsg",2.83],["wangxj3",2.83],["yangshiza",2.65],["lishiyucn",2.65],["gaoyu2016",2.45],["HeChuanXUPT",2.45],["Jiezhi",2.24],["Yao-MR",2.24],["reele",2.24],["mgsky1",2.24],["zhengshubin",2.24],["shuangbofu",2.24],["final-smile",2],["althyman",2],["lvchongyi",2],["flytowns",2],["Eights-Li",2],["QuakeWang",2],["LiangXiam",1.73],["yc322",1.73],["Atom-me",1.73],["Squidyu",1.73],["sunshining93",1.73],["xied75",1.73],["SivaTharun",1.73],["zhujian86",1.73],["jacobawy",1.73],["zhangkun-pass",1.73],["Jave-Chen",1.73],["SbloodyS",1.73],["zhongn",1.73],["szwxw",1.73],["latincross",1.41],["wangsvip",1.41],["wangzijian121",1.41],["daizc1",1.41],["git1071440198",1.41],["SuperHeroBigData",1.41],["Data-bytes305",1.41],["simsicon",1.41],["quanzhian",1.41],["xingchun-chen",1.41],["tinyking",1.41],["tonycnlin",1.41],["docming",1.41],["BoYiZhang",1.41],["zhenmm",1.41],["wordhardqi",1.41],["azurecn",1.41],["gaohan0524",1.41],["beeflyme",1.41],["fs3085",1.41],["zongqiren",1.41],["Dipsy-chen",1.41],["momomobinx",1.41],["didiaode18",1],["MonsterChenzhuo",1],["Patil2099",1],["timlincool",1],["songyuequan",1],["chobakaro",1],["huanzui",1],["dogloster",1],["JoshuaZhuCN",1],["robert-guangzhou",1]],"2021-08":[["CalvinKirs",11],["sonarcloud[bot]",10.3],["kezhenxu94",10],["JinyLeeChina",9.9],["ruanwenjun",8.72],["github-actions[bot]",8.43],["caoyj1991",7.14],["chengshiwen",7],["codecov-commenter",6.71],["zhuangchong",6.08],["allen1128",5.92],["baisui1981",5.83],["Tandoy",5.39],["Narcasserun",5],["manmandm",5],["reele",4.47],["wen-hemin",4.36],["kyoty",4.24],["atai-555",4.12],["Squidyu",4],["lyxell",3.87],["andream7",3.87],["linquan92",3.87],["dailidong",3.74],["lenboo",3.61],["jon-qj",3.46],["gaoyu2016",3.32],["yimaixinchen",3],["calvinjiang",2.65],["SbloodyS",2.65],["didiaode18",2.65],["cpsky",2.45],["luojieio",2.45],["myangle1120",2.24],["robert-guangzhou",2.24],["wunan1210",2.24],["gabrywu",2.24],["wangfeigithub",2.24],["Eights-Li",2.24],["git1071440198",2],["cxin-william",2],["EliuGit",2],["scheno",2],["CycloneBoy",2],["linghengzhu",1.73],["Dev-Mao",1.73],["flytowns",1.73],["yinancx",1.73],["praynise",1.73],["ptyp",1.73],["rumesh-perera",1.73],["simsicon",1.73],["wangmingzhiJohn",1.73],["lishiyucn",1.73],["juha1995",1.73],["soreak",1.73],["HomminLee",1.73],["Xenos3811",1.73],["zhengshubin",1.41],["lordk911",1.41],["TianlinLIAO",1.41],["washyouself",1.41],["bingexxx",1.41],["gk0916",1.41],["asheswang",1.41],["wangxj3",1.41],["Tsd-217",1.41],["RichardStark",1.41],["Yao-MR",1.41],["althyman",1.41],["zhoulijuanmiao",1.41],["shink",1.41],["quanzhian",1.41],["HeChuanXUPT",1],["ZhangchengHu0923",1],["MuzzammilRafiq",1],["Level1Accelerator",1],["einsteinict",1],["jessienxx",1],["shuitao",1],["DingZhengCN",1],["meyp",1],["geosmart",1],["atai555",1],["lzz0225",1]],"2021-09":[["sonarcloud[bot]",15.81],["CalvinKirs",15.17],["ruanwenjun",14.25],["JinyLeeChina",13.86],["lenboo",12.77],["zhongjiajie",11.7],["Wangyizhi1",10.63],["codecov-commenter",10.54],["kezhenxu94",10.05],["zhuangchong",8.25],["calvinjiang",7.55],["LiuBodong",7.48],["caishunfeng",7.42],["Tandoy",7.42],["EricPyZhou",6.86],["mgsky1",6.63],["github-actions[bot]",6.63],["Narcasserun",6.32],["RichardStark",6.16],["luojieio",5.83],["baisui1981",5.83],["BenjaminWenqiYu",5.74],["jon-qj",5.39],["wen-hemin",4.9],["ououtt",4.69],["jixiang155",4.69],["Liiyue",4.58],["manmandm",4.47],["dailidong",4.24],["zuston",4.12],["reele",4.12],["QuakeWang",4.12],["yc322",3.74],["listenLearning",3.61],["Jave-Chen",3.46],["wangxj3",3.46],["DittoTool",3.32],["cxin-william",3.16],["zekirin70",3.16],["andream7",3],["break60",3],["Yao-chen-ecnu",2.83],["yutaoChina",2.83],["kyoty",2.65],["devosend",2.45],["SbloodyS",2.45],["keepmeup",2.45],["mcruijie",2.45],["allen1128",2.24],["chengchuen",2.24],["linghengzhu",2.24],["gabrywu",2],["Eights-Li",2],["partoneplay",2],["xiaohui0318",2],["yangshiza",2],["XiaoYoungk",2],["Hccccccccccc",2],["gaoyu2016",2],["fishhami",2],["caiyt2001",2],["k9flame",2]],"2021-10":[["sonarcloud[bot]",6.63],["github-actions[bot]",5.92],["CalvinKirs",4.8],["codecov-commenter",4.69],["zhongjiajie",4.24],["dailidong",3.74],["ruanwenjun",3.74],["xiaoyaowenyue",3],["lenboo",2.83],["JinyLeeChina",2.65],["baisui1981",2.65],["caishunfeng",2.45],["Soohyeonl",2.45],["zhuangchong",2.45],["linyanbin666",2.24],["ououtt",2.24],["choucmei",2],["kezhenxu94",2],["huangfox",1.73],["DingBaoqing2021",1.73],["aCodingAddict",1.41],["gglinux",1.41],["Narcasserun",1.41],["LiuBodong",1.41],["longhuihy",1.41],["Wangyizhi1",1.41],["jon-qj",1.41],["kevinjmh",1.41],["EricPyZhou",1.41],["agileWind",1.41],["openstack-test",1.41],["liukunyuan",1.41],["BenjaminWenqiYu",1.41],["reele",1],["sakinsun",1],["lukairui",1],["wangxj3",1],["calvinit",1],["kisscyc",1],["zuston",1],["didiaode18",1]],"2021-11":[["sonarcloud[bot]",21.17],["zhongjiajie",19.57],["kezhenxu94",19.24],["github-actions[bot]",16.97],["caishunfeng",15.23],["JinyLeeChina",14.46],["codecov-commenter",12.77],["zwZjut",12.08],["lenboo",12],["ruanwenjun",11],["CalvinKirs",9.43],["songjianet",8.83],["jon-qj",7.62],["tracehh",7.28],["dailidong",7.14],["zhuangchong",7.07],["wangxj3",6.63],["lyggyhmm",6.56],["Yao-MR",6.32],["Narcasserun",6.24],["boy-xiaozhang",6.08],["Wangyizhi1",6],["yang100455",5.83],["Linkaiup",5.39],["GaoTianDuo",5.29],["yangqiyu0306",5],["SunnyZ-L",4.58],["choucmei",4.58],["HomminLee",4.47],["edward-yang",4.36],["981433814",4.36],["shangeyao",4.12],["zixi0825",4],["huagkunlun",3.87],["ouyangyewei",3.61],["ReonYu",3.46],["SbloodyS",3.46],["DuChaoJiaYou",3.46],["DingPengfei",3.16],["linyanbin666",3.16],["calvinjiang",3.16],["dongzl",3.16],["LiuBodong",3.16],["ououtt",3],["mhsccd",2.83],["Bulls1986",2.83],["paopjian",2.83],["yc322",2.83],["yang227",2.65],["zekai-li",2.65],["chengshiwen",2.65],["yikeshiguang",2.45],["Dev-Mao",2.45],["SimpleGrey",2.45],["pingyuan001",2.45],["huangfox",2.45],["lvshaokang",2.45],["sparklezzz",2.24],["Tandoy",2.24],["lishiyucn",2.24],["zfq314",2.24],["RedemptionC",2.24],["lyq518",2.24],["zhu-mingye",2],["sw2011",2],["mchcz",2],["devosend",2],["janeHe13",2],["pk19876824",2]],"2021-12":[["sonarcloud[bot]",22.29],["zhongjiajie",21.31],["github-actions[bot]",20],["caishunfeng",19.26],["songjianet",17.29],["codecov-commenter",15.36],["kezhenxu94",13.86],["SbloodyS",13.45],["zwZjut",12.61],["zhuangchong",11.7],["calvinjiang",11.53],["JinyLeeChina",11.49],["ouyangyewei",11.4],["lenboo",10.72],["Narcasserun",9.33],["labbomb",8.19],["wangxj3",7.68],["janeHe13",7.42],["devosend",7.21],["CalvinKirs",7],["Wangyizhi1",6.71],["baisui1981",6],["ruanwenjun",5.92],["shangeyao",5.66],["wangbowen1024",5.39],["mgduoduo",5],["JinsYin",5],["ououtt",4.8],["lgcareer",4.8],["lhjzmn",4.58],["dongzl",4.47],["uh001",4.36],["dailidong",4.24],["SunnyZ-L",4.24],["karen-liu01",4.24],["lukairui",4.12],["geosmart",3.74],["Jiezhi",3.46],["aaronlinv",3.46],["Ivan0626",3.46],["linyanbin666",3.32],["HomminLee",3.16],["liqiquan",3.16],["aqi915",3.16],["mchcz",3.16],["tangchunbo",3],["edward-yang",2.83],["GaoTianDuo",2.83],["yaoyingzhe",2.83],["nielifeng",2.83],["jon-qj",2.83],["uestczhuhao",2.65],["yikeshiguang",2.65],["boy-xiaozhang",2.65],["wuliupo",2.45],["sparklezzz",2.45],["putianhui",2.24],["981433814",2.24],["springmonster",2.24],["rwyw",2.24],["leo-lao",2.24],["galesun",2],["nana7miAva",2],["Tandoy",2],["huangwei2013",2],["caffreyZ",2]],"2022-01":[["zhongjiajie",23.66],["sonarcloud[bot]",22.47],["caishunfeng",19.44],["SbloodyS",17.8],["songjianet",17.52],["github-actions[bot]",17.46],["kezhenxu94",15.39],["codecov-commenter",14.25],["zhuangchong",12.49],["devosend",12.08],["calvinjiang",11.27],["labbomb",10.25],["ruanwenjun",9.85],["lenboo",9.75],["JinyLeeChina",8.66],["springmonster",8.12],["janeHe13",6.63],["tangchunbo",6.56],["zwZjut",6.48],["CalvinKirs",6.16],["JiangTChen",5.74],["dailidong",5.57],["mchcz",5.39],["QuakeWang",5.39],["liqingwang",5.29],["yimaixinchen",5],["Wangyizhi1",4.69],["ouyangyewei",4.69],["qianli2022",4.58],["Amy0104",4.47],["cheneychoi",4.24],["SunnyZ-L",4.24],["krystalics",3.74],["tracehh",3.61],["zhoulijuanmiao",3.61],["jxeditor",3.61],["Ivan0626",3.46],["pinkhello",3.32],["seagle-yuan",3.16],["gaogen123",3],["ShuoTiann",2.65],["shangeyao",2.65],["yc322",2.65],["aaronlinv",2.65],["zixi0825",2.45],["JohnZp",2.45],["XiaochenNan",2.24],["JYInMyHeart",2.24],["asdf2014",2.24],["chengshiwen",2.24],["zhangchunsheng",2.24],["ououtt",2.24],["AntAndfish",2.24],["KonsonChow",2.24],["HomminLee",2.24],["fat-wen",2],["imom0",2],["gt199899",2],["WindyGao",2],["hanfengcan",2],["zhuxt2015",2],["wxd5146",2],["caiiansheng",2],["Narcasserun",2],["DHBin",2],["hongshuboy",2]],"2022-02":[["sonarcloud[bot]",15.84],["caishunfeng",15.23],["github-actions[bot]",13.75],["SbloodyS",13.27],["zhongjiajie",12.96],["calvinjiang",11],["songjianet",11],["codecov-commenter",10.39],["devosend",10.39],["JinyLeeChina",8.77],["Amy0104",7.55],["ronyang1985",7.48],["ruanwenjun",7.35],["Wangyizhi1",6.63],["labbomb",6.4],["lenboo",5.57],["CalvinKirs",5.29],["tangchunbo",5.1],["kezhenxu94",5],["yimaixinchen",4.58],["QuakeWang",4.47],["zhuangchong",4.24],["reele",4.12],["Yao-MR",4.12],["cheneychoi",4],["EricGao888",4],["Narcasserun",3.74],["edward-yang",3.61],["mgsky1",3.32],["hongshuboy",3.32],["yangyunxi",3.32],["zhoulijuanmiao",3.16],["ShuiMuNianHuaLP",3.16],["SunnyZ-L",3.16],["dailidong",3.16],["XuXuClassMate",3.16],["wcmolin",3],["wangqinghuan",2.83],["liqiquan",2.83],["zixi0825",2.65],["boy-xiaozhang",2.65],["zhujiwen",2.65],["Kodalien",2.65],["zhuxt2015",2.65],["mchcz",2.45],["wangxj3",2.45],["wangbowen1024",2.45],["jiangjialiang918",2.24],["CallMeKingsley97",2.24],["ruancheng77",2],["rootyu",2],["erlyhds",1.73],["1205823696",1.73],["laonaofu",1.73],["pinkhello",1.73],["Meggie4",1.73],["hanfengcan",1.73],["GdHuni",1.73],["Geek-Joey",1.41],["narrotor12",1.41],["geosmart",1.41],["shangeyao",1.41],["zr9883",1.41],["DHBin",1.41],["ouyangyewei",1.41],["naheedmk",1.41],["superfenv",1.41],["Jiangxiaoyuan",1.41],["xinxingi",1.41],["huahuaeshao",1.41],["qianli2022",1.41],["lazybird23",1.41],["fu9852531",1.41],["SturdyCat",1.41],["FrankZhang996",1.41],["auguszero",1.41],["cwr31",1.41],["BabySid",1.41],["Ivan0626",1.41],["a19920714liou",1.41],["fengmingxia",1.41],["mht-xyt",1.41],["delong1985",1.41],["nofogsky1996",1.41],["mgduoduo",1],["zhiguohe",1],["rusonding",1],["yzkIvory",1],["1241407808",1],["kevinjmh",1],["william-xu",1],["krystalics",1],["pipinet",1],["jieguangzhou",1],["CCCYounger",1],["CryptoColin",1]],"2022-03":[["github-actions[bot]",21.84],["songjianet",21.82],["sonarcloud[bot]",21.07],["Amy0104",18.84],["caishunfeng",17.92],["devosend",17.89],["zhongjiajie",16.7],["SbloodyS",15.17],["codecov-commenter",14.14],["XuXuClassMate",13],["calvinjiang",11.66],["kezhenxu94",10.58],["labbomb",10.05],["nobolity",9.85],["Tianqi-Dotes",9.8],["gaojun2048",9],["huagetai",8.49],["zhuangchong",8.43],["guoshupei",7.07],["EricGao888",6.93],["ruanwenjun",6.86],["ouyangyewei",5.39],["Hou-Shuaishuai",5.29],["darkz1984",5.2],["HuntFalcon",5.1],["lordk911",5],["zhangxinruu",4.58],["janeHe13",4.47],["wangxj3",4.47],["ronyang1985",4.47],["lenboo",4.36],["CalvinKirs",3.61],["Abingcbc",3.46],["JinyLeeChina",3.32],["jon-qj",3.32],["CryptoColin",3.32],["tangchunbo",3.32],["simsicon",3.32],["dailidong",3.32],["lhjzmn",3.32],["yangyunxi",3.16],["zwZjut",3.16],["zixi0825",3.16],["jxeditor",2.83],["DHBin",2.83],["liqingwang",2.65],["momomobinx",2.65],["Caoxiongk",2.65],["jieguangzhou",2.65],["QuakeWang",2.65],["lgcareer",2.45],["zhujiwen",2.45],["liqiquan",2.45],["244607753",2.45],["rusonding",2.45],["anAtCloudfall",2.45],["zhanqian-1993",2.45],["mgsky1",2.24],["qianli2022",2.24],["GhostGate2017",2.24],["Wangyizhi1",2.24],["Yao-MR",2.24],["liujianhuanzz",2],["berg-xu",2]],"2022-04":[["zhongjiajie",22.34],["SbloodyS",20.07],["github-actions[bot]",18.87],["sonarcloud[bot]",18.63],["caishunfeng",16.67],["Tianqi-Dotes",16.16],["EricGao888",15.46],["Amy0104",13.67],["devosend",13.19],["songjianet",12.61],["codecov-commenter",12.21],["WangJPLeo",12],["zhuangchong",10.86],["SnowMoon-Dev",9.54],["labbomb",9.33],["XuXuClassMate",8.66],["kezhenxu94",7.87],["paul8263",7.48],["lenboo",6.24],["Dannila",6.24],["leiwingqueen",6.16],["sq-q",6],["dependabot[bot]",6],["guoshupei",5.92],["pjfanning",5.74],["czeming",5.57],["exmy",5.39],["fengjian1129",4.8],["ruanwenjun",4.8],["huagetai",4.69],["liqingwang",4.58],["mans2singh",4.58],["QuakeWang",4.47],["AirToSupply",4.24],["hiSandog",4.12],["gaojun2048",4.12],["naziD",3.87],["JinyLeeChina",3.61],["zhuxt2015",3.61],["qianli2022",3.46],["wqxs",3.46],["nobolity",3.32],["1qase4",3.32],["ITBOX-ITBOY",3.32],["jieguangzhou",3.32],["hstdream",3.16],["sparklezzz",3.16],["calvinjiang",3.16],["Kodalien",3],["luoyedeyi",2.83],["chncaesar",2.83],["zwZjut",2.83],["lyleshaw",2.83],["dailidong",2.83],["shangshang11",2.65],["rockfang",2.45],["yimaixinchen",2.45],["litiliu",2.45],["zengqiyan",2.45],["Wilson-BT",2.45],["zixi0825",2.24],["KevinJohn-GH",2.24],["ganlangjie",2.24],["ruancheng77",2.24],["momomobinx",2.24],["mchcz",2.24],["chinaboyll",2.24],["zhanqian-1993",2],["wujb315",2],["DingPengfei",2],["Hou-Shuaishuai",2],["Meggie4",2],["yanmushi",2],["596192804",2]],"2022-05":[["zhongjiajie",30.28],["SbloodyS",21.93],["sonarcloud[bot]",19.44],["github-actions[bot]",17.52],["songjianet",14.35],["caishunfeng",14.07],["EricGao888",12.92],["kezhenxu94",11.92],["Amy0104",11.31],["SnowMoon-Dev",11.05],["codecov-commenter",10.77],["QuakeWang",10.72],["jieguangzhou",10.58],["WangJPLeo",10.34],["liqingwang",9.95],["retime123",9.43],["106umao",8.19],["Tianqi-Dotes",8.06],["devosend",8],["rockfang",7.94],["labbomb",7.81],["huangchenguang123",7.68],["luoyedeyi",7.28],["hstdream",6.93],["ITBOX-ITBOY",6.4],["ruanwenjun",6.4],["zhuangchong",6.32],["Dannila",6.16],["lenboo",5.83],["welsh-wen",5.57],["lugela",5.48],["JinyLeeChina",5.48],["vagetablechicken",5.39],["zwZjut",4.8],["GavinGYM",4.69],["zixi0825",4.47],["syncwt",4.24],["tongwl",4],["paul8263",4],["qianli2022",3.74],["iamliangdi",3.61],["guodongym",3.61],["XuXuClassMate",3.61],["wuchunfu",3.32],["chens616",3],["cadl",3],["zheng-zy",2.83],["sq-q",2.83],["code-ferry",2.83],["HeChuanXUPT",2.83],["dependabot[bot]",2.83],["dailidong",2.65],["longtb976",2.65],["netemadi",2.65],["littleziao",2.65],["someorz",2.45],["AnchorOscarWoo",2.45],["duspring",2.45],["qingxing7",2.45],["litiliu",2.24],["ShayvChan",2.24],["stalary",2.24],["aiwenmo",2.24],["hiSandog",2.24],["youzipi",2.24],["wxd5146",2],["huangwenjun30000",2],["ruancheng77",2],["mrhaoqi",2],["geosmart",2],["Kodalien",2]],"2022-06":[["SbloodyS",25.48],["zhongjiajie",22.85],["ruanwenjun",21.42],["sonarcloud[bot]",19.24],["github-actions[bot]",16.88],["caishunfeng",16.46],["kezhenxu94",15.62],["EricGao888",13.3],["hstdream",11.53],["liqingwang",10.72],["WangJPLeo",10.58],["codecov-commenter",10.3],["Tianqi-Dotes",8.77],["guoshupei",8.6],["jieguangzhou",8.49],["stalary",8.43],["Amy0104",8.19],["guodongym",7.68],["106umao",6.93],["tongwl",6.71],["zhuxt2015",6.71],["sneh-wha",6.71],["songjianet",6.4],["zhuangchong",6.4],["welsh-wen",5.48],["hiSandog",5.39],["zwZjut",5.1],["sketchmind",5],["syyangs799",5],["devosend",4.9],["liubo1990",4.69],["pjfanning",4.36],["pinkhello",4.24],["lyleshaw",4.12],["JinyLeeChina",4],["Narcasserun",4],["yandong001",3.87],["davidzollo",3.87],["mergeable[bot]",3.74],["huangchenguang123",3.74],["someorz",3.61],["lenboo",3.61],["wjf222",3.61],["qianli2022",3.61],["tracehh",3.46],["feixiameiruhua",3.32],["ITBOX-ITBOY",3.32],["aiwenmo",3.32],["HomminLee",3.16],["liudi1184",3.16],["Desperado2",3.16],["luoyedeyi",3.16],["fhygh",3],["complone",2.83],["QuakeWang",2.83],["shangeyao",2.83],["jkhhuse",2.65],["SnowMoon-Dev",2.65],["lordk911",2.65],["ChrisYuan",2.65],["weeway",2.65],["CalvinKirs",2.65],["Hwting",2.45],["dependabot[bot]",2.45],["XuXuClassMate",2.45],["bukeliyu",2.45],["Flutemr",2.45],["retime123",2.45],["Chris-Arith",2.24],["yang227",2.24],["kangyuanjia",2.24],["CFlyGoo",2.24],["chaozwn",2.24],["wq557520",2],["juanfu1997",2],["mgsky1",2],["EricPyZhou",2],["xiaolannuoyi",2],["wanghaizhou",2],["baoyingcong",2],["user-GitHub-user",2]],"2022-07":[["sonarcloud[bot]",30.45],["SbloodyS",27.69],["zhongjiajie",27.42],["caishunfeng",21.4],["EricGao888",21.24],["ruanwenjun",19.57],["github-actions[bot]",18],["kezhenxu94",14],["WangJPLeo",13.86],["tracehh",13.04],["codecov-commenter",12.17],["welsh-wen",11.66],["zhuxt2015",11.62],["liguotian",10.58],["songjianet",10.58],["SnowMoon-Dev",10.05],["devosend",9.95],["jieguangzhou",9.8],["sketchmind",9.33],["JinyLeeChina",9.22],["fuchanghai",8.54],["Amy0104",8.06],["jackfanwan",8],["106umao",7.55],["hstdream",7.35],["TangTangGrit",6.78],["rockfang",6.63],["pinkhello",6.4],["wjf222",6.4],["zhuangchong",6],["MichaelDeSteven",5.83],["dependabot[bot]",5.83],["rickchengx",5.74],["guodongym",5.48],["shangeyao",5.48],["huangchenguang123",5.39],["zzzhangqi",5.39],["XuXuClassMate",5.29],["Tianqi-Dotes",5.2],["HeZean",5.2],["liyangyang-12138",5.2],["litiliu",4.58],["liqingwang",4.24],["lordk911",4],["lyleshaw",3.87],["Flutemr",3.87],["vivostar",3.74],["hiSandog",3.74],["sneh-wha",3.61],["CallMeKingsley97",3.46],["beepupa",3.46],["leo-lao",3.46],["ShawshankLin",3.46],["ChrisYuan",3.32],["davidzollo",3.32],["ZYJBigData",3],["fhygh",3],["lukeyan2023",3],["yangjf2019",3],["lenboo",3],["weile321",3],["ITBOX-ITBOY",2.83],["github-keep",2.83],["yyunlei",2.65],["aiwenmo",2.65],["xyzhh",2.65],["ocean-zhc",2.45],["jkhhuse",2.45],["weeway",2.45],["labbomb",2.45],["Chris-Arith",2.45],["qinchaofeng",2.24],["simon824",2.24],["gongzh021",2.24],["Tandoy",2.24],["weipengffk",2.24],["abluson",2.24],["lynn-illumio",2.24],["chengshiwen",2],["hwb1992",2],["didiaode18",2],["Jekong-hao",2],["lizhongshuai",2],["amaoisnb",2],["704237006",2]],"2022-08":[["sonarcloud[bot]",27.91],["ruanwenjun",24.49],["EricGao888",24.35],["zhongjiajie",21.93],["github-actions[bot]",18.65],["SbloodyS",17.89],["caishunfeng",15.65],["WangJPLeo",13.93],["Amy0104",13.27],["codecov-commenter",11.49],["kezhenxu94",10.86],["fuchanghai",10.82],["insist777",10.3],["jieguangzhou",9.33],["sketchmind",8.89],["songjianet",8.83],["rickchengx",8.6],["106umao",8.49],["lenboo",8.25],["stalary",8.19],["DarkAssassinator",7.48],["fengjian1129",6.93],["devosend",6.56],["zhuangchong",6.56],["lyleshaw",5.92],["liguotian",5.74],["xdu-chenrj",5.57],["HeZean",5.57],["ITBOX-ITBOY",5.57],["zhuxt2015",5.48],["MichaelDeSteven",5.2],["MonsterChenzhuo",5],["hiSandog",4.9],["staneyffer",4.8],["shangeyao",4.8],["ChrisYuan",4.69],["HomminLee",4.69],["labbomb",4.69],["JinyLeeChina",4.24],["davidzollo",4.12],["wjf222",4],["yutianaiqingtian",4],["longtb976",4],["guodongym",3.74],["mergeable[bot]",3.74],["hyjunhyj",3.74],["wangfann",3.74],["CFlyGoo",3.61],["liqingwang",3.46],["lugela",3.32],["tracehh",3.32],["hqzh",3.32],["jackfanwan",3.16],["mklzl",3.16],["zzzhangqi",3.16],["rusonding",3.16],["luoxiqiang",3.16],["l838224553",3.16],["guowei-su",3],["dashuai2020",3],["huage1994",3],["bdxmq",3],["liu-lewis",2.83],["wxing89",2.83],["dependabot[bot]",2.83],["ocean-zhc",2.83],["jkhhuse",2.83],["Radeity",2.83],["yu-ang-zhang",2.65],["Chris-Arith",2.65],["seedscoder",2.65],["xiaohei88",2.65],["xujian04",2.45],["Tianqi-Dotes",2.45],["pinkhello",2.45],["aspexdaniel",2.45],["lishiyucn",2.45],["xyzhh",2.24],["zhangshuocn",2.24],["wanghaizhou",2.24],["microeastcowboy",2.24],["CalvinKirs",2.24],["abzymeinsjtu",2.24],["limaiwang",2.24],["duhanmin",2.24],["chenhaonan313",2.24],["A2Data",2.24],["lynn-illumio",2.24],["cadl",2.24],["Zzih",2.24],["github-code-scanning[bot]",2],["wen-hemin",2],["songxiaohu123",2],["tigerfeilin",2],["simon824",2],["lordk911",2],["8431",2],["ShawshankLin",2],["nielifeng",2],["hrtyf",2]],"2022-09":[["sonarcloud[bot]",29.41],["caishunfeng",26.55],["ruanwenjun",23.58],["EricGao888",21.1],["zhongjiajie",19.8],["github-actions[bot]",17.8],["DarkAssassinator",14.93],["Tianqi-Dotes",14.18],["jieguangzhou",14.11],["kezhenxu94",14.07],["github-code-scanning[bot]",13.56],["fuchanghai",13.11],["SbloodyS",12.85],["zhuangchong",12.65],["codecov-commenter",12.33],["fengjian1129",10.77],["Amy0104",9.17],["insist777",9.17],["stalary",8.6],["xdu-chenrj",8.54],["106umao",8],["rickchengx",7.87],["JinyLeeChina",7.55],["wen-hemin",7.48],["tracehh",6.86],["wendongdi",6.16],["shangeyao",5.92],["limaiwang",5.66],["reele",5.57],["Zzih",5.57],["welsh-wen",5.48],["guowei-su",5.29],["jinyanhui2008",5.2],["WangJPLeo",5.2],["mergeable[bot]",5.1],["danielfree",5.1],["luoyedeyi",5.1],["Radeity",5.1],["LiuBodong",4.8],["jackfanwan",4.58],["TyrantLucifer",4.58],["davidzollo",4.47],["pandong2011",4.47],["Chris-Arith",4.47],["ITBOX-ITBOY",4.24],["jiangtaoNuc",4.24],["hiSandog",4.24],["sekikn",4.12],["Gagepmd",4.12],["dependabot[bot]",4.12],["Jeffrey12333",4.12],["hqzh",4],["hstdream",3.87],["devosend",3.87],["darkz1984",3.87],["ChrisYuan",3.74],["boy-xiaozhang",3.61],["zhuxt2015",3.46],["duhanmin",3.46],["githublaohu",3.46],["songjianet",3.32],["EricPyZhou",3.32],["guodongym",3.16],["ouyangyewei",3.16],["tianmingwang85",3.16],["HomminLee",3],["wangfann",3],["zuzuviewer",3],["pjfanning",3],["lordk911",3],["BruceMaa",3],["amaoisnb",2.83],["xinxingi",2.83],["huangchenguang123",2.83],["GavinGYM",2.65],["simsicon",2.45],["jokerhzf",2.45],["labbomb",2.24],["mrlisir",2.24],["zhoufanglu",2.24],["8431",2.24],["zeaper123",2.24],["HeZean",2],["yqzdy1207",2],["woshiwuxiaofei",2],["wjf222",2],["JunChaoCheng",2],["hyjunhyj",2],["Flutemr",2],["CalvinKirs",2],["zixiao144",2],["jkhhuse",2],["lishiyucn",2],["izualzhy",2],["RUIzg",2],["fhygh",2],["seedscoder",2],["zcw5116",2]],"2022-10":[["sonarcloud[bot]",23.07],["caishunfeng",17.58],["github-actions[bot]",16.88],["EricGao888",15.65],["DarkAssassinator",15.23],["ruanwenjun",13.08],["zhongjiajie",12.96],["SbloodyS",12],["fuchanghai",11.7],["zhuangchong",11.53],["kezhenxu94",11.49],["github-code-scanning[bot]",10.95],["rickchengx",10.25],["Amy0104",9.7],["codecov-commenter",9.64],["hstdream",9.49],["songjianet",7.94],["Radeity",7.55],["Tianqi-Dotes",7.35],["amaoisnb",6.78],["JinyLeeChina",6.63],["jieguangzhou",6.56],["BongBongBang",6.4],["pandong2011",6.24],["wcmolin",5.83],["GavinGYM",5.48],["lynn-illumio",5.1],["davidzollo",5],["xdu-chenrj",4.9],["wushanru",4.8],["Chris-Arith",4.58],["liqiquan",4.47],["zixi0825",4.36],["EricPyZhou",4.24],["calvinjiang",4.12],["kevinjmh",4.12],["ntfs32",4.12],["jamescheng16",4.12],["WangJPLeo",4],["insist777",3.74],["tuchg",3.74],["ChewJ404",3.74],["lordk911",3.74],["gwdgithubnom",3.46],["dependabot[bot]",3.46],["muggleChen",3.32],["liqingwang",3.32],["ChenpiDog",3.32],["leo65535",3.32],["dahai1996",3.32],["Arturo-Penas-Rial",3.32],["jiangtaoNuc",3],["Sky-Gu",3],["fbjoker",3],["liusy-bd",3],["zuzuviewer",3],["simsicon",2.83],["hiSandog",2.83],["mergeable[bot]",2.83],["danielfree",2.83],["wangsong8586",2.83],["aiwenmo",2.65],["limaiwang",2.65],["wangfann",2.65],["BruceMaa",2.45],["zcw5116",2.45],["labbomb",2.45],["mobiuschh",2.24],["TyrantLucifer",2.24],["tracehh",2.24],["KINGGUOKUN",2.24],["taizilongxu",2.24],["luckyboy2226",2.24],["lihjChina",2.24],["edward-yang",2.24],["seagle-yuan",2.24],["beihai0xff",2],["lyleshaw",2],["tjudadc",2],["sketchmind",2],["Narcasserun",2],["duhanmin",2],["XuJianYang",2],["myyangdongyang",2],["flyysoul",2]],"2022-11":[["sonarcloud[bot]",23.09],["EricGao888",18.95],["github-actions[bot]",16.46],["DarkAssassinator",15.17],["zhongjiajie",14.28],["caishunfeng",13.11],["ruanwenjun",12.73],["rickchengx",11.36],["zhuangchong",10.68],["Radeity",10.1],["insist777",10.05],["codecov-commenter",10],["github-code-scanning[bot]",9.17],["SbloodyS",8.06],["Tianqi-Dotes",7.48],["lenian",7.07],["hstdream",7],["fuchanghai",6.71],["songjianet",6.63],["kezhenxu94",6.63],["jieguangzhou",6.56],["liqingwang",6.56],["davidzollo",5.83],["calvinjiang",5.66],["lordk911",5.57],["hkun0120",5.1],["jbampton",4.47],["hdygxsj",4.47],["Abingcbc",4.12],["simsicon",3.61],["zhangfane",3.61],["muggleChen",3.46],["shangeyao",3.46],["ChPi",3.32],["pandong2011",3.32],["seedscoder",3.32],["ZhongJinHacker",3.16],["lugela",3.16],["Zzih",3.16],["hzyangkai",3.16],["jackfanwan",3.16],["baihongbin",3.16],["darkz1984",3],["wcmolin",2.83],["JinyLeeChina",2.83],["yyccww123",2.83],["EricPyZhou",2.83],["xuchunlai",2.83],["multiLJT",2.65],["zuzuviewer",2.65],["amaoisnb",2.65],["Sakura-2019",2.65],["huage1994",2.65],["gj-zhang",2.65],["Alxe1",2.65],["wssjdi",2.45],["yyh2954360585",2.45],["guoxu0514",2.45],["ShawshankLin",2.24],["lentitude2tk",2.24],["zhangheng3",2.24],["JueLance",2.24],["labbomb",2.24],["tracehh",2.24],["Amy0104",2],["wtttt123456",2],["lazybird23",2],["woshiwuxiaofei",2],["Jrebel-i",2],["dependabot[bot]",2],["wemysschen",2],["BongBongBang",2],["mgsky1",2],["RuiFG",2],["Sky-Gu",2],["tangbing2014",2],["yxwyoyoyo",2]],"2022-12":[["sonarcloud[bot]",19.57],["github-actions[bot]",15.13],["caishunfeng",14],["ruanwenjun",13.96],["zhongjiajie",13.38],["Radeity",10.2],["EricGao888",10.15],["jieguangzhou",9.8],["github-code-scanning[bot]",9.38],["codecov-commenter",9],["calvinjiang",7.81],["Amy0104",7.62],["liugddx",6.4],["insist777",5.92],["darkz1984",5.92],["hiSandog",5.74],["SbloodyS",5.66],["Tianqi-Dotes",5.57],["hdygxsj",4.9],["davidzollo",4.47],["xuchunlai",4.47],["zhuangchong",4.36],["v-wx-v",4.36],["fuchanghai",4.36],["DarkAssassinator",4.24],["woxiangwoshi123",4],["lordk911",4],["wcmolin",4],["kezhenxu94",3.74],["xla0",3.61],["lenian",3.61],["imizao",3.32],["JinyLeeChina",3.32],["hzyangkai",3.16],["dahai1996",3.16],["yandong001",3.16],["Sdreamery",3],["Sky-Gu",3],["shangeyao",3],["KEN-LJQ",2.83],["acongfly",2.83],["liqingwang",2.83],["jbampton",2.83],["CalvinKirs",2.83],["vagetablechicken",2.65],["tracehh",2.65],["bmk15897",2.65],["LucasClt",2.65],["ZhongJinHacker",2.65],["LiJie20190102",2.45],["gabrywu",2.45],["longtb976",2.45],["JinsYin",2.24],["13011017515",2.24],["nielifeng",2.24],["duspring",2.24],["oldbelvey",2.24],["youzipi",2.24],["xumingJustDoIt",2],["yjunsun",2],["devosend",2],["qianli2022",2],["997759790",2],["hkun0120",2]],"2023-01":[["sonarcloud[bot]",15.33],["github-actions[bot]",13.49],["ruanwenjun",12.53],["EricGao888",10.1],["SbloodyS",8.72],["kezhenxu94",8.43],["rickchengx",7.87],["JinyLeeChina",7.62],["Radeity",7],["caishunfeng",6.86],["codecov-commenter",6.63],["github-code-scanning[bot]",6.63],["zhongjiajie",6.24],["mxq-151",6.08],["zhuangchong",5.2],["wcmolin",5],["KEN-LJQ",4.8],["ChPi",4.24],["alextinng",3.87],["Tianqi-Dotes",3.46],["v-wx-v",3.46],["xxjingcd",3.32],["calvinjiang",3.32],["imizao",3.32],["lenian",3.16],["lsy1072915121",3.16],["kinggrind-yanxuelin",3],["Amy0104",2.83],["davidzollo",2.83],["fengjian1129",2.83],["xiaofan2022",2.83],["liqingwang",2.83],["luoluo2001108",2.65],["geekyouth",2.65],["gclsoft",2.45],["jizhanjia",2.45],["Abingcbc",2.45],["liangkiller",2.45],["LiXuemin",2.24],["mergeable[bot]",2.24],["jiangjunguo-stc",2.24],["zuzuviewer",2.24],["shuiliuwusheng",2.24],["yangweifeng2017",2.24],["zhoufanglu",2.24],["hokie-chan",2.24],["woxiangwoshi123",2],["jackfanwan",2],["CRUDKanade",2],["jluckie",2],["DarkAssassinator",2],["997759790",2],["zhijia3278",2],["TurboWay",2],["ProgrammerPlus1998",1.73],["tracywuhuan",1.73],["ro4",1.73],["hkun0120",1.73],["jieguangzhou",1.73],["FinallyFinancialFreedom",1.73],["ronaldrst",1.73],["iyangsongi",1.73],["jicki",1.41],["humbinal",1.41],["zhengtingxue",1.41],["qindisky",1.41],["iris20210628",1.41],["vladaman",1.41],["fforever14",1.41],["LucasClt",1.41],["JaayYoung",1.41],["DSKer",1.41],["irisah9",1.41],["RickyLoveFreedom",1.41],["qianli2022",1.41],["devosend",1.41],["fuchanghai",1.41],["surajlavhale",1.41],["hsluoyz",1.41],["tfzq007",1.41],["wangshubing1",1.41],["Ckefan",1.41],["JulienZe",1.41],["wuni1010831107",1],["wendongdi",1],["HomminLee",1],["MichaelDeSteven",1],["amaoisnb",1],["klboke",1],["chaunceyhan",1],["bm001",1],["mrchang2017",1],["TCGOGOGO",1],["CalvinKirs",1],["nizhouwen",1],["mer2",1],["sirs05",1]],"2023-02":[["sonarcloud[bot]",15.23],["github-actions[bot]",14.18],["EricGao888",10.3],["ruanwenjun",10.25],["Radeity",9.49],["caishunfeng",7.87],["fuchanghai",7.42],["QuantumXiecao",7.28],["kezhenxu94",7.21],["xxjingcd",6.48],["rickchengx",6.48],["SbloodyS",6.08],["zhongjiajie",6.08],["github-code-scanning[bot]",6],["codecov-commenter",5.92],["JohnYuu",4.9],["liqingwang",4.47],["jieguangzhou",4.36],["TheWindIsRising",4.24],["JinyLeeChina",4.24],["zhutong6688",4.12],["LiJie20190102",4],["stalary",3.74],["zhuangchong",3.61],["dddyszy",3.46],["qindongliang",3.32],["seedscoder",3.16],["reele",3],["Sdreamery",3],["zhaohehuhu",3],["devosend",2.83],["JaayYoung",2.83],["CalvinKirs",2.83],["liaotian1005",2.83],["davidzollo",2.83],["Zzih",2.83],["zzzhangqi",2.65],["chempin",2.45],["Abingcbc",2.45],["hdygxsj",2.45],["Anubisxcw",2.24],["gnailJC",2.24],["shenyun",2.24],["caoes",2.24],["ziqiang-wang",2.24],["wendongdi",2],["FlameFeather",2],["lsy1072915121",2],["alextinng",2],["chenss-1",2],["ShawshankLin",2],["unnunique",2],["mxq-151",2]],"2023-03":[["sonarcloud[bot]",14.42],["github-actions[bot]",13.89],["Radeity",12.33],["ruanwenjun",10.2],["rickchengx",8.66],["zhaohehuhu",8.25],["EricGao888",8],["zhongjiajie",7.14],["codecov-commenter",6.86],["caishunfeng",6.78],["fuchanghai",6.71],["jiangyq7",5.92],["ralphgj",4.69],["github-code-scanning[bot]",4.69],["zhutong6688",4.36],["kezhenxu94",4.12],["lxorc",4],["whhe",4],["XiaochenNan",3.74],["ljjjjjjjjjjjjjjjjjjjjj",3.61],["SbloodyS",3.61],["AliceXiaoLu",3.61],["qindongliang",3.46],["ouyangyewei",3.46],["LiJie20190102",3.46],["liqingwang",3.32],["tracehh",3.16],["hiSandog",3.16],["beatCao",3.16],["Anubisxcw",3],["eye-gu",3],["sandiegoe",2.83],["pan3793",2.83],["zhuangchong",2.83],["Sdreamery",2.83],["kongmu373",2.83],["jieguangzhou",2.83],["piscesvivian",2.65],["dependabot[bot]",2.65],["Yinyuhang123",2.65],["kingbabingge",2.65],["calvinjiang",2.65],["FinallyFinancialFreedom",2.65],["huanzui",2.45],["ShawshankLin",2.45],["moonkop",2.45],["wcmolin",2.45],["huangxinan1990",2.45],["HomminLee",2.45],["NoSuchField",2.24],["davidzollo",2],["huangyx001",2],["lhjzmn",2],["Aidon-lyd",2],["xyp-1997",2],["Menffy",2],["8debug",2],["ziqiang-wang",2],["JaayYoung",2],["Flutemr",2],["ZiaZiaZiaZia",2]]}