{"2019-03":[["zhangxin1988",2]],"2019-04":[["zhanghaicheng1",3],["Baoqi",5],["yangjiajun2014",3],["dailidong",5],["samz406",7],["qiaozhanwei",12],["lenboo",12],["lidongdai",15],["lgcareer",9],["chubbyjiang",3],["millionfor",15],["hyperknob",4],["jimmy201602",4],["fanguanqun",4],["lzy305",3],["datuzi",3],["lyf198972",3]],"2019-05":[["dailidong",6],["lenboo",12],["Crossoverrr",3],["itheima-cby",4],["millionfor",10],["lidongdai",8],["Davidsong1989",3],["yangqinlong",3],["cxyab",3],["thisnew",3],["Baoqi",3],["moranrr",3],["qiaozhanwei",13],["hymzcn",6],["leiruiqi",3],["lipengbo2018",3],["lgcareer",9],["feloxx",4],["qdore",3],["petersear",3]],"2019-06":[["lenboo",7],["sunnyingit",4],["xianhu",3],["lzy305",3],["blacklit",3],["telltime",3],["lidongdai",6],["lfyee",3],["mnloveyx",4],["swxchappy",3],["qiaozhanwei",9],["lgcareer",9],["Balro",3],["dailidong",4],["Stanfan",3],["antti8",3],["hujiang75277381",3],["chinashenkai",3]],"2019-07":[["datuzi",3],["zhuwep",3],["c-f-cooper",3],["xianhu",3],["Braavos96",3],["wuchunfu",5],["jyc1996",3],["boandai",12],["Baoqi",5],["BigDataQiChao",3],["jamescheng16",3],["xubin8558",3],["qq389401879",3],["lgcareer",12],["pxfman",3],["hymzcn",7],["lipanpan6213861",3],["wu-sheng",4],["LgbDemo",3],["lenboo",11],["qiaozhanwei",12]],"2019-08":[["William-GuoWei",4],["shafi-1",3],["qiaozhanwei",6],["LoveEvenWong",4],["dailidong",10],["hujiang75277381",3],["zhanghaicheng1",3],["LiemLin",3],["boandai",7],["lenboo",7],["chenyuan9028",3],["lgcareer",7],["Alonzo20",3],["qq389401879",4],["chekore",6],["wu-sheng",3],["Baoqi",4],["phoenixhadoop",4]],"2019-09":[["buildupchao",5],["zhoushuoqi22",3],["Alonzo20",3],["arugal",3],["chongchongzi",7],["khadgarmage",4],["wangshu-zhouyunfan",4],["lenboo",6],["BoYiZhang",4],["dailidong",11],["qiaozhanwei",11],["maimaip",3],["samz406",3],["Yeleights",3],["david-hwp",3],["xiej23",3],["chenyuan9028",3],["iamnotgay",7],["Baoqi",7],["wuchunfu",3],["fancyChuan",3],["jxauwxj",3],["0xflotus",3],["gary0416",6],["wxisme",4],["LiemLin",4],["xiangtao",3],["qrfxiaoge",3],["LoveEvenWong",5],["gaojun2048",3],["wu-sheng",5],["break60",7],["lgcareer",9],["ww1516123",4],["djkevincr",4],["lyonggee",3],["HangtongLee",3],["AmourST",6],["xingchun-chen",4],["Renkai",3],["iture123",4]],"2019-10":[["qiaozhanwei",11],["khadgarmage",10],["break60",14],["Baoqi",6],["dailidong",8],["Technoboy-",12],["lenboo",10],["lgcareer",12]],"2019-11":[["francis-du",4],["Right-ydd",3],["lgcareer",15],["dailidong",10],["Yeleights",3],["xiaot502",4],["KEN-LJQ",3],["wangsvip",4],["shaozhipeng",4],["Baoqi",5],["lenboo",9],["MiaoSO",3],["qrfxiaoge",3],["nauu",3],["huyaoban",3],["lfyee",3],["khadgarmage",4],["xingchun-chen",3],["Technoboy-",9],["break60",12],["qiaozhanwei",14],["xwhfcenter",3]],"2019-12":[["lenboo",11],["elonlo",8],["lgcareer",12],["lamber-ken",6],["break60",13],["xingchun-chen",6],["Technoboy-",15],["samz406",10],["nauu",12],["codecov-io",12],["khadgarmage",10],["clay4444",8],["wenhemin",6],["gaojun2048",6],["qiaozhanwei",10],["dailidong",10],["Yeleights",8],["Jave-Chen",6]],"2020-01":[["Jave-Chen",10],["xingchun-chen",7],["break60",12],["Yeleights",11],["clay4444",7],["lgcareer",9],["codecov-io",11],["Technoboy-",16],["qiaozhanwei",8],["samz406",7],["dailidong",9],["gabrywu",8],["nauu",7]],"2020-02":[["codecov-io",8],["dailidong",10],["Eights-Li",12],["gabrywu",8],["wenhemin",7],["lgcareer",7],["liwenhe1993",8],["khadgarmage",8],["qiaozhanwei",11],["break60",7],["Jave-Chen",8],["Technoboy-",11]],"2020-03":[["codecov-io",10],["TisonKun",6],["dailidong",15],["xingchun-chen",9],["Eights-Li",6],["gabrywu",13],["Rubik-W",10],["yh2388",9],["lgcareer",8],["liwenhe1993",8],["khadgarmage",7],["tswstarplanet",8],["qiaozhanwei",10],["break60",13],["Jave-Chen",8],["Technoboy-",11],["DSExtension",6]],"2020-04":[["LiemLin",4],["Rubik-W",6],["githubzhangchunyang",6],["JunjianS",4],["liucf915",4],["oceanos",5],["xingchun-chen",12],["JoshuaZhuCN",4],["13521460205",4],["break60",11],["JohnBarrowman65",5],["zhongjiajie",5],["songquanhe-gitstudy",6],["wxg0103",5],["liwenhe1993",6],["gumupaier",5],["phoenixhadoop",4],["simon824",4],["lgcareer",8],["lenboo",7],["hgaol",6],["ZhangchengHu0923",5],["codecov-io",8],["Technoboy-",6],["qiaozhanwei",9],["WeiYe-Jing",4],["kezhenxu94",4],["samz406",5],["arlanhon",4],["muzhongjiang",4],["dailidong",14],["zixi0825",7]],"2020-05":[["codecov-io",7],["tlhhup",6],["samz406",4],["zixi0825",6],["dailidong",12],["xingchun-chen",10],["zhangchunyang1024",6],["Eights-Li",5],["gabrywu",8],["itbasketplayer",4],["BoYiZhang",5],["kezhenxu94",4],["lenboo",9],["Rubik-W",6],["1445103710",4],["ywywn",4],["dukeshiny",4],["simon824",6],["743294668",7],["lgcareer",9],["liwenhe1993",5],["khadgarmage",4],["feiyalun",6],["codecov-commenter",8],["gaojun2048",4],["GabrielWithTina",4],["CalvinKirs",6],["qiaozhanwei",9],["break60",13],["listenLearning",5],["JinyLeeChina",4],["hgaol",5]],"2020-06":[["hua6",4],["codecov-commenter",6],["lgcareer",8],["743294668",5],["simon824",7],["lijufeng2016",4],["zengqinchris",5],["lenboo",6],["gabrywu",16],["xsbai",5],["zhangchunyang1024",6],["break60",8],["superScala",4],["dailidong",13],["xingchun-chen",9],["itbasketplayer",4],["gaojun2048",5],["597365581",6],["CalvinKirs",11],["yangyichao-mango",13],["Eights-Li",7],["satcblue",4],["feiyalun",5],["kezhenxu94",4],["BoYiZhang",9],["samz406",7],["muzhongjiang",4],["arlanhon",4],["Rubik-W",7],["zixi0825",9],["yh2388",4]],"2020-07":[["zengqinchris",6],["liukunyuan",4],["samz406",4],["amenglu",4],["zixi0825",5],["dailidong",11],["xingchun-chen",7],["CycloneBoy",5],["1findyou",4],["gabrywu",9],["kevinsun2010",4],["BoYiZhang",8],["lenboo",7],["yangyichao-mango",21],["13430647361",4],["wangyanphp",4],["yh2388",4],["rockxsj",7],["lgcareer",7],["khadgarmage",4],["RedemptionC",9],["codecov-commenter",5],["gaojun2048",5],["CalvinKirs",13],["muzhongjiang",5],["tswstarplanet",10],["peilongwu",4],["yoreyuan",4],["qiaozhanwei",6],["wuchunfu",8],["break60",11],["legen618",4],["zhuangchong",8],["shenqicheng100",5],["felix-thinkingdata",9],["cpsky",4],["JinyLeeChina",5]],"2020-08":[["hsupu",9],["dengc367",4],["XiaotaoYi",4],["CalvinKirs",12],["glxfeng",4],["zhuangchong",8],["Jave-Chen",4],["JinyLeeChina",5],["geosmart",8],["vanilla111",6],["break60",12],["lgcareer",11],["dailidong",7],["gaojun2048",4],["yy0812",7],["codecov-commenter",4],["zixi0825",5],["xingchun-chen",9],["cpsky",5],["BoYiZhang",6],["gabrywu",5],["felix-thinkingdata",8],["qiaozhanwei",8],["SunJiFengPlus",4],["lenboo",7],["yangyichao-mango",20]],"2020-09":[["geosmart",6],["vanilla111",6],["break60",10],["shiliquan",5],["zhanghaicheng1",4],["pptfz",4],["zhuangchong",12],["codecov-commenter",4],["guyinyou",5],["lishiyucn",5],["xiagw",4],["BoYiZhang",7],["elonlo",4],["felix-thinkingdata",8],["dailidong",6],["qiaozhanwei",8],["yangruochen",4],["xloya",5],["simon824",5],["lgcareer",8],["JinyLeeChina",4],["xingchun-chen",11],["blue0305",4],["Technoboy-",7],["yangyichao-mango",11],["hsupu",5],["AhahaGe",4],["597365581",9],["gaojun2048",9],["switlen",4],["CalvinKirs",10],["gabrywu",4]],"2020-10":[["lenboo",8],["Segun-Ogundipe",4],["xingchun-chen",7],["IamMujuziMoses",5],["which520",3],["KnightChess",4],["baihongbin",3],["break60",9],["spring-bu",3],["shiliquan",4],["yh2388",3],["zosimer",3],["wangyangting",3],["lgcareer",9],["codecov-io",6],["13430647361",5],["teacherZF",3],["BoYiZhang",8],["gabrywu",4],["gaojun2048",5],["zhuangchong",12],["riverzzz",3],["baijun",3],["hermeshephaestus",8],["CalvinKirs",10],["huzekang",3],["597365581",4],["dailidong",9]],"2020-11":[["xiahejun",3],["lil-winga",3],["yh2388",3],["dailidong",7],["Eights-Li",8],["chengshiwen",3],["hermeshephaestus",5],["szsuyuji",3],["iyeeku",3],["zhmingyong",3],["15177592207",3],["glaryaugus",3],["lenboo",9],["q443048756",3],["gabrywu",5],["HaoRanCang",3],["wukefang",3],["zhuangchong",8],["shiliquan",4],["ximengyun",3],["chengpeng2015",4],["gaojun2048",4],["LINKPEF",3],["xingchun-chen",12],["CalvinKirs",12],["codecov-io",5],["hailin0",3],["wangxj3",3],["BoYiZhang",5],["kevinsun2010",4],["liliang1991",3],["felix-thinkingdata",7],["Rubik-W",5],["baijun",4]],"2020-12":[["1015zhc",3],["glxfeng",3],["gaojun2048",5],["licongyang",3],["samz406",3],["GitFireMan",4],["lgcareer",11],["snycc15",3],["CrazyBeeline",4],["Tianqi-Dotes",3],["xloya",3],["BoYiZhang",7],["kevinsun2010",6],["suncf1985",3],["zh0122",3],["zt-1997",5],["shiliquan",4],["liangpingliu",3],["lbjyuer",3],["gaozhenfeng1",3],["xingchun-chen",7],["zfq314",3],["kamisangk",4],["mumuCode",3],["gaoyu2016",3],["shiyuexieyi",3],["zhuangchong",10],["c-f-cooper",3],["Eights-Li",5],["Segun-Ogundipe",3],["drunkenlegend",3],["hailin0",4],["whitelowrie",4],["chengshiwen",12],["IamMujuziMoses",5],["felix-thinkingdata",7],["dailidong",10],["codecov-io",8],["geosmart",3],["keepmeup",3],["break60",7],["isLiuXinxin",3],["liuxuedongcn",3],["zacheung",3],["masterable",4],["opcooc",3],["zhanguohao",4],["fanghj",5],["CalvinKirs",18],["Jatham922",4],["hei12138",3],["Hxssssss",3],["yh2388",3],["kalencaya",3],["imyoubo",3],["wangxj3",3],["lenboo",8]],"2021-01":[["zhanguohao",5],["chuyang-zl",5],["z7658329",4],["felix-thinkingdata",7],["zt-1997",8],["Tianqi-Dotes",6],["DSExtension",5],["ntupapaya",4],["lenboo",8],["dailidong",11],["Hxssssss",4],["brucemen711",5],["woshiwuxiaofei",4],["Segun-Ogundipe",7],["IamMujuziMoses",6],["CalvinKirs",17],["break60",8],["kezhenxu94",5],["SuperHeroBigData",4],["lgcareer",6],["simon824",5],["ptyp",5],["ukihsoroy",4],["aNotBadCoder",4],["enoughwell",4],["wangchuang07",4],["xxjingcd",4],["shiliquan",4],["QiAnXinCodeSafe",4],["JinyLeeChina",7],["deanwong",7],["c-f-cooper",5],["wssmao",4],["chengshiwen",14],["codecov-io",8],["zhuangchong",14],["597365581",6],["zjw-zjw",4],["lbjyuer",4],["xingchun-chen",7],["dddyszy",4]],"2021-02":[["lenboo",10],["codecov-io",9],["woshiwuxiaofei",5],["zhanguohao",7],["lgcareer",6],["simon824",6],["AlleriaWindrunner",5],["zhuangchong",16],["597365581",7],["dailidong",9],["CalvinKirs",18],["JinyLeeChina",7],["WilliamChen-luckbob",7],["wangxj3",8],["break60",8],["wen-hemin",7],["jbampton",5],["yakcy",5],["dddyszy",5],["xingchun-chen",5],["chengshiwen",21],["felix-thinkingdata",9]],"2021-03":[["wen-hemin",7],["dddyszy",5],["zixi0825",4],["wa-ooo",5],["haydenzhourepo",6],["lenboo",5],["xingchun-chen",6],["wanghong1314",4],["chenshuai1995",4],["mrproliu",4],["codecov-io",7],["ZJ577624359",4],["JinyLeeChina",8],["chengshiwen",24],["zhuangchong",12],["fredster33",4],["simon824",10],["lijufeng2016",9],["zhanguohao",7],["597365581",5],["Ts686",5],["ruanwenjun",11],["dailidong",5],["CalvinKirs",19],["gaojun2048",4]],"2021-04":[["lenboo",6],["haydenzhourepo",4],["wangxj3",6],["fanwq",4],["QiAnXinCodeSafe",3],["gitofrenlu",3],["OliverBai",3],["break60",3],["geosmart",3],["CalvinKirs",11],["didiaode18",9],["Jonathan-Wei",5],["liuziyingbeidou",3],["gaoyu2016",4],["gaozhenfeng1",3],["kezhenxu94",3],["glxfeng",3],["KW-night",3],["lyyprean",5],["qingzhongli",3],["chengshiwen",19],["codecov-io",3],["mrproliu",4],["BoYiZhang",5],["zixi0825",4],["JinyLeeChina",10],["simon824",3],["wynn45de",3],["roamerop",3],["xingchun-chen",6],["zhuangchong",9],["dailidong",4],["DSExtension",3],["sincere2018",3],["cyx-code",3],["yutaoChina",3],["praynise",3],["wen-hemin",9],["codecov-commenter",6],["ruanwenjun",18],["lauliu",3],["QuakeWang",5],["Machimedes",3],["wanghong1314",5]],"2021-05":[["syb853553110",3],["ruanwenjun",14],["dailidong",4],["597365581",3],["yeboo",3],["CalvinKirs",9],["guofeijia",3],["chengshiwen",8],["BoYiZhang",3],["kayJiang",3],["Yiyiyimu",3],["Irving0689",3],["gk0916",5],["geosmart",5],["lishiyucn",3],["codecov-commenter",5],["wangxj3",3],["waconde",3],["lenboo",3],["dik111",3],["Yao-MR",4],["didiaode18",4],["zhuangchong",8],["JinyLeeChina",10],["zhanguohao",3],["medkhabt",3],["haydenzhourepo",8],["cpbeast",3],["wen-hemin",4],["mengfeiMonica",3],["4ss3g4f",4],["QuakeWang",4],["caoping6",4],["gaomiup20",3]],"2021-06":[["JinyLeeChina",9],["wangxj3",5],["chengshiwen",12],["gaoyu2016",5],["dailidong",6],["pingyuan001",4],["wangmingzhiJohn",5],["ji04xiaogang",4],["codecov-commenter",7],["wen-hemin",6],["lyn916",4],["blackberrier",7],["xingchun-chen",6],["Squidyu",6],["oryjk",6],["zhuangchong",6],["ruanwenjun",14],["leeseven-li",4],["geosmart",4],["kyoty",15],["CalvinKirs",12],["wordhardqi",4]],"2021-07":[["cpsky",4],["SunnyZ-L",4],["shink",5],["zhu-mingye",4],["dailidong",7],["tanvimoharir",4],["kyoty",11],["geosmart",4],["calvinjiang",6],["JinyLeeChina",11],["wen-hemin",12],["zhuangchong",8],["soreak",4],["ruanwenjun",12],["Tandoy",4],["codecov-commenter",8],["chengshiwen",9],["Technoboy-",6],["jon-qj",6],["gabrywu",4],["wangmingzhiJohn",7],["CalvinKirs",13]],"2021-08":[["lenboo",4],["allen1128",6],["dailidong",4],["lyxell",4],["manmandm",5],["chengshiwen",7],["JinyLeeChina",10],["ruanwenjun",9],["kyoty",5],["linquan92",4],["jon-qj",4],["gaoyu2016",4],["Tandoy",6],["codecov-commenter",7],["reele",5],["CalvinKirs",11],["baisui1981",6],["Narcasserun",5],["zhuangchong",7],["kezhenxu94",10],["atai-555",5],["Squidyu",4],["andream7",4],["wen-hemin",5],["caoyj1991",8]],"2021-09":[["manmandm",5],["mgsky1",7],["CalvinKirs",16],["Liiyue",5],["reele",5],["EricPyZhou",7],["lenboo",13],["caishunfeng",8],["ruanwenjun",15],["JinyLeeChina",14],["RichardStark",7],["ououtt",5],["Narcasserun",7],["QuakeWang",5],["jon-qj",6],["zuston",5],["codecov-commenter",11],["Tandoy",8],["zhuangchong",9],["LiuBodong",8],["kezhenxu94",11],["BenjaminWenqiYu",6],["baisui1981",6],["dailidong",5],["wen-hemin",5],["luojieio",6],["calvinjiang",8],["jixiang155",5],["Wangyizhi1",11],["zhongjiajie",12]],"2021-10":[["codecov-commenter",5],["lenboo",3],["ououtt",3],["zhongjiajie",5],["JinyLeeChina",3],["caishunfeng",3],["zhuangchong",3],["ruanwenjun",4],["linyanbin666",3],["CalvinKirs",5],["xiaoyaowenyue",3],["baisui1981",3],["dailidong",4],["Soohyeonl",3]],"2021-11":[["songjianet",9],["zwZjut",13],["Yao-MR",7],["tracehh",8],["Linkaiup",6],["Wangyizhi1",6],["boy-xiaozhang",7],["zhuangchong",8],["Narcasserun",7],["yang100455",6],["wangxj3",7],["lyggyhmm",7],["caishunfeng",16],["lenboo",12],["ruanwenjun",11],["zhongjiajie",20],["codecov-commenter",13],["CalvinKirs",10],["jon-qj",8],["kezhenxu94",20],["GaoTianDuo",6],["dailidong",8],["JinyLeeChina",15]],"2021-12":[["labbomb",9],["CalvinKirs",7],["lgcareer",5],["caishunfeng",20],["ruanwenjun",6],["shangeyao",6],["dailidong",5],["ououtt",5],["wangbowen1024",6],["JinsYin",5],["zhongjiajie",22],["baisui1981",6],["Wangyizhi1",7],["kezhenxu94",14],["calvinjiang",12],["mgduoduo",5],["zwZjut",13],["zhuangchong",12],["janeHe13",8],["lenboo",11],["songjianet",18],["codecov-commenter",16],["ouyangyewei",12],["SunnyZ-L",5],["JinyLeeChina",12],["wangxj3",8],["Narcasserun",10],["lhjzmn",5],["lukairui",5],["SbloodyS",14],["devosend",8],["dongzl",5],["karen-liu01",5],["uh001",5]],"2022-01":[["lenboo",10],["zhuangchong",13],["cheneychoi",5],["qianli2022",5],["QuakeWang",6],["liqingwang",6],["calvinjiang",12],["caishunfeng",20],["Amy0104",5],["SunnyZ-L",5],["kezhenxu94",16],["labbomb",11],["CalvinKirs",7],["ruanwenjun",10],["ouyangyewei",5],["SbloodyS",18],["janeHe13",7],["devosend",13],["tangchunbo",7],["codecov-commenter",15],["JinyLeeChina",9],["Wangyizhi1",5],["springmonster",9],["yimaixinchen",5],["songjianet",18],["mchcz",6],["zhongjiajie",24],["zwZjut",7],["dailidong",6],["JiangTChen",6]],"2022-02":[["JinyLeeChina",9],["caishunfeng",16],["Yao-MR",5],["zhongjiajie",13],["QuakeWang",5],["SbloodyS",14],["Amy0104",8],["tangchunbo",6],["Wangyizhi1",7],["calvinjiang",11],["CalvinKirs",6],["zhuangchong",5],["ronyang1985",8],["devosend",11],["reele",5],["ruanwenjun",8],["labbomb",7],["yimaixinchen",5],["songjianet",11],["lenboo",6],["codecov-commenter",11],["kezhenxu94",5]],"2022-03":[["zhuangchong",9],["darkz1984",6],["Tianqi-Dotes",10],["nobolity",10],["EricGao888",7],["calvinjiang",12],["caishunfeng",18],["Hou-Shuaishuai",6],["guoshupei",8],["Amy0104",19],["kezhenxu94",11],["labbomb",11],["ruanwenjun",7],["XuXuClassMate",13],["ouyangyewei",6],["SbloodyS",16],["devosend",18],["huagetai",9],["codecov-commenter",15],["HuntFalcon",6],["songjianet",22],["zhongjiajie",17],["gaojun2048",9]],"2022-04":[["lenboo",7],["sq-q",6],["zhuangchong",11],["Tianqi-Dotes",17],["pjfanning",6],["EricGao888",16],["SnowMoon-Dev",10],["exmy",6],["caishunfeng",17],["guoshupei",6],["Amy0104",14],["Dannila",7],["kezhenxu94",8],["paul8263",8],["labbomb",10],["XuXuClassMate",9],["czeming",6],["SbloodyS",21],["leiwingqueen",7],["devosend",14],["codecov-commenter",13],["WangJPLeo",12],["songjianet",13],["zhongjiajie",23]],"2022-05":[["hstdream",7],["devosend",8],["jieguangzhou",11],["zhongjiajie",31],["zhuangchong",7],["huangchenguang123",8],["WangJPLeo",11],["labbomb",8],["SnowMoon-Dev",12],["retime123",10],["ITBOX-ITBOY",7],["songjianet",15],["kezhenxu94",12],["liqingwang",10],["SbloodyS",22],["rockfang",8],["QuakeWang",11],["106umao",9],["Amy0104",12],["Tianqi-Dotes",9],["Dannila",7],["codecov-commenter",11],["ruanwenjun",7],["caishunfeng",15],["EricGao888",13],["luoyedeyi",8]],"2022-06":[["Amy0104",9],["kezhenxu94",16],["sneh-wha",7],["hiSandog",6],["zhuxt2015",7],["tongwl",7],["WangJPLeo",11],["zwZjut",6],["codecov-commenter",11],["zhongjiajie",23],["liqingwang",11],["jieguangzhou",9],["EricGao888",14],["guoshupei",9],["zhuangchong",7],["stalary",9],["SbloodyS",26],["welsh-wen",6],["Tianqi-Dotes",9],["ruanwenjun",22],["guodongym",8],["hstdream",12],["106umao",7],["songjianet",7],["caishunfeng",17]],"2022-07":[["wjf222",7],["jieguangzhou",10],["kezhenxu94",14],["sketchmind",10],["106umao",8],["codecov-commenter",13],["zhuxt2015",12],["SnowMoon-Dev",11],["TangTangGrit",7],["ruanwenjun",20],["jackfanwan",8],["welsh-wen",12],["EricGao888",22],["WangJPLeo",14],["JinyLeeChina",10],["songjianet",11],["liguotian",11],["SbloodyS",28],["caishunfeng",22],["devosend",10],["hstdream",8],["Amy0104",9],["rockfang",7],["fuchanghai",9],["tracehh",14],["zhongjiajie",28],["pinkhello",7]],"2022-08":[["caishunfeng",16],["106umao",9],["HomminLee",5],["staneyffer",5],["MichaelDeSteven",6],["stalary",9],["fengjian1129",7],["JinyLeeChina",5],["WangJPLeo",14],["shangeyao",5],["MonsterChenzhuo",5],["jieguangzhou",10],["DarkAssassinator",8],["devosend",7],["zhongjiajie",22],["ChrisYuan",5],["SbloodyS",18],["sketchmind",9],["zhuxt2015",6],["HeZean",6],["Amy0104",14],["lenboo",9],["hiSandog",5],["ITBOX-ITBOY",6],["xdu-chenrj",6],["songjianet",9],["labbomb",5],["codecov-commenter",12],["rickchengx",9],["liguotian",6],["insist777",11],["kezhenxu94",11],["fuchanghai",11],["lyleshaw",6],["zhuangchong",7],["davidzollo",5],["ruanwenjun",25],["EricGao888",25]],"2022-09":[["kezhenxu94",15],["SbloodyS",13],["limaiwang",6],["106umao",8],["fuchanghai",14],["tracehh",7],["fengjian1129",11],["wendongdi",7],["WangJPLeo",6],["JinyLeeChina",8],["Zzih",6],["Tianqi-Dotes",15],["wen-hemin",8],["luoyedeyi",6],["danielfree",6],["caishunfeng",27],["xdu-chenrj",9],["rickchengx",8],["jinyanhui2008",6],["Amy0104",10],["ruanwenjun",24],["Radeity",6],["zhongjiajie",20],["shangeyao",6],["welsh-wen",6],["insist777",10],["guowei-su",6],["DarkAssassinator",15],["codecov-commenter",13],["reele",6],["EricGao888",22],["zhuangchong",13],["stalary",9],["jieguangzhou",15]],"2022-10":[["pandong2011",7],["Amy0104",10],["rickchengx",11],["kevinjmh",5],["Chris-Arith",5],["Radeity",8],["liqiquan",5],["caishunfeng",18],["GavinGYM",6],["zixi0825",5],["Tianqi-Dotes",8],["ruanwenjun",14],["davidzollo",5],["SbloodyS",12],["kezhenxu94",12],["zhuangchong",12],["jieguangzhou",7],["songjianet",8],["BongBongBang",7],["EricPyZhou",5],["amaoisnb",7],["wcmolin",6],["JinyLeeChina",7],["wushanru",5],["zhongjiajie",13],["EricGao888",16],["jamescheng16",5],["lynn-illumio",6],["calvinjiang",5],["codecov-commenter",10],["hstdream",10],["ntfs32",5],["fuchanghai",12],["xdu-chenrj",5],["DarkAssassinator",16]],"2022-11":[["lenian",8],["Zzih",4],["Radeity",11],["hdygxsj",5],["ChPi",4],["kezhenxu94",7],["SbloodyS",9],["caishunfeng",14],["Abingcbc",5],["liqingwang",7],["muggleChen",4],["ruanwenjun",13],["Tianqi-Dotes",8],["zhangfane",4],["jieguangzhou",7],["zhuangchong",11],["simsicon",4],["ZhongJinHacker",4],["fuchanghai",7],["seedscoder",4],["DarkAssassinator",16],["jackfanwan",4],["hstdream",7],["songjianet",7],["EricGao888",19],["codecov-commenter",10],["pandong2011",4],["calvinjiang",6],["shangeyao",4],["lordk911",6],["jbampton",5],["insist777",11],["hkun0120",6],["hzyangkai",4],["rickchengx",12],["zhongjiajie",15],["baihongbin",4],["davidzollo",6],["lugela",4]],"2022-12":[["calvinjiang",8],["hdygxsj",5],["DarkAssassinator",5],["woxiangwoshi123",4],["Tianqi-Dotes",6],["caishunfeng",14],["darkz1984",6],["ruanwenjun",14],["yandong001",4],["SbloodyS",6],["codecov-commenter",9],["liugddx",7],["xla0",4],["davidzollo",5],["hzyangkai",4],["lordk911",4],["imizao",4],["JinyLeeChina",4],["wcmolin",4],["fuchanghai",5],["v-wx-v",5],["xuchunlai",5],["hiSandog",6],["lenian",4],["zhuangchong",5],["kezhenxu94",4],["insist777",6],["Amy0104",8],["dahai1996",4],["zhongjiajie",14],["Radeity",11],["EricGao888",11],["jieguangzhou",10]],"2023-01":[["kezhenxu94",9],["imizao",4],["lsy1072915121",4],["SbloodyS",9],["mxq-151",7],["JinyLeeChina",8],["wcmolin",5],["v-wx-v",4],["Tianqi-Dotes",4],["caishunfeng",7],["rickchengx",8],["ruanwenjun",13],["Radeity",7],["KEN-LJQ",5],["zhongjiajie",7],["lenian",4],["ChPi",5],["calvinjiang",4],["alextinng",4],["xxjingcd",4],["codecov-commenter",7],["EricGao888",11],["zhuangchong",6]],"2023-02":[["qindongliang",4],["jieguangzhou",5],["rickchengx",7],["zhutong6688",5],["chempin",3],["QuantumXiecao",8],["davidzollo",3],["Radeity",10],["hdygxsj",3],["codecov-commenter",6],["LiJie20190102",4],["shenyun",3],["zzzhangqi",3],["SbloodyS",7],["devosend",3],["xxjingcd",7],["ruanwenjun",11],["zhongjiajie",7],["stalary",4],["liaotian1005",3],["TheWindIsRising",5],["fuchanghai",8],["Zzih",3],["dddyszy",4],["Abingcbc",3],["reele",3],["EricGao888",11],["caishunfeng",8],["caoes",3],["zhaohehuhu",3],["ziqiang-wang",3],["Anubisxcw",3],["zhuangchong",4],["kezhenxu94",8],["Sdreamery",3],["CalvinKirs",3],["gnailJC",3],["JohnYuu",5],["JinyLeeChina",5],["JaayYoung",3],["liqingwang",5],["seedscoder",4]],"2023-03":[["hiSandog",4],["ljjjjjjjjjjjjjjjjjjjjj",4],["fuchanghai",7],["sandiegoe",3],["lxorc",4],["LiJie20190102",4],["piscesvivian",3],["Radeity",13],["ralphgj",5],["ruanwenjun",11],["Sdreamery",3],["liqingwang",4],["pan3793",3],["ShawshankLin",3],["huanzui",3],["whhe",4],["Yinyuhang123",3],["EricGao888",8],["huangxinan1990",3],["zhutong6688",5],["NoSuchField",3],["moonkop",3],["zhuangchong",3],["eye-gu",3],["kongmu373",3],["HomminLee",3],["zhaohehuhu",9],["jiangyq7",6],["kingbabingge",3],["ouyangyewei",4],["caishunfeng",7],["Anubisxcw",3],["codecov-commenter",7],["FinallyFinancialFreedom",3],["wcmolin",3],["XiaochenNan",4],["kezhenxu94",5],["qindongliang",4],["tracehh",4],["rickchengx",9],["AliceXiaoLu",4],["zhongjiajie",8],["jieguangzhou",3],["beatCao",4],["calvinjiang",3],["SbloodyS",4]]}