{"2019-03":[["analysys.com.cn","4"],["qq.com","1"],["163.com","1"],["outlook.com","1"],["users.noreply.github.com","1"]],"2019-04":[["analysys.com.cn","11"],["gmail.com","2"],["163.com","1"],["foxmail.com","1"]],"2019-05":[["analysys.com.cn","12"],["163.com","6"],["diffblue.com","1"],["databurning.com","1"],["outlook.com","1"],["users.noreply.github.com","1"]],"2019-06":[["qq.com","4"],["analysys.com.cn","3"],["163.com","3"],["outlook.com","2"],["sb.com","1"]],"2019-07":[["outlook.com","8"],["163.com","6"],["qq.com","5"],["gmail.com","2"],["users.noreply.github.com","1"],["analysys.com.cn","1"],["diffblue.com","1"]],"2019-08":[["","6"],["163.com","4"],["outlook.com","4"],["qq.com","2"],["users.noreply.github.com","2"],["gmail.com","1"]],"2019-09":[["qq.com","11"],["outlook.com","7"],["gmail.com","4"],["163.com","4"],["users.noreply.github.com","4"],["yahoo.com","1"],["lihangtong.cn","1"],["126.com","1"]],"2019-10":[["qq.com","4"],["outlook.com","4"],["163.com","2"],["users.noreply.github.com","2"],["yeah.net","1"]],"2019-11":[["yeah.net","3"],["users.noreply.github.com","2"],["gmail.com","2"],["centurygame.com","2"],["google.com","1"],["outlook.com","1"],["qq.com","1"],["foxmail.com","1"],["163.com","1"]],"2019-12":[["qq.com","6"],["users.noreply.github.com","5"],["gmail.com","3"],["163.com","3"],["outlook.com","2"],["immomo.com","2"],["yeah.net","1"],["126.com","1"],["meizhu365.com","1"],["weimob.com","1"],["foxmail.com","1"],["vipkid.com.cn","1"]],"2020-01":[["users.noreply.github.com","6"],["qq.com","5"],["163.com","4"],["gmail.com","2"],["vipkid.com.cn","2"],["outlook.com","2"],["126.com","1"],["immomo.com","1"]],"2020-02":[["users.noreply.github.com","4"],["foxmail.com","4"],["my.com","3"],["qq.com","3"],["yeah.net","2"],["centurygame.com","2"],["zenmen.com","2"],["163.com","2"],["gmail.com","1"],["analysys.com.cn","1"],["vipkid.com.cn","1"]],"2020-03":[["qq.com","11"],["users.noreply.github.com","7"],["gmail.com","3"],["163.com","3"],["yeah.net","2"],["126.com","2"],["outlook.com","2"],["centurygame.com","1"],["apache.org","1"],["my.com","1"]],"2020-04":[["qq.com","8"],["163.com","4"],["users.noreply.github.com","3"],["gmail.com","2"],["analysys.com.cn","2"],["hotmail.com","2"],["foxmail.com","2"],["apache.org","1"]],"2020-05":[["qq.com","13"],["users.noreply.github.com","9"],["163.com","3"],["hotmail.com","2"],["centurygame.com","2"],["my.com","2"],["yeah.net","1"],["126.com","1"],["gmail.com","1"],["apache.org","1"],["immomo.com","1"],["outlook.com","1"],["foxmail.com","1"],["cvte.com","1"]],"2020-06":[["users.noreply.github.com","9"],["qq.com","8"],["gmail.com","7"],["cvte.com","7"],["analysys.com.cn","6"],["my.com","2"],["126.com","1"],["outlook.com","1"],["foxmail.com","1"],["163.com","1"]],"2020-07":[["users.noreply.github.com","12"],["qq.com","11"],["gmail.com","6"],["163.com","6"],["apache.org","2"],["126.com","1"],["analysys.com.cn","1"],["foxmail.com","1"]],"2020-08":[["qq.com","7"],["users.noreply.github.com","6"],["gmail.com","4"],["163.com","3"],["analysys.com.cn","2"],["hotmail.com","2"],["msn.com","1"],["my.com","1"],["live.cn","1"]],"2020-09":[["qq.com","12"],["live.com","4"],["163.com","3"],["users.noreply.github.com","3"],["gmail.com","1"],["hotmail.com","1"],["sina.com","1"],["outlook.com","1"]],"2020-10":[["users.noreply.github.com","11"],["qq.com","5"],["163.com","4"],["gmail.com","2"],["fordeal.com","1"],["baijiahulian.com","1"],["outlook.com","1"]],"2020-11":[["qq.com","11"],["users.noreply.github.com","8"],["gmail.com","5"],["163.com","4"],["126.com","2"],["yeah.net","1"],["analysys.com.cn","1"],["ysstech.com","1"],["foxmail.com","1"]],"2020-12":[["qq.com","9"],["users.noreply.github.com","6"],["gmail.com","6"],["163.com","5"],["my.com","4"],["foxmail.com","2"],["hotmail.com","1"],["apache.org","1"],["tencent.com","1"]],"2021-01":[["gmail.com","17"],["users.noreply.github.com","11"],["163.com","5"],["qq.com","3"],["qq.comom","2"],["126.com","1"],["apache.org","1"],["cvte.com","1"]],"2021-02":[["gmail.com","23"],["users.noreply.github.com","8"],["apache.org","4"],["126.com","1"],["qq.com","1"],["163.com","1"],["cvte.com","1"]],"2021-03":[["gmail.com","13"],["users.noreply.github.com","6"],["qq.com","2"],["163.com","2"],["changan.com.cn","1"],["yeah.net","1"],["apache.org","1"],["cvte.com","1"]],"2021-04":[["qq.com","14"],["users.noreply.github.com","12"],["gmail.com","2"],["163.com","2"],["analysys.com.cn","1"],["apache.org","1"],["cvte.com","1"]],"2021-05":[["gmail.com","6"],["users.noreply.github.com","4"],["qq.com","1"],["hotmail.com","1"],["analysys.com.cn","1"],["163.com","1"],["outlook.com","1"]],"2021-06":[["gmail.com","9"],["qq.com","5"],["live.com","1"],["hotmail.com","1"],["163.com","1"],["users.noreply.github.com","1"]],"2021-07":[["users.noreply.github.com","7"],["qq.com","5"],["gmail.com","4"],["163.com","3"],["hotmail.com","1"],["gitter.im","1"]],"2021-08":[["users.noreply.github.com","9"],["qq.com","7"],["gmail.com","4"],["apache.org","4"],["163.com","2"],["kth.se","2"],["outlook.com","1"]],"2021-09":[["users.noreply.github.com","20"],["gmail.com","11"],["apache.org","11"],["qq.com","4"],["126.com","2"],["163.com","2"],["hotmail.com","1"],["outlook.com","1"],["cmss.chinamobile.com","1"]],"2021-10":[["users.noreply.github.com","7"],["apache.org","4"],["qq.com","2"],["163.com","2"],["126.com","1"],["gmail.com","1"],["hotmail.com","1"],["outlook.com","1"],["cmss.chinamobile.com","1"]],"2021-11":[["users.noreply.github.com","21"],["qq.com","8"],["apache.org","3"],["163.com","3"],["126.com","2"],["gmail.com","2"],["hotmail.com","2"],["foxmail.com","2"],["cmss.chinamobile.com","2"]],"2021-12":[["users.noreply.github.com","13"],["qq.com","13"],["163.com","8"],["apache.org","4"],["gmail.com","3"],["126.com","2"],["cmss.chinamobile.com","2"],["hotmail.com","1"],["foxmail.com","1"]],"2022-01":[["users.noreply.github.com","15"],["qq.com","9"],["163.com","8"],["apache.org","4"],["gmail.com","3"],["cmss.chinamobile.com","2"],["lqwang.net","1"],["hotmail.com","1"],["outlook.com","1"],["foxmail.com","1"]],"2022-02":[["users.noreply.github.com","10"],["qq.com","8"],["gmail.com","7"],["163.com","4"],["apache.org","3"],["yeah.net","1"],["126.com","1"],["hotmail.com","1"],["outlook.com","1"],["foxmail.com","1"],["cmss.chinamobile.com","1"]],"2022-03":[["qq.com","14"],["gmail.com","9"],["users.noreply.github.com","7"],["163.com","5"],["apache.org","2"],["lqwang.net","1"],["hotmail.com","1"],["foxmail.com","1"],["cmss.chinamobile.com","1"]],"2022-04":[["users.noreply.github.com","14"],["gmail.com","11"],["163.com","9"],["qq.com","7"],["126.com","1"],["lqwang.net","1"],["hotmail.com","1"],["apache.org","1"]],"2022-05":[["users.noreply.github.com","25"],["qq.com","7"],["gmail.com","6"],["apache.org","2"],["hotmail.com","1"]],"2022-06":[["users.noreply.github.com","13"],["qq.com","12"],["163.com","9"],["gmail.com","5"],["126.com","2"],["apache.org","2"],["hotmail.com","1"],["cisco.com","1"],["hdu.edu.cn","1"],["cmss.chinamobile.com","1"]],"2022-07":[["users.noreply.github.com","20"],["gmail.com","8"],["qq.com","6"],["163.com","6"],["apache.org","2"],["126.com","1"],["hotmail.com","1"],["cisco.com","1"],["cmss.chinamobile.com","1"]],"2022-08":[["gmail.com","15"],["users.noreply.github.com","14"],["qq.com","13"],["163.com","4"],["cmss.chinamobile.com","3"],["apache.org","3"],["cisco.com","1"],["foxmail.com","1"]],"2022-09":[["users.noreply.github.com","15"],["gmail.com","13"],["163.com","11"],["apache.org","8"],["qq.com","5"],["qdjinxin.net","1"],["hdu.edu.cn","1"]],"2022-10":[["gmail.com","15"],["users.noreply.github.com","14"],["163.com","5"],["qq.com","4"],["apache.org","3"],["126.com","1"],["cisco.com","1"],["outlook.com","1"]],"2022-11":[["gmail.com","15"],["users.noreply.github.com","13"],["qq.com","5"],["163.com","5"],["apache.org","2"],["cisco.com","1"]],"2022-12":[["users.noreply.github.com","12"],["gmail.com","10"],["163.com","6"],["qq.com","3"],["apache.org","3"],["cisco.com","1"],["hotmail.com","1"]],"2023-01":[["gmail.com","8"],["users.noreply.github.com","8"],["qq.com","4"],["163.com","4"],["apache.org","3"],["cisco.com","1"],["outlook.com","1"]],"2023-02":[["users.noreply.github.com","9"],["gmail.com","7"],["163.com","5"],["qq.com","2"],["apache.org","2"],["126.com","1"],["cisco.com","1"]],"2023-03":[["users.noreply.github.com","8"],["gmail.com","7"],["163.com","6"],["apache.org","2"],["126.com","1"],["cisco.com","1"],["qq.com","1"],["cmss.chinamobile.com","1"],["omgxy.com","1"]]}