{"2019-04":["samz406","lenboo","Baoqi","jimmy201602","qiaozhanwei","millionfor","boandai","lgcareer"],"2019-05":["feloxx","petersear","yangqinlong","chgxtony","Crossoverrr","hymzcn"],"2019-06":["hujiang75277381","blacklit","lfyee","xianhu"],"2019-07":["Braavos96","datuzi","LgbDemo","jamescheng16"],"2019-08":["wu-sheng","dailidong","shafi-1","qq389401879"],"2019-09":["HangtongLee","iture123","lgcareer","chongchongzi","break60","qrfxiaoge","wuchunfu","djkevincr","wxisme","xiangtao","0xflotus","khadgarmage","arugal","LiemLin","LoveEvenWong","chekore","qiaozhanwei","lenboo","fancyChuan","samz406","gary0416","wu-sheng","david-hwp","davidzollo","iamnotgay"],"2019-10":["zhaoyuguang","Technoboy-","xingchun-chen"],"2019-11":["Baoqi"],"2019-12":["simon824","Jave-Chen","gaojun2048","Nivane","lamber-ken","amorynan","nauu","wen-hemin","clay4444","elonlo","JinyLeeChina","Eights-Li"],"2020-01":["zjcnb","lfyee","liwenhe1993","zhangchunyang1024","DSExtension","gabrywu"],"2020-02":["zixi0825"],"2020-03":["tswstarplanet","songquanhe-gitstudy","Wuv1Up","WeiYe-Jing","rusonding","TisonKun","elitecodegroovy","yh2388","jinjim","BoYiZhang","AhahaGe"],"2020-04":["muzhongjiang","hgaol","oceanos","itbasketplayer","dongzl"],"2020-05":["s751167520","ywywn","743294668","ChunMengLu","GabrielWithTina","tlhhup","kezhenxu94","1445103710","xuchangqun","stanfen","CalvinKirs"],"2020-06":["597365581","liuhuijuan-bx","lijufeng2016","Erik-ly","yangyichao-mango","superScala","xsbai"],"2020-07":["RedemptionC","iceblue510","shi-hailong","johnnygo920","wangyanphp","CycloneBoy","cpsky","amenglu","hczhcz","felix-thinkingdata","rockxsj","zhuangchong","satcblue","shenqicheng100","feloxx","liukunyuan"],"2020-08":["hsupu","vanilla111","zshit","dengc367","XiaotaoYi","qingzhongli","yy0812","geosmart","yinancx"],"2020-09":["xloya","zwOvO","SunJiFengPlus","guyinyou","kuroikenshi","yangruochen","xiagw"],"2020-10":["spring-bu","hermeshephaestus","KnightChess","wangyangting","hailin0","huzekang","IamMujuziMoses"],"2020-11":["chengshiwen","iyeeku","liliang1991"],"2020-12":["kevinsun2010","chengpeng2015","kamisangk","Tianqi-Dotes","zt-1997","wangxj3","zh0122","Jatham922","drunkenlegend","licongyang"],"2021-01":["qmengss","enoughwell","ptyp","kylozw","liuxuedongcn","z7658329","Segun-Ogundipe","xxjingcd","zhanguohao","deanwong","linyanbin666","crazycarry","c-f-cooper","Hxssssss","uniqueen","qiubo369","ukihsoroy","woshiwuxiaofei"],"2021-02":["jbampton","dddyszy","fanwq","wangdazhong001","Yibo-Liu","WilliamChen-luckbob","AlleriaWindrunner","Ylisen","yakcy","yimaixinchen","kalencaya","zapjone","gitofrenlu"],"2021-03":["fredster33","Ts686","wa-ooo","chenshuai1995","ruanwenjun","KonsonChow","mrproliu","wanghong1314"],"2021-04":["Jonathan-Wei","liuziyingbeidou","lyyprean","haydenzhourepo","didiaode18","QuakeWang","cyx-code","yutaoChina"],"2021-05":["Yao-MR","lcdrs","Yiyiyimu"],"2021-06":["medkhabt","choucmei","wordhardqi","ji04xiaogang","tinyking","blackberrier","yulongz","kyoty","Squidyu","myangle1120","leeseven-li"],"2021-07":["gitter-badger","jon-qj","calvinjiang","azurecn","tanvimoharir","shuangbofu","shink","Tandoy"],"2021-08":["lyxell","atai-555","zhoulijuanmiao","caoyj1991","linquan92","RichardStark","andream7","Narcasserun","soreak"],"2021-09":["Liiyue","ououtt","BenjaminWenqiYu","baisui1981","LiuBodong","mgsky1","zuston","jixiang155","manmandm","Wangyizhi1","DittoTool","Yao-chen-ecnu","zhongjiajie","devosend","caishunfeng","EricPyZhou"],"2021-10":["aCodingAddict"],"2021-11":["ReonYu","sparklezzz","GaoTianDuo","981433814","tracehh","zekai-li","lvshaokang","edward-yang","Linkaiup","zhanqian-1993","boy-xiaozhang","yangqiyu0306","SunnyZ-L","DuChaoJiaYou","lyq518","ouyangyewei","zwZjut","yikeshiguang","shangeyao","songjianet","lyggyhmm","DingPengfei"],"2021-12":["wangbowen1024","JinsYin","nielifeng","kevinjmh","lhjzmn","Jiezhi","labbomb","pk19876824","aaronlinv","mgduoduo","aqi915","uh001","tangchunbo","SbloodyS","springmonster","Ivan0626"],"2022-01":["XiaochenNan","mchcz","yc322","brnnnfx","JiangTChen","ShuoTiann","seagle-yuan","HomminLee","liqingwang","janeHe13","asdf2014","jxeditor","Amy0104"],"2022-02":["pinkhello","EricGao888","CallMeKingsley97","wcmolin","qianli2022","ronyang1985","zhuxt2015","ShuiMuNianHuaLP","hongshuboy","cheneychoi"],"2022-03":["HuntFalcon","zhujiwen","zhangxinruu","simsicon","yangyunxi","Hou-Shuaishuai","lordk911","huagetai","guoshupei","nobolity","jieguangzhou"],"2022-04":["sq-q","wqxs","hstdream","naziD","leiwingqueen","WangJPLeo","rockfang","mans2singh","czeming","1qase4","hiSandog","exmy","lyleshaw","SnowMoon-Dev","AirToSupply","paul8263","pjfanning","chncaesar"],"2022-05":["vagetablechicken","ganlangjie","retime123","chens616","youzipi","HeChuanXUPT","cadl","Dannila","longtb976","lugela","106umao","huangchenguang123","luoyedeyi","GavinGYM","litiliu"],"2022-06":["Hwting","wjf222","feixiameiruhua","guodongym","liudi1184","Desperado2","stalary","ChrisYuan","jkhhuse","sneh-wha","syyangs799","liubo1990","bukeliyu"],"2022-07":["lukeyan2023","HeZean","MichaelDeSteven","aiwenmo","weeway","qinchaofeng","XuXuClassMate","jackfanwan","fuchanghai","liyangyang-12138","sketchmind"],"2022-08":["zhangshuocn","insist777","abzymeinsjtu","microeastcowboy","zzzhangqi","MonsterChenzhuo","staneyffer","Jekong-hao","huage1994","rickchengx","seedscoder","DarkAssassinator","guowei-su","yutianaiqingtian"],"2022-09":["limaiwang","fengjian1129","darkz1984","jinyanhui2008","sekikn","danielfree","lishiyucn","mrlisir","TyrantLucifer","wxing89","xdu-chenrj"],"2022-10":["lynn-illumio","pandong2011","wangfann","BruceMaa","liqiquan","Radeity","Chris-Arith","gwdgithubnom","tuchg","ntfs32"],"2022-11":["BongBongBang","baihongbin","xuchunlai","hdygxsj","Zzih","muggleChen","zhangfane","moonkop"],"2022-12":["ZhongJinHacker","xla0","liugddx","Sakura-2019","bmk15897","dahai1996"],"2023-01":["imizao","hokie-chan","zhoufanglu","KEN-LJQ","v-wx-v","LucasClt","fforever14","lsy1072915121","lenian","LiXuemin"],"2023-02":["reele","shenyun","zhutong6688","qindongliang","Abingcbc","QuantumXiecao"],"2023-03":["ralphgj","ititdog","NoSuchField","whhe","Jrebel-i","AliceXiaoLu","sandiegoe","iuhoay"]}