{"2015-01":[["rmetzger",15],["aljoscha",8],["hsaputra",8],["StephanEwen",14],["tillrohrmann",16],["uce",9],["fhueske",8],["mxm",9]],"2015-02":[["rmetzger",16],["vasia",9],["hsaputra",9],["fhueske",10],["uce",9],["StephanEwen",12],["mxm",9],["tillrohrmann",15]],"2015-03":[["StephanEwen",14],["gyfora",8],["fhueske",13],["vasia",16],["tillrohrmann",13],["matadorhong",8],["hsaputra",11],["mbalassi",10],["rmetzger",18],["mxm",12],["uce",8]],"2015-04":[["rmetzger",15],["aljoscha",11],["StephanEwen",13],["tillrohrmann",19],["vasia",14],["mbalassi",12],["uce",8],["fhueske",15],["mxm",12],["andralungu",8]],"2015-05":[["mbalassi",11],["uce",11],["tillrohrmann",23],["rmetzger",22],["thvasilo",16],["fhueske",8],["mxm",8],["aljoscha",13],["StephanEwen",16]],"2015-06":[["gyfora",10],["tillrohrmann",23],["fhueske",9],["uce",13],["mjsax",9],["mbalassi",14],["vasia",12],["aljoscha",12],["mxm",10],["StephanEwen",12],["andralungu",13],["rmetzger",14],["hsaputra",9],["thvasilo",19]],"2015-07":[["rmetzger",9],["sachingoel0101",10],["fhueske",12],["thvasilo",17],["aljoscha",10],["gyfora",10],["StephanEwen",17],["mxm",20],["mjsax",10],["tillrohrmann",20]],"2015-08":[["sachingoel0101",19],["mxm",15],["zentol",11],["HuangWHWHW",17],["fhueske",14],["StephanEwen",19],["rmetzger",12],["chiwanpark",18],["tillrohrmann",33],["mjsax",17]],"2015-09":[["fhueske",19],["aljoscha",12],["uce",8],["sachingoel0101",15],["chiwanpark",19],["rmetzger",15],["HuangWHWHW",12],["tillrohrmann",16],["mxm",12],["StephanEwen",18],["ChengXiangLi",8],["mjsax",13]],"2015-10":[["gallenvara",8],["mxm",14],["StephanEwen",13],["hsaputra",8],["fhueske",23],["sachingoel0101",13],["uce",20],["rmetzger",9],["chiwanpark",14],["tillrohrmann",23],["aljoscha",9],["vasia",10]],"2015-11":[["mjsax",22],["fhueske",18],["sachingoel0101",17],["rmetzger",18],["StephanEwen",19],["mxm",21],["chiwanpark",14],["tillrohrmann",25]],"2015-12":[["fhueske",11],["uce",11],["mjsax",11],["mxm",11],["tillrohrmann",19],["danielblazevski",13],["StephanEwen",15],["rmetzger",11]],"2016-01":[["chiwanpark",9],["StephanEwen",11],["aljoscha",8],["mxm",6],["twalthr",8],["stefanobaghino",6],["mjsax",7],["tillrohrmann",16],["ChengXiangLi",9],["uce",11],["rmetzger",11],["fhueske",21]],"2016-02":[["fhueske",24],["aljoscha",14],["uce",15],["rmetzger",17],["ggevay",12],["zentol",17],["tillrohrmann",25],["StephanEwen",17],["mjsax",12]],"2016-03":[["aljoscha",9],["tillrohrmann",26],["rmetzger",15],["twalthr",9],["zentol",13],["mjsax",12],["vasia",12],["mxm",17],["uce",11],["fhueske",26]],"2016-04":[["zentol",21],["fpompermaier",9],["StephanEwen",9],["vasia",15],["aljoscha",14],["greghogan",11],["twalthr",9],["tillrohrmann",20],["tzulitai",10],["uce",12],["rmetzger",16],["fhueske",24]],"2016-05":[["tillrohrmann",16],["yjshen",11],["ggevay",9],["greghogan",15],["gallenvara",11],["rmetzger",13],["mxm",11],["fhueske",27],["StephanEwen",11],["danielblazevski",9],["vasia",15],["chiwanpark",9],["aljoscha",14],["zentol",9]],"2016-06":[["ramkrish86",12],["chiwanpark",11],["kl0u",11],["aljoscha",14],["tillrohrmann",26],["mjsax",19],["greghogan",11],["rmetzger",20],["zentol",23],["fhueske",27],["uce",16],["mxm",16],["tzulitai",16]],"2016-07":[["zentol",23],["greghogan",10],["tillrohrmann",20],["aljoscha",14],["twalthr",11],["tzulitai",15],["rmetzger",15],["uce",13],["mjsax",10],["mxm",20],["kl0u",10],["StephanEwen",10]],"2016-08":[["tillrohrmann",33],["mxm",25],["rmetzger",14],["beyond1920",11],["wuchong",11],["fhueske",13],["mushketyk",18],["uce",11],["zentol",15],["tzulitai",12],["twalthr",16],["StephanEwen",19],["ramkrish86",11]],"2016-09":[["beyond1920",8],["twalthr",14],["ggevay",15],["greghogan",13],["StephanEwen",17],["apivovarov",10],["rmetzger",12],["tzulitai",8],["KurtYoung",8],["mushketyk",9],["ramkrish86",10],["mxm",15],["fhueske",15],["tillrohrmann",19],["zentol",15]],"2016-10":[["zentol",12],["kl0u",9],["StephanEwen",17],["twalthr",14],["uce",14],["aljoscha",12],["rmetzger",10],["mxm",22],["tillrohrmann",14],["tzulitai",8],["fhueske",16],["greghogan",11],["StefanRRichter",12]],"2016-11":[["fhueske",18],["bjlovegithub",16],["uce",12],["zentol",20],["thvasilo",9],["rmetzger",9],["tillrohrmann",17],["sunjincheng121",10],["gaborhermann",8],["mxm",15],["StephanEwen",13],["kl0u",13],["wuchong",15],["greghogan",12],["tzulitai",12],["aljoscha",13],["twalthr",11]],"2016-12":[["uce",11],["vasia",9],["StephanEwen",16],["tonycox",10],["wuchong",12],["aljoscha",10],["greghogan",10],["tillrohrmann",10],["rmetzger",9],["mushketyk",13],["fhueske",18],["tzulitai",10],["mxm",11],["StefanRRichter",10],["zentol",13]],"2017-01":[["uce",17],["KurtYoung",9],["tillrohrmann",15],["wuchong",12],["StefanRRichter",12],["alpinegizmo",7],["tonycox",9],["twalthr",15],["zentol",17],["greghogan",8],["skonto",7],["rmetzger",12],["ex00",7],["ramkrish86",12],["tzulitai",13],["mushketyk",7],["aljoscha",14],["sachingoel0101",7],["kl0u",10],["StephanEwen",17],["NicoK",10],["fhueske",17]],"2017-02":[["StefanRRichter",9],["sunjincheng121",12],["uce",15],["zhijiangW",10],["zentol",13],["fhueske",24],["KurtYoung",11],["shixiaogang",10],["alpinegizmo",11],["twalthr",10],["StephanEwen",17],["rmetzger",15],["greghogan",12],["tzulitai",19],["tillrohrmann",21],["NicoK",9],["wuchong",14],["aljoscha",10]],"2017-03":[["rtudoran",20],["dawidwys",13],["KurtYoung",17],["fhueske",35],["twalthr",14],["zentol",23],["tillrohrmann",18],["uce",16],["StefanRRichter",18],["shaoxuan-wang",13],["beyond1920",12],["tzulitai",18],["StephanEwen",19],["kl0u",21],["aljoscha",18],["huawei-flink",15],["sunjincheng121",21]],"2017-04":[["greghogan",10],["aljoscha",7],["fhueske",27],["KurtYoung",8],["NicoK",9],["bowenli86",15],["zentol",24],["StefanRRichter",8],["twalthr",7],["rtudoran",9],["fanzhidongyzby",7],["tillrohrmann",10],["lincoln-lil",8],["shaoxuan-wang",7],["haohui",7],["tzulitai",11],["StephanEwen",9],["hequn8128",7],["zhangminglei",9],["sunjincheng121",9],["huawei-flink",7]],"2017-05":[["tillrohrmann",13],["StephanEwen",10],["kl0u",9],["aljoscha",13],["dawidwys",9],["DmytroShkvyra",10],["alpinegizmo",15],["zentol",31],["twalthr",11],["greghogan",19],["fhueske",25],["sunjincheng121",11],["rtudoran",10],["rmetzger",10],["StefanRRichter",13],["tzulitai",17]],"2017-06":[["wuchong",16],["twalthr",15],["sunjincheng121",17],["tzulitai",16],["dianfu",10],["dawidwys",16],["zentol",27],["alpinegizmo",11],["greghogan",12],["zhangminglei",13],["aljoscha",10],["fhueske",16],["pnowojski",10]],"2017-07":[["dianfu",10],["greghogan",16],["pnowojski",10],["sunjincheng121",12],["dawidwys",11],["tillrohrmann",20],["wuchong",11],["tzulitai",18],["zhangminglei",10],["fhueske",17],["aljoscha",13],["zentol",26],["NicoK",17],["StephanEwen",15]],"2017-08":[["kl0u",10],["StefanRRichter",9],["zentol",19],["NicoK",16],["wuchong",11],["tillrohrmann",24],["twalthr",12],["dianfu",9],["tzulitai",17],["pnowojski",12],["bowenli86",9],["tedyu",9],["fhueske",15],["aljoscha",11],["kaibozhou",10],["dawidwys",15]],"2017-09":[["tzulitai",13],["haohui",13],["yew1eb",10],["aljoscha",15],["bowenli86",13],["twalthr",10],["zhijiangW",11],["tillrohrmann",22],["NicoK",17],["zentol",24],["pnowojski",10],["xccui",11],["alpinegizmo",10],["suez1224",11],["fhueske",21]],"2017-10":[["pnowojski",18],["xccui",12],["StefanRRichter",12],["fhueske",19],["kl0u",11],["StephanEwen",15],["GJL",12],["bowenli86",13],["tillrohrmann",25],["aljoscha",19],["zentol",26]],"2017-11":[["NicoK",19],["aljoscha",14],["fhueske",13],["zhijiangW",10],["greghogan",10],["StephanEwen",11],["kl0u",11],["tillrohrmann",25],["pnowojski",16],["twalthr",15],["GJL",12],["tzulitai",12],["zentol",21]],"2017-12":[["zentol",15],["tillrohrmann",18],["fhueske",9],["GJL",18],["sunjincheng121",9],["greghogan",8],["zhijiangW",10],["tzulitai",15],["aljoscha",9],["kl0u",10],["StephanEwen",8],["NicoK",10],["tony810430",8]],"2018-01":[["pnowojski",14],["sunjincheng121",11],["StefanRRichter",16],["bowenli86",12],["tillrohrmann",27],["GJL",23],["zhijiangW",10],["NicoK",11],["StephanEwen",13],["fhueske",16],["twalthr",13],["tzulitai",17],["zentol",15]],"2018-02":[["pnowojski",14],["StefanRRichter",29],["tillrohrmann",30],["sihuazhou",19],["GJL",21],["NicoK",11],["kl0u",13],["tzulitai",11],["aljoscha",22],["zentol",26]],"2018-03":[["suez1224",10],["sihuazhou",13],["kl0u",10],["StephanEwen",14],["NicoK",10],["yanghua",11],["tillrohrmann",27],["zentol",26],["fhueske",10],["GJL",13],["twalthr",10],["aljoscha",13],["zhangminglei",10]],"2018-04":[["tillrohrmann",8],["NicoK",9],["yanghua",8],["twalthr",9],["aljoscha",10],["sihuazhou",11],["kl0u",12],["walterddr",8],["zentol",22],["StefanRRichter",14],["fhueske",12],["zhangminglei",12],["GJL",10],["tzulitai",9]],"2018-05":[["zhangminglei",10],["medcv",9],["sihuazhou",15],["tillrohrmann",14],["kailashhd",7],["dawidwys",9],["bowenli86",7],["GJL",8],["StephanEwen",15],["kl0u",9],["pnowojski",11],["suez1224",7],["tzulitai",20],["yanghua",14],["zentol",21],["walterddr",7],["fhueske",9],["aljoscha",9],["andrew-half",7],["StefanRRichter",18],["twalthr",12]],"2018-06":[["tillrohrmann",27],["twalthr",10],["zhangminglei",8],["Aitozi",11],["StefanRRichter",18],["pnowojski",13],["azagrebin",12],["dawidwys",13],["GJL",10],["kl0u",8],["zentol",26],["tzulitai",9],["yanghua",11],["sihuazhou",20],["medcv",12]],"2018-07":[["tzulitai",10],["NicoK",14],["xccui",10],["twalthr",22],["zentol",29],["dawidwys",19],["StefanRRichter",18],["GJL",11],["StephanEwen",8],["fhueske",10],["zhangminglei",10],["hequn8128",11],["aljoscha",15],["yanghua",23],["tillrohrmann",18],["pnowojski",19],["lamber-ken",8],["azagrebin",10],["TisonKun",10]],"2018-08":[["walterddr",11],["hequn8128",9],["tzulitai",11],["twalthr",19],["pnowojski",15],["zentol",22],["StefanRRichter",13],["NicoK",12],["yanghua",20],["tillrohrmann",14],["GJL",12],["dawidwys",10],["aljoscha",9],["fhueske",14],["azagrebin",13],["TisonKun",10]],"2018-09":[["yanghua",17],["fhueske",13],["Clarkkkkk",10],["GJL",11],["tillrohrmann",18],["hequn8128",7],["dawidwys",8],["xccui",8],["pnowojski",15],["zhijiangW",7],["zentol",13],["StephanEwen",7],["StefanRRichter",13],["twalthr",13],["azagrebin",12],["TisonKun",14],["NicoK",8]],"2018-10":[["hequn8128",8],["xccui",8],["tillrohrmann",23],["zentol",26],["GJL",13],["TisonKun",14],["azagrebin",12],["fhueske",14],["aljoscha",11],["dawidwys",13],["pnowojski",18],["zhijiangW",12],["HuangZhenQiu",9],["yanghua",22],["tzulitai",8],["isunjin",8],["StefanRRichter",15],["kl0u",8],["NicoK",9],["twalthr",12]],"2018-11":[["GJL",8],["zhijiangW",12],["tillrohrmann",18],["dawidwys",17],["yanghua",15],["kl0u",15],["alpinegizmo",11],["pnowojski",20],["nielsbasjes",10],["StefanRRichter",14],["hequn8128",14],["azagrebin",13],["TisonKun",8],["zentol",25],["dianfu",13],["sunjincheng121",13],["twalthr",19],["tweise",8],["tzulitai",9]],"2018-12":[["kl0u",9],["yanghua",11],["twalthr",7],["klion26",9],["GJL",7],["TisonKun",8],["azagrebin",12],["tweise",9],["zentol",16],["mxm",10],["zhijiangW",7],["tillrohrmann",12],["sunjincheng121",12],["dianfu",14],["StefanRRichter",8],["lamber-ken",7],["zhuzhurk",8],["fhueske",8],["dawidwys",8],["KarmaGYZ",8],["walterddr",9],["hequn8128",13]],"2019-01":[["pnowojski",14],["Fokko",8],["TisonKun",12],["azagrebin",13],["zhijiangW",7],["zentol",20],["Myasuka",7],["leesf",8],["eaglewatcherwb",8],["hequn8128",14],["StefanRRichter",14],["twalthr",14],["aljoscha",11],["kl0u",7],["GJL",11],["klion26",12],["tillrohrmann",26],["sunjincheng121",9],["alexeyt820",8],["KarmaGYZ",10],["dawidwys",10],["HuangZhenQiu",7],["tzulitai",13],["yanghua",12]],"2019-02":[["flinkbot",16],["zentol",24],["leesf",8],["JingsongLi",8],["rmetzger",14],["zhijiangW",10],["carp84",12],["azagrebin",11],["TisonKun",17],["KurtYoung",11],["aljoscha",12],["glaksh100",8],["uce",13],["tzulitai",17],["dawidwys",13],["sunjincheng121",11],["Xeli",14],["GJL",16],["tweise",8],["twalthr",12],["Myasuka",10],["igalshilman",11],["tillrohrmann",22],["klion26",8],["StefanRRichter",22]],"2019-03":[["zentol",20],["aljoscha",10],["sunjincheng121",13],["twalthr",16],["klion26",11],["tweise",11],["wuchong",12],["zhijiangW",18],["beyond1920",13],["azagrebin",15],["TisonKun",13],["tillrohrmann",13],["dawidwys",18],["flinkbot",15],["StefanRRichter",14],["KurtYoung",22],["pnowojski",15],["hequn8128",10],["godfreyhe",12],["dianfu",10],["JingsongLi",23]],"2019-04":[["sunjincheng121",17],["StefanRRichter",17],["zhijiangW",19],["azagrebin",18],["TisonKun",10],["pnowojski",16],["GJL",11],["bowenli86",20],["sunhaibotb",10],["hequn8128",17],["xuefuz",20],["WeiZhong94",11],["KurtYoung",22],["tillrohrmann",16],["yanghua",13],["twalthr",16],["zentol",20],["JingsongLi",19],["fhueske",10],["tzulitai",10],["flinkbot",16],["godfreyhe",14],["wuchong",18],["dawidwys",19]],"2019-05":[["GJL",17],["twalthr",17],["danny0405",14],["dianfu",20],["lirui-apache",14],["flinkbot",16],["xuefuz",26],["zentol",20],["KurtYoung",19],["dawidwys",18],["sunjincheng121",20],["StephanEwen",15],["pnowojski",22],["yanghua",18],["JingsongLi",14],["wuchong",23],["StefanRRichter",22],["klion26",16],["tillrohrmann",27],["zhijiangW",28],["bowenli86",26],["WeiZhong94",17],["shuai-xu",15],["eaglewatcherwb",20],["azagrebin",22]],"2019-06":[["twalthr",16],["zhijiangW",40],["azagrebin",24],["JingsongLi",24],["GJL",20],["flinkbot",19],["wuchong",22],["tillrohrmann",30],["KurtYoung",15],["dawidwys",18],["xuefuz",21],["pnowojski",18],["eaglewatcherwb",17],["knaufk",20],["zhuzhurk",16],["sunjincheng121",19],["xuyang1706",15],["1u0",17],["godfreyhe",18],["StefanRRichter",15],["gaoyunhaii",15],["bowenli86",27],["zentol",25],["shuai-xu",18],["dianfu",16]],"2019-07":[["zentol",24],["twalthr",26],["zhuzhurk",15],["StephanEwen",14],["sjwiesman",18],["klion26",16],["1u0",13],["wuchong",29],["zhijiangW",20],["knaufk",19],["beyond1920",13],["danny0405",16],["xintongsong",12],["azagrebin",14],["tillrohrmann",15],["dawidwys",15],["lirui-apache",16],["flinkbot",32],["StefanRRichter",12],["KurtYoung",20],["xuefuz",14],["pnowojski",17],["Myasuka",12],["GJL",18],["godfreyhe",19],["carp84",16],["JingsongLi",26],["bowenli86",21],["TsReaper",13],["XuPingyong",12]],"2019-08":[["zhijiangW",12],["AHeise",13],["walterddr",11],["godfreyhe",12],["danny0405",15],["zjuwangg",10],["pnowojski",16],["dawidwys",14],["xuyang1706",16],["xuefuz",11],["docete",10],["GJL",10],["sjwiesman",10],["twalthr",20],["flinkbot",25],["TsReaper",11],["carp84",11],["TisonKun",14],["azagrebin",11],["bowenli86",14],["wuchong",26],["JingsongLi",19],["lirui-apache",13],["YngwieWang",24],["NicoK",18],["zentol",20],["tillrohrmann",24],["1u0",16]],"2019-09":[["flinkbot",22],["zhijiangW",20],["yangjf2019",9],["tillrohrmann",27],["GJL",22],["aljoscha",10],["TisonKun",21],["xuyang1706",18],["zentol",13],["danny0405",9],["walterddr",12],["hequn8128",13],["carp84",11],["WeiZhong94",10],["kl0u",13],["yanghua",11],["KurtYoung",9],["AHeise",14],["1u0",14],["becketqin",9],["zhuzhurk",22],["xintongsong",11],["dianfu",13],["wuchong",11]],"2019-10":[["pnowojski",16],["xuefuz",12],["xintongsong",14],["flinkbot",22],["zhuzhurk",25],["xuyang1706",15],["dianfu",15],["AHeise",13],["wangyang0918",12],["GJL",20],["twalthr",14],["bowenli86",19],["wuchong",23],["dawidwys",14],["hequn8128",16],["walterddr",14],["aljoscha",15],["KurtYoung",16],["JingsongLi",25],["docete",13],["tillrohrmann",30],["zhijiangW",20],["TisonKun",18],["azagrebin",17],["zentol",22]],"2019-11":[["wangyang0918",17],["GJL",21],["zhijiangW",24],["zentol",23],["danny0405",22],["flinkbot",25],["guoweiM",14],["wuchong",21],["azagrebin",17],["TisonKun",27],["bowenli86",17],["aljoscha",17],["AHeise",13],["JingsongLi",24],["pnowojski",16],["KurtYoung",27],["walterddr",14],["zhuzhurk",28],["dawidwys",18],["tillrohrmann",16],["godfreyhe",13],["docete",19],["kl0u",17],["StephanEwen",13]],"2019-12":[["tillrohrmann",17],["zhuzhurk",20],["zhijiangW",31],["wsry",13],["wuchong",25],["walterddr",13],["zjuwangg",13],["danny0405",17],["carp84",14],["xintongsong",16],["leonardBang",17],["pnowojski",15],["aljoscha",13],["flinkbot",27],["zentol",18],["wangyang0918",30],["TisonKun",17],["azagrebin",13],["JingsongLi",32],["AHeise",19],["lirui-apache",19],["KurtYoung",22],["twalthr",14],["KarmaGYZ",13],["klion26",16],["StephanEwen",14],["rkhachatryan",15],["bowenli86",20]],"2020-01":[["Myasuka",11],["carp84",10],["ifndef-SleePy",13],["KarmaGYZ",12],["dawidwys",14],["gaoyunhaii",11],["wuchong",16],["azagrebin",11],["walterddr",11],["rkhachatryan",11],["aljoscha",11],["pnowojski",19],["GJL",17],["wangyang0918",14],["flinkbot",23],["tillrohrmann",24],["AHeise",16],["yanghua",11],["zhuzhurk",12],["twalthr",11],["zhijiangW",12],["Li-Aihua",11],["xintongsong",12],["zentol",26],["JingsongLi",16]],"2020-02":[["wangyang0918",11],["AHeise",11],["dawidwys",13],["pnowojski",15],["lirui-apache",12],["knaufk",11],["zhijiangW",28],["StephanEwen",14],["rkhachatryan",16],["twalthr",18],["TisonKun",12],["azagrebin",16],["rmetzger",18],["hequn8128",16],["libenchao",15],["wuchong",17],["zentol",30],["flinkbot",24],["xintongsong",12],["GJL",11],["aljoscha",14],["JingsongLi",18],["dianfu",14],["HuangXingBo",11],["tillrohrmann",21],["gaoyunhaii",18]],"2020-03":[["wangyang0918",12],["AHeise",21],["KarmaGYZ",13],["afedulov",14],["pnowojski",17],["lirui-apache",14],["zhijiangW",29],["zhengcanbin",14],["rkhachatryan",20],["twalthr",12],["azagrebin",14],["TisonKun",18],["rmetzger",17],["shuai-xu",12],["hequn8128",14],["godfreyhe",13],["libenchao",13],["wuchong",18],["danny0405",14],["zentol",26],["flinkbot",25],["xintongsong",18],["GJL",16],["JingsongLi",22],["dianfu",15],["tillrohrmann",19],["gaoyunhaii",20]],"2020-04":[["KarmaGYZ",16],["dawidwys",15],["kl0u",14],["NicoK",19],["wuchong",26],["azagrebin",17],["hequn8128",14],["dianfu",21],["rkhachatryan",24],["aljoscha",16],["lirui-apache",14],["pnowojski",19],["GJL",18],["wangyang0918",19],["HuangXingBo",14],["flinkbot",28],["leonardBang",17],["tillrohrmann",27],["AHeise",19],["rmetzger",14],["KurtYoung",17],["zhuzhurk",15],["twalthr",21],["zhijiangW",34],["xintongsong",21],["zentol",22],["JingsongLi",21],["godfreyhe",18]],"2020-05":[["wangyang0918",14],["curcur",16],["AHeise",18],["KarmaGYZ",13],["dawidwys",20],["sjwiesman",15],["pnowojski",21],["lirui-apache",18],["zhijiangW",21],["StephanEwen",14],["rkhachatryan",23],["TsReaper",13],["twalthr",18],["azagrebin",14],["rmetzger",21],["klion26",23],["godfreyhe",16],["wuchong",31],["danny0405",18],["zentol",26],["flinkbot",30],["Myasuka",16],["zhuzhurk",15],["xintongsong",13],["aljoscha",19],["leonardBang",16],["JingsongLi",29],["dianfu",13],["KurtYoung",20],["tillrohrmann",25]],"2020-06":[["azagrebin",24],["AHeise",18],["zentol",22],["flinkbot",27],["authuir",11],["godfreyhe",19],["rmetzger",19],["zhijiangW",17],["leonardBang",16],["klion26",13],["lirui-apache",15],["wuchong",31],["KarmaGYZ",12],["dawidwys",15],["tillrohrmann",22],["aljoscha",18],["zhuzhurk",23],["rkhachatryan",23],["curcur",13],["wangyang0918",12],["twalthr",18],["danny0405",18],["pnowojski",16],["JingsongLi",18],["libenchao",16]],"2020-07":[["dawidwys",13],["pnowojski",8],["zhijiangW",8],["kl0u",10],["nielsbasjes",8],["rkhachatryan",8],["RocMarshal",10],["twalthr",11],["azagrebin",9],["rmetzger",10],["hequn8128",8],["klion26",22],["dannycranmer",15],["godfreyhe",19],["xiaolong-sn",14],["fsk119",10],["wuchong",19],["danny0405",8],["zentol",14],["Thesharing",8],["flinkbot",22],["zhuzhurk",13],["aljoscha",10],["leonardBang",9],["liuyongvs",14],["JingsongLi",12],["dianfu",11],["tillrohrmann",15],["gaoyunhaii",10]],"2020-08":[["hequn8128",22],["azagrebin",11],["WeiZhong94",10],["XComp",11],["wuchong",13],["dawidwys",13],["rmetzger",13],["dannycranmer",11],["xintongsong",13],["Thesharing",10],["shuiqiangchen",15],["RocMarshal",17],["flinkbot",22],["twalthr",10],["klion26",15],["godfreyhe",11],["tillrohrmann",21],["alpinegizmo",14],["zhuzhurk",17],["rkhachatryan",14],["pnowojski",12],["sjwiesman",11],["dianfu",13],["lirui-apache",12],["zentol",15],["wangyang0918",10],["AHeise",10],["zhoulii",10]],"2020-09":[["twalthr",13],["wuchong",15],["HuangXingBo",18],["aljoscha",17],["leonardBang",12],["echauchot",11],["StephanEwen",14],["kl0u",11],["gm7y8",11],["AHeise",16],["rkhachatryan",17],["rmetzger",15],["SteNicholas",11],["qinjunjerry",11],["XComp",11],["azagrebin",16],["JingsongLi",14],["flinkbot",22],["WeiZhong94",12],["tillrohrmann",11],["sjwiesman",13],["zentol",14],["dianfu",25],["godfreyhe",11],["dawidwys",18],["zhuzhurk",14],["xintongsong",14],["pnowojski",18]],"2020-10":[["flinkbot",26],["XComp",13],["curcur",13],["wangyang0918",21],["StephanEwen",12],["kl0u",21],["tillrohrmann",27],["JingsongLi",20],["wangxlong",13],["xintongsong",15],["zentol",20],["AHeise",16],["rkhachatryan",14],["leonardBang",12],["godfreyhe",19],["rmetzger",18],["guoweiM",13],["dawidwys",20],["pnowojski",18],["zhuzhurk",12],["aljoscha",21],["dianfu",20],["TsReaper",12],["danny0405",15],["wuchong",24]],"2020-11":[["becketqin",11],["lirui-apache",13],["wangyang0918",18],["zentol",15],["flinkbot",29],["gaoyunhaii",11],["dianfu",23],["wuchong",23],["aljoscha",19],["rmetzger",21],["AHeise",19],["rkhachatryan",20],["leonardBang",12],["JingsongLi",20],["twalthr",17],["zhuzhurk",12],["dawidwys",16],["tillrohrmann",31],["SteNicholas",11],["HuangXingBo",12],["godfreyhe",14],["sjwiesman",19],["XComp",13],["fsk119",13],["xintongsong",11],["StephanEwen",18],["kl0u",17]],"2020-12":[["HuangXingBo",16],["XComp",21],["xintongsong",11],["wenlong88",8],["rmetzger",16],["HuangZhenQiu",14],["dianfu",12],["aljoscha",10],["shuiqiangchen",8],["kl0u",10],["alpinegizmo",8],["zhuxiaoshang",9],["xiaoHoly",12],["AHeise",11],["V1ncentzzZ",12],["leonardBang",12],["wangyang0918",10],["zentol",21],["tillrohrmann",25],["zhuzhurk",11],["fsk119",11],["wangxlong",9],["godfreyhe",17],["blublinsky",8],["sjwiesman",10],["flinkbot",24],["pnowojski",11],["rkhachatryan",12],["dawidwys",9],["wuchong",20]],"2021-01":[["zentol",20],["rmetzger",18],["xintongsong",12],["curcur",8],["wangyang0918",10],["chaozwn",9],["pnowojski",12],["XComp",13],["leonardBang",17],["echauchot",8],["KarmaGYZ",9],["dawidwys",13],["wuchong",20],["flinkbot",24],["tillrohrmann",17],["HuangZhenQiu",9],["HuangXingBo",11],["twalthr",10],["aljoscha",14],["fsk119",8],["yuruguo",10],["rkhachatryan",18],["Myasuka",9],["hwanju",8],["AHeise",13],["SteNicholas",8],["sjwiesman",10],["wenlong88",12],["xiaoHoly",8],["godfreyhe",20]],"2021-02":[["dannycranmer",11],["tillrohrmann",36],["sjwiesman",10],["rkhachatryan",24],["wangyang0918",11],["curcur",13],["LadyForest",10],["flinkbot",21],["HuangXingBo",9],["zentol",26],["gaoyunhaii",13],["xintongsong",13],["LinyuYao1021",12],["aljoscha",11],["XComp",19],["AHeise",9],["zhuzhurk",9],["wuchong",20],["rmetzger",19],["KarmaGYZ",10],["dawidwys",10],["pnowojski",12]],"2021-03":[["Thesharing",12],["zhuzhurk",18],["godfreyhe",16],["XComp",19],["lirui-apache",13],["afedulov",16],["wangyang0918",12],["curcur",14],["knaufk",12],["KurtYoung",12],["flinkbot",29],["zentol",29],["WeiZhong94",12],["westphal-jan",15],["AHeise",22],["kezhuw",15],["rmetzger",19],["LeonBein",16],["tillrohrmann",30],["xintongsong",18],["rkhachatryan",22],["pnowojski",15],["wuchong",29],["dawidwys",16],["fsk119",19],["twalthr",13],["fapaul",12],["beyond1920",12],["leonardBang",16],["wsry",17],["Myasuka",13]],"2021-04":[["twalthr",13],["YuvalItzchakov",11],["fsk119",17],["akalash",10],["rkhachatryan",15],["JingsongLi",15],["flinkbot",27],["wuchong",23],["tillrohrmann",22],["KurtYoung",11],["dawidwys",16],["HuangXingBo",10],["wangyang0918",12],["curcur",9],["pnowojski",11],["leonardBang",15],["kezhuw",11],["sjwiesman",12],["galenwarren",11],["AHeise",13],["godfreyhe",11],["XComp",11],["zentol",13],["lirui-apache",12],["StephanEwen",14],["Airblader",10],["beyond1920",9],["zuston",9],["xintongsong",10],["dianfu",10],["rmetzger",10]],"2021-05":[["stevenzwu",13],["XComp",11],["godfreyhe",8],["alpinegizmo",9],["flinkbot",20],["JingsongLi",7],["wangyang0918",7],["lirui-apache",10],["zentol",16],["NicoK",10],["paul8263",7],["beyond1920",8],["tweise",12],["xintongsong",7],["zuston",10],["wuchong",12],["AHeise",17],["galenwarren",11],["tillrohrmann",16],["twalthr",12],["dianfu",8],["pnowojski",11],["SteNicholas",11],["lqjack",9],["fsk119",8],["rmetzger",9],["akalash",8],["echauchot",9],["wangwei1025",8],["dawidwys",10],["yittg",7],["rkhachatryan",16]],"2021-06":[["rmetzger",10],["godfreyhe",8],["lirui-apache",8],["rkhachatryan",20],["twalthr",17],["fapaul",12],["cmick",8],["xintongsong",9],["tweise",10],["pnowojski",11],["Zakelly",10],["HuangXingBo",8],["luoyuxia",8],["SteNicholas",13],["dawidwys",18],["dianfu",10],["akalash",14],["XComp",13],["fsk119",10],["zentol",21],["flinkbot",25],["echauchot",9],["JingsongLi",12],["gaoyunhaii",11],["tillrohrmann",9],["beyond1920",9],["RocMarshal",9],["Airblader",18],["nicoweidner",8],["Myasuka",14],["curcur",9],["AHeise",18]],"2021-07":[["RocMarshal",21],["tsreaper",16],["wuchong",10],["RollsBean",12],["JingsongLi",11],["hapihu",11],["twalthr",17],["leonardBang",10],["Myasuka",15],["dawidwys",20],["KarmaGYZ",9],["autophagy",9],["yittg",9],["wsry",14],["zentol",22],["gaoyunhaii",15],["AHeise",16],["akalash",11],["XComp",12],["dmvk",14],["wangyang0918",9],["mans2singh",9],["Airblader",16],["rkhachatryan",22],["fapaul",10],["flinkbot",26],["zhuzhurk",21],["Thesharing",12],["ZhijieYang",10],["pnowojski",24],["tillrohrmann",20],["Zakelly",11],["jinxing64",12]],"2021-08":[["AHeise",37],["curcur",16],["dmvk",17],["flinkbot",28],["zhuzhurk",14],["tweise",8],["zlzhang0122",9],["wsry",8],["xintongsong",8],["Thesharing",12],["Airblader",18],["godfreyhe",8],["fapaul",25],["dannycranmer",8],["hapihu",15],["beyond1920",11],["dawidwys",9],["rkhachatryan",19],["dianfu",12],["tsreaper",12],["gaoyunhaii",14],["wuchong",12],["PatrickRen",14],["RocMarshal",22],["paul8263",8],["lirui-apache",9],["Aitozi",8],["JingsongLi",9],["huxixiang",8],["pnowojski",17],["zentol",21],["Myasuka",10],["sjwiesman",8],["nicoweidner",9],["akalash",15],["tillrohrmann",25],["twalthr",19]],"2021-09":[["Airblader",32],["jherico",10],["CrynetLogistics",10],["gaoyunhaii",10],["PatrickRen",10],["zentol",15],["AHeise",22],["fapaul",16],["godfreyhe",11],["Myasuka",10],["flinkbot",25],["SteNicholas",10],["twalthr",17],["dannycranmer",11],["pnowojski",17],["Aitozi",10],["rkhachatryan",14],["sjwiesman",10],["syhily",13],["infoverload",11],["RocMarshal",11],["leonardBang",10],["curcur",10],["dmvk",10],["slinkydeveloper",15],["dianfu",11],["dawidwys",15],["Huanli-Meng",11],["tillrohrmann",13],["akalash",12]],"2021-10":[["slinkydeveloper",5],["matriv",8],["twalthr",8],["dawidwys",4],["zentol",8],["Airblader",4],["fapaul",8],["hililiwei",4],["pnowojski",4],["AHeise",8],["nicoweidner",4],["Aitozi",6],["tillrohrmann",5],["dannycranmer",4],["flinkbot",12]],"2021-11":[["gaurav726",9],["matriv",19],["beyond1920",13],["dannycranmer",13],["CrynetLogistics",18],["hililiwei",9],["AHeise",16],["Airblader",18],["pnowojski",12],["slinkydeveloper",22],["rkhachatryan",17],["dawidwys",14],["akalash",17],["twalthr",20],["echauchot",12],["dmvk",13],["Aitozi",9],["Zakelly",9],["zentol",25],["JingsongLi",11],["xuyangzhong",12],["JingGe",12],["Myasuka",11],["shenzhu",9],["ruanhang1993",9],["lincoln-lil",9],["XComp",11],["snuyanzin",13],["flinkbot",27],["godfreyhe",12],["leonardBang",9],["tillrohrmann",14],["MartijnVisser",20],["RocMarshal",12],["tsreaper",10],["alpreu",10],["nicoweidner",12],["fapaul",21]],"2021-12":[["dannycranmer",11],["zhuzhurk",9],["akalash",12],["rkhachatryan",14],["dawidwys",18],["KarmaGYZ",10],["twalthr",22],["JingsongLi",16],["gaoyunhaii",11],["SteNicholas",9],["godfreyhe",9],["AHeise",19],["afedulov",10],["RocMarshal",11],["MartijnVisser",18],["Myasuka",15],["JingGe",14],["wanglijie95",11],["PatrickRen",10],["echauchot",12],["wsry",9],["dmvk",14],["wenlong88",9],["flinkbot",24],["zentol",14],["hackergin",9],["matriv",18],["xintongsong",9],["zuston",11],["alpinegizmo",9],["meetjunsu",9],["XComp",11],["tillrohrmann",14],["pnowojski",14],["alpreu",11],["slinkydeveloper",21],["fapaul",19]],"2022-01":[["zentol",20],["dmvk",19],["wangyang0918",14],["curcur",9],["fapaul",26],["tillrohrmann",29],["zuston",16],["TanYuxin-tyx",12],["flinkbot",25],["afedulov",11],["lindong28",9],["infoverload",9],["gaoyunhaii",12],["ruanhang1993",14],["pnowojski",11],["JingGe",16],["Myasuka",18],["wsry",11],["vahmed-hamdy",9],["imaffe",11],["alpreu",9],["xintongsong",9],["JingsongLi",12],["CrynetLogistics",15],["slinkydeveloper",24],["twalthr",23],["XComp",16],["wanglijie95",12],["dawidwys",10],["metaswirl",9],["MartijnVisser",17],["echauchot",9],["zhuzhurk",13],["syhily",10],["akalash",11],["dannycranmer",18],["matriv",16],["rkhachatryan",21],["galenwarren",14]],"2022-02":[["dannycranmer",23],["CrynetLogistics",20],["vahmed-hamdy",12],["XComp",26],["ruanhang1993",11],["akalash",11],["slinkydeveloper",24],["metaswirl",11],["zentol",33],["twalthr",23],["syhily",11],["matriv",22],["leonardBang",13],["infoverload",13],["dawidwys",18],["zhuzhurk",13],["imaffe",12],["fapaul",18],["dmvk",24],["pnowojski",12],["Myasuka",11],["JingGe",12],["flinkbot",25],["rkhachatryan",14],["gaoyunhaii",16],["RocMarshal",18],["MartijnVisser",16]],"2022-03":[["ChengkaiYang2022",9],["zentol",28],["dmvk",9],["fapaul",12],["ZhangChaoming",9],["zoucao",8],["flinkbot",19],["afedulov",9],["knaufk",8],["zoltar9264",8],["gaoyunhaii",10],["pnowojski",11],["Myasuka",15],["JingGe",14],["zhoulii",8],["imaffe",11],["masteryhx",8],["alpreu",8],["leonardBang",8],["slinkydeveloper",21],["twalthr",19],["XComp",21],["smattheis",10],["dawidwys",11],["metaswirl",8],["RocMarshal",15],["MartijnVisser",19],["PatrickRen",8],["echauchot",11],["zhuzhurk",11],["dianfu",16],["syhily",8],["akalash",9],["dannycranmer",10],["luoyuxia",8],["matriv",17],["rkhachatryan",17],["AHeise",11]],"2022-04":[["reswqa",8],["zentol",31],["dmvk",9],["fapaul",15],["gaborgsomogyi",12],["ZhangChaoming",9],["flinkbot",17],["afedulov",12],["zoltar9264",10],["gaoyunhaii",10],["Myasuka",17],["JingGe",10],["snuyanzin",13],["masteryhx",12],["alpreu",9],["liuzhuang2017",9],["slinkydeveloper",13],["Thesharing",8],["twalthr",11],["XComp",20],["RocMarshal",12],["MartijnVisser",16],["echauchot",8],["lsyldliu",9],["dianfu",10],["syhily",9],["luoyuxia",15],["matriv",13],["rkhachatryan",19]],"2022-05":[["zhuzhurk",10],["liuzhuang2017",7],["Sxnan",6],["simplejason",7],["zentol",29],["fsk119",9],["RocMarshal",11],["MartijnVisser",12],["gaoyunhaii",6],["ChengkaiYang2022",8],["fredia",8],["deadwind4",11],["onyourhead",6],["snuyanzin",19],["flinkbot",15],["wsry",9],["HuangXingBo",6],["pnowojski",9],["matriv",9],["1996fanrui",10],["Vancior",6],["gaborgsomogyi",6],["fapaul",15],["rkhachatryan",11],["alpreu",14],["AHeise",6],["HuangZhenQiu",7],["Aitozi",6],["luoyuxia",9],["haizhou-zhao",7],["dianfu",12],["lsyldliu",6],["Airblader",8],["afedulov",15],["echauchot",11],["Myasuka",7],["JingGe",8],["twalthr",6]],"2022-06":[["PatrickRen",8],["1996fanrui",11],["luoyuxia",16],["echauchot",9],["gaborgsomogyi",12],["zoltar9264",8],["zhuzhurk",20],["lincoln-lil",8],["XComp",9],["SteNicholas",10],["pnowojski",9],["Aitozi",10],["godfreyhe",11],["wanglijie95",11],["wuchong",14],["snuyanzin",8],["leonardBang",8],["pengmide",8],["HuangXingBo",9],["zhoulii",9],["deadwind4",10],["dianfu",17],["lsyldliu",13],["MartijnVisser",11],["afedulov",8],["flinkbot",15],["zentol",18],["rkhachatryan",11],["fsk119",15],["fredia",9],["reswqa",14],["xintongsong",12],["ChengkaiYang2022",11]],"2022-07":[["zoltar9264",12],["qingwei91",10],["HuangXingBo",10],["fredia",13],["echauchot",9],["gaborgsomogyi",8],["yunfengzhou-hub",10],["TanYuxin-tyx",9],["zentol",16],["Vancior",8],["godfreyhe",13],["1996fanrui",10],["flinkbot",16],["WencongLiu",10],["dannycranmer",11],["pltbkd",10],["syhily",8],["beyond1920",9],["pnowojski",11],["Tartarus0zm",8],["Aitozi",8],["fsk119",17],["rkhachatryan",19],["masteryhx",8],["luoyuxia",19],["xintongsong",19],["lincoln-lil",9],["reswqa",25],["wuchong",15],["wanglijie95",17],["PatrickRen",9],["zhuzhurk",18],["swuferhong",13],["dianfu",9],["lsyldliu",16],["MartijnVisser",11]],"2022-08":[["pnowojski",10],["zoltar9264",9],["HuangXingBo",9],["lindong28",13],["hlteoh37",11],["fredia",11],["syhily",10],["luoyuxia",20],["ChengkaiYang2022",13],["godfreyhe",30],["fsk119",14],["Mrzyxing",10],["lincoln-lil",18],["snuyanzin",10],["yunfengzhou-hub",9],["Myasuka",16],["reswqa",12],["wangyang0918",9],["swuferhong",25],["Vancior",9],["dannycranmer",9],["liming30",9],["yuzelin",14],["pltbkd",13],["Aitozi",9],["xintongsong",14],["rkhachatryan",20],["masteryhx",10],["lsyldliu",16],["Tartarus0zm",9],["wsry",11],["WencongLiu",19],["PatrickRen",11],["wuchong",15],["zentol",14],["gaoyunhaii",12],["zhuzhurk",9],["flinkbot",18]],"2022-09":[["XComp",14],["tisonkun",10],["chenyuzhi459",6],["afedulov",16],["flinkbot",15],["zentol",23],["Myasuka",6],["lsyldliu",14],["reswqa",11],["RocMarshal",7],["MartijnVisser",7],["leletan",8],["ChengkaiYang2022",9],["lincoln-lil",10],["wuchong",11],["fsk119",10],["yunfengzhou-hub",6],["snuyanzin",20],["zhuzhurk",8],["zjureel",8],["godfreyhe",7],["luoyuxia",13],["stevenzwu",10],["pnowojski",11],["SmirAlex",6],["mxm",9],["dannycranmer",7],["PatrickRen",8],["gaborgsomogyi",6],["HuangXingBo",6],["twalthr",6],["yuzelin",7],["gaoyunhaii",7],["xintongsong",9],["syhily",11]],"2022-10":[["dawidwys",7],["wanglijie95",8],["HuangXingBo",7],["luoyuxia",12],["1996fanrui",9],["LadyForest",7],["xintongsong",11],["leletan",8],["pnowojski",8],["czy006",7],["afedulov",10],["syhily",9],["martin-g",7],["Samrat002",8],["flinkbot",16],["gaborgsomogyi",9],["fapaul",9],["reswqa",10],["yuzelin",11],["twalthr",8],["snuyanzin",19],["fsk119",8],["libenchao",7],["lsyldliu",7],["zentol",24],["tisonkun",7],["dannycranmer",8],["zoltar9264",7],["fredia",7],["MartijnVisser",14],["kristoffSC",11],["RyanSkraba",8],["ferenc-csaky",7],["XComp",15],["wangyang0918",8]],"2022-11":[["czy006",6],["Zakelly",6],["dianfu",5],["flinkbot",15],["jnh5y",9],["dangshazi",5],["MartijnVisser",12],["lincoln-lil",7],["luoyuxia",8],["vahmed-hamdy",5],["tisonkun",8],["ericxiao251",5],["liuzhuang2017",5],["snuyanzin",19],["Aitozi",7],["reswqa",11],["JingGe",6],["Myasuka",6],["rmetzger",6],["NicoK",5],["dawidwys",6],["liuml07",6],["gaoyunhaii",5],["dingweiqings",5],["JerryYue-M",5],["dannycranmer",6],["gaborgsomogyi",13],["rkhachatryan",6],["PatrickRen",6],["liyubin117",5],["JingsongLi",5],["zentol",23],["1996fanrui",13],["fredia",5],["xintongsong",9],["yuzelin",8],["twalthr",8],["leonardBang",5],["SmirAlex",5],["pnowojski",11],["elphastori",6],["fsk119",6],["XComp",17],["alpinegizmo",5],["zhuzhurk",9],["syhily",9],["HuangXingBo",5]],"2022-12":[["wanglijie95",7],["ramkrish86",7],["snuyanzin",23],["swuferhong",12],["pvary",7],["zhuzhurk",8],["dannycranmer",7],["zentol",10],["fsk119",13],["flinkbot",12],["yuzelin",9],["reswqa",8],["gaborgsomogyi",12],["ashmeet-kandhari",7],["beyond1920",8],["luoyuxia",11],["XComp",15],["chucheng92",7],["lincoln-lil",10],["rkhachatryan",8],["xintongsong",15],["godfreyhe",13],["steveniemitz",7],["1996fanrui",13],["LadyForest",11],["MartijnVisser",12],["lsyldliu",9]],"2023-01":[["XComp",12],["ramkrish86",7],["JunRuiLee",7],["hehuiyuan",7],["swuferhong",17],["NightRunner",8],["SinBex",10],["flinkbot",15],["lindong28",10],["link3280",8],["zentol",9],["Myasuka",7],["lsyldliu",17],["dianfu",7],["reswqa",9],["MartijnVisser",10],["laughingman7743",7],["lincoln-lil",13],["wanglijie95",11],["fsk119",15],["tsreaper",7],["kristoffSC",10],["ifndef-SleePy",7],["snuyanzin",7],["zhuzhurk",19],["godfreyhe",14],["luoyuxia",18],["masteryhx",7],["rkhachatryan",7],["SmirAlex",9],["dannycranmer",8],["gaborgsomogyi",10],["1996fanrui",8],["dawidwys",10],["twalthr",7],["gaoyunhaii",7],["TanYuxin-tyx",9],["yuchuanchen",8],["xintongsong",14],["LadyForest",12]],"2023-02":[["xuzhiwen1255",8],["zhuzhurk",18],["huwh",9],["gaoyunhaii",8],["kristoffSC",7],["dangshazi",7],["1996fanrui",14],["LadyForest",7],["XComp",19],["JunRuiLee",10],["godfreyhe",8],["liuyongvs",12],["fsk119",13],["ruanhang1993",7],["swuferhong",9],["TanYuxin-tyx",7],["Aitozi",7],["flinkbot",15],["chucheng92",7],["Samrat002",7],["luoyuxia",9],["shuiqiangchen",7],["dmvk",11],["lincoln-lil",12],["rkhachatryan",14],["xintongsong",7],["zentol",13],["akalash",8],["reswqa",16],["snuyanzin",16],["pnowojski",7],["RocMarshal",11],["wanglijie95",9],["lsyldliu",7]],"2023-03":[["mas-chen",7],["WencongLiu",8],["luoyuxia",18],["flinkbot",16],["lindong28",8],["TanYuxin-tyx",8],["echauchot",11],["1996fanrui",9],["rkhachatryan",18],["chucheng92",9],["slfan1989",7],["tzulitai",7],["LadyForest",7],["dmvk",14],["PatrickRen",7],["zoltar9264",8],["snuyanzin",19],["wuchong",14],["lincoln-lil",10],["liuyongvs",15],["fredia",8],["reswqa",17],["FangYongs",9],["zentol",14],["Aitozi",15],["fsk119",10],["libenchao",8],["xuzhiwen1255",8],["ruanhang1993",7],["huwh",12],["XComp",11]]}