{"2015-01":[["apache.org","15"],["gmail.com","4"],["posteo.de","2"],["air-watch.com","1"],["icloud.com","1"],["googlemail.com","1"],["cebe.cc","1"]],"2015-02":[["apache.org","13"],["gmail.com","10"],["s-traub.com","1"],["boxm.de","1"],["icloud.com","1"],["posteo.de","1"],["data-artisans.com","1"],["informatik.hu-berlin.de","1"],["web.de","1"]],"2015-03":[["apache.org","20"],["gmail.com","9"],["users.noreply.github.com","1"],["icloud.com","1"],["euranova.eu","1"],["mediumone.com","1"],["huawei.com","1"]],"2015-04":[["apache.org","14"],["gmail.com","10"],["icloud.com","2"],["live.com","1"],["googlemail.com","1"],["web.de","1"],["huawei.com","1"]],"2015-05":[["apache.org","16"],["gmail.com","12"],["intuit.com","1"],["googlemail.com","1"]],"2015-06":[["apache.org","15"],["gmail.com","11"],["informatik.hu-berlin.de","2"],["nyu.edu","1"],["sics.se","1"],["gronau.neofonie.priv","1"],["hpi.de","1"]],"2015-07":[["apache.org","17"],["gmail.com","5"],["users.noreply.github.com","1"],["pietros-MBP.lan","1"],["qq.com","1"],["hpi.de","1"],["informatik.hu-berlin.de","1"],["web.de","1"],["kth.se","1"],["linux-3lsu.site","1"],["sics.se","1"]],"2015-08":[["apache.org","22"],["gmail.com","7"],["jkovacs.de","2"],["qq.com","1"],["informatik.hu-berlin.de","1"]],"2015-09":[["apache.org","15"],["gmail.com","12"],["greghogan.com","3"],["126.com","2"],["chenliangdeMacBook-Pro.local","2"],["huawei.com","2"],["campus.tu-berlin.de","1"],["informatik.hu-berlin.de","1"],["mail.ru","1"],["googlemail.com","1"]],"2015-10":[["apache.org","18"],["gmail.com","13"],["greghogan.com","3"],["126.com","1"],["refactor.com","1"],["HW11977.home","1"],["mailbox.org","1"],["qq.com","1"],["spotify.com","1"],["kth.se","1"],["codedmarkets.com","1"]],"2015-11":[["apache.org","19"],["gmail.com","3"],["126.com","1"],["mailbox.org","1"],["taobao.com","1"],["basjes.nl","1"],["retresco.de","1"],["intel.com","1"]],"2015-12":[["apache.org","15"],["gmail.com","3"],["dfki.de","1"],["vandenabeele.com","1"],["informatik.hu-berlin.de","1"],["intel.com","1"]],"2016-01":[["apache.org","24"],["gmail.com","4"],["nmusic.pt","2"],["researchgate.net","1"],["intel.com","1"],["mailbox.org","1"],["kth.se","1"],["web.de","1"],["sics.se","1"]],"2016-02":[["apache.org","18"],["gmail.com","4"],["yahoo.com","1"],["alibaba-inc.com","1"],["informatik.hu-berlin.de","1"],["intel.com","1"],["web.de","1"]],"2016-03":[["apache.org","15"],["gmail.com","11"],["radicalbit.io","3"],["godatadriven.com","1"],["hotmail.com","1"]],"2016-04":[["gmail.com","14"],["apache.org","14"],["newrelic.com","3"],["expedia.com","1"],["tngtech.com","1"],["radicalbit.io","1"],["intel.com","1"],["alphaheavy.com","1"],["greghogan.com","1"]],"2016-05":[["gmail.com","19"],["apache.org","10"],["","2"],["transpac.com","2"],["tngtech.com","1"],["126.com","1"],["vm5.com","1"],["yahoo.com","1"],["amazon.com","1"],["greghogan.com","1"]],"2016-06":[["apache.org","14"],["gmail.com","11"],["s-traub.com","1"],["radicalbit.io","1"],["udc.es","1"],["intel.com","1"],["relayr.io","1"],["dynamicyield.com","1"],["target.com","1"],["greghogan.com","1"]],"2016-07":[["gmail.com","11"],["apache.org","10"],["taobao.com","1"],["126.com","1"],["data-artisans.com","1"],["alibaba-inc.com","1"],["us.ibm.com","1"],["firma.seznam.cz","1"],["permutive.com","1"],["target.com","1"],["mux.com","1"],["cloudera.com","1"],["greghogan.com","1"]],"2016-08":[["apache.org","16"],["gmail.com","10"],["126.com","4"],["data-artisans.com","2"],["alibaba-inc.com","2"],["att.com","1"],["users.noreply.github.com","1"],["Sunnys-MacBook-Pro-3.local","1"],["bol.com","1"],["emc.com","1"],["sics.se","1"],["cloudera.com","1"],["dbruhn.de","1"]],"2016-09":[["apache.org","21"],["gmail.com","9"],["alibaba-inc.com","1"],["greghogan.com","1"],["huawei.com","1"]],"2016-10":[["apache.org","30"],["gmail.com","7"],["epam.com","2"],["alibaba-inc.com","1"],["de.ibm.com","1"],["gruchalski.com","1"],["greghogan.com","1"]],"2016-11":[["apache.org","15"],["gmail.com","12"],["epam.com","10"],["alibaba-inc.com","2"],["emc.com","2"],["netflix.com","1"],["data-artisans.com","1"],["mindlytix.com","1"],["inuits.eu","1"],["sics.se","1"],["greghogan.com","1"]],"2016-12":[["apache.org","21"],["gmail.com","7"],["data-artisans.com","4"],["alibaba-inc.com","3"],["smartx.eu","1"],["epam.com","1"],["emc.com","1"],["siliconcat.co.uk","1"],["tonyweis-MacBook-Pro.local","1"]],"2017-01":[["apache.org","25"],["gmail.com","11"],["data-artisans.com","2"],["epam.com","2"],["brain-station.com","1"],["126.com","1"],["zweitag.de","1"],["godatadriven.com","1"],["alibaba-inc.com","1"],["yahoo.com","1"],["emc.com","1"],["163.com","1"],["greghogan.com","1"],["huawei.com","1"],["alpinegizmo.com","1"]],"2017-02":[["apache.org","21"],["gmail.com","11"],["alibaba-inc.com","5"],["intel.com","2"],["163.com","2"],["signavio.com","1"],["godatadriven.com","1"],["patricklucas.com","1"],["data-artisans.com","1"],["greghogan.com","1"],["huawei.com","1"],["alpinegizmo.com","1"]],"2017-03":[["apache.org","19"],["gmail.com","16"],["alibaba-inc.com","6"],["huawei.com","4"],["greghogan.com","2"],["mediamath.com","1"],["radicalbit.io","1"],["getindata.com","1"],["patricklucas.com","1"],["data-artisans.com","1"],["qq.com","1"],["campuslabs.com","1"],["applift.com","1"],["ymail.com","1"],["aliyun.com","1"],["klarna.com","1"]],"2017-04":[["gmail.com","19"],["apache.org","12"],["data-artisans.com","6"],["alibaba-inc.com","3"],["163.com","2"],["instructure.com","2"],["users.noreply.github.com","1"],["informatik.uni-leipzig.de","1"],["aliyun.com","1"],["greghogan.com","1"],["huawei.com","1"]],"2017-05":[["apache.org","19"],["gmail.com","17"],["informatik.uni-leipzig.de","3"],["data-artisans.com","3"],["greghogan.com","3"],["alibaba-inc.com","2"],["gosub.pl","1"],["innogames.com","1"],["patricklucas.com","1"],["netflix.com","1"],["epam.com","1"],["aliyun.com","1"],["emc.com","1"],["163.com","1"],["alpinegizmo.com","1"]],"2017-06":[["apache.org","16"],["gmail.com","5"],["163.com","4"],["data-artisans.com","3"],["alibaba-inc.com","3"],["getindata.com","1"],["ymail.com","1"],["firma.seznam.cz","1"]],"2017-07":[["apache.org","18"],["gmail.com","8"],["alibaba-inc.com","3"],["greghogan.com","3"],["data-artisans.com","1"],["uber.com","1"],["huawei.com","1"]],"2017-08":[["gmail.com","13"],["apache.org","12"],["data-artisans.com","2"],["qq.com","2"],["alibaba-inc.com","2"],["163.com","2"],["microsoft.com","1"],["meituan.com","1"],["emc.com","1"]],"2017-09":[["gmail.com","16"],["apache.org","5"],["163.com","3"],["uber.com","2"],["data-artisans.com","2"],["cisco.com","1"],["qq.com","1"],["epam.com","1"],["aliyun.com","1"],["greghogan.com","1"]],"2017-10":[["gmail.com","13"],["apache.org","9"],["data-artisans.com","4"],["alibaba-inc.com","2"],["nerdheim.de","1"],["innogames.com","1"],["tngtech.com","1"],["didichuxing.com","1"],["aliyun.com","1"],["emc.com","1"],["163.com","1"]],"2017-11":[["gmail.com","13"],["apache.org","13"],["data-artisans.com","3"],["greghogan.com","2"],["remitly.com","1"],["cristian.io","1"],["uber.com","1"],["qq.com","1"],["alibaba-inc.com","1"],["mesosphere.io","1"],["accretivetg.com","1"]],"2017-12":[["gmail.com","11"],["apache.org","8"],["alibaba-inc.com","2"],["greghogan.com","2"],["uber.com","1"],["data-artisans.com","1"],["mesosphere.io","1"],["accretivetg.com","1"],["360.cn","1"]],"2018-01":[["apache.org","23"],["gmail.com","13"],["data-artisans.com","5"],["alibaba-inc.com","4"],["okumin.com","1"],["digitaaldier.nl","1"],["uber.com","1"]],"2018-02":[["apache.org","17"],["gmail.com","5"],["data-artisans.com","4"],["yahoo.com","4"],["digitaaldier.nl","2"],["163.com","2"],["parallelmachines.com","1"],["uber.com","1"],["salecycle.com","1"],["aliyun.com","1"]],"2018-03":[["apache.org","11"],["gmail.com","10"],["data-artisans.com","4"],["163.com","2"],["lyft.com","1"],["marktplaats.nl","1"],["qq.com","1"],["aliyun.com","1"],["tencent.com","1"],["noris.de","1"]],"2018-04":[["apache.org","14"],["gmail.com","7"],["data-artisans.com","5"],["163.com","3"],["alibaba-inc.com","2"],["qq.com","1"],["uber.com","1"],["ebay.com","1"]],"2018-05":[["apache.org","19"],["gmail.com","17"],["data-artisans.com","3"],["163.com","3"],["users.noreply.github.com","2"],["uber.com","1"],["alibaba-inc.com","1"],["epam.com","1"],["tencent.com","1"],["linkresearchtools.org","1"],["corp.netease.com","1"]],"2018-06":[["gmail.com","12"],["apache.org","9"],["icloud.com","4"],["163.com","4"],["data-artisans.com","2"],["pmu.fr","2"],["JohnDeere.com","1"],["fastmail.com","1"],["#123zxcQ","1"],["hotmail.com","1"],["uber.com","1"],["didichuxing.com","1"],["yahoo.com","1"]],"2018-07":[["gmail.com","19"],["apache.org","13"],["data-artisans.com","5"],["patricklucas.com","3"],["qq.com","2"],["163.com","2"],["8x8.com","1"],["icloud.com","1"],["att.com","1"],["users.noreply.github.com","1"],["cleverdata.ru","1"],["lyft.com","1"],["marktplaats.nl","1"],["epam.com","1"],["dev05v.sys.corp.qihoo.net","1"],["youzan.com","1"],["yahoo.com","1"],["go-mmt.com","1"],["amazon.com","1"]],"2018-08":[["gmail.com","17"],["apache.org","8"],["data-artisans.com","4"],["163.com","4"],["users.noreply.github.com","3"],["hotmail.com","3"],["qq.com","2"],["icloud.com","1"],["lyft.com","1"],["uber.com","1"],["didichuxing.com","1"],["us.fujitsu.com","1"],["epam.com","1"],["dev05v.sys.corp.qihoo.net","1"],["alpinegizmo.com","1"]],"2018-09":[["gmail.com","9"],["apache.org","8"],["data-artisans.com","3"],["qq.com","3"],["users.noreply.github.com","2"],["youzan.com","2"],["ad1-zwt.corp.qihoo.net","1"],["gojuno.com","1"],["nerdheim.de","1"],["zte.com.cn","1"],["lyft.com","1"],["hotmail.com","1"],["didichuxing.com","1"],["us.fujitsu.com","1"],["foxmail.com","1"],["live.com","1"],["163.com","1"]],"2018-10":[["gmail.com","26"],["apache.org","13"],["data-artisans.com","5"],["qq.com","4"],["users.noreply.github.com","3"],["outlook.com","2"],["alibaba-inc.com","2"],["manuel-hoffmann.info","1"],["uber.com","1"],["didichuxing.com","1"],["aliyun.com","1"],["youzan.com","1"]],"2018-11":[["gmail.com","15"],["apache.org","10"],["data-artisans.com","4"],["163.com","3"],["users.noreply.github.com","2"],["qq.com","2"],["aliyun.com","2"],["hotmail.com","1"],["uber.com","1"],["cisco.com","1"],["vipshop.com","1"],["alibaba-inc.com","1"],["aitozi.com","1"],["thinkbiganalytics.com","1"]],"2018-12":[["gmail.com","13"],["apache.org","11"],["data-artisans.com","4"],["qq.com","4"],["users.noreply.github.com","3"],["alibaba-inc.com","2"],["163.com","2"],["me.com","1"],["126.com","1"],["youzan.com","1"],["zju.edu.cn","1"],["linecorp.com","1"]],"2019-01":[["gmail.com","24"],["apache.org","12"],["qq.com","7"],["alibaba-inc.com","6"],["163.com","5"],["data-artisans.com","4"],["users.noreply.github.com","2"],["aliyun.com","2"],["","1"],["yeah.net","1"],["126.com","1"],["cristian.io","1"],["go-jek.com","1"],["uber.com","1"],["youzan.com","1"],["JZ.local","1"],["live.com","1"],["instructure.com","1"]],"2019-02":[["gmail.com","25"],["apache.org","13"],["users.noreply.github.com","4"],["data-artisans.com","3"],["163.com","2"],["yeah.net","1"],["gojuno.com","1"],["driesprong.frl","1"],["126.com","1"],["lyft.com","1"],["zte.com.cn","1"],["ververica.com","1"],["qq.com","1"],["alibaba-inc.com","1"],["aliyun.com","1"],["tencent.com","1"],["guazi.com","1"],["live.com","1"]],"2019-03":[["gmail.com","21"],["apache.org","11"],["users.noreply.github.com","6"],["qq.com","5"],["aliyun.com","4"],["163.com","3"],["lyft.com","2"],["data-artisans.com","2"],["126.com","1"],["hotmail.com","1"],["alibaba-inc.com","1"],["live.com","1"]],"2019-04":[["gmail.com","27"],["apache.org","7"],["ly.com","5"],["qq.com","5"],["aliyun.com","5"],["users.noreply.github.com","4"],["126.com","3"],["alibaba-inc.com","3"],["163.com","3"],["bytedance.com","1"],["uber.com","1"],["criteo.com","1"],["data-artisans.com","1"],["sui.com","1"],["youzan.com","1"],["zju.edu.cn","1"],["live.com","1"],["eoitek.com","1"],["corp.netease.com","1"]],"2019-05":[["gmail.com","27"],["apache.org","16"],["aliyun.com","4"],["users.noreply.github.com","3"],["data-artisans.com","3"],["qq.com","3"],["alibaba-inc.com","3"],["163.com","3"],["126.com","2"],["xiaomi.com","2"],["netflix.com","2"],["pierrezemb.fr","1"],["onepoint62.com","1"],["lyft.com","1"],["tegonal.com","1"],["dcadmins-mac.local","1"],["didiglobal.com","1"],["cainiao.com","1"],["bol.com","1"],["foxmail.com","1"],["live.com","1"]],"2019-06":[["gmail.com","31"],["apache.org","10"],["alibaba-inc.com","9"],["qq.com","4"],["163.com","4"],["users.noreply.github.com","3"],["aliyun.com","3"],["foxmail.com","3"],["ververica.com","2"],["126.com","1"],["outlook.com","1"],["live.com","1"]],"2019-07":[["gmail.com","31"],["apache.org","14"],["alibaba-inc.com","10"],["foxmail.com","7"],["163.com","5"],["users.noreply.github.com","4"],["qq.com","3"],["aliyun.com","3"],["data-artisans.com","2"],["youzan.com","2"],["yeah.net","1"],["126.com","1"],["uber.com","1"],["ververica.com","1"],["vipshop.com","1"],["bol.com","1"],["firma.seznam.cz","1"],["live.com","1"]],"2019-08":[["gmail.com","26"],["apache.org","17"],["alibaba-inc.com","11"],["163.com","5"],["ververica.com","4"],["data-artisans.com","2"],["qq.com","2"],["aliyun.com","2"],["users.noreply.github.com","1"],["126.com","1"],["gentlewangdeMacBook-Pro.local","1"],["comcast.com","1"],["hotmail.com","1"],["weli.cn","1"],["netflix.com","1"],["salecycle.com","1"],["bol.com","1"],["foxmail.com","1"],["360.cn","1"],["live.com","1"],["cloudera.com","1"],["boto.pro","1"],["ZBMAC-C02WD3K5H.local","1"]],"2019-09":[["gmail.com","17"],["apache.org","12"],["alibaba-inc.com","8"],["live.com","6"],["users.noreply.github.com","3"],["outlook.com","3"],["ververica.com","2"],["aliyun.com","2"],["163.com","2"],["trackunit.com","1"],["lyft.com","1"],["growingio.com","1"],["criteo.com","1"],["palantir.com","1"],["foxmail.com","1"],["360.cn","1"],["cloudera.com","1"],["alpinegizmo.com","1"]],"2019-10":[["gmail.com","25"],["ververica.com","11"],["apache.org","10"],["users.noreply.github.com","5"],["163.com","5"],["alibaba-inc.com","4"],["qq.com","3"],["aliyun.com","3"],["amazon.com","2"],["koubei.com","1"],["fawad.net","1"],["126.com","1"],["xiaomi.com","1"],["uber.com","1"],["outlook.com","1"],["didichuxing.com","1"],["foxmail.com","1"],["zju.edu.cn","1"],["live.com","1"],["transparencyrights.com","1"],["alpinegizmo.com","1"]],"2019-11":[["gmail.com","40"],["apache.org","22"],["alibaba-inc.com","4"],["163.com","4"],["users.noreply.github.com","3"],["ververica.com","2"],["qq.com","2"],["boto.pro","2"],["corp.netease.com","1"],["trackunit.com","1"],["appdirect.com","1"],["uber.com","1"],["outlook.com","1"],["jacobs-mbp.attlocal.net","1"],["aliyun.com","1"],["firma.seznam.cz","1"],["zju.edu.cn","1"],["live.com","1"],["amazon.com","1"],["huawei.com","1"]],"2019-12":[["gmail.com","28"],["apache.org","17"],["163.com","8"],["alibaba-inc.com","7"],["ververica.com","3"],["aliyun.com","3"],["foxmail.com","3"],["users.noreply.github.com","2"],["dfdx.me","2"],["trivand.com","1"],["xiaomi.com","1"],["uber.com","1"],["netflix.com","1"],["US-164288MP.local","1"],["qq.com","1"],["kth.se","1"],["zju.edu.cn","1"],["live.com","1"],["amazon.com","1"],["mux.com","1"]],"2020-01":[["gmail.com","35"],["apache.org","15"],["alibaba-inc.com","8"],["users.noreply.github.com","4"],["aliyun.com","4"],["163.com","4"],["126.com","2"],["ververica.com","2"],["oushaobin.cn","2"],["trivand.com","1"],["lyft.com","1"],["smail.nju.edu.cn","1"],["uber.com","1"],["jd.com","1"],["criteo.com","1"],["didichuxing.com","1"],["live.de","1"],["killxdcj.com","1"],["live.com","1"],["asseco.pl","1"]],"2020-02":[["gmail.com","28"],["apache.org","20"],["163.com","6"],["alibaba-inc.com","5"],["users.noreply.github.com","3"],["aliyun.com","2"],["126.com","1"],["uber.com","1"],["ververica.com","1"],["jd.com","1"],["criteo.com","1"],["qq.com","1"],["basjes.nl","1"],["ymail.com","1"],["foxmail.com","1"],["yahoo.com","1"],["tencent.com","1"],["zju.edu.cn","1"]],"2020-03":[["gmail.com","42"],["apache.org","18"],["qq.com","7"],["alibaba-inc.com","6"],["users.noreply.github.com","4"],["163.com","4"],["ververica.com","3"],["126.com","2"],["foxmail.com","2"],["xiaohongshu.com","1"],["bytedance.com","1"],["uber.com","1"],["dtstack.com","1"],["basjes.nl","1"],["et-c02y86hzjg5h.fkipl.flipkart.com","1"],["aliyun.com","1"],["tencent.com","1"]],"2020-04":[["gmail.com","34"],["apache.org","20"],["alibaba-inc.com","9"],["163.com","7"],["users.noreply.github.com","3"],["ververica.com","2"],["connect.hku.hk","2"],["alpinegizmo.com","2"],["126.com","1"],["qq.com","1"],["aliyun.com","1"],["foxmail.com","1"],["live.com","1"]],"2020-05":[["gmail.com","42"],["apache.org","23"],["alibaba-inc.com","9"],["163.com","9"],["users.noreply.github.com","5"],["qq.com","5"],["aliyun.com","2"],["Gurus-MacBook-Pro.local","1"],["bytedance.com","1"],["smail.nju.edu.cn","1"],["sina.com","1"],["ververica.com","1"],["outlook.com","1"],["genesys.com","1"],["basjes.nl","1"],["yahoo.com","1"],["zju.edu.cn","1"],["live.com","1"],["cloudera.com","1"],["alpinegizmo.com","1"]],"2020-06":[["gmail.com","33"],["apache.org","16"],["163.com","13"],["alibaba-inc.com","5"],["qq.com","4"],["users.noreply.github.com","3"],["126.com","3"],["aliyun.com","2"],["","2"],["contino.io","1"],["uber.com","1"],["ververica.com","1"],["criteo.com","1"],["yelp.com","1"],["hotmail.com","1"],["vipshop.com","1"],["krasinski.biz","1"],["ls-al.me","1"],["bytedance.com","1"],["basjes.nl","1"],["meituan.com","1"],["yunwang.io","1"],["foxmail.com","1"],["guazi.com","1"],["zju.edu.cn","1"],["live.com","1"],["vimr.cz","1"],["alpinegizmo.com","1"]],"2020-07":[["gmail.com","25"],["apache.org","13"],["163.com","5"],["alibaba-inc.com","4"],["qq.com","4"],["users.noreply.github.com","2"],["geospatial-insight.com","1"],["gotinder.com","1"],["uber.com","1"],["ververica.com","1"],["outlook.com","1"],["vivo.com","1"],["viacesi.fr","1"],["126.com","1"],["basjes.nl","1"],["kuaishou.com","1"],["aliyun.com","1"],["firma.seznam.cz","1"],["foxmail.com","1"],["yahoo.com","1"],["live.com","1"],["me.com","1"],["authuir.com","1"],["navercorp.com","1"],["B-QGSKMD6M-2117.local","1"]],"2020-08":[["gmail.com","22"],["apache.org","12"],["163.com","8"],["users.noreply.github.com","7"],["alibaba-inc.com","6"],["ververica.com","3"],["outlook.com","3"],["qq.com","3"],["criteo.com","2"],["WWDZ1234","2"],["qutoutiao.net","1"],["deepglint.com","1"],["me.com","1"],["kuaishou.com","1"],["live.de","1"],["aliyun.com","1"],["dfdx.me","1"],["tencent.com","1"],["amazon.com","1"],["cloudera.com","1"],["dreampix.cn","1"]],"2020-09":[["gmail.com","26"],["apache.org","13"],["163.com","10"],["alibaba-inc.com","6"],["qq.com","4"],["users.noreply.github.com","3"],["amazon.com","3"],["ververica.com","2"],["aliyun.com","2"],["alumnos.uai.cl","2"],["qutoutiao.net","1"],["126.com","1"],["godatadriven.com","1"],["outlook.com","1"],["smartnews.com","1"],["kuaishou.com","1"],["live.com","1"],["cloudera.com","1"]],"2020-10":[["gmail.com","32"],["apache.org","14"],["163.com","10"],["users.noreply.github.com","7"],["alibaba-inc.com","5"],["qq.com","4"],["ververica.com","2"],["outlook.com","2"],["qutoutiao.net","1"],["126.com","1"],["promoted.ai","1"],["aliyun.com","1"],["foxmail.com","1"],["connect.hku.hk","1"],["mail.umkc.edu","1"],["live.com","1"],["inspur.com","1"],["amazon.com","1"],["cloudera.com","1"]],"2020-11":[["gmail.com","31"],["apache.org","15"],["qq.com","7"],["alibaba-inc.com","7"],["163.com","7"],["users.noreply.github.com","4"],["ververica.com","3"],["126.com","2"],["didichuxing.com","2"],["inspur.com","2"],["amazon.com","2"],["qutoutiao.net","1"],["meituan.com","1"],["king.com","1"],["outlook.com","1"],["jd.com","1"],["netflix.com","1"],["vipshop.com","1"],["palantir.com","1"],["aliyun.com","1"],["live.com","1"],["icekredit.com","1"],["alpinegizmo.com","1"]],"2020-12":[["gmail.com","30"],["apache.org","16"],["users.noreply.github.com","9"],["163.com","9"],["alibaba-inc.com","5"],["qq.com","4"],["outlook.com","2"],["bytedance.com","1"],["cristian.io","1"],["mail.sustech.edu.cn","1"],["pinterest.com","1"],["ververica.com","1"],["lightbend.com","1"],["foxmail.com","1"],["live.com","1"],["amazon.com","1"],["cloudera.com","1"]],"2021-01":[["gmail.com","18"],["apache.org","12"],["users.noreply.github.com","10"],["163.com","7"],["126.com","3"],["alibaba-inc.com","3"],["ververica.com","2"],["yeah.net","1"],["smail.nju.edu.cn","1"],["hotmail.com","1"],["jd.com","1"],["outlook.com","1"],["disneystreaming.com","1"],["qq.com","1"],["servyou.com.cn","1"],["firma.seznam.cz","1"],["hulu.com","1"],["live.com","1"],["amazon.com","1"],["cloudera.com","1"]],"2021-02":[["gmail.com","17"],["apache.org","11"],["users.noreply.github.com","5"],["163.com","4"],["qq.com","3"],["ververica.com","2"],["tngtech.com","1"],["126.com","1"],["mail.sustech.edu.cn","1"],["getindata.com","1"],["touk.pl","1"],["alibaba-inc.com","1"],["lightbend.com","1"],["foxmail.com","1"],["tencent.com","1"],["live.com","1"]],"2021-03":[["gmail.com","31"],["apache.org","14"],["users.noreply.github.com","13"],["qq.com","7"],["163.com","6"],["foxmail.com","3"],["alibaba-inc.com","3"],["ververica.com","3"],["126.com","2"],["faire.ai","1"],["idealista.com","1"],["jd.com","1"],["getindata.com","1"],["outlook.com","1"],["didichuxing.com","1"],["autophagy.io","1"],["criteo.com","1"],["koolearn.com","1"],["hotmail.com","1"],["bytedance.com","1"],["dell.com","1"],["live.com","1"],["tngtech.com","1"],["yandex.ru","1"],["autohome.com","1"]],"2021-04":[["gmail.com","32"],["apache.org","10"],["users.noreply.github.com","7"],["163.com","6"],["qq.com","5"],["alibaba-inc.com","4"],["126.com","3"],["dtstack.com","3"],["jd.com","2"],["ververica.com","2"],["yeah.net","1"],["dayuwuxian.com","1"],["tngtech.com","1"],["smail.nju.edu.cn","1"],["splunk.com","1"],["outlook.com","1"],["intel.com","1"],["aliyun.com","1"],["foxmail.com","1"],["tencent.com","1"],["live.com","1"],["yandex.ru","1"],["oracle.com","1"]],"2021-05":[["gmail.com","20"],["apache.org","15"],["users.noreply.github.com","7"],["ververica.com","7"],["163.com","5"],["126.com","3"],["sina.com","2"],["yandex.ru","2"],["didachuxing.com","1"],["tngtech.com","1"],["smail.nju.edu.cn","1"],["jd.com","1"],["gloutnikov.com","1"],["qq.com","1"],["alibaba-inc.com","1"],["foxmail.com","1"],["tencent.com","1"],["inspur.com","1"],["live.com","1"],["amazon.com","1"],["authuir.com","1"]],"2021-06":[["gmail.com","23"],["apache.org","12"],["qq.com","7"],["users.noreply.github.com","6"],["163.com","3"],["alibaba-inc.com","3"],["126.com","3"],["outlook.com","3"],["sina.com","2"],["ververica.com","2"],["yeah.net","1"],["king.com","1"],["hotmail.com","1"],["dtstack.com","1"],["leiyanfeideMacBook-Pro.local","1"],["bytedance.com","1"],["tngtech.com","1"],["aliyun.com","1"],["live.com","1"],["deep.bi","1"],["wayfair.com","1"],["yandex.ru","1"],["shopee.com","1"],["alpinegizmo.com","1"]],"2021-07":[["gmail.com","26"],["apache.org","20"],["users.noreply.github.com","7"],["163.com","5"],["qq.com","4"],["alibaba-inc.com","4"],["126.com","3"],["ververica.com","3"],["hotmail.com","2"],["2symbols.com","1"],["tngtech.com","1"],["gmx.com","1"],["smail.nju.edu.cn","1"],["dtstack.com","1"],["autophagy.io","1"],["streamnative.io","1"],["ZBMac-C02DW5SMMD6P.local","1"],["foxmail.com","1"],["inspur.com","1"],["deep.bi","1"],["yandex.ru","1"]],"2021-08":[["gmail.com","22"],["users.noreply.github.com","14"],["apache.org","13"],["163.com","8"],["alibaba-inc.com","5"],["126.com","4"],["qq.com","4"],["ververica.com","3"],["tngtech.com","2"],["outlook.com","2"],["linkedin.com","1"],["hotmail.com","1"],["autophagy.io","1"],["streamnative.io","1"],["aliyun.com","1"],["foxmail.com","1"],["live.com","1"],["deep.bi","1"],["amazon.com","1"],["yandex.ru","1"]],"2021-09":[["gmail.com","28"],["apache.org","9"],["163.com","6"],["alibaba-inc.com","6"],["users.noreply.github.com","5"],["ververica.com","5"],["126.com","4"],["qq.com","3"],["2symbols.com","2"],["yandex.ru","2"],["amazon.com","2"],["aliyun.com","2"],["aalto.fi","1"],["outlook.com","1"],["streamnative.io","1"],["hotmail.com","1"],["scudellari.com","1"],["tencent.com","1"],["live.com","1"],["gmx.com","1"],["dell.com","1"],["tngtech.com","1"],["berkeley.edu","1"],["amazon.de","1"],["flink.local","1"]],"2021-10":[["gmail.com","13"],["apache.org","6"],["users.noreply.github.com","3"],["163.com","3"],["alibaba-inc.com","2"],["2symbols.com","1"],["tngtech.com","1"],["agora.com","1"],["ververica.com","1"],["intel.com","1"],["qq.com","1"],["nanmu.me","1"],["foxmail.com","1"],["amazon.com","1"],["yandex.ru","1"],["hotmail.co.uk","1"]],"2021-11":[["gmail.com","19"],["users.noreply.github.com","9"],["apache.org","6"],["163.com","5"],["126.com","4"],["ververica.com","3"],["alibaba-inc.com","2"],["qq.com","2"],["2symbols.com","2"],["outlook.com","1"],["sina.com","1"],["hotmail.com","1"],["instacart.com","1"],["dtstack.com","1"],["brynski.pl","1"],["lnmiit.ac.in","1"],["bytedance.com","1"],["antfin.com","1"],["live.cn","1"],["live.com","1"],["deep.bi","1"],["eoitek.com","1"],["tngtech.com","1"],["yandex.ru","1"],["alpinegizmo.com","1"]],"2021-12":[["gmail.com","24"],["users.noreply.github.com","6"],["apache.org","6"],["163.com","4"],["amazon.com","3"],["ververica.com","3"],["2symbols.com","2"],["126.com","2"],["bytedance.com","2"],["outlook.com","2"],["smail.nju.edu.cn","1"],["busymind101.com","1"],["instacart.com","1"],["operata.com","1"],["qq.com","1"],["alibaba-inc.com","1"],["kuaishou.com","1"],["cn","1"],["aliyun.com","1"],["foxmail.com","1"],["live.com","1"],["konstantin-knauf.de","1"],["tngtech.com","1"],["yandex.ru","1"]],"2022-01":[["gmail.com","29"],["apache.org","10"],["qq.com","9"],["ververica.com","5"],["163.com","4"],["alibaba-inc.com","3"],["2symbols.com","2"],["sina.com","2"],["outlook.com","2"],["126.com","2"],["ruc.edu.cn","2"],["kuaishou.com","2"],["amazon.com","2"],["users.noreply.github.com","2"],["idealista.com","1"],["hotmail.com","1"],["growingio.com","1"],["autophagy.io","1"],["liulishuo.com","1"],["foxmail.com","1"],["360.cn","1"],["yahoo.com","1"],["live.com","1"],["yandex.ru","1"],["bitdefender.com","1"],["zepp.com","1"],["staff.sina.com.cn","1"]],"2022-02":[["gmail.com","28"],["apache.org","9"],["users.noreply.github.com","7"],["alibaba-inc.com","7"],["hotmail.com","4"],["ververica.com","4"],["2symbols.com","2"],["126.com","2"],["autophagy.io","2"],["qq.com","2"],["amazon.com","2"],["163.com","2"],["instacart.com","1"],["brynski.pl","1"],["jd.com","1"],["streamnative.io","1"],["kuaishou.com","1"],["foxmail.com","1"],["live.com","1"],["yandex.ru","1"]],"2022-03":[["gmail.com","30"],["apache.org","7"],["qq.com","7"],["163.com","6"],["users.noreply.github.com","6"],["ververica.com","5"],["126.com","4"],["amazon.com","2"],["2symbols.com","1"],["cainiao.com","1"],["skraba.com","1"],["xiaomi.com","1"],["autophagy.io","1"],["hotmail.com","1"],["streamnative.io","1"],["alibaba-inc.com","1"],["aiven.io","1"],["kuaishou.com","1"],["cn","1"],["aliyun.com","1"],["tencent.com","1"],["live.com","1"],["bytedance.com","1"],["pereira.io","1"],["yandex.ru","1"],["360.com","1"]],"2022-04":[["gmail.com","24"],["163.com","9"],["apache.org","8"],["ververica.com","6"],["users.noreply.github.com","5"],["126.com","4"],["qq.com","4"],["alibaba-inc.com","3"],["outlook.com","2"],["aol.com","1"],["bytedance.com","1"],["jidu000136.local","1"],["cainiao.com","1"],["jd.com","1"],["ibm.com","1"],["streamnative.io","1"],["360.com","1"]],"2022-05":[["gmail.com","23"],["apache.org","17"],["163.com","4"],["users.noreply.github.com","3"],["ververica.com","2"],["alibaba-inc.com","2"],["126.com","1"],["hotmail.com","1"],["jd.com","1"],["sina.com","1"],["outlook.com","1"],["qq.com","1"],["streamnative.io","1"],["kuaishou.com","1"],["foxmail.com","1"],["pm.me","1"],["hulu.com","1"],["live.com","1"]],"2022-06":[["gmail.com","23"],["apache.org","10"],["users.noreply.github.com","7"],["163.com","6"],["qq.com","4"],["alibaba-inc.com","4"],["alumni.sjtu.edu.cn","2"],["foxmail.com","2"],["amazon.com","2"],["qdama.cn","1"],["tsingyun.link","1"],["bytedance.com","1"],["meituan.com","1"],["sina.com","1"],["outlook.com","1"],["connect.hku.hk","1"],["360.cn","1"],["tencent.com","1"],["pingcap.com","1"],["yandex.ru","1"]],"2022-07":[["gmail.com","29"],["apache.org","8"],["163.com","8"],["qq.com","7"],["users.noreply.github.com","3"],["alibaba-inc.com","3"],["foxmail.com","3"],["126.com","2"],["ververica.com","2"],["alumni.sjtu.edu.cn","2"],["me.com","1"],["bytedance.com","1"],["apple.com","1"],["sina.com","1"],["outlook.com","1"],["jd.com","1"],["ip-10-31-1-150.us-west-2.compute.internal","1"],["streamnative.io","1"],["live.com","1"],["amazon.com","1"],["yandex.ru","1"],["alpinegizmo.com","1"]],"2022-08":[["gmail.com","31"],["163.com","14"],["apache.org","11"],["qq.com","8"],["users.noreply.github.com","4"],["alibaba-inc.com","4"],["bytedance.com","2"],["126.com","2"],["outlook.com","2"],["alumni.sjtu.edu.cn","2"],["sina.com","1"],["streamnative.io","1"],["xtransfer.cn","1"],["kuaishou.com","1"],["foxmail.com","1"],["360.cn","1"],["live.com","1"],["amazon.com","1"]],"2022-09":[["gmail.com","38"],["163.com","10"],["qq.com","7"],["users.noreply.github.com","5"],["apache.org","5"],["streamnative.io","4"],["alumni.sjtu.edu.cn","2"],["126.com","1"],["promoted.ai","1"],["skraba.com","1"],["idealista.com","1"],["outlook.com","1"],["aiven.io","1"],["alibaba-inc.com","1"]],"2022-10":[["gmail.com","27"],["apache.org","11"],["163.com","11"],["users.noreply.github.com","8"],["alumni.sjtu.edu.cn","2"],["amazon.com","2"],["vungle.com","1"],["databricks.com","1"],["126.com","1"],["apple.com","1"],["xiaomi.com","1"],["outlook.com","1"],["qq.com","1"],["aiven.io","1"],["streamnative.io","1"],["htmlism.com","1"],["foxmail.com","1"],["pm.me","1"],["tencent.com","1"],["sensorsdata.cn","1"],["berkeley.edu","1"],["corp.netease.com","1"]],"2022-11":[["gmail.com","23"],["apache.org","9"],["users.noreply.github.com","5"],["163.com","3"],["apple.com","2"],["qq.com","2"],["amazon.com","2"],["corp.netease.com","2"],["databricks.com","1"],["bytedance.com","1"],["czchen.org","1"],["outlook.com","1"],["alumni.sjtu.edu.cn","1"],["aiven.io","1"],["streamnative.io","1"],["mwam.com","1"],["shopify.com","1"],["berkeley.edu","1"],["3c22fba1b03f.ant.amazon.com","1"]],"2022-12":[["gmail.com","24"],["apache.org","6"],["163.com","3"],["qq.com","2"],["users.noreply.github.com","1"],["gigacloudtech.com","1"],["apple.com","1"],["alumni.sjtu.edu.cn","1"],["streamnative.io","1"],["aiven.io","1"],["alibaba-inc.com","1"],["amazon.com","1"],["googlemail.com","1"],["berkeley.edu","1"]],"2023-01":[["gmail.com","26"],["apache.org","9"],["users.noreply.github.com","5"],["apple.com","4"],["qq.com","4"],["163.com","4"],["alumni.sjtu.edu.cn","2"],["lyft.com","1"],["hotmail.com","1"],["outlook.com","1"],["aiven.io","1"],["alibaba-inc.com","1"],["kuaishou.com","1"],["live.com","1"],["amazon.com","1"]],"2023-02":[["gmail.com","32"],["apache.org","5"],["163.com","5"],["users.noreply.github.com","4"],["qq.com","4"],["alumni.sjtu.edu.cn","2"],["linkedin.com","1"],["126.com","1"],["bytedance.com","1"],["apple.com","1"],["hotmail.com","1"],["aiven.io","1"],["kuaishou.com","1"],["tencent.com","1"],["amazon.com","1"],["deepexi.com","1"]],"2023-03":[["gmail.com","22"],["apache.org","10"],["qq.com","5"],["163.com","5"],["users.noreply.github.com","2"],["126.com","2"],["apple.com","2"],["alibaba-inc.com","2"],["","1"],["hotmail.com","1"],["outlook.com","1"],["alumni.sjtu.edu.cn","1"],["aiven.io","1"],["live.com","1"],["berkeley.edu","1"],["confluent.io","1"],["deepexi.com","1"],["boto.pro","1"]]}