{"2015-01":["mbalassi","StephanEwen","fhueske","senorcarbone"],"2015-02":["aljoscha","tillrohrmann","mxm"],"2015-03":["gyfora","rmetzger"],"2015-04":["zentol"],"2015-08":["szape"],"2015-11":["smarthi"],"2016-03":["lifanxi"],"2016-06":["dyanarose"],"2016-07":["kl0u","twalthr"],"2016-08":["uce"],"2016-10":["KurtYoung"],"2017-03":["StefanRRichter"],"2017-06":["wuchong"],"2017-07":["tzulitai"],"2017-11":["pnowojski"],"2018-06":["tweise"],"2018-07":["dawidwys","JoeMalt","lsyldliu","leeeeeo","patricklucas"],"2018-08":["Aitozi","kisimple","maqingxiang","hiroakiy","tisonkun","NicoK","tragicjun","bowenli86","WheresAlice","alex-arkhipov","GJL","andrew-half","walterddr","yanghua"],"2018-09":["dmpalyvos","lamber-ken","klion26","zhijiangW"],"2018-10":["ifndef-SleePy","zjffdu","azagrebin","contradictioned","Guibo-Pan","markcho","bmeriaux","sjwiesman","xueyumusic","isunjin","linzhaoming"],"2018-11":["xinchun-wang","link3280","knaufk","kkolman","sepulrator","kingbase","KarmaGYZ","igalshilman","Mododo","hequn8128","mai-nakagawa"],"2018-12":["jparkie","joerg84","mousepotato","yxu-valleytider","zzchun","leesf"],"2019-01":["wangzzu","itdamo","tony810430","DreamsZM","Asura7969","intsmaze","eaglewatcherwb","libenchao","jinglining","Fokko","wenhuitang"],"2019-02":["mb-datadome","Myasuka","jgrier","wujinhu","123avi","lzh3636","kezhuw","1u0","rehevkor5","carp84","yuqi1129"],"2019-03":["angoenka","Tom-Goong","godfreyhe","Jiezhi","beyond1920","carryxyh","scott-mitchell","glaksh100","stephenc","suxinglee","JingsongLi","chummyhe89","romanovacca"],"2019-04":["kbohinski","xuefuz","Kejian-Li","mjl18758265781","Clarkkkkk","Ryantaocer","tianchen92","liyafan82","art4ul","bd2019us"],"2019-05":["PierreZ","Xeli","danny0405","a-romero","Leeviiii","zhuzhurk","mr-cloud","zorro786","HeartSaVioR","kailashhd","robstoll"],"2019-06":["becketqin","sunjincheng121","mans2singh","dianfu","hehuiyuan","sunhaibotb","aloyszhang"],"2019-07":["banmoy","gaoyunhaii","YngwieWang","HuangXingBo","WeiZhong94","ye-lun","docete","lirui-apache","dmvk","tsreaper"],"2019-08":["AHeise","haodang","eamontaaffe"],"2019-09":["zhengcanbin","kaibozhou","benoitparis","gaofeilong198810","mchro","vthinkxie"],"2019-10":["shining-huang","wsry","abhilashaseth","yangjf2019","wangxlong","Crack","Jiayi-Liao","an0","b923","alpinegizmo","mklein0","openinx","fhalim","wangyang0918","koonchen","Mrart"],"2019-11":["zoudaokoulife","leonardBang","wangxiyuan","cyq89051127","blacksunshine","spoon-lz","liupc","AT-Fieldless","mbode","jiemotongxue","jiasheng55","stayhsfLee"],"2019-12":["cesarsotovalero","zjuwangg","xintongsong","hwanju","shuttie","catkint","afedulov","caidezhi","rkhachatryan","MGloder"],"2020-01":["kottmann","killxdcj","natsumehu","saosir","comsir","ousheobin","guliziduo","paul8263","curcur","jrthe42","cshuo"],"2020-02":["iemejia","YuvalItzchakov","bdine","swhelan091","Yaaaaaaassica","ayushtkn","testfixer"],"2020-03":["Sxnan","fapaul","ThunderSuuuuu","manbuyun","mattwelke","zhangjun888","HuFeiHu","Ethanlm","shuai-xu","jingwen-ywb","nielsbasjes","wangxianghu","PatrickRen","guoweiM"],"2020-04":["Ruan-Xin","kylemeow","Godlumen","ijuma","qqibrow","SteNicholas","molsionmo","RaymondFarrelly","echauchot","jskrnbindra","oliveryunchang","wenlong88","caozhen1937","zenfenan"],"2020-05":["zhougit86","Gmoonnight","edu05","Zakelly","RocMarshal","guruprasad146","complone","fpompermaier","liying919","XBaith","wanglijie95","shuiqiangchen","zhule0601"],"2020-06":["DashShen","zhuxiaoshang","pyscala","yangyichao-mango","sbairos","yushujun","jvimr","fsk119","LululuAlu","Tartarus0zm","liuyongvs","Luxios22"],"2020-07":["Draczech","chaojianok","lzy3261944","twentyworld","wangwangdaxian","wtog","austince","tinder-dthomson"],"2020-08":["lonelyGhostisdog","DG-Wangtao","Fin-chan","rk13","huaouo","Shawn-Hx","qinjunjerry","brandonJY","Thesharing"],"2020-09":["stoiev","secondChoice","yingshin","meetjunsu","weizheng92","zoudan","XComp","PoojaChandak","crazyzhou"],"2020-10":["yuchuanchen","dforciea","autodidacticon","seunjjs","V1ncentzzZ","shizhengchao","shouweikun","miklosgergely","Myracle","sunxiaoguang","gm7y8","xiaoHoly","Yikun","qinghui-xu","zlzhang0122","gsralex","leitsiang"],"2020-11":["zhisheng17","gjlondon","dongxuwang","adiaixin","dufeng1010","confucianzuoyuan","YongjinZhou","xccui","liuyufei9527","zodo","vintageplayer","metaotao"],"2020-12":["sv3ndk","DinoZhang","cxiiiiiii","AkisAya","jjiey","atealxt","legendtkl","deadwind4","kougazhang","JackWangCS","florianakos","yuruguo","appleyuchi","bytesmithing","Sunt-ing","fornaix","zhongqishang","coolderli","xixingya","zoucao","casidiablo"],"2021-01":["1996fanrui","lmagic233","ammar1x","lometheus","dixingxing0","wangyemao-github","xuewang","LadyForest","chaozwn"],"2021-02":["sebastianliu","jiangxin369","harryge00","raghavgautam","wangpeibin713"],"2021-03":["lincoln-lil","zhoulii","yulei0824","JohnTeslaa","jibiyr","autophagy","l0n3r4n83r","hackergin","mohitpali","anlen321","onyourhead","rionmonster","Airblader","eskabetxe","humengyu2012","lindong28","KevinyhZou","bytesandwich","dannycranmer","xinggit","manner","Giackgamba"],"2021-04":["kanata163","hameizi","simenliuxing","Huachao","xmarker","michaelli916","iyupeng","zicat","dbgp2021","est08zw","hejiefang","YikSanChan","cemremengu","akalash"],"2021-05":["lqjack","JasonLeeCoding","Senhongl","youngwookim","lys0716","wysstartgo","95chenjz","zuston","ZhangChaoming","yittg","sasukerui","FuyaoLi2017","lixmgl","LinyuYao1021"],"2021-06":["tinawenqiao","liuyanpunk","GuokuaiHuang","cmick","hanwei-36","Zor-X-L","movesan","luoyuxia","mayuehappy","MikuSugar","pensz","pltbkd","fredia","jinxing64","ssoydan","iemre"],"2021-07":["ZhijieYang","lightghli","RollsBean","hapihu","pierre94","adavis9592","MartijnVisser","rovo98","edmondsky","zhangzhl5"],"2021-08":["ericliuk","saddays","trushev","srinipunuru","huxixiang","nicoweidner","Launche","hililiwei","GOODBOY008","predatorray","zch93","jianyun8023","empcl","liyubin117","yljee","shenzhu","KarlManong","elphastori","zhongjiajie","LB-Yu","bgeng777"],"2021-09":["NickBurkard","scudellari","zuoniduimian","JingGe","ruanhang1993","TennyZhuang","datayjz","mas-chen","amazingJing","zoltar9264","YesOrNo828","slinkydeveloper","infoverload","CrynetLogistics","SmirnovOleg","syhily","alpreu","xinbinhuang","zhwangke"],"2021-11":["alibahadirzeybek","yangjunhan","john-karp","wsz94","gaurav726","snuyanzin","camilesing","xiangqiao123","maver1ck","zzccctv"],"2021-12":["nuno-c-afonso","PxPt","vahmed-hamdy","liufangqi"],"2022-01":["matriv","jlon","biyuhao","ashulin","cuibo01","chenxyz707","masteryhx","dnutiu","dengziming","imaffe","sky-walking","meng1222","lipusheng"],"2022-02":["lichang-bd","metaswirl","hongshuboy","magicWyb","oogetyboogety","MrWhiteSike","tiraffe"],"2022-03":["huwh","honnix","Vancior","reta","ruanshubin","maxCodeVector","xuzifu666","golden-yang","LongWangXX","realdengziqi","RyanSkraba","wangzhiwubigdata","gaborgsomogyi","jxjgssylsg","chenzihao5","ylchou","smattheis"],"2022-04":["WTZ468071157","snailHumming","chucheng92","Wahno","David-N-Perkins","liuzhuang2017","reswqa","pan3793","DefuLi","EchoLee5","ZP315","javacaoyu","liuml07","leizhou666"],"2022-05":["ferenc-csaky","ChengkaiYang2022","CPS794","Hongbo-Miao","haizhou-zhao","BiGsuw","zhuanshenbsj1","sunskyhsh","nryanov"],"2022-06":["liujiawinds","bobby-richard","rovboyko","coderappee","billyrrr","dusukang"],"2022-07":["yuchen-ecnu","lkokhreidze","DavidLiu001","nyingping","dinggege1024","dzikosc","charles-tan","polaris6","zhuyufeng0809","TanYuxin-tyx"],"2022-08":["sunshineJK","roncohen","SmirAlex","liujingmao","bzhaoopenstack","take-it-out","pvary","WencongLiu","yuzelin","hlteoh37","Grypse","Jiabao-Sun","yunfengzhou-hub"],"2022-09":["tonyzhu918","wenbingshen","moqimoqidea","Yumenoumi","chenyuzhi459","HuangZhenQiu","harker2015","metegenez"],"2022-10":["z3d1k","salvalcantara","jiangjiguang","Samrat002","rgsriram","Shenjiaqi","kristoffSC","carloscastrojumo","mcanlas","lzshlzsh","leletan","cun8cun8","ZmmBigdata"],"2022-11":["MyLanPangzi","cvaliente","vvcephei","czchen","ravening","dingweiqings","sethsaperstein-lyft","muggleChen","noelo"],"2022-12":["gunnarmorling","JunRuiLee","czy006","ljz2051"],"2023-01":["dongjoon-hyun","co63oc","SinBex","chenqin","chrismartin823","yashmayya"],"2023-02":["venkata91","FangYongs","slfan1989","xuzhiwen1255","hadoopkandy","noahshpak","jeremyber-aws","zekai-li","leechor","liming30","swuferhong"],"2023-03":["NightRunner","cnauroth","kination","fruska","loserwang1024","weng1424"]}