{"2016-02":[["davorbonaci",2],["imsky",2],["francesperry",3],["peihe",2],["tgroh",2]],"2016-03":[["davorbonaci",18],["bjchambers",21],["dhalperi",20],["kennknowles",20],["peihe",16],["tgroh",23]],"2016-04":[["dhalperi",27],["lukecwik",20],["davorbonaci",21],["kennknowles",24],["bjchambers",29],["tgroh",28]],"2016-05":[["tgroh",17],["swegner",18],["kennknowles",26],["peihe",17],["dhalperi",29],["davorbonaci",17],["bjchambers",18],["mshields822",22]],"2016-06":[["peihe",20],["jbonofre",12],["tgroh",20],["coveralls",12],["kennknowles",22],["dhalperi",33],["aaltay",12],["bjchambers",14],["lukecwik",15]],"2016-07":[["robertwb",16],["peihe",16],["lukecwik",21],["kennknowles",23],["tgroh",18],["coveralls",12],["dhalperi",35],["aaltay",15],["swegner",13]],"2016-08":[["jkff",24],["peihe",14],["kennknowles",19],["lukecwik",21],["aaltay",14],["dhalperi",25],["jbonofre",12],["tgroh",23],["bjchambers",28],["amitsela",13],["coveralls",12]],"2016-09":[["robertwb",14],["amitsela",14],["peihe",16],["lukecwik",21],["jbonofre",15],["chamikaramj",15],["swegner",15],["markflyhigh",16],["tgroh",17],["jkff",28],["bjchambers",22],["dhalperi",21]],"2016-10":[["kennknowles",33],["jbonofre",17],["jkff",27],["peihe",15],["bjchambers",28],["robertwb",16],["amitsela",17],["swegner",15],["tgroh",19],["dhalperi",25],["lukecwik",22]],"2016-11":[["kennknowles",34],["dhalperi",18],["robertwb",17],["davorbonaci",15],["aaltay",20],["jbonofre",17],["jkff",25],["lukecwik",15],["vikkyrk",17],["peihe",17],["chamikaramj",15],["tgroh",20],["amitsela",19]],"2016-12":[["jbonofre",15],["peihe",17],["kennknowles",28],["asfbot",31],["bjchambers",16],["tgroh",17],["aaltay",17],["dhalperi",22],["echauchot",14],["jkff",26],["lukecwik",19],["markflyhigh",14],["amitsela",16]],"2017-01":[["peihe",13],["robertwb",17],["tgroh",15],["coveralls",14],["chamikaramj",11],["asfbot",24],["amitsela",17],["lukecwik",17],["aaltay",20],["jkff",13],["kennknowles",20],["sb2nov",11],["staslev",14],["dhalperi",25],["aviemzur",12]],"2017-02":[["aaltay",24],["vikkyrk",16],["iemejia",19],["tgroh",26],["robertwb",16],["dhalperi",30],["kennknowles",31],["asfbot",33],["amitsela",16],["sb2nov",20],["coveralls",25],["davorbonaci",20]],"2017-03":[["robertwb",16],["kennknowles",24],["pabloem",15],["bjchambers",13],["sb2nov",19],["aaltay",23],["amitsela",19],["asfbot",35],["dhalperi",13],["coveralls",27],["jkff",23],["markflyhigh",13],["tgroh",28],["aviemzur",21],["diptikul",23],["ssisk",20],["rangadi",13],["radhika-kulkarni1",17],["chamikaramj",13]],"2017-04":[["tgroh",30],["chamikaramj",13],["vikkyrk",13],["aviemzur",18],["sb2nov",21],["robertwb",17],["kennknowles",23],["asfbot",24],["jkff",26],["reuvenlax",19],["lukecwik",25],["ssisk",15],["dhalperi",27],["iemejia",16],["coveralls",27],["bjchambers",17],["aaltay",20]],"2017-05":[["robertwb",23],["sb2nov",16],["dhalperi",27],["XuMingmin",18],["vikkyrk",15],["kennknowles",37],["lukecwik",28],["xumingming",18],["aaltay",20],["coveralls",29],["reuvenlax",22],["tgroh",28],["jkff",31]],"2017-06":[["jkff",24],["takidau",18],["xumingming",16],["lukecwik",16],["reuvenlax",18],["coveralls",23],["tgroh",16],["seshadri-cr",14],["aljoscha",13],["XuMingmin",13],["charlesccychen",15],["sb2nov",14],["kennknowles",22],["aaltay",16],["robertwb",15]],"2017-07":[["tgroh",18],["ssisk",11],["kennknowles",27],["charlesccychen",20],["takidau",12],["iemejia",11],["jbonofre",11],["xumingming",13],["aaltay",14],["jkff",25],["coveralls",21],["reuvenlax",21],["XuMingmin",20],["sb2nov",11],["lukecwik",13]],"2017-08":[["lukecwik",16],["XuMingmin",16],["kobisalant",10],["takidau",12],["ArnaudFnr",9],["aaltay",18],["vikkyrk",9],["coveralls",18],["kennknowles",12],["charlesccychen",11],["jkff",23],["tgroh",12],["echauchot",10],["chamikaramj",9],["reuvenlax",13],["robertwb",14],["staslev",9],["sb2nov",11]],"2017-09":[["rmannibucau",7],["staslev",7],["aaltay",8],["kennknowles",13],["robertwb",14],["lukecwik",18],["peihe",9],["charlesccychen",9],["pawel-kaczmarczyk",7],["youngoli",7],["mariapython",7],["aljoscha",7],["jkff",24],["echauchot",11],["sberyozkin",9],["chamikaramj",9],["holdenk",8],["tgroh",16],["reuvenlax",7],["XuMingmin",7],["jasonkuster",9],["jbonofre",8],["steveniemitz",11],["bjchambers",8],["coveralls",15]],"2017-10":[["pabloem",9],["jkff",25],["tvalentyn",9],["coveralls",13],["robertwb",15],["lukecwik",21],["mhsaul",11],["chamikaramj",15],["tgroh",16],["echauchot",9],["mairbek",11],["charlesccychen",9],["rangadi",9],["sberyozkin",10],["aaltay",14],["kennknowles",25],["herohde",13]],"2017-11":[["kennknowles",16],["robertwb",14],["chamikaramj",14],["charlesccychen",10],["asfgit",18],["lgajowy",13],["tvalentyn",10],["jbonofre",10],["aaltay",10],["lukecwik",21],["mhsaul",12],["iemejia",10],["jacobmarble",14],["jkff",18],["tgroh",16]],"2017-12":[["lukecwik",18],["jbonofre",10],["robertwb",14],["iemejia",8],["pabloem",8],["aaltay",15],["DariuszAniszewski",8],["akedin",8],["wcn3",11],["kennknowles",10],["charlesccychen",11],["tgroh",13],["chamikaramj",13],["reuvenlax",8],["herohde",14],["udim",11],["jkff",12]],"2018-01":[["jkff",24],["herohde",13],["DariuszAniszewski",10],["chamikaramj",14],["akedin",12],["kennknowles",21],["udim",13],["rmannibucau",11],["pawel-kaczmarczyk",12],["jbonofre",17],["aaltay",11],["wcn3",11],["bsidhom",12],["tgroh",20],["robertwb",18],["iemejia",16],["mariapython",10],["pabloem",13],["lukecwik",26],["charlesccychen",14]],"2018-02":[["jkff",21],["herohde",13],["lgajowy",10],["chamikaramj",13],["akedin",14],["kennknowles",26],["udim",10],["rmannibucau",14],["jbonofre",10],["aaltay",12],["wcn3",12],["bsidhom",10],["tgroh",21],["robertwb",19],["rangadi",12],["iemejia",12],["alanmyrvold",13],["pabloem",10],["yifanzou",14],["lukecwik",25],["charlesccychen",12]],"2018-03":[["cclauss",12],["udim",15],["iemejia",10],["jkff",17],["yifanzou",18],["lostluck",13],["herohde",16],["alanmyrvold",10],["charlesccychen",15],["chamikaramj",11],["mariapython",11],["aaltay",21],["bsidhom",13],["tgroh",21],["wcn3",10],["lukecwik",22],["markflyhigh",12],["robertwb",15],["kennknowles",11],["boyuanzz",13],["akedin",12],["apilloud",10]],"2018-04":[["pabloem",13],["herohde",16],["jkff",17],["udim",14],["lukecwik",16],["tgroh",21],["wcn3",13],["apilloud",14],["aaltay",16],["bsidhom",19],["boyuanzz",17],["charlesccychen",17],["kennknowles",17],["robertwb",18],["akedin",13],["swegner",16],["echauchot",14],["chamikaramj",14],["alanmyrvold",13],["iemejia",14]],"2018-05":[["rangadi",12],["chamikaramj",11],["apilloud",17],["iemejia",16],["yifanzou",12],["kennknowles",20],["tgroh",22],["jkff",19],["axelmagn",14],["tvalentyn",13],["bsidhom",16],["angoenka",18],["lukecwik",26],["swegner",11],["timrobertson100",14],["akedin",14],["robertwb",10],["lgajowy",10],["pabloem",15],["aaltay",10]],"2018-06":[["angoenka",17],["apilloud",16],["swegner",20],["charlesccychen",12],["jkff",23],["aaltay",17],["chamikaramj",15],["amaliujia",14],["lgajowy",12],["bsidhom",16],["echauchot",13],["yifanzou",15],["robertwb",20],["kennknowles",27],["iemejia",18],["mariapython",15],["lukecwik",24],["akedin",14],["reuvenlax",12]],"2018-07":[["charlesccychen",18],["pabloem",12],["Fematich",14],["robertwb",10],["lukecwik",21],["angoenka",17],["reuvenlax",17],["echauchot",10],["boyuanzz",15],["akedin",10],["amaliujia",15],["tweise",13],["lgajowy",15],["lostluck",11],["yifanzou",10],["jkff",14],["herohde",12],["apilloud",15],["kennknowles",10],["bsidhom",10],["aaltay",12]],"2018-08":[["Ardagan",11],["angoenka",14],["tweise",14],["lukecwik",12],["iemejia",11],["reuvenlax",13],["pabloem",19],["mxm",10],["ajamato",9],["echauchot",10],["apilloud",15],["yifanzou",16],["timrobertson100",14],["charlesccychen",8],["amaliujia",16],["udim",11],["akedin",13],["chamikaramj",9],["youngoli",9],["tvalentyn",9],["boyuanzz",9],["bsidhom",9],["JohnRudolfLewis",8]],"2018-09":[["tweise",15],["alanmyrvold",12],["mxm",16],["RobbeSneyders",13],["aromanenko-dev",8],["angoenka",16],["echauchot",9],["akedin",10],["huygaa11",8],["kevinsi4508",8],["chamikaramj",11],["ryan-williams",8],["pabloem",12],["swegner",13],["reuvenlax",10],["lgajowy",9],["yifanzou",11],["lukecwik",14],["aaltay",10],["robertwb",15],["apilloud",9],["HuangLED",8],["charlesccychen",14],["tvalentyn",12],["boyuanzz",9]],"2018-10":[["yifanzou",11],["aaltay",14],["echauchot",12],["kanterov",11],["markflyhigh",11],["boyuanzz",15],["tvalentyn",16],["angoenka",16],["akedin",16],["HuangLED",12],["udim",14],["swegner",24],["mxm",22],["lukecwik",16],["alanmyrvold",14],["reuvenlax",11],["amaliujia",14],["robertwb",17],["tweise",19],["kennknowles",21],["charlesccychen",11],["pabloem",11]],"2018-11":[["chamikaramj",13],["mxm",21],["markflyhigh",11],["kennknowles",17],["VaclavPlajt",9],["tweise",18],["lukecwik",22],["akedin",10],["tvalentyn",11],["boyuanzz",10],["HuangLED",10],["udim",10],["swegner",19],["ajamato",13],["amaliujia",12],["angoenka",12],["aromanenko-dev",9],["robertwb",17],["lostluck",11],["echauchot",9],["aaltay",15],["lgajowy",15],["dmvk",10]],"2018-12":[["kkucharc",8],["angoenka",9],["tweise",13],["mxm",20],["ajamato",15],["lukecwik",9],["Ardagan",15],["ryan-williams",9],["boyuanzz",13],["chamikaramj",12],["akedin",8],["lostluck",8],["kennknowles",11],["apilloud",9],["melap",9],["udim",11],["robertwb",19],["kanterov",10],["reuvenlax",14],["echauchot",9],["lgajowy",9],["swegner",13],["ihji",8],["iemejia",8]],"2019-01":[["chamikaramj",14],["akedin",12],["mxm",22],["ryan-williams",10],["amaliujia",13],["markflyhigh",12],["RobbeSneyders",11],["rohdesamuel",12],["ajamato",13],["lgajowy",15],["tweise",13],["kennknowles",20],["HuangLED",10],["kanterov",10],["sduskis",12],["Ardagan",10],["swegner",13],["pabloem",10],["robertwb",18],["boyuanzz",10],["tvalentyn",16],["udim",12],["adude3141",11],["angoenka",11],["iemejia",14],["reuvenlax",14]],"2019-02":[["aaltay",14],["lgajowy",12],["reuvenlax",16],["robertwb",15],["iemejia",10],["tvalentyn",18],["echauchot",12],["kennknowles",13],["pabloem",15],["akedin",10],["Ardagan",11],["ajamato",15],["amaliujia",11],["adude3141",15],["chamikaramj",14],["mxm",19],["lostluck",13],["ryan-williams",15],["drieber",10],["markflyhigh",14],["ihji",10],["udim",14],["charlesccychen",12],["kmjung",10]],"2019-03":[["mwalenia",11],["aaltay",10],["goldfishy",9],["tvalentyn",13],["boyuanzz",12],["ryan-williams",10],["tweise",11],["robertwb",15],["angoenka",9],["stankiewicz",9],["markflyhigh",10],["kkucharc",12],["udim",10],["youngoli",11],["Juta",12],["ibzib",11],["pabloem",20],["lostluck",11],["kmjung",11],["chamikaramj",13],["lgajowy",17],["echauchot",11],["ajamato",13],["kennknowles",13],["iemejia",15],["mxm",19],["Ardagan",14],["reuvenlax",9]],"2019-04":[["tweise",12],["udim",12],["mwalenia",16],["aaltay",14],["akedin",13],["lgajowy",13],["youngoli",11],["chamikaramj",14],["adude3141",16],["mxm",21],["pabloem",15],["angoenka",10],["apilloud",16],["ihji",11],["lostluck",10],["lukecwik",18],["robertwb",15],["tvalentyn",19],["iemejia",16],["ibzib",13],["markflyhigh",10],["kennknowles",15],["amaliujia",15],["kkucharc",10],["reuvenlax",14]],"2019-05":[["mwalenia",10],["reuvenlax",11],["lukecwik",20],["robinyqiu",10],["kennknowles",11],["mxm",24],["pabloem",16],["robertwb",13],["akedin",13],["markflyhigh",13],["yifanzou",10],["ihji",13],["kkucharc",10],["tvalentyn",21],["amaliujia",11],["lgajowy",10],["udim",14],["youngoli",10],["ibzib",13],["angoenka",20],["iemejia",20],["adude3141",14],["jbartok",12],["NikeNano",10],["fredo838",10],["chamikaramj",15],["aaltay",12]],"2019-06":[["mwalenia",9],["udim",13],["akedin",15],["davidcavazos",11],["ihji",9],["chamikaramj",17],["rakeshcusat",9],["kkucharc",9],["steveniemitz",9],["mxm",13],["kamilwu",14],["reuvenlax",9],["Juta",10],["ibzib",11],["lukecwik",17],["tvalentyn",17],["iemejia",16],["kennknowles",9],["Hannah-Jiang",15],["y1chi",13],["jkff",11],["robertwb",15],["pabloem",15],["aaltay",14],["riazela",10],["angoenka",9],["aromanenko-dev",9],["lgajowy",11],["ttanay",9]],"2019-07":[["mwalenia",9],["robinyqiu",11],["kamilwu",15],["ttanay",11],["aaltay",12],["boyuanzz",15],["tvalentyn",19],["lukecwik",13],["jklukas",9],["chadrik",14],["robertwb",24],["davidcavazos",11],["rakeshcusat",9],["RyanSkraba",10],["kkucharc",12],["je-ik",10],["udim",16],["ibzib",10],["Juta",10],["pabloem",10],["Hannah-Jiang",9],["lostluck",9],["chamikaramj",14],["amaliujia",15],["lgajowy",15],["ihji",9],["kennknowles",12],["iemejia",16],["akedin",14],["mszb",12],["riazela",9],["mxm",11]],"2019-08":[["pabloem",10],["je-ik",12],["yifanzou",14],["chadrik",13],["boyuanzz",10],["tvalentyn",11],["davidcavazos",17],["lukecwik",13],["robinyqiu",15],["mxm",18],["mwalenia",11],["robertwb",13],["amaliujia",13],["aaltay",20],["rosetn",15],["markflyhigh",12],["kennknowles",14],["udim",16],["iemejia",15],["Hannah-Jiang",12],["kamilwu",13],["angoenka",10],["TheNeuralBit",13],["chamikaramj",15],["reuvenlax",11],["tweise",10],["ibzib",12],["lgajowy",18],["y1chi",13],["akedin",12],["rakeshcusat",10],["ihji",10]],"2019-09":[["udim",13],["reuvenlax",8],["aaltay",16],["chadrik",11],["davidcavazos",8],["tvalentyn",13],["lostluck",9],["mwalenia",9],["Hannah-Jiang",16],["lgajowy",9],["pabloem",9],["Ardagan",8],["y1chi",12],["aromanenko-dev",9],["mxm",22],["tweise",14],["chamikaramj",9],["TheNeuralBit",10],["amaliujia",8],["ostrokach",12],["sunjincheng121",9],["KevinGG",10],["je-ik",8],["robertwb",18],["ibzib",14],["rosetn",8],["markflyhigh",16],["lukecwik",15],["kamilwu",9],["soyrice",10],["angoenka",13],["robinyqiu",8]],"2019-10":[["chadrik",15],["Ardagan",10],["udim",12],["pabloem",17],["apilloud",14],["KevinGG",16],["tvalentyn",14],["kennknowles",18],["markflyhigh",9],["aaltay",17],["amaliujia",11],["kamilwu",12],["ibzib",16],["rohdesamuel",15],["soyrice",9],["lukecwik",9],["mxm",21],["je-ik",12],["11moon11",18],["TheNeuralBit",16],["davidcavazos",10],["mwalenia",9],["robertwb",20],["davidyan74",10],["lgajowy",10],["tweise",13],["echauchot",9],["lostluck",9]],"2019-11":[["mwalenia",9],["TheNeuralBit",12],["liumomo315",11],["suztomo",13],["11moon11",14],["reuvenlax",11],["je-ik",9],["chamikaramj",10],["aromanenko-dev",16],["Ardagan",13],["echauchot",9],["robertwb",27],["bumblebee-coming",10],["HuangLED",9],["tweise",12],["pabloem",13],["robinyqiu",10],["sunjincheng121",12],["lukecwik",22],["kennknowles",15],["aaltay",14],["mxm",20],["udim",11],["KevinGG",12],["rohdesamuel",20],["chadrik",19],["ibzib",13],["tvalentyn",11]],"2019-12":[["kamilwu",16],["rohdesamuel",13],["rehmanmuradali",10],["chamikaramj",14],["ibzib",13],["pabloem",13],["mszb",11],["y1chi",16],["TheNeuralBit",11],["11moon11",10],["sunjincheng121",13],["ihji",10],["lukecwik",18],["tvalentyn",12],["chrlarsen",11],["aaltay",10],["robertwb",20],["KevinGG",18],["iemejia",11],["lgajowy",16],["reuvenlax",14],["udim",16],["mwalenia",12],["Ardagan",11],["mxm",18],["suztomo",21]],"2020-01":[["iemejia",22],["11moon11",15],["angoenka",14],["y1chi",14],["mwalenia",12],["apilloud",15],["chamikaramj",13],["reuvenlax",13],["pabloem",13],["aaltay",12],["robertwb",17],["rehmanmuradali",13],["boyuanzz",19],["tvalentyn",16],["ibzib",15],["kamilwu",13],["aromanenko-dev",12],["udim",19],["chadrik",17],["TheNeuralBit",13],["suztomo",13],["lukecwik",24],["mxm",19]],"2020-02":[["udim",13],["suztomo",12],["kennknowles",10],["reuvenlax",19],["KevinGG",11],["Hannah-Jiang",9],["ibzib",13],["TheNeuralBit",11],["aaltay",19],["chamikaramj",14],["chrlarsen",9],["sunjincheng121",9],["ihji",13],["aromanenko-dev",9],["pabloem",10],["kamilwu",12],["iemejia",27],["je-ik",10],["lostluck",9],["alexvanboxel",13],["robertwb",20],["rohdesamuel",14],["lukecwik",27],["mwalenia",17],["boyuanzz",13],["tvalentyn",15],["chadrik",15],["EDjur",9],["angoenka",11]],"2020-03":[["udim",13],["suztomo",13],["reuvenlax",17],["KevinGG",14],["echauchot",12],["ibzib",12],["TheNeuralBit",13],["amaliujia",17],["mxm",19],["aaltay",17],["chamikaramj",14],["aromanenko-dev",13],["pabloem",22],["kamilwu",17],["iemejia",16],["lostluck",14],["robertwb",26],["rohdesamuel",18],["lukecwik",30],["mwalenia",15],["boyuanzz",12],["chadrik",12]],"2020-04":[["iemejia",17],["jaketf",13],["rohdesamuel",9],["mwalenia",10],["soyrice",10],["chamikaramj",16],["reuvenlax",12],["pabloem",24],["amaliujia",10],["aaltay",14],["robertwb",26],["rehmanmuradali",9],["tvalentyn",12],["boyuanzz",16],["ibzib",18],["kamilwu",17],["Hannah-Jiang",17],["youngoli",14],["aromanenko-dev",9],["udim",14],["Ardagan",10],["TheNeuralBit",16],["lostluck",19],["lukecwik",29],["mxm",20]],"2020-05":[["rionmonster",11],["jaketf",13],["tysonjh",13],["henryken",13],["ibzib",22],["TheNeuralBit",22],["epicfaace",13],["amaliujia",15],["mxm",19],["aaltay",18],["chamikaramj",19],["piotr-szuberski",10],["ihji",12],["darshanj",13],["pabloem",23],["kamilwu",21],["iemejia",11],["lostluck",16],["robertwb",22],["lukecwik",24],["mwalenia",17],["tvalentyn",12],["boyuanzz",13],["youngoli",14],["chadrik",10]],"2020-06":[["youngoli",10],["piotr-szuberski",11],["robinyqiu",13],["chamikaramj",14],["boyuanzz",17],["tvalentyn",11],["pabloem",21],["apilloud",11],["lukecwik",27],["TheNeuralBit",23],["ZijieSong946",10],["robertwb",14],["aaltay",16],["amaliujia",18],["mxm",14],["codeBehindMe",11],["ibzib",15],["henryken",10],["lostluck",16],["kennknowles",11],["kamilwu",16],["rezarokni",10],["dpcollins-google",12],["aromanenko-dev",10],["iemejia",11],["mwalenia",10],["y1chi",10],["tysonjh",11],["udim",13]],"2020-07":[["udim",11],["kennknowles",22],["davidcavazos",15],["KevinGG",12],["ibzib",18],["danielxjd",10],["TheNeuralBit",20],["amaliujia",14],["mxm",10],["aaltay",17],["chamikaramj",23],["piotr-szuberski",20],["ihji",10],["aromanenko-dev",10],["pabloem",21],["kamilwu",10],["sclukas77",11],["ZijieSong946",13],["robinyqiu",19],["je-ik",10],["ettirapp",13],["lostluck",10],["George-Wu",12],["robertwb",18],["TobKed",17],["lukecwik",19],["boyuanzz",15],["tvalentyn",21],["purbanow",11]],"2020-08":[["mxm",15],["leiyiz",11],["TheNeuralBit",24],["KevinGG",14],["TobKed",16],["amaliujia",14],["lukecwik",27],["lostluck",15],["rohdesamuel",11],["robertwb",20],["sclukas77",12],["chamikaramj",15],["saavannanavati",13],["pabloem",20],["tvalentyn",19],["boyuanzz",17],["danielxjd",13],["apilloud",11],["ettirapp",12],["youngoli",13],["abhiy13",12],["ihji",11],["pskevin",13],["y1chi",13],["aaltay",11],["kamilwu",13],["piotr-szuberski",14],["ibzib",16],["robinyqiu",13]],"2020-09":[["robertwb",20],["mxm",11],["danielxjd",11],["lukecwik",14],["piotr-szuberski",18],["davidcavazos",9],["chadrik",12],["ihji",12],["lostluck",12],["TheNeuralBit",24],["chamikaramj",17],["pabloem",17],["youngoli",9],["aromanenko-dev",11],["rezarokni",10],["kennknowles",13],["aaltay",12],["tvalentyn",16],["boyuanzz",15],["ibzib",15],["robinyqiu",10],["kamilwu",13],["monicadsong",9],["ajamato",11],["rohdesamuel",12],["leiyiz",10],["y1chi",17]],"2020-10":[["tysonjh",9],["pawelpasterz",13],["kamilwu",12],["boyuanzz",17],["tvalentyn",10],["nehsyc",15],["rohdesamuel",9],["ajamato",10],["mxm",12],["lostluck",15],["youngoli",11],["robertwb",22],["davidyan74",8],["lukecwik",21],["chadrik",11],["ibzib",12],["iemejia",11],["KevinGG",9],["aaltay",8],["ihji",10],["poojavenkatram",8],["amaliujia",9],["pabloem",14],["piotr-szuberski",17],["TheNeuralBit",20],["kennknowles",22]],"2020-11":[["kamilwu",18],["TheNeuralBit",23],["tysonjh",13],["youngoli",12],["emilymye",10],["rosetn",10],["je-ik",9],["chamikaramj",11],["aromanenko-dev",9],["tszerszen",11],["nehsyc",10],["apilloud",9],["robertwb",16],["pabloem",16],["lostluck",16],["kennknowles",15],["aaltay",9],["mxm",9],["davidwrede",10],["piotr-szuberski",17],["rohdesamuel",10],["ibzib",12],["boyuanzz",19],["tvalentyn",15],["ihji",10]],"2020-12":[["rosetn",8],["amaliujia",8],["dmvk",9],["nehsyc",13],["y1chi",11],["sonam-vend",11],["bntnam",9],["piotr-szuberski",13],["iemejia",8],["dpcollins-google",10],["kamilwu",10],["ibzib",18],["youngoli",8],["Jakub-Sadowski",9],["nielsbasjes",8],["apilloud",8],["ccciudatu",16],["ihji",8],["pabloem",15],["robinyqiu",8],["udim",10],["tvalentyn",10],["boyuanzz",18],["kennknowles",8],["TheNeuralBit",21],["lostluck",13],["robertwb",11],["emilymye",10],["chamikaramj",8],["je-ik",10]],"2021-01":[["amaliujia",10],["Jakub-Sadowski",10],["anantdamle",8],["tszerszen",11],["shehzaadn-vd",13],["iemejia",14],["lostluck",10],["sonam-vend",19],["ihji",11],["ibzib",29],["aaltay",8],["dpcollins-google",10],["chamikaramj",11],["suztomo",10],["nehsyc",8],["pabloem",14],["robertwb",10],["yifanmai",8],["TheNeuralBit",16],["tvalentyn",8],["boyuanzz",13],["y1chi",11],["msbukal",8],["youngoli",8],["apilloud",9],["kennknowles",9]],"2021-02":[["lostluck",9],["dpcollins-google",11],["boyuanzz",15],["tvalentyn",9],["Jakub-Sadowski",17],["suztomo",9],["TheNeuralBit",28],["chamikaramj",18],["amaliujia",10],["y1chi",13],["yifanmai",9],["masahitojp",10],["shehzaadn-vd",19],["reuvenlax",12],["scwhittle",9],["pabloem",18],["apilloud",11],["ibzib",22],["kennknowles",18],["robertwb",14]],"2021-03":[["reuvenlax",14],["dpcollins-google",11],["boyuanzz",13],["tvalentyn",16],["aromanenko-dev",11],["shehzaadn-vd",9],["aaltay",9],["pabloem",18],["TheNeuralBit",21],["y1chi",12],["suztomo",16],["ihji",10],["kennknowles",24],["iemejia",17],["ibzib",16],["chamikaramj",18],["lazylynx",9],["BenWhitehead",9],["apilloud",11],["robertwb",15],["youngoli",9],["nehsyc",9]],"2021-04":[["suztomo",19],["udim",10],["emilymye",11],["ihji",10],["chamikaramj",16],["rohdesamuel",11],["nehsyc",10],["ibzib",18],["tysonjh",10],["boyuanzz",15],["tvalentyn",17],["iemejia",14],["masahitojp",10],["kennknowles",21],["TheNeuralBit",24],["y1chi",12],["lostluck",11],["robertwb",21],["scwhittle",12],["pabloem",17],["amaliujia",12],["apilloud",13],["lazylynx",10],["aromanenko-dev",13],["youngoli",11]],"2021-05":[["TheNeuralBit",23],["ihji",19],["xinyuiscool",8],["lazylynx",9],["MiguelAnzoWizeline",9],["lostluck",8],["iemejia",16],["ajamato",9],["aaltay",9],["egalpin",8],["kileys",10],["kennknowles",12],["pabloem",14],["ibzib",10],["tvalentyn",13],["boyuanzz",13],["amaliujia",8],["aromanenko-dev",8],["chamikaramj",10],["y1chi",9],["benWize",10],["reuvenlax",8],["pcoet",12]],"2021-06":[["pabloem",16],["je-ik",8],["robertwb",13],["udim",9],["benWize",9],["ibzib",15],["aaltay",10],["ihji",11],["suztomo",10],["danthev",11],["zhoufek",11],["damondouglas",9],["chamikaramj",8],["apilloud",12],["kennknowles",8],["lostluck",10],["aromanenko-dev",9],["youngoli",9],["ajamato",10],["rohdesamuel",8],["tvalentyn",8],["boyuanzz",9],["lukecwik",11],["MiguelAnzoWizeline",11],["kw2542",15],["TheNeuralBit",26]],"2021-07":[["ibzib",11],["ihji",7],["apilloud",8],["vachan-shetty",11],["tysonjh",11],["MiguelAnzoWizeline",7],["lukecwik",16],["je-ik",11],["reuvenlax",13],["BenWhitehead",7],["emkornfield",8],["KevinGG",7],["benWize",8],["y1chi",9],["boyuanzz",7],["zhoufek",8],["kw2542",10],["rohdesamuel",9],["ajamato",11],["aromanenko-dev",7],["chamikaramj",15],["jrmccluskey",14],["lostluck",18],["angoenka",13],["kennknowles",9],["aaltay",13],["robertwb",9]],"2021-08":[["benWize",11],["reuvenlax",10],["scwhittle",9],["chamikaramj",14],["PawasChhokra",8],["angoenka",12],["vachan-shetty",10],["ajamato",10],["xinyuiscool",9],["steveniemitz",9],["youngoli",9],["lostluck",21],["kw2542",12],["MiguelAnzoWizeline",9],["apilloud",13],["riteshghorse",9],["ibzib",13],["satybald",9],["echauchot",10],["ihji",8],["robertwb",8],["dmvk",9],["lukecwik",18],["jrmccluskey",10],["pabloem",16]],"2021-09":[["benWize",10],["lostluck",15],["youngoli",11],["ihji",11],["tvalentyn",8],["pabloem",12],["robertwb",13],["udim",10],["apilloud",11],["jrmccluskey",13],["chamikaramj",16],["lukecwik",16],["aromanenko-dev",8],["riteshghorse",8],["pcoet",9],["kw2542",10],["TheNeuralBit",16],["echauchot",9],["ajamato",8],["rohdesamuel",9],["aaltay",8],["scwhittle",9],["zhoufek",8],["dpcollins-google",8],["kileys",9],["KevinGG",11],["davidcavazos",8],["ibzib",14]],"2021-10":[["KevinGG",7],["tvalentyn",5],["chamikaramj",6],["jrmccluskey",6],["robertwb",9],["suztomo",5],["TheNeuralBit",11],["lukecwik",11],["pabloem",10],["ibzib",6],["rezarokni",7],["y1chi",5],["benWize",7],["kw2542",6],["damondouglas",11],["lostluck",9],["aaltay",5],["pavel-avilov",7]],"2021-11":[["mattcasters",8],["lostluck",16],["ElessarST",8],["robertwb",14],["ibzib",10],["mosche",15],["TheNeuralBit",21],["ryanthompson591",10],["aromanenko-dev",11],["suztomo",8],["benWize",14],["y1chi",9],["pabloem",22],["kennknowles",10],["snkalinin",9],["riteshghorse",12],["tvalentyn",21],["jrmccluskey",11],["chamikaramj",15],["AydarZaynutdinov",14],["lukecwik",20],["msbukal",8],["pavel-avilov",8],["apilloud",11],["dpcollins-google",9],["reuvenlax",10],["AnandInguva",8]],"2021-12":[["aromanenko-dev",13],["ElessarST",12],["miamihotline",10],["jrmccluskey",12],["emilymye",10],["dpcollins-google",13],["mosche",16],["robertwb",11],["aaltay",12],["lukecwik",18],["reuvenlax",10],["pavel-avilov",17],["ibzib",17],["ilya-kozyrev",17],["lostluck",10],["TheNeuralBit",20],["KhaninArtur",19],["pabloem",14],["daria-malkova",15],["benWize",13],["y1chi",12],["tvalentyn",21],["AydarZaynutdinov",23]],"2022-01":[["AnandInguva",11],["VictorPlusC",11],["KhaninArtur",18],["yeandy",8],["kennknowles",10],["pavel-avilov",13],["chamikaramj",12],["emilymye",14],["damondouglas",8],["suztomo",8],["aaltay",9],["benWize",11],["y1chi",8],["ElessarST",9],["TheNeuralBit",14],["lostluck",13],["daria-malkova",18],["aromanenko-dev",10],["roger-mike",11],["pabloem",17],["kileys",8],["robertwb",9],["ihji",12],["ibzib",12],["tvalentyn",11],["miamihotline",8],["mosche",15],["thiagotnunes",8],["KevinGG",13],["scwhittle",8],["reuvenlax",8],["lukecwik",18],["jrmccluskey",12],["AydarZaynutdinov",18]],"2022-02":[["KonradJanica",16],["TheNeuralBit",24],["jrmccluskey",14],["daria-malkova",14],["ilya-kozyrev",14],["pavel-avilov",15],["pabloem",19],["brucearctor",11],["AnandInguva",11],["benWize",13],["y1chi",13],["tvalentyn",15],["thiagotnunes",11],["ibzib",11],["chamikaramj",12],["yeandy",13],["kileys",11],["kennknowles",12],["mosche",16],["lukecwik",17],["VictorPlusC",17],["youngoli",11],["emilymye",13],["lostluck",16],["AydarZaynutdinov",17],["damccorm",18],["KhaninArtur",12],["reuvenlax",12]],"2022-03":[["AnandInguva",10],["VictorPlusC",13],["yeandy",17],["laraschmidt",12],["pavel-avilov",10],["chamikaramj",16],["riteshghorse",11],["y1chi",10],["dariabezkorovaina",12],["TheNeuralBit",21],["lostluck",15],["bullet03",22],["pabloem",15],["kileys",12],["robertwb",16],["damccorm",19],["Amar3tto",11],["tvalentyn",15],["ryanthompson591",11],["dpcollins-google",16],["youngoli",12],["mosche",12],["thiagotnunes",10],["pcoet",12],["scwhittle",10],["reuvenlax",10],["lukecwik",16],["jrmccluskey",11],["AydarZaynutdinov",17]],"2022-04":[["AnandInguva",9],["yeandy",13],["kennknowles",11],["chamikaramj",13],["ahmedabu98",9],["riteshghorse",11],["nausharipov",11],["steveniemitz",10],["asf-ci",15],["y1chi",10],["TheNeuralBit",20],["lostluck",17],["johnjcasey",10],["bullet03",12],["aromanenko-dev",9],["pabloem",12],["kileys",9],["robertwb",17],["ihji",13],["damccorm",21],["je-ik",9],["tvalentyn",9],["ryanthompson591",12],["Abacn",9],["youngoli",13],["mosche",9],["igorbernstein2",9],["reuvenlax",14],["lukecwik",13],["jrmccluskey",19],["apilloud",9]],"2022-05":[["aaltay",9],["echauchot",10],["prodriguezdefino",9],["jrmccluskey",17],["johnjcasey",10],["tvalentyn",14],["mosche",12],["fbeevikm",10],["riteshghorse",11],["Abacn",11],["AnandInguva",13],["ryanthompson591",14],["lukecwik",10],["lostluck",19],["TheNeuralBit",20],["ihji",14],["diegomez17",9],["y1chi",17],["reuvenlax",11],["robertwb",16],["KevinGG",9],["igorbernstein2",13],["yeandy",12],["chamikaramj",15],["asf-ci",15],["pabloem",14],["damccorm",23]],"2022-06":[["lostluck",15],["y1chi",10],["youngoli",11],["kennknowles",58],["chamikaramj",10],["johnjcasey",15],["TheNeuralBit",21],["yeandy",23],["pcoet",9],["Amar3tto",9],["jrmccluskey",14],["lukecwik",13],["ryanthompson591",15],["Abacn",19],["tvalentyn",17],["asf-ci",18],["bullet03",10],["pabloem",22],["ihji",9],["riteshghorse",9],["alexeyinkin",11],["AnandInguva",17],["aaltay",11],["damccorm",72],["robertwb",13]],"2022-07":[["damccorm",15],["azhurkevich",15],["jrmccluskey",10],["bullet03",11],["pabloem",9],["tvalentyn",18],["chamikaramj",14],["johnjcasey",11],["danthev",11],["ryanthompson591",9],["steveniemitz",13],["AnandInguva",18],["kennknowles",9],["rszper",12],["vchunikhin",10],["aromanenko-dev",7],["egalpin",7],["reuvenlax",7],["ihji",9],["alexeyinkin",13],["lukecwik",13],["Abacn",13],["mosche",18],["VladMatyunin",9],["pcoet",8],["yixiaoshen",8],["yeandy",16],["TheNeuralBit",18],["kileys",11],["lnogueir",7],["ahmedabu98",9],["robertwb",16],["pranavm-nvidia",8],["lostluck",7],["echauchot",12]],"2022-08":[["bullet03",11],["kileys",10],["mosche",12],["riteshghorse",9],["yeandy",18],["jrmccluskey",9],["chamikaramj",13],["TheNeuralBit",24],["pcoet",7],["ryanthompson591",12],["kennknowles",12],["johnjcasey",10],["kw2542",9],["lostluck",9],["AnandInguva",12],["Abacn",15],["scwhittle",9],["VeronicaWasson",9],["alexeyinkin",11],["rszper",8],["tvalentyn",16],["azhurkevich",10],["damondouglas",9],["dpcollins-google",10],["rezarokni",7],["damccorm",22],["vchunikhin",15],["robertwb",7],["aromanenko-dev",13],["pranavm-nvidia",7],["eantyshev",9],["olehborysevych",8],["davidcavazos",7],["pabloem",12],["svetakvsundhar",8],["lukecwik",14],["Amar3tto",11]],"2022-09":[["lukecwik",21],["AnandInguva",18],["robertwb",12],["pabloem",14],["vchunikhin",7],["TheNeuralBit",16],["ahmedabu98",12],["MarcoRob",8],["echauchot",10],["alexeyinkin",16],["olehborysevych",10],["kennknowles",11],["nausharipov",9],["damccorm",26],["bvolpato",8],["KevinGG",7],["aromanenko-dev",7],["fernando-wizeline",12],["chamikaramj",10],["mosche",16],["tvalentyn",16],["eantyshev",9],["ryanthompson591",11],["Abacn",21],["smeet07",7],["benWize",9],["yeandy",19],["johnjcasey",11],["dannymartinm",11],["lostluck",15],["bullet03",7],["BjornPrime",7],["andoni-guzman",8],["Malarg",7],["riteshghorse",9],["xinyuiscool",8],["kileys",8],["suztomo",8],["scwhittle",7]],"2022-10":[["yeandy",12],["fernando-wizeline",9],["alexeyinkin",15],["eantyshev",13],["Amar3tto",9],["lukecwik",20],["pabloem",13],["bullet03",9],["scwhittle",11],["apilloud",13],["damccorm",28],["arne-alex",11],["ryanthompson591",12],["aromanenko-dev",11],["chamikaramj",19],["riteshghorse",11],["MarcoRob",10],["shub-kris",9],["kennknowles",12],["svetakvsundhar",9],["robertwb",14],["reuvenlax",12],["Abacn",20],["TheNeuralBit",18],["kileys",10],["MakarkinSAkvelon",10],["mosche",16],["AnandInguva",17],["johnjcasey",12],["lostluck",15],["tvalentyn",18],["benWize",9],["ahmedabu98",10]],"2022-11":[["riteshghorse",8],["AdalbertMemSQL",8],["chamikaramj",16],["ryanthompson591",12],["tvalentyn",15],["reuvenlax",9],["ahmedabu98",12],["alexeyinkin",20],["bullet03",10],["eantyshev",14],["TheNeuralBit",13],["kennknowles",17],["scwhittle",8],["damondouglas",12],["MakarkinSAkvelon",13],["jrmccluskey",9],["rszper",11],["johnjcasey",10],["lostluck",16],["Malarg",11],["sjvanrossum",9],["Abacn",23],["thiagotnunes",14],["robertwb",12],["olehborysevych",11],["damccorm",25],["apilloud",14],["lukecwik",18],["mosche",13],["pabloem",14],["ruslan-ikhsan",12],["rshamunov",20],["AnandInguva",15]],"2022-12":[["Malarg",18],["riteshghorse",9],["Abacn",21],["aromanenko-dev",10],["lukecwik",19],["reuvenlax",8],["prodriguezdefino",10],["apilloud",11],["AnandInguva",14],["johnjcasey",10],["lostluck",15],["olehborysevych",8],["kennknowles",18],["robertwb",11],["mzitnik",8],["ZhengLin-Li",8],["ahmedabu98",13],["damccorm",26],["rshamunov",8],["pabloem",17],["bullet03",9],["tvalentyn",14],["damondouglas",14],["chamikaramj",10],["mosche",13],["alexeyinkin",21],["harrisonlimh",10],["Amar3tto",11],["johannaojeling",9],["seungjin-an",13],["eantyshev",12]],"2023-01":[["lukecwik",19],["AnandInguva",18],["robertwb",8],["pabloem",11],["prodriguezdefino",8],["TSultanov",9],["alexeyinkin",20],["olehborysevych",10],["ryucc",10],["je-ik",8],["kennknowles",13],["nausharipov",12],["damccorm",25],["hermanmak",15],["byronellis",10],["aromanenko-dev",12],["yirutang",8],["chamikaramj",9],["reuvenlax",14],["mosche",15],["rszper",14],["tvalentyn",10],["JozoVilcek",12],["Abacn",20],["jrmccluskey",9],["johnjcasey",13],["lostluck",11],["VeronicaWasson",8],["Malarg",16],["damondouglas",14],["mynameborat",9]],"2023-02":[["aromanenko-dev",12],["johannaojeling",12],["scwhittle",10],["riteshghorse",15],["pabloem",14],["lostluck",16],["sirenbyte",8],["rohdesamuel",11],["nausharipov",11],["alxp1982",9],["jrmccluskey",8],["tvalentyn",14],["Abacn",20],["damondouglas",12],["AnandInguva",20],["lukecwik",21],["mosche",15],["Malarg",11],["robertwb",10],["johnjcasey",11],["kennknowles",8],["chamikaramj",9],["ahmedabu98",12],["rshamunov",8],["TSultanov",14],["thiagotnunes",8],["igorbernstein2",12],["damccorm",31],["vachan-shetty",8],["alexeyinkin",16],["tonytanger",13],["olehborysevych",9]],"2023-03":[["damondouglas",15],["jrmccluskey",9],["Abacn",20],["reuvenlax",11],["lostluck",14],["sirenbyte",10],["psolomin",7],["ahmedabu98",13],["damccorm",19],["alxp1982",9],["kennknowles",11],["riteshghorse",9],["ruslan-ikhsan",10],["MakarkinSAkvelon",7],["AnandInguva",19],["mosche",10],["pabloem",8],["tvalentyn",19],["olehborysevych",9],["mahagen",7],["robertwb",12],["georgecma",7],["suztomo",8],["johannaojeling",8],["chamikaramj",12],["liferoad",13],["alexeyinkin",13],["rszper",18],["rshamunov",10],["TSultanov",13]]}