{"2016-02":[["google.com","11"]],"2016-03":[["google.com","13"],["apache.org","4"],["gmail.com","3"],["cloudera.com","2"],["paypal.com","1"],["senscritique.com","1"]],"2016-04":[["google.com","16"],["paypal.com","1"],["spotify.com","1"],["gmail.com","1"],["halper.in","1"],["apache.org","1"]],"2016-05":[["google.com","13"],["gmail.com","2"],["apache.org","2"],["capitalone.com","2"]],"2016-06":[["google.com","27"],["gmail.com","3"],["apache.org","2"],["protonmail.com","1"],["joshualitt.mtv.corp.google.com","1"],["outlook.com","1"],["users.noreply.github.com","1"]],"2016-07":[["google.com","18"],["gmail.com","4"],["apache.org","2"],["capitalone.com","2"],["spotify.com","2"],["Lucass-MBP.hitronhub.home","1"],["smtp.corp.google.com","1"],["users.noreply.github.com","1"],["markliu0.mtv.corp.google.com","1"],["uber.com","1"],["smokinghand.com","1"],["paypal.com","1"]],"2016-08":[["google.com","23"],["gmail.com","7"],["users.noreply.github.com","2"],["markliu-macbookpro.roam.corp.google.com","1"],["apache.org","1"],["talend.com","1"],["cisco.com","1"],["wikier.org","1"],["fyellin.com","1"],["paypal.com","1"]],"2016-09":[["google.com","23"],["gmail.com","6"],["apache.org","3"],["pianocktail.org","1"],["ajamato2016.sea.corp.google.com","1"],["katsiapis-linux.mtv.corp.google.com","1"],["cisco.com","1"],["smokinghand.com","1"],["paypal.com","1"]],"2016-10":[["google.com","24"],["gmail.com","9"],["apache.org","4"],["spotify.com","2"],["katsiapis-linux.mtv.corp.google.com","1"],["garethwestern.com","1"],["users.noreply.github.com","1"]],"2016-11":[["google.com","28"],["apache.org","4"],["gmail.com","3"],["gandlake.com","1"],["users.noreply.github.com","1"],["markliu0.mtv.corp.google.com","1"],["katsiapis-linux.mtv.corp.google.com","1"],["talend.com","1"],["clusterbeep.org","1"],["smokinghand.com","1"],["paypal.com","1"],["cloudera.com","1"],["payapal.com","1"]],"2016-12":[["google.com","31"],["gmail.com","8"],["paypal.com","1"],["katsiapis-linux.mtv.corp.google.com","1"],["users.noreply.github.com","1"]],"2017-01":[["google.com","32"],["gmail.com","13"],["paypal.com","2"],["users.noreply.github.com","1"],["katsiapis-linux.mtv.corp.google.com","1"],["gmail.com+jbonofre","1"],["relax-macbookpro.roam.corp.google.com","1"],["smokinghand.com","1"],["payapal.com","1"]],"2017-02":[["google.com","22"],["gmail.com","9"],["apache.org","2"],["spotify.com","2"],["ext.gfk.com","1"],["users.noreply.github.com","1"],["ebay.com","1"],["aliyun.com","1"],["wikier.org","1"],["smokinghand.com","1"],["paypal.com","1"]],"2017-03":[["google.com","30"],["gmail.com","12"],["spotify.com","3"],["apache.org","2"],["yahoo.com","2"],["lebech.info","1"],["protonmail.com","1"],["ext.gfk.com","1"],["persistent.co.in","1"],["ebay.com","1"],["talend.com","1"],["tajima-taso.jp","1"],["huawei.com","1"]],"2017-04":[["google.com","31"],["gmail.com","6"],["apache.org","3"],["users.noreply.github.com","2"],["persistent.co.in","2"],["hortonworks.com","2"],["protonmail.com","1"],["vas.io","1"],["spotify.com","1"],["alibaba-inc.com","1"],["us.ibm.com","1"],["aeris.net","1"],["aliyun.com","1"],["shopify.com","1"],["163.com","1"]],"2017-05":[["google.com","26"],["gmail.com","11"],["apache.org","7"],["users.noreply.github.com","2"],["alibaba-inc.com","2"],["","1"],["qunar.com","1"],["ext.gfk.com","1"],["exabel.com","1"],["ebay.com","1"],["aliyun.com","1"],["yahoo.com","1"]],"2017-06":[["google.com","35"],["gmail.com","5"],["apache.org","5"],["","1"],["alibaba-inc.com","1"],["ext.gfk.com","1"],["oracle.com","1"]],"2017-07":[["google.com","29"],["gmail.com","7"],["apache.org","2"],["ebay.com","2"],["users.noreply.github.com","1"],["ocado.com","1"],["spotify.com","1"],["frantil.com","1"],["yahoo.com","1"]],"2017-08":[["google.com","23"],["gmail.com","10"],["apache.org","4"],["users.noreply.github.com","2"],["alibaba-inc.com","2"],["bbc.co.uk","2"],["godaddy.com","1"],["relax-macbookpro2.roam.corp.google.com","1"],["flaviocf-macbookpro.roam.corp.google.com","1"],["ebay.com","1"],["chromium.org","1"],["zhouyunqing-macbookpro3.roam.corp.google.com","1"],["aliyun.com","1"]],"2017-09":[["google.com","17"],["gmail.com","14"],["apache.org","4"],["ebay.com","3"],["lm-sea-11001278.corp.ebay.com","2"],["inoio.de","1"],["rosbach.no","1"],["relax-macbookpro2.roam.corp.google.com","1"],["twitter.com","1"],["ocado.com","1"],["alibaba-inc.com","1"],["us.ibm.com","1"],["yahoo.com","1"],["bluewin.ch","1"]],"2017-10":[["google.com","21"],["gmail.com","8"],["apache.org","2"],["piesync.com","1"],["users.noreply.github.com","1"],["ocado.com","1"],["ebay.com","1"],["zhouyunqing-macbookpro.roam.corp.google.com","1"],["us.ibm.com","1"]],"2017-11":[["google.com","32"],["gmail.com","11"],["users.noreply.github.com","2"],["ebay.com","2"],["spotify.com","2"],["polidea.com","2"],["goenka.svl.corp.google.com","1"],["relax-macbookpro2.roam.corp.google.com","1"],["186590cf3d5d.ant.amazon.com","1"],["apache.org","1"],["pigscanfly.ca","1"],["msaul0.wat.corp.google.com","1"]],"2017-12":[["google.com","19"],["gmail.com","12"],["users.noreply.github.com","3"],["alibaba-inc.com","2"],["polidea.com","2"],["mariagh.svl.corp.google.com","1"],["apache.org","1"],["ebay.com","1"]],"2018-01":[["google.com","30"],["gmail.com","22"],["apache.org","6"],["users.noreply.github.com","2"],["linkedin.com","1"],["ca.ibm.com","1"],["comcast.net","1"],["meituan.com","1"],["skraba.com","1"],["giggles.nyc.corp.google.com","1"],["frantil.com","1"],["kochava.com","1"],["polidea.com","1"]],"2018-02":[["google.com","25"],["gmail.com","15"],["apache.org","5"],["users.noreply.github.com","3"],["rodete-desktop-imager.corp.google.com","2"],["getindata.com","2"],["Alans-MacBook.local","1"],["kennknowles.com","1"],["ebay.com","1"],["bounceexchange.com","1"],["qq.com","1"],["telligent-data.com","1"],["brown.edu","1"],["pigscanfly.ca","1"],["anibla.net","1"],["bluewin.ch","1"],["polidea.com","1"]],"2018-03":[["google.com","20"],["gmail.com","13"],["users.noreply.github.com","5"],["apache.org","4"],["rodete-desktop-imager.corp.google.com","1"],["vanboxel.be","1"],["nanthrax.net","1"],["velik.it","1"],["getindata.com","1"],["qq.com","1"],["healthsparq.com","1"]],"2018-04":[["google.com","26"],["gmail.com","15"],["users.noreply.github.com","5"],["apache.org","5"],["rodete-desktop-imager.corp.google.com","1"],["relax-macbookpro2.roam.corp.google.com","1"],["ebay.com","1"],["us.ibm.com","1"],["thelastpickle.com","1"],["yifanzou-macbookpro.roam.corp.google.com","1"],["frantil.com","1"],["yahoo.com","1"],["polidea.com","1"]],"2018-05":[["google.com","23"],["gmail.com","15"],["users.noreply.github.com","4"],["apache.org","4"],["firma.seznam.cz","4"],["polidea.com","3"],["ml6.eu","2"],["rodete-desktop-imager.corp.google.com","1"],["alum.mit.edu","1"],["nestlabs.com","1"],["frantil.com","1"],["mbp.Academy-AP","1"],["bluewin.ch","1"]],"2018-06":[["google.com","29"],["gmail.com","23"],["apache.org","8"],["users.noreply.github.com","6"],["relax-macbookpro2.roam.corp.google.com","2"],["firma.seznam.cz","2"],["polidea.com","2"],["linkedin.com","1"],["rodete-desktop-imager.corp.google.com","1"],["kennknowles.com","1"],["ml6.eu","1"],["seekerror.org","1"],["ajamato-linux0.sea.corp.google.com","1"],["opengov.com","1"],["bluewin.ch","1"]],"2018-07":[["google.com","19"],["gmail.com","12"],["users.noreply.github.com","7"],["polidea.com","4"],["relax-macbookpro2.roam.corp.google.com","2"],["ml6.eu","2"],["yifanzou-linuxworkstation.sea.corp.google.com","2"],["apache.org","2"],["godaddy.com","1"],["cabify.com","1"],["umich.edu","1"],["sizmek.com","1"],["criteo.com","1"],["seekerror.org","1"],["bluewin.ch","1"]],"2018-08":[["google.com","20"],["gmail.com","19"],["users.noreply.github.com","7"],["apache.org","4"],["tencent.com","3"],["godaddy.com","2"],["ebay.com","2"],["bluewin.ch","2"],["linkedin.com","1"],["capraconsulting.no","1"],["umich.edu","1"],["yifanzou-linuxworkstation.sea.corp.google.com","1"],["hotmail.com","1"],["ugent.be","1"],["sizmek.com","1"],["ocado.com","1"],["spotify.com","1"],["telligent-data.com","1"],["seekerror.org","1"],["pigscanfly.ca","1"],["accretivetg.com","1"]],"2018-09":[["google.com","23"],["gmail.com","21"],["apache.org","12"],["me.com","2"],["users.noreply.github.com","2"],["ml6.eu","2"],["daidokoro.io","2"],["utexas.edu","2"],["comcast.net","1"],["umich.edu","1"],["lyft.com","1"],["hotmail.com","1"],["sizmek.com","1"],["gbif.org","1"],["sentifi.com","1"],["markliu.svl.corp.google.com","1"]],"2018-10":[["gmail.com","25"],["google.com","20"],["apache.org","12"],["users.noreply.github.com","9"],["firma.seznam.cz","4"],["ebay.com","2"],["wandborg.se","2"],["flumaion.com","1"],["kennknowles.com","1"],["optum.com","1"],["ml6.eu","1"],["lyft.com","1"],["mikepedersen.dk","1"],["millsd.sea.corp.google.com","1"],["hotmail.com","1"],["spotify.com","1"],["seekerror.org","1"],["klukas.net","1"],["ajamato-linux0.sea.corp.google.com","1"],["polidea.com","1"]],"2018-11":[["gmail.com","21"],["google.com","20"],["apache.org","9"],["users.noreply.github.com","8"],["firma.seznam.cz","3"],["ebay.com","2"],["seznam.cz","1"],["istellar.jp","1"],["kennknowles.com","1"],["comcast.net","1"],["ml6.eu","1"],["spotify.com","1"],["frantil.com","1"],["happn.com","1"],["sweetapp.com","1"],["foegler-macbookpro3.roam.corp.google.com","1"],["163.com","1"],["polidea.com","1"],["oracle.com","1"],["vente-exclusive.com","1"]],"2018-12":[["gmail.com","21"],["google.com","17"],["users.noreply.github.com","8"],["apache.org","7"],["nanthrax.net","1"],["ml6.eu","1"],["getindata.com","1"],["spotify.com","1"],["wandborg.se","1"],["firma.seznam.cz","1"],["klukas.net","1"],["frantil.com","1"],["theosiu-macbookpro24.roam.corp.google.com","1"],["vente-exclusive.com","1"]],"2019-01":[["google.com","21"],["gmail.com","19"],["apache.org","14"],["users.noreply.github.com","9"],["firma.seznam.cz","3"],["polidea.com","2"],["linkedin.com","1"],["protonmail.com","1"],["ml6.eu","1"],["spotify.com","1"],["qlogic.io","1"],["klukas.net","1"],["163.com","1"],["fluidly.com","1"]],"2019-02":[["gmail.com","21"],["google.com","20"],["apache.org","8"],["users.noreply.github.com","7"],["firma.seznam.cz","2"],["happn.fr","1"],["seznam.cz","1"],["alum.mit.edu","1"],["optum.com","1"],["ml6.eu","1"],["hotmail.com","1"],["spotify.com","1"],["frantil.com","1"],["163.com","1"]],"2019-03":[["gmail.com","21"],["google.com","17"],["apache.org","11"],["users.noreply.github.com","7"],["seznam.cz","2"],["optum.com","2"],["163.com","2"],["polidea.com","2"],["ladderlife.com","1"],["tomtom.com","1"],["godaddy.com","1"],["kennknowles.com","1"],["comcast.net","1"],["uwaterloo.ca","1"],["ml6.eu","1"],["spotify.com","1"],["klukas.net","1"]],"2019-04":[["gmail.com","22"],["google.com","19"],["users.noreply.github.com","10"],["apache.org","10"],["outlook.com","2"],["happn.fr","1"],["seznam.cz","1"],["relax-macbookpro3.roam.corp.google.com","1"],["ml6.eu","1"],["desfontain.es","1"],["talend.com","1"],["brown.edu","1"],["firma.seznam.cz","1"],["frantil.com","1"],["yahoo.com","1"],["live.com","1"],["sweetapp.com","1"],["163.com","1"],["polidea.com","1"],["enversion.dk","1"]],"2019-05":[["gmail.com","29"],["google.com","20"],["users.noreply.github.com","17"],["apache.org","10"],["polidea.com","2"],["linkedin.com","1"],["seznam.cz","1"],["relax-macbookpro3.roam.corp.google.com","1"],["protonmail.com","1"],["godaddy.com","1"],["vanboxel.be","1"],["twitter.com","1"],["venturedive.com","1"],["ml6.eu","1"],["hazelcast.com","1"],["firma.seznam.cz","1"],["frantil.com","1"],["mingliangs-MacBook-Pro.local","1"]],"2019-06":[["gmail.com","28"],["google.com","21"],["users.noreply.github.com","9"],["apache.org","9"],["godaddy.com","2"],["spotify.com","2"],["polidea.com","2"],["invenium.io","1"],["seznam.cz","1"],["tomtom.com","1"],["twitter.com","1"],["ml6.eu","1"],["brown.edu","1"],["mac.com","1"],["firma.seznam.cz","1"],["cbs.com","1"],["163.com","1"]],"2019-07":[["gmail.com","30"],["google.com","24"],["apache.org","12"],["users.noreply.github.com","7"],["rakuten.com","2"],["spotify.com","2"],["polidea.com","2"],["seznam.cz","1"],["godaddy.com","1"],["antfin.com","1"],["twitter.com","1"],["lyft.com","1"],["nokia.com","1"],["MIGRYZ-DEB-DEV1.HOME","1"],["skraba.com","1"],["asert.com.au","1"],["uber.com","1"],["talend.com","1"],["hazelcast.com","1"],["happygiraffe.net","1"],["vente-exclusive.com","1"]],"2019-08":[["gmail.com","31"],["google.com","23"],["users.noreply.github.com","10"],["apache.org","4"],["polidea.com","3"],["seznam.cz","1"],["ladderlife.com","1"],["vanboxel.be","1"],["unimarket.com","1"],["optum.com","1"],["venturedive.com","1"],["ubimo.com","1"],["nokia.com","1"],["lyft.com","1"],["thepost.family","1"],["skraba.com","1"],["outlook.com","1"],["hazelcast.com","1"],["spotify.com","1"],["firma.seznam.cz","1"],["avalonsolutions.com","1"]],"2019-09":[["gmail.com","29"],["google.com","14"],["users.noreply.github.com","13"],["apache.org","6"],["polidea.com","2"],["relax-macbookpro3.roam.corp.google.com","1"],["rakuten.com","1"],["nokia.com","1"],["skraba.com","1"],["carfinance247.co.uk","1"],["hotmail.com","1"],["outlook.com","1"],["hazelcast.com","1"],["spotify.com","1"],["golang.org","1"],["columbia.edu","1"],["happygiraffe.net","1"],["yandex.ru","1"],["pwc.com","1"]],"2019-10":[["google.com","25"],["gmail.com","18"],["apache.org","10"],["users.noreply.github.com","7"],["zenika.com","2"],["godaddy.com","2"],["unimarket.com","2"],["polidea.com","2"],["seznam.cz","1"],["rakuten.com","1"],["arquivei.com.br","1"],["vanboxel.be","1"],["lyft.com","1"],["nokia.com","1"],["skraba.com","1"],["outlook.com","1"],["yelp.com","1"],["brown.edu","1"],["firma.seznam.cz","1"],["klukas.net","1"],["iki.fi","1"],["yandex.ru","1"]],"2019-11":[["gmail.com","24"],["google.com","23"],["apache.org","16"],["users.noreply.github.com","12"],["seznam.cz","3"],["firma.seznam.cz","2"],["polidea.com","2"],["twitter.com","1"],["hiddencube.com","1"],["allegro.pl","1"],["yahoo.com.au","1"],["digital-static.net","1"],["live.com","1"]],"2019-12":[["gmail.com","21"],["google.com","19"],["users.noreply.github.com","12"],["apache.org","11"],["polidea.com","2"],["linkedin.com","1"],["relax-macbookpro3.roam.corp.google.com","1"],["twitter.com","1"],["allegro.pl","1"],["berkayozturk.net","1"],["ningk-macbookpro.roam.corp.google.com","1"]],"2020-01":[["google.com","23"],["gmail.com","22"],["users.noreply.github.com","20"],["apache.org","5"],["firma.seznam.cz","2"],["venturedive.com","1"],["quibi.com","1"],["golang.org","1"],["163.com","1"],["polidea.com","1"]],"2020-02":[["gmail.com","22"],["google.com","20"],["users.noreply.github.com","16"],["apache.org","7"],["vanboxel.be","4"],["seznam.cz","2"],["polidea.com","2"],["relax-macbookpro3.roam.corp.google.com","1"],["venturedive.com","1"],["hotmail.com","1"],["uber.com","1"],["mirado.com","1"],["chef.io","1"],["spotify.com","1"],["eesti.ee","1"],["corvallis.it","1"]],"2020-03":[["gmail.com","24"],["google.com","11"],["users.noreply.github.com","11"],["apache.org","9"],["polidea.com","4"],["relax-macbookpro3.roam.corp.google.com","2"],["uber.com","2"],["spotify.com","2"],["seznam.cz","1"],["vanboxel.be","1"],["getcruise.com","1"],["zetaglobal.com","1"],["molocoads.com","1"],["none","1"],["mirado.com","1"],["ualberta.ca","1"],["163.com","1"]],"2020-04":[["gmail.com","22"],["users.noreply.github.com","17"],["google.com","16"],["apache.org","8"],["shapesecurity.com","2"],["polidea.com","2"],["relax-macbookpro3.roam.corp.google.com","1"],["venturedive.com","1"],["asu.edu","1"],["molocoads.com","1"],["ciencias.unam.mx","1"],["hotmail.com","1"],["twitter.com","1"],["graememorgan.uk","1"],["hazelcast.com","1"],["pfish.zone","1"],["firma.seznam.cz","1"],["ATD-US.com","1"],["mozilla.com","1"],["163.com","1"],["iosb.fraunhofer.de","1"],["skoonce-macbookair.roam.corp.google.com","1"],["vanboxel.be","1"],["sparrowfasoo.com","1"]],"2020-05":[["gmail.com","31"],["google.com","20"],["users.noreply.github.com","20"],["apache.org","12"],["polidea.com","5"],["seznam.cz","2"],["godaddy.com","2"],["omarismail-macbookpro.roam.corp.google.com","1"],["twitter.com","1"],["venturedive.com","1"],["campus.tu-berlin.de","1"]],"2020-06":[["gmail.com","28"],["google.com","20"],["users.noreply.github.com","20"],["apache.org","7"],["polidea.com","5"],["getcruise.com","2"],["thoughtworks.com","1"],["hotmail.com","1"],["infra.apache.org","1"],["qq.com","1"],["firma.seznam.cz","1"],["ricardo.ch","1"],["student.unimelb.edu.au","1"],["163.com","1"]],"2020-07":[["google.com","22"],["gmail.com","22"],["users.noreply.github.com","21"],["polidea.com","10"],["apache.org","6"],["seznam.cz","2"],["outlook.com","2"],["none","1"],["hessman.se","1"],["infra.apache.org","1"],["firma.seznam.cz","1"],["quod.ai","1"],["student.unimelb.edu.au","1"],["163.com","1"]],"2020-08":[["gmail.com","28"],["google.com","22"],["users.noreply.github.com","16"],["polidea.com","7"],["apache.org","3"],["seznam.cz","2"],["163.com","2"],["puresoftware.com","1"],["nyu.edu","1"],["solution4future.com","1"],["infra.apache.org","1"],["hazelcast.com","1"],["mail.missouri.edu","1"],["ztore.com","1"],["firma.seznam.cz","1"],["intuit.com","1"]],"2020-09":[["gmail.com","24"],["google.com","23"],["users.noreply.github.com","13"],["apache.org","5"],["polidea.com","3"],["gradle.com","2"],["methodmissing.com","2"],["hotmail.fr","1"],["umich.edu","1"],["solution4future.com","1"],["monster.com","1"],["ztore.com","1"],["intuit.com","1"]],"2020-10":[["gmail.com","24"],["google.com","24"],["users.noreply.github.com","16"],["polidea.com","6"],["apache.org","3"],["gradle.com","1"],["outlook.com","1"],["cancerscan.jp","1"]],"2020-11":[["google.com","28"],["users.noreply.github.com","14"],["gmail.com","9"],["polidea.com","6"],["apache.org","4"],["linkedin.com","2"],["seznam.cz","2"],["spaeren.no","2"],["frankzhao.net","1"],["mail.utoronto.ca","1"],["gradle.com","1"],["yahoo.com","1"],["riseup.net","1"]],"2020-12":[["google.com","26"],["users.noreply.github.com","15"],["gmail.com","15"],["apache.org","7"],["polidea.com","3"],["seznam.cz","2"],["akvelon.com","2"],["linkedin.com","1"],["hhu.de","1"],["me.com","1"],["mail.utoronto.ca","1"],["basjes.nl","1"],["ztore.com","1"],["gradle.com","1"],["163.com","1"],["cloudera.com","1"],["adobe.com","1"]],"2021-01":[["google.com","26"],["users.noreply.github.com","19"],["gmail.com","14"],["apache.org","5"],["seznam.cz","2"],["venturedive.com","2"],["ebay.com","1"],["gradle.com","1"],["riseup.net","1"],["polidea.com","1"],["akvelon.com","1"]],"2021-02":[["google.com","30"],["gmail.com","15"],["users.noreply.github.com","13"],["apache.org","4"],["venturedive.com","3"],["polidea.com","3"],["163.com","2"],["seznam.cz","1"],["ebay.com","1"],["spotify.com","1"],["orbitsoft.com","1"],["ricardo.ch","1"],["akvelon.com","1"],["allamanis.com","1"]],"2021-03":[["google.com","23"],["users.noreply.github.com","12"],["gmail.com","12"],["apache.org","3"],["getcruise.com","2"],["venturedive.com","2"],["team.wrike.com","2"],["stubbornella.org","1"],["ebay.com","1"],["wizeline.com","1"],["quansic.com","1"],["gmx.net","1"],["163.com","1"],["akvelon.com","1"]],"2021-04":[["google.com","26"],["users.noreply.github.com","22"],["gmail.com","21"],["apache.org","4"],["linkedin.com","1"],["getcruise.com","1"],["venturedive.com","1"],["nokia.com","1"],["snkmail.com","1"],["quansic.com","1"],["loblaw.ca","1"],["163.com","1"],["akvelon.com","1"]],"2021-05":[["google.com","20"],["gmail.com","14"],["users.noreply.github.com","12"],["apache.org","4"],["seznam.cz","2"],["oden.io","1"],["akvelon.com","1"]],"2021-06":[["gmail.com","22"],["google.com","16"],["users.noreply.github.com","13"],["seznam.cz","2"],["wizeline.com","2"],["ryanmcdowell.io","1"],["puresoftware.com","1"],["ocado.com","1"],["softserveinc.com","1"],["apache.org","1"],["hku.hk","1"],["stack-labs.com","1"],["akvelon.com","1"]],"2021-07":[["google.com","19"],["users.noreply.github.com","15"],["gmail.com","15"],["apache.org","3"],["akvelon.com","3"],["linkedin.com","2"],["seznam.cz","2"],["twosigma.com","1"],["outlook.com","1"],["wulver.com","1"],["shabbyrobe.org","1"]],"2021-08":[["users.noreply.github.com","21"],["gmail.com","20"],["google.com","14"],["linkedin.com","2"],["apache.org","2"],["spotify.com","2"],["seznam.cz","1"],["getcruise.com","1"],["hmc.edu","1"],["stack-labs.com","1"],["yahoo.com","1"],["gmx.net","1"],["lewi.us","1"]],"2021-09":[["google.com","24"],["gmail.com","19"],["users.noreply.github.com","18"],["getcruise.com","2"],["apache.org","2"],["icloud.com","1"],["ml6.eu","1"],["allegro.pl","1"],["renault.com","1"],["mirado.com","1"],["team.wrike.com","1"],["spotify.com","1"],["ytel.com","1"],["yahoo.com","1"],["akvelon.com","1"]],"2021-10":[["users.noreply.github.com","15"],["google.com","10"],["gmail.com","4"],["apache.org","2"],["epam.com","2"],["akvelon.com","2"],["spotify.com","1"],["icloud.com","1"]],"2021-11":[["google.com","29"],["users.noreply.github.com","13"],["gmail.com","13"],["akvelon.com","6"],["apache.org","2"],["moonactive.com","2"],["best4ad.com","1"],["qq.com","1"],["epam.com","1"]],"2021-12":[["users.noreply.github.com","30"],["google.com","20"],["gmail.com","15"],["akvelon.com","3"],["wizeline.com","1"],["apache.org","1"],["foxmail.com","1"]],"2022-01":[["gmail.com","27"],["google.com","21"],["users.noreply.github.com","15"],["apache.org","9"],["twosigma.com","2"],["akvelon.com","2"],["virta.global","1"],["victorplusc.com","1"]],"2022-02":[["google.com","38"],["users.noreply.github.com","26"],["gmail.com","9"],["wizeline.com","7"],["akvelon.com","3"],["benchsci.com","1"],["apache.org","1"]],"2022-03":[["google.com","37"],["gmail.com","22"],["users.noreply.github.com","16"],["akvelon.com","6"],["wizeline.com","3"],["apache.org","1"],["live.fr","1"],["moonactive.com","1"],["sethvargo.com","1"],["github.com","1"]],"2022-04":[["google.com","30"],["gmail.com","23"],["users.noreply.github.com","22"],["snowflake.com","2"],["github.com","1"],["apache.org","1"],["akvelon.com","1"]],"2022-05":[["gmail.com","31"],["users.noreply.github.com","23"],["google.com","22"],["akvelon.com","5"],["kynx.org","1"],["github.com","1"],["apache.org","1"],["uwaterloo.ca","1"]],"2022-06":[["gmail.com","32"],["google.com","31"],["users.noreply.github.com","7"],["github.com","1"],["apache.org","1"],["akvelon.com","1"]],"2022-07":[["users.noreply.github.com","36"],["google.com","17"],["gmail.com","11"],["talend.com","4"],["github.com","1"],["ytel.com","1"],["apache.org","1"],["ebay.com","1"]],"2022-08":[["users.noreply.github.com","32"],["google.com","25"],["gmail.com","9"],["github.com","1"],["apache.org","1"]],"2022-09":[["users.noreply.github.com","46"],["gmail.com","18"],["google.com","15"],["talend.com","8"],["akvelon.com","3"],["seznam.cz","1"],["github.com","1"],["apache.org","1"]],"2022-10":[["users.noreply.github.com","36"],["gmail.com","21"],["google.com","18"],["akvelon.com","5"],["yahoo.com","1"],["github.com","1"],["apache.org","1"]],"2022-11":[["users.noreply.github.com","33"],["gmail.com","28"],["google.com","20"],["apache.org","2"],["talend.com","2"],["me.com","1"],["github.com","1"],["akvelon.com","1"],["outlook.com.au","1"]],"2022-12":[["users.noreply.github.com","37"],["gmail.com","20"],["google.com","14"],["akvelon.com","2"],["openx.com","1"],["github.com","1"],["apache.org","1"]],"2023-01":[["users.noreply.github.com","32"],["google.com","25"],["gmail.com","13"],["seznam.cz","4"],["linkedin.com","2"],["github.com","1"],["apache.org","1"]],"2023-02":[["users.noreply.github.com","34"],["google.com","19"],["gmail.com","14"],["github.com","1"],["apache.org","1"],["akvelon.com","1"]],"2023-03":[["users.noreply.github.com","42"],["gmail.com","9"],["google.com","8"],["apache.org","2"],["voiapp.io","1"],["github.com","1"]]}