{"2016-02":["francesperry"],"2016-03":["peihe","kennknowles","davorbonaci","mxm","swegner","tgroh","mshields822","dhalperi","jbonofre","bjchambers"],"2016-04":["jkff","dpmills","aljoscha"],"2016-05":["amitsela","lukecwik"],"2016-06":["rangadi","eljefe6a","silviulica","ericmand","manuzhang","aaltay"],"2016-07":["mdvorsky","robertwb","chamikaramj","charlesccychen"],"2016-08":["gauravgopi123","fyellin","amarouni","markflyhigh","mariusz89016"],"2016-10":["tweise","mariapython","xhumanoid","iemejia","vikkyrk"],"2016-12":["jasonkuster","nssalian","PramodSSImmaneni","joshualitt","sb2nov"],"2017-01":["prabeesh","keijiyoshida","aviemzur","pabloem","vectorijk"],"2017-02":["yk5","edre","ravwojdyla"],"2017-03":["kobisalant","melap","huafengw","craigcitro"],"2017-04":["rekhajoshm","ssisk","XuMingmin","wtanaka"],"2017-05":["staslev","nevillelyh","hepeknet"],"2017-06":["xumingming","takidau","mairbek"],"2017-07":["tvalentyn","alex-filatov","bastiliu","cph6"],"2017-08":["echauchot"],"2017-10":["herohde","CaoManhDat"],"2017-11":["rniemo-g","szewi","akedin","ajamato","dmytroivanov4206","holdenk","luke-zhu"],"2017-12":["arostamianfar","alanmyrvold","angoenka","lgajowy","mhsaul","jeremiele","wcn3","bsidhom","Alienero","DariuszAniszewski","udim"],"2018-01":["rmannibucau","itamaro","joeyfezster","jackyq2015","lostluck","Exprosed","xinyuiscool","ifigotin","pshevtsov","aromanenko-dev","ArnaudFnr","coheigea","zoyahav","yew1eb","scwhittle","johnmac-ibm","shashank64","pawel-kaczmarczyk","cclauss","mottyg1","dkulp","RyanSkraba","sduskis","dsdinter","huygaa11","youngoli"],"2018-02":["davidyan74","boyuanzz","sabhyankar","wslulciuc","apilloud","justintumale","gene-telligent","davidcavazos","yifanzou"],"2018-03":["dawidwys","samwagg","ehrencrona","axelmagn","grzegorz8","alexvanboxel"],"2018-04":["chuanyu","rezarokni","adejanovski","gkumar7","reuvenlax","matzew","kkucharc","pgerv12","shoyer","ananvay","JavierAntonioGonzalezTrejo"],"2018-05":["arkash","timrobertson100","schroederc","kvncp","cademarkegard","brucearctor","GlennAmmons","RobbeSneyders","Fematich","dmvk","kmjung","mareksimunek"],"2018-06":["fvoichick","vesense","matthewrj","ryan-williams","asethia","jack749","VaclavPlajt","robinyqiu","amaliujia","Ardagan","ElliottBrossard","ringw"],"2018-07":["logc","JohnRudolfLewis","superbobry","qinyeli","supercclank","ThatRfernand","garrettjonesgoogle","calonso","EricBeach","JozoVilcek"],"2018-08":["krzysztof-tr","Luis-MX","cjmcgraw","prateekiiest","SokolovMS","jhalaria","torhaa","YuanGunGun","kanterov","csudevinduan","kyle-winkelman","henryken","toelen","javdrher"],"2018-09":["marevol","deepyaman","dattran-vn01","aalbatross","andrew-flumaion","kevinsi4508","daidokoro","regata","djhworld","vvarma","mwylde","ptomasroos","HuangLED"],"2018-10":["noctune","nielm","lhauspie","jklukas","BingfengShu","connelloG","yuppie-flu","ihji","kkpoon","je-ik","songb18","splovyt","adude3141","terrytangyuan","sekikn","rongou","rohdesamuel","niuk-a","joar","Juta","jto","flyisland"],"2018-11":["jsteggink","wscheep","foegler","matthiasa4","chaimt","brianmartin","varundhussa","cushon","koncha99","brianquinlan","janotav","ruoyu90","fabienrousseau","MarkDaoust"],"2018-12":["lcaggio","dustin12","b923","mlotstein","bramp","CraigChambersG","theodoresiu","morokosi"],"2019-01":["juan-rael","htyleo","lhaiesp","slavachernyak","kadircet","epithatree","drieber","wonook","adsouza","brills","mwalenia"],"2019-02":["MeTaNoV","hotienvu","ttanay","danvietduong","srfrnk","mblmat","ibzib","LesTR","TheNeuralBit"],"2019-03":["pedapudi","DanielMe","dxichen","AlexKbit","mikekap"],"2019-04":["TedTed","EdgarLGB","ryanyuan","apstndb","sudhan499","hmdebenque","soyrice","aijamalnk","JohnZZGithub","harshithdwivedi","pranaynanda","lesseasyway","Mikhail-Ivanov","slykar","NikeNano"],"2019-05":["steveniemitz","ostrokach","AaronLeeIV","elwinarens","fredo838","jkp","mszb","kaplanbora","lazylynx","yifanmai","Hannah-Jiang","qmlmoon","rakeshcusat","leo-unc","romanvanderkrogt","fabito","jbartok","rosetn","ajothomas","autodidacticon"],"2019-06":["ylil93","gkovelman","aryann","y1chi","kamilwu","pbackx","raheelkhan","clairemcginty","vglocus","laraschmidt","matthelm","TimvdLippe","dlesco","gschulze","charithe","riazela","rasmi","goosalex","finchcn"],"2019-07":["zachbadgett","happygiraffe","paulk-asert","potatogopher","azurezyq","bmv126","JawadHyder","regadas","paulgc","cmachgodaddy","snallapa","Yekut","yanlin-Lynn"],"2019-08":["oliverhenlich","ecanzonieri","post-l","rahul8383","bvolpato","EDjur","the1plummie","thinhha","sadovnychyi","tomerr90","salmanVD","chadrik"],"2019-09":["matt-darwin","sunjincheng121","tamanobi","jackwhelpton","DAAC","tudorm","angulartist","Primevenn","lloigor","Pehat","iht","RochesterinNYC","Jofre","mrociorg","saulchavez93","appaquet","ianlancetaylor","jesusrv1103","anguillanneuf","KevinGG","11moon11"],"2019-10":["ageron","sgrj","leonardoam","nahuellofeudo","violalyu","samaitra","derekunimarket","ChethanUK","tchiarato","rulle-io","Riduidel","drobert"],"2019-11":["acrites","chunyang","dsnet","ziel","RusOr10n","jagthebeetle","liumomo315","milantracy","cmm08","andrefaraujo","suztomo","elharo","blackml","KangZhiDong","stevekoonce","pgudlani","bumblebee-coming","piter75","shusso","stefanondisponibile"],"2019-12":["dpcollins-google","xubii","pawelpasterz","tysonjh","sambvfx","olegbonar","stephydx","wintermelons","MattMorgis","ozturkberkay"],"2020-01":["rainwoodman","RyanBerti","sorensenjs","vnorigoog","yirutang","dgorelik","kjmrknsn","bradgwest","rehmanmuradali","stankiewicz","icemoon1987"],"2020-02":["veblush","nemecec","bobingm","chrlarsen","jswarburton","Zhangyx39","drubinstein","csenel","davidwrede"],"2020-03":["chie8842","Tesio","chrisgorgo","BioGeek","piotr-szuberski","jfarr","fediazgon","lukemin89","BACtaki","cghawthorne","Hk-tang"],"2020-04":["thetorpedodog","tedyun","hxl5613","tobiaslieber-cognitedata","adrian3ka","Akshay-Iyangar","spoortikundargi","ecapoccia","allenpradeep","graememorgan","ameihm0912","apryor6","damondouglas","chjkw","mjacoby","jaketf","AldairCoronel"],"2020-05":["sjvanrossum","kgabryje","stephenoken","epicfaace","sruthiskumar","darshanj","Rajat-181","jhnmora000","sgraca","bntnam","omarismail94","Borzoo"],"2020-06":["TobKed","sclukas77","tedromer","pskevin","annaqin418","corvin-quodai","bamnet","pulasthi","damgad","ZijieSong946","perkss","Mark-Zeng","rionmonster","JustineKoa","codeBehindMe","purbanow","kshivvy","InigoSJ","Imfuyuwei","nfisher","tkaymak","reubenvanammers","wcc526","jphalip","lastomato"],"2020-07":["jiyongjung0","dhodun","abhiy13","ettirapp","jalmeidaa","sddhrthrt","davidak09","rjbordon","saavannanavati","emilymye","busunkim96","rafi-kamal","ceh","jayendra13","adesormi","simonepri"],"2020-08":["hgarrereyn","galuszkak","slawomir-andrian","odidev","ceocoder","nehsyc","iindyk","George-Wu","irvifa","omkardeshpande8","leiyiz","viktorjonsson","danielxjd","trucleduc"],"2020-09":["PoojaChandak","bipinupd","mouyang","timclemons","milancermak","derrickqin","terryxian78","SergiyKolesnikov","monicadsong","samatix","justinwhite","jithin97","runningcode","rworley-monster","methodmissing","kileys"],"2020-10":["mhsekhavat","yukihira1992","shollyman","dhercher","dandy10","yichuan66","Vasu7052","xasm83","mravi"],"2020-11":["nikie","tszerszen","carlosmarin","geraint0923","kw2542","rHermes","frankzhao","emkornfield","Aliraza-N","brentworden","pcoet","palmere-google"],"2020-12":["ccciudatu","dennisylyung","hacosta","ilya-kozyrev","mattcasters","eyal0","MabelYC","janeliulwq","Romster","andreyKaparulin","dlu1000","krakowski","chroth7","masahitojp","Sealina","anantdamle","KhaninArtur","nielsbasjes","vachan-shetty","mikedewar"],"2021-01":["msbukal","ramazan-yapparov","case-k-git","xinbinhuang","sonam-vend","miracvbasaran","ymatzki","fpopic","Fokko","shehzaadn-vd","johnedmonds","rgruener"],"2021-02":["mallamanis","bitnahian","nirga","ferryvg","baeminbo","chinmoy-g","Jakub-Sadowski","juanitodread","macksclark","dmkozh"],"2021-03":["chermenin","griscz","bashir2","benWize","mynameborat","RaphaelSanamyan","yinghsienwu","turb","abergmeier","andyxiexu"],"2021-04":["musedivision","Amar3tto","pkch","avalanche123","ernvalentino","isidroamv","NicholasAzar","fernando-wizeline","jrynd","quentin-sommer","jordan-moore","anupd22","roger-mike","fcaylus"],"2021-05":["n-oden","tjunderhill","egalpin","zhoufek","psobot","AlikRodriguez","usingh83"],"2021-06":["BenWhitehead","jrmccluskey","josiasrico","ryanmcdowell","hoshimura","gabrielmpaula","yzhang559","j-arrow","MaksymSkorupskyi","dingn1","chutium","danthev","pgillet"],"2021-07":["shabbyrobe","mattrudary","Dobiasd","riteshghorse","anthonyqzhu","heidimhurst","YuqiHuai","MiguelAnzoWizeline","daria-malkova","npetunin-clgx","alexkoay","jcking"],"2021-08":["satybald","dmateusp","cometta","andresrc","BhupiSindhwani","PawasChhokra","thomafred","Venkat-Rajgopal","rodrigob","hmc-cs-mdrissi","ryanthompson591","jbrr","milesmcc","sakshamgupta05","Quarz0","jlewi"],"2021-09":["Edusanc95","pareshsarafmdb","AydarZaynutdinov","esert-g","WinsonT","JonathanHourany","Ruwann","ElessarST","rvballada","paulferaud","yilei","vmarquez","meowcakes"],"2021-10":["chrismgrayftsinc","judahrand"],"2021-11":["minherz","jrhy","dmitriikuzinepam","klmilam","vitaly-ivanov","svetakvsundhar","darshan-sj","hlake21","pavel-avilov","brachi-wernick","asottile","snkalinin","labianchin","AnandInguva","JiayangWu","mosche","Pisush","aleda145","miamihotline"],"2021-12":["chajath","phoerious","thiagotnunes","yeandy","RustedBones","jigga","yu-iskw","deadwind4","johnjcasey","davidhinkes"],"2022-01":["damccorm","andoni-guzman","talatuyarer","ewianda","khersey","blais","lam206","dannymartinm","mkuthan","arunpandianp","aghajani","VictorPlusC","potiuk"],"2022-02":["thorbjorn444","davidpr91","kellen","SandyChapman","sfc-gh-kbregula","MarcoRob","andreykus","carl-mastrangelo","nancyxu123","zoercai"],"2022-03":["bullet03","abhijeet-lele","rahuliyer95","libingye816","ansh0l","Abacn","OreOreDa","paul-tlh","sethvargo","hengfengli","spatel11","jkukul","deepix","lukakalinovcic"],"2022-04":["nbali","iasoon","rszper","nguyennk92","zhengbuqian","thempatel","denisecase","Shiv22Wabale","nickcaballero","sachinag","Firlej","cozos","ahmedabu98"],"2022-05":["alejandrorm","fbeevikm","vchunikhin","Miuler","ktttnv","lnogueir","ilango100","tomstepp","elink21","diegomez17","nausharipov","andreigurau","kynx","prodriguezdefino"],"2022-06":["gonzojive","Naireen","alexeyinkin","byronellis","yixiaoshen","nishantjain91"],"2022-07":["VladMatyunin","MakarkinSAkvelon","olehborysevych","sorokin-andrey","BjornPrime","pranavbhandari24","akashorabek"],"2022-08":["manitgupta","Abirdcfly","hurutoriya","nikhilnadig28","jonathanasdf","liferoad","eantyshev","TheMichaelHu","shhivam","grufino","dedocibula"],"2022-09":["ChangyuLi28","shanemhansen","wannabehero","forsaken628","Sanil15","AlexZMLyu","guillaumecle","azhurkevich","dsmilkov","shub-kris","zaneli","csteegz","harrydrippin","rajatbhatta","gabrywu"],"2022-10":["ryoheinagao","kkdoon","andremissaglia","mcGIh","henrihs","toransahu","alxmrs","Malarg","gemelen","Geddy05","PhilippeMoussalli","raboof","sysede","rickiesmooth","hmehrotra","smeet07"],"2022-11":["christogav","nivaldoh","arne-alex","capthiron","peridotml","ayushthe1","shinannegans","AdalbertMemSQL","kn1kn1","johannaojeling","nuggetwheat","Laksh47","fab-jul","scott-strong","camphillips22"],"2022-12":["agrawal-siddharth","dspasic","lpmarques","ZhengLin-Li","harrisonlimh","joy91227","andthezhang","Illedran","slilichenko","yyy1000","gabihodoroaga","laysakura","ruslan-ikhsan","xzhang95","seungjin-an"],"2023-01":["hermanmak","TSultanov","EgbertW","smart2pet","DavidKatz-il","alnzng","Treydone","cwrothrock","melaniedc","ryucc","VeronicaWasson","tjni","mzitnik","tonytanger"],"2023-02":["Amraneze","andreykot","yuvipanda","wrossmorrow","kamrankoupayi","yananhao12","aliftadvantage","Lizzfox","ziqi-ma","dannikay","nickuncaged1201"],"2023-03":["andres-vv","jackdingilian","becketqin","jeremyje","Saifuddin53","xianhualiu","mutianf","jaxpr","georgecma","zhangskz","bochap","tgaddy"]}