{"2016-12":[["vinothchandar",4.9],["prazanna",3.16],["CLAassistant",1.41]],"2017-01":[["vinothchandar",14.42],["prazanna",12.33],["zqureshi",2.45],["CLAassistant",1]],"2017-02":[["vinothchandar",6.86],["prazanna",4.12],["ywskycn",2.24],["dterror",1.41],["siddharthagunda",1.41],["CLAassistant",1]],"2017-03":[["prazanna",13.53],["vinothchandar",11.75],["ovj",11.05],["yssharma",5.66],["siddharthagunda",5],["HenryCaiHaiying",4.9],["zqureshi",4.8],["fishie9",2.65],["janl",2.24],["DSouzaM",2],["CLAassistant",2],["hoodielib",2],["dterror",1],["gr2m",1]],"2017-04":[["vinothchandar",8.19],["prazanna",7.62],["alunarbeach",2.45],["RaginBajin",1.41]],"2017-05":[["vinothchandar",12.04],["prazanna",9.54],["n3nash",6.32],["kaushikd49",4.36],["alunarbeach",4.24],["zqureshi",3.61],["gekath",2.83],["ovj",2.65],["CLAassistant",2],["boristyukin",1.41],["ajaychitre",1.41],["yssharma",1.41],["kainoa21",1]],"2017-06":[["prazanna",16.06],["n3nash",13.86],["vinothchandar",11.79],["kaushikd49",6.08],["gekath",3.74],["ovj",2.45],["jianxu",2.24],["dannyhchen",2.24],["vschs007",1.73],["CLAassistant",1.41],["zqureshi",1.41],["alunarbeach",1]],"2017-07":[["n3nash",11.27],["vinothchandar",10.63],["littleRa1n",3],["alunarbeach",2.65],["ovj",1.73],["Lwelch45",1],["jkommeren",1],["CLAassistant",1],["gekath",1]],"2017-08":[["vinothchandar",11.36],["ovj",7.14],["n3nash",6.48],["jianxu",4.8],["alunarbeach",3.74],["prazanna",3.74],["gekath",2.45],["kaushikd49",2.24],["CLAassistant",1.73],["zqureshi",1],["littleRa1n",1],["imamitjain",1],["amitjain-lr",1]],"2017-09":[["vinothchandar",15.91],["n3nash",10.39],["kaushikd49",5.57],["prazanna",5.1],["ovj",4.58],["Lwelch45",4],["zqureshi",4],["esmioley",2.45],["jianxu",2.45],["alunarbeach",1.41],["CLAassistant",1]],"2017-10":[["vinothchandar",15.1],["n3nash",12.25],["prazanna",4],["zqureshi",4],["jianxu",1.73],["ovj",1.41],["kaushikd49",1.41],["gr2m",1],["janl",1],["eramirez51",1]],"2017-11":[["vinothchandar",9],["n3nash",8.49],["jianxu",1.73],["prazanna",1]],"2017-12":[["vinothchandar",11.4],["n3nash",9.7],["jianxu",3.61],["prazanna",3.46],["gr2m",1]],"2018-01":[["vinothchandar",15.2],["n3nash",10.72],["ovj",2.83],["jianxu",2.45],["mason",1.73]],"2018-02":[["n3nash",15.94],["vinothchandar",15.26],["jianxu",7.48]],"2018-03":[["n3nash",23.54],["vinothchandar",23.37],["jianxu",8.83],["ovj",8.37],["xjodoin",7.48],["bvaradar",5.39],["kaushikd49",5.39],["suniluber",1.41],["CLAassistant",1]],"2018-04":[["vinothchandar",17.8],["n3nash",17.64],["bvaradar",10.44],["suniluber",5.29],["leletan",2.24],["CLAassistant",1.73],["ovj",1.41],["zichuanwang",1.41]],"2018-05":[["n3nash",12.73],["bvaradar",12.33],["vinothchandar",9.27],["leletan",2.65],["suniluber",2.65],["jboulon",1],["CLAassistant",1]],"2018-06":[["vinothchandar",13.38],["n3nash",13.23],["bvaradar",7.21],["leletan",2.45],["cb149",2.45],["CLAassistant",1.73],["lenamaier",1.73],["fossabot",1.73]],"2018-07":[["n3nash",8.06],["vinothchandar",6],["bvaradar",4.47],["leletan",3.46],["ovj",2.83],["kaushikd49",2.24],["SemanticBeeng",1.41],["CLAassistant",1]],"2018-08":[["n3nash",10.3],["kaushikd49",8.12],["vinothchandar",7.42],["bvaradar",5.66],["leletan",5.2],["saravsars",2.65],["CLAassistant",1.41],["SemanticBeeng",1],["mshtelma",1],["arw357",1],["vectorijk",1]],"2018-09":[["n3nash",17.89],["vinothchandar",16.58],["bvaradar",13.89],["leletan",8.72],["sungjuly",4.36],["lys0716",1.73],["rajatkumarraghuvanshi",1.41],["arw357",1.41],["CLAassistant",1]],"2018-10":[["n3nash",15.94],["vinothchandar",12.65],["bvaradar",12.08],["leletan",6.93],["shangxinli",3.61],["vectorijk",2.45],["arw357",1.73],["CLAassistant",1],["AnkitMishra3220",1],["TadasSugintasYields",1],["prasannarajaperumal",1]],"2018-11":[["vinothchandar",10.25],["n3nash",7.35],["leletan",7.14],["bvaradar",7.07],["louisliu318",2.65],["rajeshbalamohan",2.45],["AndrewKL",2.24],["nsivabalan",2],["cdmikechen",2],["hanleiwang",1],["smdahmed",1],["charleso",1],["gorros",1],["hindog",1],["CLAassistant",1]],"2018-12":[["n3nash",8.49],["vinothchandar",7.28],["bvaradar",6.4],["arukavytsia",6.08],["louisliu318",3.46],["xubo245",3.46],["cdmikechen",3.46],["AndrewKL",3.32],["msridhar",3.16],["nsivabalan",2.45],["smalltimecharlie",2],["sidnakoppa",2],["leletan",1.73],["CLAassistant",1.41],["txy362922388",1.41],["amruthkesav",1.41],["bhasudha",1],["shangxinli",1],["Brian01Chen",1],["bdgeise",1],["GaganjotSidhu",1]],"2019-01":[["n3nash",7.68],["vinothchandar",6.86],["bvaradar",4.36],["louisliu318",3.46],["cdmikechen",3],["yaooqinn",2.24],["MohitShiv",2],["charleso",2],["sidnakoppa",1.73],["BigdataGit",1.41],["CLAassistant",1],["edwin565656",1],["xbaran",1],["drewtenn",1],["smalltimecharlie",1]],"2019-02":[["bvaradar",11.22],["vinothchandar",9.22],["n3nash",9.17],["bhasudha",5.39],["yaooqinn",5.29],["ovj",4],["pshivkumar",2.65],["AndrewKL",2.45],["melin",2.24],["louisliu318",1.73],["dimejune13",1.73],["tooptoop4",1.73],["never-summer",1.41],["daikon12",1.41],["kzarzycki",1],["CLAassistant",1],["wittyameta",1],["umeshkacha",1],["NetsanetGeb",1]],"2019-03":[["vinothchandar",12.41],["vinothchandar",12.29],["n3nash",11.79],["ovj",7.21],["ambition119",6.93],["bvaradar",6.24],["n3nash",6.24],["bvaradar",5.57],["kaka11chen",4],["ovj",3.87],["rahuledavalath",3.16],["rchamarthi",2.83],["kaka11chen",2.65],["smarthi",2.24],["daikon12",2.24],["milantracy",2.24],["BigdataGit",2],["bhasudha",2],["leilinen",2],["arunlakshman",2],["bhasudha",1.73],["leilinee",1.41],["leilinee",1.41],["smdahmed",1.41],["AndrewKL",1],["Zhujun-Vungle",1],["NetsanetGeb",1],["dimejune13",1],["never-summer",1],["tooptoop4",1],["BigdataGit",1],["NetsanetGeb",1],["Achuth17",1],["pshivkumar",1],["AaronCH5",1],["fossabot",1],["CLAassistant",1],["cdmikechen",1]],"2019-04":[["n3nash",20.66],["vinothchandar",16.76],["bvaradar",13.53],["ovj",5.83],["lyogev",4],["leilinen",3.46],["takezoe",3.16],["thesuperzapper",2.65],["milantracy",2.45],["bhasudha",2.24],["Zhujun-Vungle",2.24],["ambition119",2],["zk19930911",2],["jackwang2",1.73],["sidnakoppa",1.73],["renwei111",1.73],["SemanticBeeng",1.41],["NetsanetGeb",1],["jaimin-shah",1],["rahuledavalath",1],["smdahmed",1],["faisalmoeen",1],["arunlakshman",1],["nsivabalan",1]],"2019-05":[["bvaradar",15.75],["vinothchandar",15.68],["n3nash",15.49],["v3nkatesh",9.54],["abhioncbr",7.28],["ambition119",6.78],["pseudomuto",5.92],["bhasudha",5.57],["leilinen",4.9],["ovj",3.87],["eisig",3.74],["cdmikechen",2.24],["jackwang2",1.73],["Zhujun-Vungle",1.73],["arw357",1.73],["tooptoop4",1.41],["JinHai-CN",1.41],["zk19930911",1.41],["srinihacks",1],["SemanticBeeng",1],["rtjarvis",1],["sivachinni",1],["thesuperzapper",1],["tcbakes",1]],"2019-06":[["bvaradar",18.68],["vinothchandar",15.62],["n3nash",12.57],["bhasudha",8.37],["amaranathv",6.86],["cdmikechen",5],["RonBarabash",4.58],["tokaaron",3.74],["jaimin-shah",3.74],["eisig",3.74],["garyli1019",3.16],["hotienvu",2.45],["abhioncbr",2.45],["NetsanetGeb",2.24],["xuFabius",2.24],["nadeemnehru",2],["NadeemMehraj",1.73],["jackwang2",1.73],["chandresh-pancholi",1.73],["haiminh87",1.73],["Gowthamsb12",1.41],["MaxStepQ",1.41],["arw357",1],["karolchmist",1],["rbhartia",1],["shinray",1],["Limmen",1],["katiefrost95",1]],"2019-07":[["vinothchandar",15.36],["bvaradar",11.49],["n3nash",8.89],["eisig",7.48],["garyli1019",5.57],["thesuperzapper",5.48],["cdmikechen",4.47],["v3nkatesh",3.87],["bhasudha",3.74],["zhangxinjian123",3.74],["hotienvu",3.74],["yihua",3.32],["ovj",3],["amaranathv",2.65],["NetsanetGeb",2.45],["anchalkataria",2.24],["yanghua",2.24],["arw357",2],["xuFabius",2],["lresende",1.73],["smdahmed",1.41],["rishabhp",1.41],["afilipchik",1],["jackwang2",1],["tkakantousis",1],["nbijub",1],["tooptoop4",1]],"2019-08":[["vinothchandar",13.56],["bvaradar",11.58],["leesf",8.6],["n3nash",7.68],["yanghua",6.78],["bhasudha",5.83],["tooptoop4",4],["afilipchik",3.61],["hustnn",3.46],["garyli1019",3.16],["alunarbeach",2.83],["taherk77",2.83],["anchalkataria",2.65],["v3nkatesh",2.65],["imperio-wxm",2.65],["zhangxinjian123",2.45],["pratyakshsharma",2.45],["luke-zhu",2.24],["DavisBroda",1.73],["cdmikechen",1.73],["smdahmed",1.73],["arw357",1.73],["umehrot2",1.41],["tweise",1],["shinray",1],["thesuperzapper",1],["firecast",1],["sudipcha",1],["Panxing4game",1],["NetsanetGeb",1],["tribbloid",1],["jackwang2",1],["amaranathv",1]],"2019-09":[["vinothchandar",18.68],["bvaradar",13.19],["leesf",10.68],["yanghua",9.64],["bhasudha",8.94],["umehrot2",8.43],["taherk77",8.43],["yihua",6.71],["HariprasadAllaka1612",4.24],["Panxing4game",4],["n3nash",4],["lresende",4],["jaimin-shah",3.46],["cdmikechen",3.46],["firecast",3.32],["wannaberich",3.32],["pratyakshsharma",2.83],["afilipchik",2],["smdahmed",2],["simonqin",1.73],["tribbloid",1.73],["DavisBroda",1.41],["ggeligible",1.41],["jaguarx",1.41],["thesuperzapper",1],["tooptoop4",1],["ankitdimania-eligible",1],["kevinthfang",1],["rorra",1],["rod-eligible",1],["Gowthamsb12",1],["utk-spartan",1],["2page",1],["jainnidhi703",1]],"2019-10":[["vinothchandar",19.08],["leesf",18.25],["bvaradar",14.87],["yihua",12.25],["taherk77",11.14],["bhasudha",7.87],["zhedoubushishi",6.56],["umehrot2",6.32],["garyli1019",6.16],["arw357",5.1],["n3nash",5],["nsivabalan",4.9],["yanghua",4.69],["Guru107",3.46],["dependabot[bot]",3.46],["tweise",3],["gfn9cho",3],["xushiyan",2.83],["firecast",2.65],["rbhartia",2.24],["Anurag870",2.24],["HariprasadAllaka1612",2],["srkhan2809",1],["smdahmed",1],["broussea1901",1],["bkotwica",1],["iamrohith94",1]],"2019-11":[["vinothchandar",18.63],["n3nash",17.15],["leesf",16.06],["bvaradar",15.36],["lamber-ken",12.88],["yanghua",12.41],["pratyakshsharma",10.3],["nsivabalan",9.85],["hddong",7.81],["bhasudha",7.55],["umehrot2",6.24],["Guru107",5.57],["zhedoubushishi",5.39],["yihua",5],["broussea1901",4],["XuQianJin-Stars",3.87],["bschell",3.32],["srkhan2809",3.16],["taherk77",3],["dependabot[bot]",2.45],["fbalicchia",2.45],["Pahtoe",2.24],["simonqin",2.24],["alphairys",2],["garyli1019",2],["xushiyan",1.73],["steffengr",1.73],["lyogev",1.73],["rbhartia",1.41],["sanjiv1980",1.41],["OpenOpened",1.41],["anismiles",1.41],["HariprasadAllaka1612",1.41],["tooptoop4",1.41],["sndp2693",1],["anmolaj",1],["hustnn",1],["yuhadooper",1],["SirOibaf",1],["modi95",1],["mrtns",1],["bwu2",1],["sudhar-sense",1],["jienan",1],["ezhux",1],["manijndl",1],["pushpavanthar",1],["mdmohsin2005khan",1]],"2019-12":[["vinothchandar",21.14],["lamber-ken",16.28],["nsivabalan",15.17],["bvaradar",14.8],["yanghua",13.64],["leesf",13.23],["n3nash",9.95],["pratyakshsharma",9.22],["hddong",9.17],["cdmikechen",8.37],["XuQianJin-Stars",5.66],["zhedoubushishi",5.1],["SuXingLee",5],["wangxianghu",5],["bschell",4.69],["dengziming",4.47],["SteNicholas",4.24],["smarthi",4.12],["garyli1019",4],["hejinbiao123",3.61],["nisheet195",3.61],["nbalajee",3.32],["yihua",3.32],["sanjiv1980",3.16],["sev7e0",3],["comsir",3],["haospotai",2.45],["wojustme",2.24],["Guru107",2.24],["Neo2007",2.24],["yungthuis66",2.24],["ezhux",2],["listenLearning",2],["MyFutureIsAMess",2],["Akshay2Agarwal",2],["TheApacheHudi",1.73],["modi95",1.73],["akshaythakur1112",1.41],["c-f-cooper",1.41],["fjysmall",1],["Xiaobaxi",1],["zbriesland",1],["pmalafosse",1],["yuehan124",1],["ChethanUK",1],["jeetgangele",1],["arw357",1],["pushpavanthar",1],["srkhan2809",1],["saheb-kanodia",1],["jwo-salesforce",1],["hmatu",1]],"2020-01":[["vinothchandar",21.12],["lamber-ken",18.19],["n3nash",17.64],["leesf",16.16],["bvaradar",15.17],["yanghua",11.05],["bhasudha",9.9],["prashantwason",9.64],["nsivabalan",9.49],["yihua",9.22],["smarthi",8.66],["pratyakshsharma",8.6],["wangxianghu",8.43],["hmatu",7.62],["OpenOpened",7.28],["satishkotha",7],["sev7e0",6.4],["zhedoubushishi",6.24],["xushiyan",6.08],["hddong",5.92],["ezhux",5.74],["bschell",5.66],["XuQianJin-Stars",5.57],["umehrot2",5.29],["dengziming",4.58],["cdmikechen",4],["nbalajee",3.87],["liujianhuiouc",3.74],["yuehan124",3.46],["haospotai",3.16],["Panxing4game",2.65],["RonBarabash",2.65],["Trevor-zhang",2.45],["harveyyue",2.45],["modi95",2.45],["Guru107",2.24],["SteNicholas",2.24],["hejinbiao123",2.24],["rongyousu",2],["ssomuah",2],["TadasSugintasYields",2],["c-f-cooper",2],["tomas-sobotik",2],["HariprasadAllaka1612",1.73],["goldfix",1.73],["melin",1.41],["yanbigot",1.41],["gfn9cho",1],["ChethanUK",1],["loupipalien",1],["youzipi",1],["duongnt",1],["garyli1019",1]],"2020-02":[["vinothchandar",17.94],["yanghua",13.15],["lamber-ken",12.81],["n3nash",12.81],["smarthi",11],["leesf",11],["satishkotha",10.58],["pratyakshsharma",9.43],["bvaradar",8.12],["bhasudha",7.94],["prashantwason",7.07],["ramachandranms",6.86],["garyli1019",6.16],["nsivabalan",5.74],["xushiyan",5.66],["hmatu",5.39],["OpenOpened",5.1],["dengziming",5.1],["nbalajee",4.58],["wangxianghu",4.24],["umehrot2",3.87],["hddong",3.87],["amitsingh-10",3.61],["adamjoneill",3.46],["vikrantgoel",3],["yihua",2.83],["bwu2",2.83],["tooptoop4",2.83],["UZi5136225",2.24],["popart",2.24],["RickyRajinder",2.24],["codecov-io",2],["matthewLiem",2],["modi95",1.73],["liujianhuiouc",1.41],["c-f-cooper",1.41],["zhedoubushishi",1.41],["smdahmed",1],["jinshuangxian",1],["apoorva007",1],["lresende",1],["pushpavanthar",1],["selvarajperiyasamy",1],["praddy",1],["rafaelhbarros",1]],"2020-03":[["vinothchandar",27.22],["yanghua",16.64],["lamber-ken",14.04],["bvaradar",13.6],["pratyakshsharma",13.56],["xushiyan",13.27],["leesf",12.53],["nsivabalan",11.66],["prashantwason",11.18],["hddong",10.39],["smarthi",9.49],["satishkotha",9.33],["garyli1019",8.94],["umehrot2",7.94],["codecov-io",7.55],["OpenOpened",6.78],["zhaomin1423",6.4],["wangxianghu",6.08],["EdwinGuo",5.39],["yihua",5.1],["ffcchi",4.9],["bhasudha",4.8],["zhedoubushishi",4.36],["XuQianJin-Stars",4.24],["ramachandranms",3.46],["s-sanjay",3.46],["dengziming",3.46],["eigakow",2.83],["melkimohamed",2.65],["PhatakN1",2.65],["tverdokhlebd",2.65],["bschell",2.65],["shaofengshi",2.24],["akitanaka",2.24],["utk-spartan",2],["Rajpratik71",2],["TisonKun",2],["loagosad",1.73],["BalaMahesh",1.73],["bwu2",1.73],["abhaygupta3390",1.73],["deabreu",1.41],["hmatu",1.41],["afilipchik",1],["n3nash",1],["lsyldliu",1],["ouyang666",1],["gdineshbabu88",1],["jainnidhi703",1],["adamjoneill",1],["tooptoop4",1],["xiangtao",1],["meijies",1],["raimarkuehnsiemens",1]],"2020-04":[["vinothchandar",22.63],["pratyakshsharma",18.14],["yanghua",15.2],["lamber-ken",14.35],["bvaradar",13.08],["hddong",11.09],["afilipchik",10.49],["garyli1019",9.8],["nsivabalan",9.7],["xushiyan",9],["prashantwason",8.83],["n3nash",8.6],["codecov-io",6.48],["kwondw",6.16],["satishkotha",5.92],["ramachandranms",5.57],["umehrot2",5.39],["wanglisheng81",5.2],["modi95",5.1],["vingov",4.47],["shenh062326",4.36],["leesf",4.12],["dengziming",4],["tverdokhlebd",4],["EdwinGuo",3.87],["bhasudha",3.74],["Trevor-zhang",3.74],["malanb5",3.46],["wangxianghu",3.16],["liujianhuiouc",3],["lw309637554",3],["PhatakN1",2.83],["harshi2506",2.65],["hmatu",2.65],["iftachsc",2.65],["tieke1121",2.45],["zhaomin1423",2.24],["c-f-cooper",2.24],["baobaoyeye",2.24],["GSHF",2.24],["Jiayi-Liao",2.24],["nandini57",2.24],["symfrog",2.24],["jenu9417",2.24],["Jecarm",2],["tooptoop4",2],["vontman",2],["TisonKun",2],["hikiyoung",2],["badion",2],["smarthi",2],["venkee14",2],["yizhu-wish",1.73],["HariprasadAllaka1612",1.73],["bschell",1.73],["v3nkatesh",1.73],["ahmed-elfar",1.73],["jvaesteves",1.73],["dh376",1.41],["selvarajperiyasamy",1.41],["allenzhg",1.41],["cdmikechen",1.41],["zhangxia1030",1.41],["dahirainbow",1],["Antauri",1],["qiuchen100",1],["reste85",1],["ystaticy",1],["Murthy-Palla",1],["superguhua",1],["ohmk",1]],"2020-05":[["vinothchandar",17.86],["pratyakshsharma",17.09],["bvaradar",14.49],["nsivabalan",14.28],["xushiyan",14.28],["yanghua",14],["leesf",10.68],["lamber-ken",10.34],["garyli1019",9.7],["hddong",9.54],["afilipchik",7.62],["v3nkatesh",7.55],["allenerb",6.93],["n3nash",6.08],["codecov-commenter",5.74],["shenh062326",5.48],["wangxianghu",5.48],["bhasudha",5.1],["AakashPradeep",4.8],["codecov-io",4.8],["UZi5136225",4.36],["rolandjohann",4.24],["umehrot2",4.24],["sathyaprakashg",3.87],["cxzl25",3.87],["EdwinGuo",3.87],["prashantwason",3.74],["satishkotha",3.61],["selvarajperiyasamy",3.46],["wanglisheng81",3.16],["nandini57",3.16],["reste85",3.16],["zhedoubushishi",3],["malanb5",2.83],["dengziming",2.83],["apc999",2.83],["bschell",2.65],["jvaesteves",2.45],["abhibhat98",2.45],["prashanthpdesai",2.45],["jfrazee",2.24],["creactiviti",2.24],["HariprasadAllaka1612",2.24],["tooptoop4",2.24],["WTa-hash",2],["vingov",2],["smarthi",2],["afeldman1",2],["luoyajun526",2],["AnkitMishra3220",1.73],["zhangxia1030",1.73],["a-uddhav",1.73],["sassai",1.73],["i4late",1.73],["TisonKun",1.73],["zherenyu831",1.73],["ramachandranms",1.41],["sungjuly",1.41],["Jecarm",1.41],["harshitbol",1.41],["penglinzhang",1],["WilliamWhispell",1],["harshi2506",1],["PhatakN1",1],["yihua",1],["zhengcanbin",1],["piyushrl",1],["Trevor-zhang",1],["broussea1901",1],["maduxi",1]],"2020-06":[["vinothchandar",23.49],["leesf",15.13],["bvaradar",14.21],["prashantwason",13.23],["garyli1019",12.85],["xushiyan",12.17],["n3nash",11.22],["wangxianghu",10.49],["yanghua",9.95],["afeldman1",8.94],["shenh062326",8.19],["nsivabalan",7.75],["umehrot2",7.75],["bhasudha",7],["hddong",6.71],["luoyajun526",6.08],["codecov-commenter",5.48],["lw309637554",5.29],["tooptoop4",4.58],["baobaoyeye",4.47],["lamber-ken",4.24],["Litianye",3.87],["harishchanderramesh",3.61],["pratyakshsharma",3.61],["prashanthpdesai",3.46],["cocopc",3.32],["satishkotha",3],["Raghvendradubey",3],["bschell",2.83],["nandini57",2.83],["bobgalvao",2.65],["UZi5136225",2.65],["zhedoubushishi",2.65],["EdwinGuo",2.45],["RajasekarSribalan",2.45],["hj2016",2.24],["sathyaprakashg",2.24],["WaterKnight1998",2.24],["somebol",2.24],["christoph-wmt",2],["yui2010",2],["selvarajperiyasamy",2],["lyogev",2],["zuyanton",2],["davidsheard",1.73],["kwondw",1.73],["venkee14",1.73],["masterlemmi",1.73],["desavera",1.41],["cdmikechen",1.41],["nikitap95",1.41],["luffyd",1.41],["DragonPrince1992",1.41],["cxzl25",1.41],["vingov",1.41],["FelixKJose",1],["XuQianJin-Stars",1],["sbernauer",1],["anismiles",1],["v3nkatesh",1],["ramachandranms",1],["nandurj",1],["jpugliesi",1],["RocMarshal",1],["AndrewKL",1]],"2020-07":[["vinothchandar",22.34],["nsivabalan",16],["xushiyan",15.13],["yanghua",14.49],["leesf",13.53],["bvaradar",13.3],["garyli1019",12.85],["lw309637554",11.45],["Mathieu1124",10.58],["umehrot2",9.95],["prashantwason",8.83],["shenh062326",8.77],["pratyakshsharma",7.75],["bhasudha",7.62],["zherenyu831",7.35],["satishkotha",7],["yihua",6.56],["n3nash",6.4],["tooptoop4",6.24],["sbernauer",5.92],["asheeshgarg",5.39],["hddong",4.8],["miaomiao2miaomiao",4.8],["zhedoubushishi",4.36],["linshan-ma",4.36],["zuyanton",4.36],["RajasekarSribalan",4],["ssomuah",3.61],["rubenssoto",3.46],["DeyinZhong",3.16],["reenarosid",3.16],["kirkuz",3],["srsteinmetz",3],["luffyd",2.83],["henrywu2019",2.83],["prashanthpdesai",2.83],["GuoPhilipse",2.65],["clocklear",2.45],["bschell",2.45],["codecov-commenter",2.24],["andreitaleanu",2.24],["tsolanki95",2],["GurRonenExplorium",2],["rajgowtham24",2],["jcunhafonte",2],["masterlemmi",2],["WaterKnight1998",2],["rvd8345",2],["FelixKJose",2],["stackfun",2],["WilliamWhispell",1.73],["nandurj",1.73],["sam-wmt",1.73],["baobaoyeye",1.73],["thomasrynnehmrc",1.73],["afeldman1",1.73],["Raghvendradubey",1.73],["qingyuan18",1.73],["joaqs190",1.73],["nowordofalie",1.73],["nandini57",1.41],["aditanase",1.41],["hrmguilherme2",1.41],["michetti",1.41],["ZKLOCK",1.41],["dthauvin",1.41],["lamber-ken",1.41],["WTa-hash",1],["GrigorievNick",1],["UZi5136225",1],["pengzhiwei2018",1],["venkee14",1],["nsuthar-lumiq",1],["PhatakN1",1],["jackwellsxyz",1],["NikhilSuthar",1],["a-uddhav",1],["v3nkatesh",1],["selvarajperiyasamy",1],["EdwinGuo",1],["harishchanderramesh",1]],"2020-08":[["vinothchandar",24.49],["bvaradar",19.87],["nsivabalan",19.67],["wangxianghu",14.87],["yanghua",13.56],["umehrot2",12.29],["zhedoubushishi",10.86],["bhasudha",10.58],["xushiyan",10.2],["pratyakshsharma",9.54],["prashantwason",9],["n3nash",8.6],["satishkotha",8.43],["leesf",8.43],["liujinhui1994",8.37],["shenh062326",7.75],["lw309637554",6.93],["garyli1019",6.86],["rubenssoto",5.74],["Trevor-zhang",5.66],["sreeram26",4.8],["tooptoop4",4.69],["modi95",4.24],["sbernauer",4.12],["rmpifer",3.87],["zherenyu831",3.74],["sathyaprakashg",3.61],["mingujotemp",3.46],["luffyd",3.46],["cdmikechen",3.46],["nbalajee",3.32],["dm-tran",3.16],["cheshta2904",3.16],["linshan-ma",3],["jiegzhan",3],["hddong",3],["saumyasuhagiya",2.83],["vinothsiva1989",2.83],["bschell",2.65],["jpugliesi",2.65],["harishchanderramesh",2.65],["poiyyq",2.65],["DeyinZhong",2.45],["nagacse",2.45],["WTa-hash",2.24],["Yungthuis",2.24],["Yogashri12",2.24],["hughfdjackson",2.24],["FelixKJose",2.24],["codecov-commenter",2],["prashanthvg89",2],["Karl-WangSK",2],["brandon-stanley",2],["RajasekarSribalan",2],["sassai",2],["vrtrepp",2],["ashishmgofficial",2],["hj2016",2],["noobarcitect",2],["Ares-W",2],["kpurella",2],["yuhadooper",1.73],["wkhapy123",1.73],["KarthickAN",1.73],["ankur1603",1.73],["rufferjr",1.73],["wfhartford",1.73],["piyushrl",1.73],["sam-wmt",1.73],["cnDenis",1.41],["cun123",1.41],["simonqin",1.41],["h117561964",1.41],["ChenShuai1981",1.41],["Ac-Rush",1.41],["liujianhuiouc",1.41],["kwondw",1.41],["s-sanjay",1.41],["nandini57",1],["kimmazhenxin",1],["steveloughran",1],["shashwatsrivastava94",1],["stackfun",1],["brandonstanley-rci",1],["bigmisspanda",1]],"2020-09":[["vinothchandar",19.97],["yanghua",14.66],["bvaradar",14.53],["wangxianghu",14.35],["satishkotha",13.86],["prashantwason",12.53],["pratyakshsharma",10.72],["leesf",10.25],["xushiyan",8.66],["n3nash",8.31],["liujinhui1994",7.81],["Karl-WangSK",7.14],["nsivabalan",7.14],["lw309637554",6.71],["hj2016",5.83],["dugenkui03",5.66],["garyli1019",5.66],["shenh062326",4.69],["ashishmgofficial",4.12],["linshan-ma",4.12],["sathyaprakashg",4],["umehrot2",3.74],["rajgowtham24",3.16],["SteNicholas",3],["tooptoop4",2.65],["hddong",2.65],["zhedoubushishi",2.65],["Kaiux",2.45],["getniz",2.45],["harishchanderramesh",2.45],["bradleyhurley",2.45],["bschell",2.24],["sreeram26",2.24],["eigakow",2.24],["zherenyu831",2.24],["WTa-hash",2.24],["chuangehh",2.24],["ivorzhou",2],["abhijeetkushe",2],["rafaelhbarros",2],["rnatarajan",2],["KarthickAN",2],["vishalpathak1986",2],["prashanthvg89",2],["cadl",1.73],["Yogashri12",1.73],["kpurella",1.73],["RajasekarSribalan",1.41],["kwondw",1.41],["sbernauer",1.41],["ShortFinger",1.41],["JiaDe-Wu",1.41],["Trevor-zhang",1.41],["modi95",1.41],["andaag",1.41],["tandonraghavs",1.41],["luffyd",1.41],["therealppk",1.41],["nbalajee",1.41],["codecov-commenter",1.41],["afilipchik",1.41],["sam-wmt",1],["hughfdjackson",1],["dm-tran",1],["FelixKJose",1],["s-sanjay",1],["kimmazhenxin",1],["simonqin",1],["cdmikechen",1],["ankur1603",1],["v3nkatesh",1],["saumyasuhagiya",1]],"2020-10":[["vinothchandar",19.21],["lw309637554",14.66],["n3nash",13.6],["bvaradar",11.27],["wangxianghu",10.95],["satishkotha",9.95],["xushiyan",9.11],["prashantwason",9.11],["nsivabalan",9.06],["leesf",9],["yanghua",8.06],["pratyakshsharma",7.35],["umehrot2",6.32],["Karl-WangSK",6.32],["liujinhui1994",6.16],["SteNicholas",6.16],["codecov-io",5.74],["dugenkui03",5.57],["ashishmgofficial",5.48],["hotienvu",5.39],["spyzzz",4.8],["zhedoubushishi",4.8],["hj2016",4.12],["tandonraghav",4.12],["KarthickAN",3.46],["rmpifer",3.32],["guykhazma",3.32],["shenh062326",3],["bhasudha",3],["BalaMahesh",3],["halkar",2.83],["rahulpoptani",2.83],["LeoHsu0802",2.45],["kimberlyamandalu",2.45],["sathyaprakashg",2.45],["sassai",2.24],["afeldman1",2.24],["WTa-hash",2],["bschell",2],["prashanthvg89",2],["abhijeetkushe",1.73],["reenarosid",1.73],["naka13",1.73],["brandon-stanley",1.73],["RajasekarSribalan",1.73],["tandonraghavs",1.73],["getniz",1.73],["bradleyhurley",1.73],["aniejo",1.41],["somebol",1.41],["adnanhb",1.41],["cdmikechen",1.41],["murthy80",1.41],["hddong",1],["codecov-commenter",1],["rchamarthi",1],["giaosudau",1],["andaag",1],["harishchanderramesh",1],["tooptoop4",1],["Akshay2Agarwal",1],["v3nkatesh",1]],"2020-11":[["vinothchandar",17.69],["wangxianghu",14.66],["n3nash",11.87],["satishkotha",11.4],["bvaradar",9.75],["lw309637554",9.59],["yanghua",9.54],["garyli1019",9.27],["zhedoubushishi",6.56],["nsivabalan",6.56],["leesf",6.16],["liujinhui1994",6.08],["codecov-io",5.92],["prashantwason",5],["umehrot2",4.9],["rmpifer",4.8],["sathyaprakashg",4.47],["shenh062326",4.47],["bithw1",4.36],["guykhazma",4.12],["pengzhiwei2018",4.12],["Karl-WangSK",3.87],["WTa-hash",3.61],["nbalajee",3.46],["linshan-ma",3.16],["hddong",3.16],["yui2010",3.16],["hj2016",3.16],["BalaMahesh",3],["bhasudha",3],["bhushanamk",2.65],["asharma4-lucid",2.65],["sbernauer",2.65],["kpurella",2.45],["advancedxy",2.24],["zherenyu831",2],["RajasekarSribalan",2],["jon-qj",2],["zuyanton",2],["xqy179",2],["ygordefraga",2],["sanket-khedikar",1.73],["quitozang",1.73],["konradwudkowski",1.73],["getniz",1.73],["manijndl7",1.73],["giaosudau",1.73],["shenbinglife",1.41],["FelixKJose",1.41],["wosow",1.41],["v3nkatesh",1.41],["jiangok2006",1.41],["rvd8345",1.41],["santas-little-helper-13",1.41],["SteNicholas",1],["afilipchik",1],["hughfdjackson",1],["abhijeetkushe",1],["geekalien",1],["BdLearnerr",1],["murthy80",1],["lcaaaat",1],["Carl-Zhou-CN",1],["spyzzz",1],["Ares-W",1],["helianthuslulu",1],["chongchongzi",1],["bradleyhurley",1],["yuzhaojing",1],["pratyakshsharma",1]],"2020-12":[["vinothchandar",27.35],["lw309637554",16.06],["satishkotha",14.56],["n3nash",13.89],["nsivabalan",13.23],["yanghua",12.85],["garyli1019",11.79],["leesf",11.66],["wangxianghu",10.91],["danny0405",9.38],["bvaradar",9.06],["codecov-io",8.12],["prashantwason",8],["zhedoubushishi",7.87],["umehrot2",7.75],["rmpifer",7.55],["pengzhiwei2018",7.14],["shenh062326",6.48],["nbalajee",6.32],["liujinhui1994",5.39],["hj2016",5],["Karl-WangSK",4.8],["manijndl7",4.58],["bithw1",4.58],["yui2010",4.36],["zuoyebushiwo",4],["xushiyan",3.87],["jshmchenxi",3.61],["stackfun",3.32],["ygordefraga",3.32],["lichang-bd",3],["tooptoop4",2.83],["sbernauer",2.45],["guykhazma",2.45],["kirkuz",2.45],["Nieal-Yang",2.45],["giaosudau",2.24],["PavelPetukhov",2.24],["starbunny",2.24],["sumihehe",2.24],["so-lazy",2.24],["bhushanamk",2.24],["rswagatika",2.24],["rahultoall",2.24],["borislitvak",2],["AnweshaSen",2],["mauropelucchi",2],["Trevor-zhang",2],["asharma4-lucid",2],["kingkongpoon",2],["jainpriyansh786",2],["echarso",2],["brandon-stanley",1.73],["peng-xin",1.73],["bhasudha",1.73],["ashok-workouts",1.73],["kimberlyamandalu",1.73],["hddong",1.73],["Xoln",1.73],["WTa-hash",1.73],["zherenyu831",1.41],["lucprosa",1.41],["evgeny-bondarenko",1.41],["wosow",1.41],["santas-little-helper-13",1.41],["rymurr",1.41],["afeldman1",1.41],["jonathanmorais",1.41],["BalaMahesh",1.41],["kpurella",1],["yanzhanc",1],["TalkWIthKeyboard",1],["trikota-kc",1],["ruztbucket",1],["jingweiz2017",1],["rakeshramakrishnan",1],["jiangok2006",1],["KarthickAN",1]],"2021-01":[["vinothchandar",26.59],["yanghua",22.47],["nsivabalan",20],["n3nash",16.22],["danny0405",15.2],["garyli1019",13.3],["wangxianghu",12.81],["loukey-lj",11],["satishkotha",10.77],["prashantwason",10.39],["pengzhiwei2018",9.95],["lw309637554",9.43],["umehrot2",8.37],["codecov-io",8.12],["Karl-WangSK",7.68],["vburenin",6.78],["Trevor-zhang",6.71],["bvaradar",6.16],["xushiyan",5.92],["teeyog",5.74],["hotienvu",5.74],["liujinhui1994",5.57],["rubenssoto",5.39],["zhedoubushishi",5.2],["pratyakshsharma",4.69],["shenh062326",4.58],["jiangjiguang",4.24],["rmpifer",4],["leesf",3.87],["Nieal-Yang",3.46],["quitozang",3.32],["yui2010",3.32],["SteNicholas",2.83],["jtmzheng",2.65],["jshmchenxi",2.45],["afilipchik",2.24],["peng-xin",2.24],["hj2016",2.24],["rakeshramakrishnan",2.24],["lshg",2.24],["sam-wmt",2.24],["puyvqi",2.24],["kimberlyamandalu",2],["lamber-ken",2],["so-lazy",2],["wosow",2],["zafer-sahin",1.73],["mengfeng113",1.73],["Rap70r",1.73],["jiangok2006",1.73],["kirkuz",1.73],["pranotishanbhag",1.73],["slamke",1.73],["duanyongvictory",1.41],["stackfun",1.41],["c-f-cooper",1.41],["youngyangp",1.41],["cdmikechen",1.41],["noobarcitect",1.41],["afeldman1",1.41],["fripple",1.41],["chaplinthink",1.41],["sbernauer",1],["git-raj",1],["nbalajee",1],["pavelbelenkovich",1],["vrtrepp",1],["sumihehe",1],["zherenyu831",1],["ivorzhou",1],["renxiaoyao",1],["adaniline-paytm",1],["ygordefraga",1],["toninis",1],["SureshK-T2S",1],["jingweiz2017",1],["WTa-hash",1],["hughfdjackson",1],["prashanthvg89",1],["christoph-wmt",1],["jessica0530",1]],"2021-02":[["nsivabalan",24.08],["vinothchandar",18.52],["yanghua",18.22],["danny0405",16.16],["n3nash",15.87],["prashantwason",11.36],["lamber-ken",10.2],["garyli1019",9.64],["pengzhiwei2018",8.94],["ZhangChaoming",7.42],["bvaradar",7.42],["rubenssoto",7.35],["vburenin",7],["wangxianghu",6.93],["codecov-io",6.48],["caidezhi",6.4],["leesf",6.08],["liujinhui1994",5.83],["xushiyan",5.83],["teeyog",5.66],["lhjzmn",5.2],["hk-lrzy",5.1],["satishkotha",4.8],["Karl-WangSK",4.24],["tooptoop4",4.12],["MyLanPangzi",4.12],["simonsssu",4],["hddong",3.74],["t0il3ts0ap",3.46],["Xoln",3.16],["yui2010",3.16],["nbalajee",3.16],["shenh062326",3.16],["kingkongpoon",3.16],["zhedoubushishi",3],["rswagatika",3],["Liulietong",3],["jtmzheng",2.83],["andormarkus",2.83],["lw309637554",2.65],["hseagle",2.65],["abhijeetkushe",2.45],["Rap70r",2.24],["akanungoz",2.24],["jackiehff",2.24],["GintokiYs",2.24],["codejoyan",2.24],["sleapfish",2.24],["umehrot2",2],["pavannpa",2],["Trevor-zhang",2],["getniz",2],["jiangok2006",1.73],["rshanmugam1",1.73],["zuyanton",1.73],["hj2016",1.73],["kimberlyamandalu",1.73],["rajgowtham24",1.73],["SureshK-T2S",1.73],["root18039532923",1.73],["vinayrevu",1.73],["s-sanjay",1.73],["shenbinglife",1.41],["rakeshramakrishnan",1.41],["hotienvu",1.41],["Magicbeanbuyer",1.41],["kpurella",1.41],["jingweiz2017",1.41],["BalaMahesh",1.41],["slamke",1.41],["robin-su",1.41],["manijndl7",1.41],["mauropelucchi",1.41],["cdmikechen",1],["konradwudkowski",1],["nikspatel03",1],["sbernauer",1],["youngyangp",1],["WTa-hash",1],["AnweshaSen",1],["afeldman1",1],["badri03iter",1],["XuQianJin-Stars",1],["zafer-sahin",1],["Umar895",1],["ze-engineering-code-challenge",1],["green2k",1],["stackfun",1],["toninis",1],["zherenyu831",1],["saumyasuhagiya",1]],"2021-03":[["vinothchandar",18.25],["danny0405",16.67],["nsivabalan",16.43],["n3nash",16.34],["pengzhiwei2018",14.76],["yanghua",13.04],["garyli1019",10.3],["satishkotha",10.25],["umehrot2",8.72],["codecov-io",8.12],["xushiyan",7.62],["xiarixiaoyao",7.42],["liujinhui1994",6.93],["vburenin",6],["prashantwason",5.92],["nbalajee",5.74],["bvaradar",5.48],["jsbali",4.9],["wangxianghu",4.8],["root18039532923",4.58],["jintaoguan",4.47],["lw309637554",4.36],["sbernauer",4.12],["shenh062326",3.87],["Sugamber",3.87],["rubenssoto",3.74],["stackfun",3.61],["aditiwari01",3.61],["cdmikechen",3.46],["Xoln",3.46],["RocMarshal",3.46],["peng-xin",3.46],["t0il3ts0ap",3.32],["NickYoungPeng",3.32],["vingov",3],["Tandoy",2.83],["yui2010",2.83],["leesf",2.83],["codejoyan",2.65],["MyLanPangzi",2.65],["zherenyu831",2.45],["Liulietong",2.45],["shenbinglife",2.45],["kimberlyamandalu",2.24],["leo-Iamok",2.24],["brandon-stanley",2.24],["akanungoz",2.24],["legendtkl",2.24],["chaplinthink",2.24],["IloveZiHan",2],["li36909",2],["teeyog",2],["wosow",2],["liijiankang",2],["shivabansal1046",2],["guanziyue",2],["ZhangChaoming",1.73],["TeRS-K",1.73],["hudi-bot",1.73],["stayrascal",1.73],["jonashartwig",1.73],["kwondw",1.73],["pj001",1.73],["jackiehff",1.73],["kema-wish",1.73],["ztcheck",1.73],["rswagatika",1.41],["Rap70r",1.41],["Ashwanisr",1.41],["gopi-t2s",1.41],["modi95",1.41],["hddong",1.41],["afeldman1",1.41],["jtmzheng",1],["sleapfish",1],["skapote",1],["pratyakshsharma",1],["Karl-WangSK",1],["bhasudha",1],["maxiaoniu",1],["rshanmugam1",1],["WilliamWhispell",1]],"2021-04":[["nsivabalan",17.06],["danny0405",14.56],["pengzhiwei2018",14.49],["leesf",14.39],["vinothchandar",14.04],["yanghua",12.73],["n3nash",11.87],["lw309637554",11.45],["xiarixiaoyao",11.09],["ssdong",9.43],["satishkotha",9.33],["MyLanPangzi",8.43],["li36909",8.37],["garyli1019",7.68],["liujinhui1994",7.62],["RocMarshal",7.42],["codecov-commenter",7.21],["xushiyan",7.14],["pratyakshsharma",7.14],["aditiwari01",6.93],["codecov-io",6.16],["TeRS-K",5.74],["jintaoguan",5.66],["jsbali",5.39],["zherenyu831",5.39],["vingov",5],["NickYoungPeng",4.9],["wangxianghu",4.8],["lonelyGhostisdog",4.69],["rubenssoto",4.36],["prashantwason",4.12],["umehrot2",4.12],["xglv1985",3.74],["hj2016",3.46],["sbernauer",3.32],["hddong",3.16],["njalan",3.16],["hmit",3.16],["cdmikechen",3],["bvaradar",3],["vburenin",2.83],["QiAnXinCodeSafe",2.83],["wk888",2.83],["zhedoubushishi",2.45],["MINCWANG",2.45],["vobukh",2.45],["nbalajee",2.45],["tmac2100",2.45],["ismailsimsek",2.45],["hushenmin",2.45],["AkshayChan",2.45],["liijiankang",2.24],["xurunbai",2.24],["shenbinglife",2.24],["giaosudau",2.24],["abhijeetkushe",2.24],["kimberlyamandalu",2.24],["codejoyan",2.24],["susudong",2.24],["PavelPetukhov",2.24],["simon824",2.24],["ztcheck",2],["tooptoop4",2],["raphaelauv",2],["stackfun",2],["WilliamWhispell",2],["vansimonsen",2],["rancylive",2],["BigWrite",2],["410680876f1",1.73],["nevgin",1.73],["rmpifer",1.73],["jtmzheng",1.73],["manishbol",1.41],["dszakallas",1.41],["hudi-bot",1.41],["qianjiangbing",1.41],["luopuya",1.41],["AdeloreSimiloluwa",1.41],["jiegzhan",1.41],["wsxGit",1.41],["ngonik",1.41],["murphp15",1.41],["jkdll",1.41],["putaozhi123",1.41],["root18039532923",1.41],["wosow",1.41],["diogodilcl",1],["JSK520",1],["huzekang",1],["ishg",1],["ouzhang",1],["rshanmugam1",1],["ze-engineering-code-challenge",1],["kvallala",1],["Magicbeanbuyer",1],["GaruGaru",1],["Sugamber",1],["jackye1995",1],["sathyaprakashg",1]],"2021-05":[["nsivabalan",18.25],["n3nash",15.68],["vinothchandar",15.65],["danny0405",12.08],["wangxianghu",10.54],["pengzhiwei2018",9.06],["umehrot2",8.89],["garyli1019",8.77],["zhedoubushishi",8.66],["leesf",8.54],["codecov-commenter",8.43],["xushiyan",7.28],["liujinhui1994",6.08],["pratyakshsharma",6],["MyLanPangzi",5.66],["yanghua",5.48],["vaibhav-sinha",5.39],["yuzhaojing",5],["codope",4.9],["veenaypatil",4.9],["lw309637554",4.8],["hk-lrzy",4.36],["satishkotha",4.24],["zhangminglei",4.12],["chaplinthink",3.87],["mpouttu",3.74],["loukey-lj",3.46],["AirToSupply",3.46],["tandonraghav",3.32],["sathyaprakashg",3.16],["xiarixiaoyao",3],["PavelPetukhov",3],["yihua",3],["pan3793",2.83],["WilliamWhispell",2.83],["sbernauer",2.83],["lonelyGhostisdog",2.65],["nmahmood630",2.65],["jsbali",2.65],["arun990",2.65],["rmpifer",2.65],["jtmzheng",2.65],["jintaoguan",2.45],["dong0808",2.45],["Xuehai-Chen",2.45],["peanut-chenzhong",2.45],["Akshay2Agarwal",2.45],["RocMarshal",2.24],["swuferhong",2.24],["Yao-MR",2.24],["taylorliao",2],["l-jhon",2],["ssdong",2],["hudi-bot",2],["ChandraNarreddy",2],["ismailsimsek",2],["root18039532923",2],["AkshayChan",2],["pmathew-coder",2]],"2021-06":[["danny0405",20.69],["nsivabalan",20.62],["vinothchandar",15.68],["leesf",14.21],["pengzhiwei2018",14],["veenaypatil",14],["n3nash",13.96],["wangxianghu",13.38],["yuzhaojing",12.17],["codecov-commenter",11.92],["hudi-bot",11.45],["yanghua",10.49],["garyli1019",9.7],["swuferhong",9.54],["codope",9.11],["sbernauer",8.06],["chaplinthink",7.62],["xiarixiaoyao",7.55],["prashantwason",7.21],["xushiyan",6.86],["vingov",6.86],["vaibhav-sinha",6.24],["jsbali",6],["jintaoguan",5.74],["fanaticjo",5.48],["umehrot2",5.39],["rmahindra123",5.29],["jhsb25",5],["pratyakshsharma",4.9],["satishkotha",4.9],["zhangjun0x01",4.9],["zhedoubushishi",4.58],["Samrat002",4.47],["taylorliao",4.47],["minihippo",4],["arun990",3.74],["zhangyue19921010",3.61],["jkdll",3.46],["brary",3.32],["tandonraghav",3],["fengjian428",2.83],["dwshmilyss",2.83],["hk-lrzy",2.83],["liujinhui1994",2.45],["rongma1997",2.45],["wangfeigithub",2.24],["rubenssoto",2.24],["bhasudha",2.24],["leoluan2009",2.24],["konradwudkowski",2],["RocMarshal",2],["Carl-Zhou-CN",2],["lppsuixn",2],["jtmzheng",2],["rmahindra321",2],["karan867",1.73],["tamil-balaiah",1.73],["nateradtke",1.73],["loukey-lj",1.73],["deep-teliacompany",1.73],["djKooks",1.73],["pranotishanbhag",1.73],["liijiankang",1.73],["Akshay2Agarwal",1.73],["cb149",1.41],["freeshow",1.41],["guanziyue",1.41],["Vikas-kum",1.41],["putaozhi123",1.41],["moranyuwen",1.41],["ssdong",1.41],["mdz-doit",1.41],["s-sanjay",1.41],["yui2010",1.41],["vburenin",1.41],["fbraza",1],["mauropelucchi",1],["tmacedo",1],["atharshah-ea",1],["giridharmunagala",1],["xdingou",1],["hushenmin",1],["KarthickAN",1],["Xuehai-Chen",1],["tandonraghavs",1],["Limess",1],["bvaradar",1],["FelixKJose",1],["Tandoy",1],["anupam-dewan",1],["calleo",1],["dkapupara-te",1]],"2021-07":[["nsivabalan",26.32],["vinothchandar",22.52],["danny0405",20.93],["pengzhiwei2018",17.49],["leesf",16.79],["yanghua",13.89],["yihua",12.92],["xiarixiaoyao",12],["minihippo",12],["hudi-bot",11.96],["garyli1019",11.87],["codope",11.83],["wangxianghu",10.15],["zhangyue19921010",10.05],["yuzhaojing",9.59],["codecov-commenter",9.27],["lw309637554",9.22],["prashantwason",9],["liujinhui1994",8.43],["rmahindra123",8.25],["Samrat002",7.48],["swuferhong",7.35],["satishkotha",7.07],["veenaypatil",6],["jintaoguan",5.92],["sbernauer",5.74],["moranyuwen",5.48],["leoluan2009",5.39],["jsbali",5.2],["zhangminglei",4.58],["xushiyan",4.36],["n3nash",4.36],["bvaradar",4],["zhedoubushishi",3.61],["jhsb25",3.46],["manasaks",3.46],["mincwang",3.16],["Yungthuis",3],["dongkelun",2.83],["fengjian428",2.83],["Tandoy",2.83],["vingov",2.65],["FelixKJose",2.65],["davehagman",2.45],["mkk1490",2.45],["stym06",2.45],["izhangzhihao",2.24],["xiang2102",2.24],["mithalee",2.24],["LiLiu88",2.24],["krishna2020",2],["fanaticjo",2],["nmukerje",2],["mtami",2],["chaplinthink",2],["canomh",1.73],["Sunny-Island",1.73],["xingbowu",1.73],["wangfeigithub",1.73],["satishmittal1111",1.73],["zxding",1.73],["springMoon",1.73],["ziudu",1.73],["haormj",1.73],["GitSpree23",1.73],["chb777777",1.41],["anikait-rao",1.41],["freeshow",1.41],["SEZ9",1.41],["dwshmilyss",1.41],["conanxjp",1.41],["codejoyan",1.41],["jkdll",1.41],["jazzyMin",1.41],["riritack",1.41],["epiaahos",1],["karan867",1],["pratyakshsharma",1],["Guanpx",1],["umehrot2",1],["bgt-cdedels",1],["puremachinery",1],["fanxinglanyu",1],["abdulmuqeeth",1],["18920317298",1],["AyatKhraisat",1],["MikelDelTio",1],["kushal-luthra",1],["dude0001",1],["ydvpankaj99",1],["chenshuai1995",1],["affei",1],["novakov-alexey",1],["vaibhav-sinha",1]],"2021-08":[["nsivabalan",26.44],["vinothchandar",24.19],["danny0405",16],["yihua",15.65],["hudi-bot",14.66],["pengzhiwei2018",14.25],["codope",12.49],["prashantwason",10.34],["umehrot2",9.22],["xushiyan",8.43],["dongkelun",7.68],["leesf",7.55],["vingov",7.07],["minihippo",6.93],["zhangyue19921010",6.86],["swuferhong",6.71],["xiarixiaoyao",6.48],["data-storyteller",6.48],["liujinhui1994",6.48],["yuzhaojing",6.4],["xuzifu666",6.24],["yanghua",5.29],["pratyakshsharma",5.29],["gengxuhan",5.29],["sbernauer",4.69],["rmahindra123",4.69],["satishkotha",4.36],["nbalajee",4],["wangxianghu",3.87],["zhedoubushishi",3.46],["dacort",3.32],["cdmikechen",3.32],["veenaypatil",3.16],["codejoyan",3.16],["SoldierZh",2.83],["mkk1490",2.83],["Ambarish-Giri",2.83],["garyli1019",2.65],["xingbowu",2.65],["tsianglei",2.65],["mtami",2.65],["FeiZou",2.45],["lw309637554",2.45],["aresa7796",2.45],["izhangzhihao",2.24],["AyachiNene",2.24],["dmenin",2.24],["Tandoy",2.24],["yangrong688",2.24],["tooptoop4",2],["jsbali",2],["melin",2],["rahil-c",2],["khiem291",2],["manasaks",2],["sannidhiteredesai",2],["Ales-Semchenkov",2],["Ayan07",2],["jslorrma",2],["TamilselvanBalaiah",1.73],["simon824",1.73],["duyuqiu2021",1.73],["Rap70r",1.73],["dude0001",1.73],["nmukerje",1.73],["nochimow",1.73],["niloo-sh",1.73],["pete91z",1.73],["GitSpree23",1.41],["homchen-x",1.41],["raj638111",1.41],["mithalee",1.41],["karan867",1.41],["springMoon",1.41],["yuangjiang",1.41],["affei",1.41],["xccui",1.41],["xer001",1],["zhangminglei",1],["giaosudau",1],["BalaMahesh",1],["parisni",1],["PavelPetukhov",1],["haormj",1],["matthiasdg",1],["findczk",1],["borasy",1],["kenny-shopback",1],["loukey-lj",1],["zxding",1],["ziudu",1]],"2021-09":[["vinothchandar",24.47],["nsivabalan",19.62],["xiarixiaoyao",16.52],["xushiyan",15.56],["danny0405",14.8],["yanghua",12.17],["codope",12.08],["liujinhui1994",11.96],["yihua",11.05],["leesf",10.72],["hudi-bot",10.72],["test-wangxiaoyu",9.33],["zhangyue19921010",8.77],["minihippo",7.94],["YannByron",7.07],["dongkelun",6.93],["pratyakshsharma",6.78],["garyli1019",6.63],["fengjian428",5.66],["SteNicholas",5.39],["qianchutao",5.1],["tangyoupeng",5],["Carl-Zhou-CN",4.69],["melin",4.58],["rmahindra123",4.24],["pengzhiwei2018",4.24],["Ambarish-Giri",3.87],["parisni",3.74],["wangxianghu",3.74],["pan3793",3.46],["uncleGen",3.32],["rubenssoto",3.16],["umehrot2",3.16],["zhouhongyu888",3],["djKooks",3],["jsbali",2.83],["yuzhaojing",2.83],["ycjunhua",2.83],["novakov-alexey",2.83],["vingov",2.83],["sbernauer",2.65],["mauropelucchi",2.65],["satishkotha",2.45],["bvaradar",2.45],["codejoyan",2.45],["stym06",2.45],["t822876884",2.45],["geertjanw",2.45],["niloo-sh",2.45],["xuzifu666",2.24],["FelixKJose",2.24],["akanungoz",2.24],["helanto",2.24],["fuyun2024",2.24],["veenaypatil",2.24],["sarah-witt",2.24],["bhasudha",2.24],["Ayan07",2],["deshpandeanoop",2],["FeiZou",2],["wuleistarrocks",2],["PengleiShi",2],["JoshuaZhuCN",2],["davehagman",2],["Rap70r",2]],"2021-10":[["nsivabalan",11.18],["yihua",5.83],["hudi-bot",5.2],["xushiyan",5.1],["danny0405",4],["helanto",3.46],["novakov-alexey",3.16],["manojpec",2.45],["dongkelun",2.45],["xiarixiaoyao",2.24],["fengjian428",2.24],["vingov",2.24],["Carl-Zhou-CN",2.24],["gaoshihang",2.24],["YannByron",2.24],["satishkotha",2],["MikeBuh",2],["t822876884",2],["stym06",2],["rohit-m-99",2],["Limess",2],["davehagman",1.73],["pranotishanbhag",1.73],["yanghua",1.73],["zhangyue19921010",1.73],["shivabodepudi",1.73],["parisni",1.73],["codejoyan",1.41],["ChiehFu",1.41],["sbernauer",1.41],["Neo966",1.41],["mauropelucchi",1.41],["vinothchandar",1.41],["wangxianghu",1.41],["Cherry-Puppy",1.41],["aharbunou-branch",1.41],["rubenssoto",1.41],["yiduwangkai",1.41],["cadl",1.41],["SteNicholas",1.41],["tangyoupeng",1.41],["kywe665",1],["absognety",1],["codope",1],["rmahindra123",1],["Ambarish-Giri",1],["govorunov",1],["FelixKJose",1],["tchunchu",1],["Rap70r",1],["guan-yq",1],["zhedoubushishi",1],["Tandoy",1],["yuzhaojing",1],["ChaladiMohanVamsi",1],["prashantwason",1],["vinishjail97",1],["sannidhiteredesai",1],["leesf",1],["laurieliyang",1],["jdattani",1],["bgt-cdedels",1],["bkosuru",1],["guanziyue",1],["fuyun2024",1],["umehrot2",1]],"2021-11":[["hudi-bot",44.51],["nsivabalan",29.56],["vinothchandar",26.51],["manojpec",19.97],["xushiyan",19.47],["xiarixiaoyao",18.68],["codope",16.28],["danny0405",15.94],["yihua",15.81],["alexeykudinkin",15.49],["prashantwason",13.71],["kywe665",13.19],["YannByron",12.81],["leesf",12],["zhedoubushishi",11.96],["rmahindra123",9.64],["zhangyue19921010",9],["minihippo",8.94],["dongkelun",8.89],["bhasudha",8.54],["yanghua",7.87],["yuzhaojing",7.81],["mincwang",5.83],["umehrot2",5.29],["satishkotha",5],["Limess",4.58],["vingov",4.47],["guanziyue",4.36],["lsyldliu",4.24],["boneanxs",4],["liujinhui1994",3.87],["rubenssoto",3.61],["0x574C",3.46],["dufeng1010",3.46],["James601232",3.46],["xuzifu666",3.46],["RocMarshal",3.16],["vortual",3.16],["JB-data",3.16],["fengjian428",3],["huleilei",3],["lubo212",3],["test-wangxiaoyu",3],["nikita-sheremet-clearscale",3],["bvaradar",3],["fuyun2024",2.83],["dmenin",2.83],["stym06",2.83],["veenaypatil",2.83],["BruceKellan",2.83],["liuhe0702",2.65],["melin",2.65],["garyli1019",2.65],["peanut-chenzhong",2.65],["jintaoguan",2.65],["Carl-Zhou-CN",2.45],["davehagman",2.45],["JoshuaZhuCN",2.45],["jadireddi",2.45],["joha0123",2.45],["h7kanna",2.24],["data-storyteller",2.24],["mtami",2.24],["jasondavindev",2.24],["YongjinZhou",2.24],["BartPeetersEnjoyer",2.24],["zztttt",2],["jsbali",2],["novakov-alexey",2],["xuranyang",2],["BenjMaq",2],["absognety",2],["vinishjail97",2]],"2021-12":[["hudi-bot",47.77],["nsivabalan",30.74],["vinothchandar",22.25],["manojpec",20.22],["danny0405",19.13],["alexeykudinkin",16.73],["yihua",15.94],["leesf",15.91],["xushiyan",15.91],["zhangyue19921010",15.17],["xiarixiaoyao",13.34],["YannByron",12.88],["minihippo",12.69],["xuzifu666",10.34],["kywe665",10.25],["harsh1231",9.22],["codope",9.11],["XuQianJin-Stars",8.6],["YuweiXiao",7.55],["yuzhaojing",7.48],["prashantwason",7.07],["lsyldliu",6.48],["dongkelun",5.92],["rmahindra123",4.9],["wangxianghu",4.9],["waywtdcc",4.69],["bhasudha",4.36],["mincwang",4.36],["yanenze",4.24],["BenjMaq",4.24],["pratyakshsharma",4.12],["Aimiyoo",4],["boneanxs",4],["guanziyue",4],["cdmikechen",3.87],["xiaogaozi",3.61],["h7kanna",3.61],["zhedoubushishi",3.46],["garyli1019",3.46],["Arun-kc",3.46],["scxwhite",3.32],["stym06",3.32],["rubenssoto",3.16],["nikita-sheremet-clearscale",3.16],["umehrot2",3.16],["RocMarshal",3.16],["vingov",3.16],["kazdy",3.16],["lamberken",3],["yanghua",3],["esaeki",2.83],["ngk2009",2.83],["aditiwari01",2.83],["Gatsby-Lee",2.83],["tieke1121",2.83],["codejoyan",2.83],["liujinhui1994",2.65],["stayrascal",2.65],["Jiezhi",2.45],["WTa-hash",2.45],["nochimow",2.45],["fireking77",2.45],["data-storyteller",2.45],["Rap70r",2.45],["hehexiaoduantui",2.45],["Carl-Zhou-CN",2.45],["york-yu-ctw",2.45],["JoshuaZhuCN",2.45],["LuPan2015",2.45],["zzzhy",2.24],["Limess",2.24],["bvaradar",2.24],["dragonly",2.24],["forest455",2.24],["Coreixwumo",2.24],["BruceKellan",2],["shenbinglife",2],["sunilknataraj",2],["askldjd",2],["rajgowtham24",2],["laurieliyang",2],["wjcwin",2],["punish-yh",2],["nikenfls",2]],"2022-01":[["hudi-bot",43.7],["nsivabalan",31.37],["manojpec",25.87],["yihua",20.76],["alexeykudinkin",18.49],["xushiyan",18.11],["YannByron",15.36],["codope",15.26],["dongkelun",13.96],["zhangyue19921010",13.75],["danny0405",13.38],["leesf",13.38],["vinothchandar",13.34],["prashantwason",9.43],["XuQianJin-Stars",7.55],["xiarixiaoyao",6.93],["cdmikechen",6.16],["boneanxs",6],["vingov",5.92],["rmahindra123",5.66],["xiaotianzhang01",5.66],["kywe665",5.39],["wangxianghu",5.2],["pratyakshsharma",4.9],["Guanpx",4.8],["vinishjail97",4.69],["7c00",4.58],["YuweiXiao",4.58],["parisni",4.58],["garyli1019",4.36],["xuzifu666",4.24],["scxwhite",4],["stym06",3.74],["watermelon12138",3.74],["stayrascal",3.74],["t0il3ts0ap",3.61],["guanziyue",3.46],["liujinhui1994",3.46],["harishraju-govindaraju",3.32],["wxplovecc",3.32],["waywtdcc",3.32],["BenjMaq",3.32],["cuibo01",3.16],["jsbali",3],["andykrk",3],["jasondavindev",2.83],["AirToSupply",2.83],["zhedoubushishi",2.83],["ravs11",2.65],["melin",2.65],["yanghua",2.65],["ganczarek",2.65],["dcoliversun",2.45],["aznwarmonkey",2.45],["ChangbingChen",2.45],["nochimow",2.45],["peanut-chenzhong",2.45],["n3nash",2.24],["LucassLin",2.24],["guyuqi",2.24],["a0x",2.24],["h7kanna",2.24],["VIKASPATID",2.24],["wigennn",2.24],["0x574C",2.24],["logan-jun",2.24],["EchoLee5",2.24],["satishkotha",2],["ranjitha-shenoy",2],["gubinjie",2],["aditiwari01",2],["york-yu-ctw",2],["pan3793",2],["fengjian428",2]],"2022-02":[["hudi-bot",42.61],["nsivabalan",32.98],["alexeykudinkin",24.6],["yihua",19.72],["zhangyue19921010",16.94],["xushiyan",15.72],["danny0405",15.59],["codope",15.33],["manojpec",15.1],["YannByron",14.97],["pratyakshsharma",12.12],["vinothchandar",9.9],["xiarixiaoyao",9],["XuQianJin-Stars",8.89],["prashantwason",8.89],["stayrascal",8.37],["leesf",8.19],["garyli1019",7.14],["boneanxs",7.07],["watermelon12138",7.07],["cuibo01",6.93],["YuweiXiao",5.29],["zhedoubushishi",5.2],["minihippo",5],["Gatsby-Lee",4.9],["yanenze",4.47],["yuzhaojing",4.36],["scxwhite",4.12],["loukey-lj",4],["waywtdcc",3.74],["wangxianghu",3.74],["jintaoguan",3.61],["satishkotha",3.61],["guanziyue",3.61],["fengjian428",3.46],["harsh1231",3.46],["huberylee",3.46],["rmahindra123",3.32],["melin",3.32],["todd5167",3.16],["zhangxiang17",3.16],["bhasudha",3],["t0il3ts0ap",2.83],["vburenin",2.83],["dongkelun",2.65],["wjcwin",2.65],["cafelo-pfdrive",2.65],["vinishjail97",2.65],["cb149",2.24],["bkosuru",2.24],["LinMingQiang",2.24],["biggeng",2.24],["wqwl611",2.24],["bvaradar",2.24],["geoffroyatkwiff",2.24],["gaoasi",2.24],["pan3793",2.24],["veenaypatil",2.24],["aznwarmonkey",2],["kywe665",2],["harishraju-govindaraju",2],["Rap70r",2],["liujinhui1994",2],["guyuqi",2],["BruceKellan",2],["aditiwari01",2]],"2022-03":[["hudi-bot",55],["nsivabalan",31.08],["alexeykudinkin",28.07],["codope",23.83],["xushiyan",23.41],["xiarixiaoyao",22.52],["yihua",22.43],["vinothchandar",20.37],["danny0405",20.07],["XuQianJin-Stars",14.87],["bvaradar",13.64],["YuweiXiao",12.53],["wangxianghu",12.53],["prashantwason",11.18],["zhangyue19921010",10.77],["pratyakshsharma",10.72],["garyli1019",9.11],["yuzhaojing",8.19],["cuibo01",8.19],["YannByron",7.94],["guanziyue",7.55],["vingov",7.55],["boneanxs",7.42],["liujinhui1994",6.86],["huberylee",6.71],["scxwhite",6.4],["leesf",6.08],["suryaprasanna",5.2],["watermelon12138",4.8],["minihippo",4.8],["fengjian428",4.8],["peanut-chenzhong",4.69],["JerryYue-M",4.58],["rkkalluri",4.58],["sekaiga",4.36],["melin",4.24],["parisni",4.24],["Guanpx",4.24],["wxplovecc",4],["todd5167",3.87],["zhedoubushishi",3.74],["MrSleeping123",3.74],["dongkelun",3.61],["kywe665",3.61],["bhasudha",3.46],["stayrascal",3.46],["umehrot2",3.32],["harsh1231",3.32],["Gatsby-Lee",2.83],["maddy2u",2.83],["rmahindra123",2.83],["qjqqyy",2.83],["miomiocat",2.83],["Aalron",2.65],["rohit-m-99",2.65],["tjtoll",2.65],["codejoyan",2.65],["worf0815",2.65],["KnightChess",2.65],["liuhe0702",2.45],["waywtdcc",2.45],["cartershanklin",2.45],["pmgod8922",2.45],["liufangqi",2.45],["tisonkun",2.24],["fedsp",2.24],["srinikandi",2.24],["arunb2w",2.24],["n3nash",2.24],["hanson2021",2.24],["cdmikechen",2.24],["ksrihari93",2],["nikspatel03",2],["moritzmeister",2],["test-wangxiaoyu",2],["TarunMootala",2],["ljl1988com",2],["djKooks",2],["xiaozhch5",2],["rahil-c",2]],"2022-04":[["hudi-bot",41.46],["nsivabalan",25.3],["alexeykudinkin",22.89],["yihua",20.98],["xiarixiaoyao",19.03],["xushiyan",18.87],["danny0405",17.03],["codope",14.97],["vinothchandar",13.96],["XuQianJin-Stars",10.2],["YannByron",9.95],["vingov",8.54],["bhasudha",7.55],["watermelon12138",7.21],["zhangyue19921010",7.07],["KnightChess",6.56],["onlywangyh",5.83],["dongkelun",5.57],["leesf",5.48],["YuweiXiao",5.39],["prashantwason",5.2],["wxplovecc",5.1],["JerryYue-M",4.9],["huberylee",4.9],["rahil-c",4.69],["rkkalluri",4.58],["RexXiong",4.36],["dependabot[bot]",4.24],["pratyakshsharma",4],["CodeCooker17",4],["garyli1019",4],["bvaradar",4],["todd5167",3.87],["xicm",3.74],["kazdy",3.61],["santoshsb",3.32],["hehuiyuan",3.32],["sekaiga",3.32],["zhilinli123",3.16],["suryaprasanna",3.16],["moustafaalaa",3.16],["miomiocat",3],["liuzhuang2017",3],["yuzhaojing",3],["data-storyteller",2.83],["Guanpx",2.83],["jinxing64",2.83],["kasured",2.83],["xiaozhch5",2.83],["hadonchen",2.83],["yuruguo",2.83],["p-powell",2.65],["arunb2w",2.65],["easonwood",2.65],["Neuw84",2.65],["harishraju-govindaraju",2.65],["cuibo01",2.65],["boneanxs",2.65],["zhqu1148980644",2.45],["stym06",2.45],["simonsssu",2.45],["whitecloud6688",2.45],["qjqqyy",2.24],["vidanimegh",2.24],["cxzl25",2.24],["kywe665",2.24],["lipusheng",2.24],["BruceKellan",2.24],["Aload",2.24],["stayrascal",2.24],["codejoyan",2.24],["zxding",2],["njalan",2],["parisni",2],["trushev",2],["bschell",2],["sharathkola",2],["alvarolemos",2],["jdattani",2],["zhedoubushishi",2],["l-jhon",2],["YuangZhang",2]],"2022-05":[["hudi-bot",39.59],["danny0405",22.54],["xushiyan",18.6],["nsivabalan",16.25],["alexeykudinkin",14.66],["codope",13.67],["pratyakshsharma",13.6],["YuweiXiao",12.92],["jinxing64",12.81],["leesf",12.17],["XuQianJin-Stars",10.15],["cuibo01",10.15],["yuzhaojing",9.8],["wzx140",9.33],["xiarixiaoyao",9.06],["bhasudha",8.72],["zhangyue19921010",7.48],["minihippo",7],["yihua",6.93],["cdmikechen",6.4],["lanyuanxiaoyao",6.4],["BruceKellan",6.4],["huberylee",6.24],["vinothchandar",6.16],["KnightChess",6.08],["garyli1019",6.08],["hujincalrin",6],["dongkelun",6],["prashantwason",5.74],["aliceyyan",5.66],["wangxianghu",5.39],["liujinhui1994",5.39],["xicm",5.29],["dependabot[bot]",5.2],["trushev",5],["kumudkumartirupati",4.9],["boneanxs",4.9],["yadav-jai",4.9],["nleena123",4.69],["fengjian428",4.58],["liuzhuang2017",4.24],["qianchutao",4.24],["Clcanny",4.24],["suryaprasanna",4.24],["uday08bce",4.12],["watermelon12138",4.12],["parisni",3.87],["qjqqyy",3.87],["melin",3.74],["gtwuser",3.61],["sunke38",3.46],["umehrot2",3.46],["YannByron",3.46],["rahil-c",3.32],["BalaMahesh",3.32],["gnailJC",3.32],["jasondavindev",3.32],["felixYyu",3.16],["JerryYue-M",3.16],["eric9204",3.16],["xccui",3.16],["leobiscassi",3.16],["cxzl25",3.16],["yanghua",3.16],["bkosuru",3],["h1ap",3],["loukey-lj",3],["Gatsby-Lee",3],["n3nash",2.83],["kumud-hs",2.83],["gaogao110",2.83],["vingov",2.83],["Neuw84",2.65],["guanziyue",2.65],["Chosen123Wang",2.65],["yanenze",2.65],["bettermouse",2.45],["kapjoshi-cisco",2.45],["zpi1223",2.45],["wf19970425",2.45],["7c00",2.45],["YuangZhang",2.45],["wulei0302",2.45],["zyp0818",2.24],["scxwhite",2.24],["wqwl611",2.24],["yangzhiyue",2.24],["eshu",2.24],["santoshsb",2.24],["luoyajun10",2.24],["MikeTipico",2.24],["China-JasonW",2.24],["amit-ranjan-de",2],["zhilinli123",2],["MikeBuh",2],["raviMoengage",2],["vicuna96",2],["cartershanklin",2],["lucasmo",2],["ccchenhe",2]],"2022-06":[["hudi-bot",39.9],["danny0405",17.61],["nsivabalan",16.82],["yihua",15.13],["xushiyan",14.63],["wulei0302",12.81],["alexeykudinkin",12.69],["vinothchandar",12],["wzx140",11.92],["codope",11.87],["XuQianJin-Stars",10.58],["yuzhaojing",10.39],["LinMingQiang",10.3],["rahil-c",10.2],["minihippo",8.83],["xiarixiaoyao",8.77],["boneanxs",8],["hechao-ustc",6.63],["yanghua",6.56],["KnightChess",6.32],["dongkelun",6.32],["zhangyue19921010",6],["leesf",6],["kazdy",5.83],["vingov",5.57],["bhasudha",5.48],["YuweiXiao",5.2],["CTTY",5.2],["parisni",5],["cuibo01",4.9],["xicm",4.9],["cxzl25",4.69],["kk17",4.58],["Aiden-Dong",4.47],["shenjiayu17",4.47],["trushev",4.36],["YannByron",4.36],["zhedoubushishi",4.36],["wxplovecc",4.12],["bkosuru",4.12],["Forus0322",4.12],["huberylee",4.12],["luoyajun10",4.12],["sandyfog",4],["dependabot[bot]",3.87],["BruceKellan",3.87],["jerryshao",3.87],["miomiocat",3.74],["liujinhui1994",3.74],["yadav-jai",3.61],["TengHuo",3.61],["ykPrograWorld",3.61],["microbearz",3.61],["felixYyu",3.46],["todd5167",3.46],["fengjian428",3.16],["ksrihari93",3.16],["jjtjiang",3.16],["chenshzh",3],["gtwuser",3],["eric9204",3],["cdmikechen",3],["yanenze",3],["marchpure",2.83],["loukey-lj",2.83],["WangCHX",2.83],["victorxiang30",2.65],["haggy",2.65],["kumudkumartirupati",2.65],["Gatsby-Lee",2.65],["Zhangshunyu",2.45],["Reimus",2.45],["JoshuaZhuCN",2.45],["bschell",2.45],["melin",2.45],["jiangjin-f",2.45],["liuzhuang2017",2.45],["atmabdalla",2.24],["kasured",2.24],["lispwu",2.24],["leoyy0316",2.24],["a0x",2.24],["5herhom",2.24],["phillycoder",2.24],["pandaStudy",2],["amit-ranjan-de",2],["sunke38",2],["xccui",2],["slachiewicz",2],["QiAnXinCodeSafe",2],["liufangqi",2],["leobiscassi",2],["Run-Lin",2],["h7kanna",2],["galain1994",2],["qjqqyy",2],["zhangrenhua",2],["garyli1019",2]],"2022-07":[["hudi-bot",46.79],["alexeykudinkin",26.85],["yihua",24.23],["danny0405",24.02],["xushiyan",23.37],["codope",21],["rahil-c",16.49],["CTTY",16.34],["vinothchandar",15.3],["YuweiXiao",12.37],["wzx140",11.83],["XuQianJin-Stars",10.77],["yanghua",10.68],["nsivabalan",10.63],["yuzhaojing",10.44],["fengjian428",10.3],["minihippo",9.9],["YannByron",9.33],["umehrot2",9.11],["zhangyue19921010",8.83],["xiarixiaoyao",8.43],["cuibo01",8.37],["KnightChess",8],["boneanxs",7.87],["vamshigv",7.48],["LinMingQiang",7.35],["trushev",6.71],["liufangqi",6.63],["prasannarajaperumal",6.48],["leesf",6.4],["lanyuanxiaoyao",6.16],["wulei0302",6.16],["JerryYue-M",5.83],["zhedoubushishi",5.66],["5herhom",5.48],["liujinhui1994",5.48],["TengHuo",5.39],["pratyakshsharma",5.29],["the-other-tim-brown",5.2],["hechao-ustc",5],["xiaozhch5",4.8],["xicm",4.69],["garyli1019",4],["suryaprasanna",4],["voonhous",3.87],["rmahindra123",3.46],["simonsssu",3.46],["todd5167",3.32],["bhasudha",3.16],["BruceKellan",3.16],["tommss",3],["vanderzh",3],["jiezi2026",3],["f7753",2.83],["vburenin",2.83],["scxwhite",2.83],["deadwind4",2.83],["TJX2014",2.83],["RexXiong",2.83],["honeyaya",2.65],["jiangbiao910",2.65],["qjqqyy",2.45],["Neuw84",2.45],["atharvai",2.45],["pomaster",2.45],["neerajpadarthi",2.45],["dongkelun",2.45],["ccchenhe",2.45],["Aiden-Dong",2.45],["parisni",2.45],["haripriyarhp",2.24],["glory9211",2.24],["brandonJY",2.24],["rishabhbandi",2.24],["jtchen-study",2.24],["XXwhite",2.24],["sambhav13",2.24],["txl2017",2.24],["dependabot[bot]",2.24],["eshu",2.24],["paul8263",2.24],["kazdy",2],["ToBeFinder",2],["zhoulii",2],["veenaypatil",2],["zhangty123321",2],["nbalajee",2],["Zhangshunyu",2],["satishmalladi-m",2],["navbalaraman",2],["rkkalluri",2],["flashJd",2],["shqiprimbkodelabs",2],["CYDL0414",2],["noahtaite",2],["chenshzh",2],["cajil",2]],"2022-08":[["hudi-bot",40.31],["nsivabalan",25.46],["danny0405",24.31],["alexeykudinkin",22.63],["xushiyan",20.95],["codope",17.35],["yihua",17],["YannByron",14.8],["prasannarajaperumal",13.45],["the-other-tim-brown",11.18],["flashJd",9],["wzx140",8.89],["wuwenchi",8.43],["fengjian428",8.31],["KnightChess",7.87],["vinothchandar",7.68],["LinMingQiang",7.48],["XuQianJin-Stars",7.14],["5herhom",6.63],["honeyaya",6.56],["YuweiXiao",6.24],["boneanxs",6.24],["parisni",6.24],["linfey90",6.24],["TengHuo",6.16],["microbearz",6],["pratyakshsharma",5.83],["minihippo",5.83],["leesf",5.74],["xicm",5.66],["novisfff",5.48],["junyuc25",5.48],["bhasudha",5.39],["Zouxxyy",5.29],["xiarixiaoyao",5.2],["trushev",5.2],["BruceKellan",4.69],["southernriver",4.58],["hehuiyuan",4.58],["SteNicholas",4.36],["pomaster",4.36],["f7753",4.24],["dongkelun",4.24],["veenaypatil",4.12],["bithw1",4.12],["vburenin",4.12],["xiaozhch5",4],["Hexiaoqiao",4],["ROOBALJINDAL",4],["ThinkerLei",4],["TJX2014",3.87],["yanghua",3.74],["JerryYue-M",3.61],["Zhangshunyu",3.46],["RexXiong",3.32],["XinyaoTian",3.32],["vamshigv",3.32],["yesemsanthoshkumar",3.16],["brskiran1",3.16],["gudladona",3],["eric9204",2.83],["nbalajee",2.83],["rohit-m-99",2.83],["15663671003",2.83],["vinishjail97",2.83],["cuibo01",2.83],["paul8263",2.83],["fujianhua168",2.83],["nonggialiang",2.65],["rbtrtr",2.65],["zwj0110",2.65],["zhoulii",2.65],["rmahindra123",2.65],["jiangbiao910",2.45],["melin",2.45],["gtwuser",2.45],["jonvex",2.45],["hbgstc123",2.45],["rahil-c",2.45],["Armelabdelkbir",2.45],["zjuwangg",2.45],["rmoff",2.24],["matthiasdg",2.24],["zhedoubushishi",2.24],["dujl",2.24],["MihawkZoro",2.24],["awkwardd",2.24],["leobiscassi",2.24],["jsbali",2],["szknb",2],["xxWSHxx",2],["ksrihari93",2],["crutis",2],["SubashRanganathan",2],["CTTY",2],["cocoapan",2],["txl2017",2],["brightwon",2],["ymZhao1001",2],["ToBeFinder",2],["chenshzh",2],["sunmingqiaa",2],["smarthi",2],["JoshuaZhuCN",2],["eshu",2],["ehurheap",2]],"2022-09":[["hudi-bot",45.11],["alexeykudinkin",32.05],["nsivabalan",26.53],["yihua",25.67],["danny0405",23.79],["xushiyan",20.62],["codope",19.87],["YannByron",18.47],["pramodbiligiri",15.49],["YuweiXiao",13.3],["prasannarajaperumal",11.83],["TJX2014",10.77],["voonhous",10.77],["wzx140",10.54],["fengjian428",10.44],["the-other-tim-brown",9],["yuzhaojing",8.54],["paul8263",8.25],["boneanxs",8.06],["zhangyue19921010",7.81],["CTTY",7.75],["jsbali",7.55],["wqwl611",7.35],["bhasudha",7.28],["dongkelun",7.28],["parisni",7.14],["jonvex",7.07],["rahil-c",7],["Zouxxyy",7],["jtarun",6.93],["xicm",6.93],["minihippo",6.93],["pratyakshsharma",6.63],["xiarixiaoyao",6.16],["eric9204",6.16],["XuQianJin-Stars",5.66],["KnightChess",5.57],["prashantwason",5.29],["flashJd",5],["microbearz",4.8],["wangxianghu",4.69],["loukey-lj",4.58],["SteNicholas",4.36],["Aiden-Dong",3.61],["jinyius",3.61],["pintusoliya",3.61],["TengHuo",3.61],["y0908105023",3.61],["gtwuser",3.46],["Zhangshunyu",3.46],["koochiswathiTR",3.32],["QuChunhe",3.32],["guanziyue",3.16],["slachiewicz",3.16],["scxwhite",3.16],["junyuc25",3.16],["wongxingjun",3.16],["umehrot2",3.16],["hbgstc123",3.16],["brightwon",3.16],["yesemsanthoshkumar",3.16],["huberylee",3],["kazdy",3],["watermelon12138",3],["felixYyu",3],["Gump518",3],["wuwenchi",2.83],["dohongdayi",2.83],["vamshigv",2.83],["hechao-ustc",2.65],["wangp-nhlab",2.65],["ranjani1993",2.65],["zhengyuan-cn",2.65],["wangyum",2.65],["wulei0302",2.65],["CodeCooker17",2.45],["ankitchandnani",2.45],["easonwood",2.45],["dik111",2.45],["CaesarWangX",2.45],["rbtrtr",2.45],["LXin96",2.45],["xccui",2.45],["Neuw84",2.45],["Gatsby-Lee",2.45],["KeltonKarboviak",2.45],["IsisPolei",2.45],["rjmblc",2.24],["eshu",2.24],["shenshengli",2.24],["gunjdesai",2.24],["vburenin",2.24],["modi95",2.24],["Forus0322",2.24],["druid-matt",2.24],["ymZhao1001",2.24],["dujl",2.24],["ThinkerLei",2.24],["giftbowen",2],["vinothchandar",2],["boundarymate",2],["LinMingQiang",2],["liujinhui1994",2],["guanlisheng",2],["linfey90",2],["hackergin",2],["gubinjie",2],["novisfff",2],["JerryYue-M",2],["5herhom",2],["wxplovecc",2],["zhangrenhua",2],["cshuo",2],["joao-miranda",2]],"2022-10":[["hudi-bot",41.67],["nsivabalan",24.25],["alexeykudinkin",22.87],["xushiyan",22.2],["zhangyue19921010",21],["danny0405",17.89],["yihua",11.75],["YuweiXiao",11.49],["wzx140",10.34],["codope",9.33],["xicm",9.33],["jonvex",8.83],["YannByron",8.66],["slfan1989",8.49],["yuzhaojing",8.12],["KnightChess",7.55],["waywtdcc",7.14],["xiarixiaoyao",7.07],["Zouxxyy",7],["chenshzh",6.93],["the-other-tim-brown",6.86],["trushev",6.4],["XuQianJin-Stars",5.92],["boneanxs",5.74],["voonhous",5.57],["CTTY",5.39],["bhasudha",5.39],["weimingdiit",5.29],["hbgstc123",5.1],["pratyakshsharma",4.9],["wulei0302",4.8],["1032851561",4.69],["eric9204",4.58],["dongkelun",4.58],["SteNicholas",4.58],["fengjian428",4.47],["gtwuser",4.47],["pramodbiligiri",4.36],["TJX2014",4.24],["huberylee",4.12],["southernriver",4.12],["koochiswathiTR",4],["Zhangshunyu",4],["scxwhite",4],["lxxawfl",3.87],["shenshengli",3.61],["LinMingQiang",3.61],["leesf",3.61],["prasannarajaperumal",3.46],["fsilent",3.32],["liufangqi",3.16],["yabola",3],["parisni",3],["wxplovecc",3],["yesemsanthoshkumar",2.83],["cdmikechen",2.83],["xiaoshao",2.83],["YangXiao-allen",2.83],["honeyaya",2.65],["rmahindra123",2.65],["duanyongvictory",2.65],["sknukala",2.65],["mikeashley87",2.65],["levisLi",2.65],["maheshguptags",2.65],["hussein-awala",2.65],["lvhu-goodluck",2.45],["TengHuo",2.45],["adward32135",2.45],["JerryYue-M",2.45],["hameizi",2.45],["INRIX-Trang-Nguyen",2.24],["gubinjie",2.24],["vvsd",2.24],["dependabot[bot]",2.24],["minihippo",2.24],["schlichtanders",2.24],["melin",2.24],["yhyyz",2.24],["eshu",2.24],["idrismike",2.24],["matthiasdg",2],["felixYyu",2],["zhangrenhua",2],["ft-bazookanu",2],["pavimotorq",2],["wangyum",2],["vamshigv",2],["danielfordfc",2],["ROOBALJINDAL",2],["MihawkZoro",2],["BalaMahesh",2]],"2022-11":[["hudi-bot",38.63],["alexeykudinkin",24.62],["nsivabalan",23.85],["xushiyan",20.54],["danny0405",20.45],["trushev",14.56],["yihua",13.19],["wzx140",12.37],["zhangyue19921010",11.7],["codope",11.27],["YannByron",11.27],["xiarixiaoyao",11.27],["jonvex",10.05],["TengHuo",9.43],["boneanxs",8.31],["leesf",8],["SteNicholas",7.55],["TJX2014",7.14],["xicm",6.78],["Zouxxyy",6.63],["KnightChess",6.4],["kazdy",6.32],["minihippo",6.32],["complone",6.16],["bhasudha",6.16],["stream2000",5.83],["eric9204",5.57],["rahil-c",5.39],["waywtdcc",5.39],["vamshigv",5.39],["onlywangyh",5.39],["XuQianJin-Stars",5.39],["the-other-tim-brown",5.29],["dongkelun",5.29],["slfan1989",5.2],["zhuanshenbsj1",5.1],["YuweiXiao",4.9],["fsilent",4.8],["scxwhite",4.58],["yuzhaojing",4.36],["voonhous",4.24],["KevinyhZou",4.24],["psendyk",4.12],["pratyakshsharma",4],["nfarah86",3.74],["hussein-awala",3.74],["chenshzh",3.46],["just-JL",3.46],["JoshuaZhuCN",3.16],["qifanlili",3.16],["dheerajpanangat",3.16],["schlichtanders",3.16],["fengjian428",3],["rtdt99",3],["JerryYue-M",3],["CTTY",2.83],["yanghua",2.83],["devanshguptatrepp",2.83],["eshu",2.83],["weimingdiit",2.83],["flashJd",2.83],["honeyaya",2.65],["wwli05",2.65],["shangwen",2.65],["viverlxl",2.65],["xuzifu666",2.65],["albericgenius",2.65],["lucasberlang",2.65],["wqwl611",2.65],["lewyh",2.65],["gtwuser",2.45],["koldic",2.45],["rubenssoto",2.24],["aniketnanna",2.24],["ROOBALJINDAL",2.24],["parisni",2.24],["matthiasdg",2.24],["lufzhangzitao",2],["microbearz",2],["punish-yh",2],["dwshmilyss",2],["wulei0302",2],["yesemsanthoshkumar",2],["nikspatel03",2],["jklim96",2],["fuyun2024",2]],"2022-12":[["hudi-bot",39.22],["alexeykudinkin",22.23],["yihua",16.03],["danny0405",15.17],["nsivabalan",14.49],["xushiyan",14.18],["codope",13.93],["minihippo",10.91],["leesf",10.2],["SteNicholas",9.8],["jonvex",8.89],["Zouxxyy",8.83],["zhuanshenbsj1",8.43],["xiarixiaoyao",8.43],["boneanxs",8],["zhangyue19921010",7.94],["lokeshj1703",7.42],["yuzhaojing",6.93],["CTTY",6.32],["soumilshah1995",6.24],["LinMingQiang",6],["weimingdiit",6],["fengjian428",5.83],["XuQianJin-Stars",5.74],["loukey-lj",5.66],["stream2000",5.39],["voonhous",5.29],["cxzl25",5.29],["BruceKellan",5.29],["TengHuo",5],["scxwhite",5],["hechao-ustc",4.9],["xicm",4.8],["rahil-c",4.58],["YannByron",4.36],["satishkotha",4.36],["vamshigv",4.12],["bhasudha",4],["abhishekkh",4],["hbgstc123",3.87],["qifanlili",3.61],["stayrascal",3.46],["YuweiXiao",3.46],["kazdy",3.46],["onlywangyh",3.32],["nfarah86",3.32],["xccui",3.32],["wzx140",3.32],["complone",3.16],["JoshuaZhuCN",3],["atharvai",3],["slfan1989",3],["littleeleventhwolf",2.83],["chenshzh",2.83],["hemanth-gowda-12",2.83],["1032851561",2.83],["dongkelun",2.83],["parisni",2.65],["kepplertreet",2.65],["njalan",2.65],["yabha-isomap",2.45],["waywtdcc",2.45],["lvhu-goodluck",2.45],["kywe665",2.45],["guanziyue",2.45],["JerryYue-M",2.24],["trushev",2.24],["sstimmel",2.24],["perfectcw",2.24],["praneethh",2],["Virmaline",2],["MathurCodes1",2],["hussein-awala",2],["koochiswathiTR",2],["bschell",2],["wuwenchi",2],["Junyewu",2],["shengchiqu",2],["microbearz",2],["aizain",2]],"2023-01":[["hudi-bot",41.93],["alexeykudinkin",26.31],["nsivabalan",25.1],["yihua",20.78],["danny0405",19.42],["xushiyan",19.16],["jonvex",10.25],["codope",10.05],["voonhous",10],["SteNicholas",9.9],["minihippo",9.49],["trushev",8.89],["Zouxxyy",8.77],["yuzhaojing",8.43],["wzx140",8.06],["LinMingQiang",7.81],["leesf",6.56],["fengjian428",6.48],["liaotian1005",6.08],["YannByron",6.08],["pratyakshsharma",6.08],["ThinkerLei",5.92],["soumilshah1995",5.74],["jackwener",5.39],["boneanxs",5.39],["hbgstc123",5.29],["lokeshj1703",5],["zhangyue19921010",4.8],["BruceKellan",4.69],["weimingdiit",4.36],["rahil-c",4.24],["XuQianJin-Stars",4.12],["koochiswathiTR",4],["stayrascal",4],["xiarixiaoyao",3.87],["KnightChess",3.87],["BalaMahesh",3.87],["nfarah86",3.74],["stream2000",3.74],["cxzl25",3.61],["mahesh2247",3.61],["waywtdcc",3.61],["duc-dn",3.46],["szingerpeter",3.46],["maheshguptags",3.46],["kazdy",3.46],["kkrugler",3.46],["TengHuo",3.32],["zhuanshenbsj1",3.32],["hemanth-gowda-12",3.32],["xicm",3.32],["scxwhite",3.16],["vinothchandar",3.16],["the-other-tim-brown",3.16],["pushpavanthar",3.16],["loukey-lj",3.16],["davidshtian",3],["CTTY",2.83],["bhasudha",2.83],["vectorijk",2.65],["gtwuser",2.65],["vortual",2.65],["bschell",2.45],["hadoopkandy",2.45],["maikouliujian",2.45],["lvhu-goodluck",2.45],["maddy2u",2.45],["afuyo",2.45],["jtarun",2.45],["dependabot[bot]",2.45],["SabyasachiDasTR",2.24],["yuruguo",2.24],["complone",2.24],["Leoyzen",2.24],["With-winds",2],["kepplertreet",2],["slfan1989",2],["VitoMakarevich",2],["yanghua",2],["leobiscassi",2],["littleeleventhwolf",2],["garyli1019",2]],"2023-02":[["hudi-bot",38.57],["nsivabalan",23.52],["danny0405",22.58],["alexeykudinkin",19.9],["codope",17],["xushiyan",16.4],["lokeshj1703",15.91],["jonvex",14.9],["yihua",13.86],["SteNicholas",10.72],["voonhous",8.89],["kazdy",8.72],["sandyfog",8.12],["xiarixiaoyao",7.94],["boneanxs",7.87],["bvaradar",7.75],["stream2000",7.55],["pramodbiligiri",7.48],["the-other-tim-brown",7.21],["zhangyue19921010",6.71],["XuQianJin-Stars",6.32],["beyond1920",6],["hbgstc123",5.83],["gaoshihang",5.74],["zhuanshenbsj1",5.57],["vinothchandar",5.48],["soumilshah1995",5.48],["KnightChess",5.39],["bhasudha",5.29],["Zouxxyy",5.2],["wuwenchi",4.9],["Leoyzen",4.8],["TengHuo",4.8],["lvyanquan",4.58],["nfarah86",4.24],["watermelon12138",4.24],["LinMingQiang",4.24],["Hwloser",4.24],["YannByron",4.12],["trushev",4.12],["YuweiXiao",4],["scxwhite",3.87],["lvhu-goodluck",3.87],["qidian99",3.74],["slfan1989",3.74],["weimingdiit",3.74],["bithw1",3.61],["paul8263",3.46],["xicm",3.46],["jackwener",3.46],["DavidZ1",3.46],["liaotian1005",3.32],["pushpavanthar",3.32],["rahil-c",3.16],["leesf",3.16],["a49a",3.16],["michael1991",3],["menna224",3],["BruceKellan",3],["danielfordfc",3],["koochiswathiTR",3],["stayrascal",2.83],["rfyu",2.83],["chenshzh",2.83],["loukey-lj",2.83],["huangxiaopingRD",2.83],["xccui",2.65],["littleeleventhwolf",2.65],["wqwl611",2.65],["zinking",2.65],["li36909",2.45],["jtmzheng",2.45],["vortual",2.45],["waywtdcc",2.45],["Gatsby-Lee",2.45],["simonjobs",2.45],["xuzifu666",2.45],["stantaov",2.24],["MihawkZoro",2.24],["zhmingyong",2.24],["melin",2.24],["phantomcoder62",2.24],["jenu9417",2],["GroovyDan",2],["ROOBALJINDAL",2],["imuntyan",2],["cxzl25",2],["helpta",2],["meeting90",2],["damiano1996",2]],"2023-03":[["hudi-bot",34.8],["danny0405",26.19],["yihua",20.12],["nsivabalan",18.97],["vinothchandar",15.36],["codope",13.89],["nfarah86",12.96],["bvaradar",10.44],["voonhous",9.95],["xushiyan",9.43],["lokeshj1703",8.77],["beyond1920",8.54],["bhasudha",8.54],["soumilshah1995",8.25],["xuzifu666",7.75],["boneanxs",7.62],["huangxiaopingRD",7.21],["xicm",6.93],["1032851561",6.16],["jonvex",6],["weimingdiit",5.92],["wecharyu",5.83],["SteNicholas",5.83],["XuQianJin-Stars",5.83],["KnightChess",5.48],["DavidZ1",5.1],["stream2000",5],["michael1991",5],["Zouxxyy",5],["hbgstc123",4.8],["slfan1989",4.69],["watermelon12138",4.58],["the-other-tim-brown",4.47],["lvyanquan",4.47],["ad1happy2go",4.47],["xiarixiaoyao",4.24],["trushev",4.24],["kazdy",4.24],["gamblewin",4.12],["kkrugler",4.12],["huyuanfeng2018",4.12],["xccui",4],["BruceKellan",4],["wuwenchi",3.87],["TengHuo",3.87],["wuzhenhua01",3.74],["maheshguptags",3.74],["aajisaka",3.46],["danielfordfc",3.46],["jiangxinqi1995",3.32],["CTTY",3.16],["rahil-c",3.16],["LiJie20190102",3.16],["YannByron",3.16],["leesf",3.16],["berniedurfee-renaissance",3],["haripriyarhp",3],["mezhangremoterepository",3],["pratyakshsharma",3],["xiagupqin",3],["chenbodeng719",3],["renshangtao",2.83],["duc-dn",2.65],["FlechazoW",2.65],["HuangFru",2.65],["vinaykv1991",2.65],["sydneyhoran",2.65],["linfey90",2.65],["boundarymate",2.65],["AbhijeetSachdev1",2.65],["mapleFU",2.65],["waitingF",2.45],["alexguo8",2.45],["li36909",2.45],["deepikaeswar95",2.45],["clownxc",2.45],["Limess",2.45],["nicholas-fwang",2.45],["ehurheap",2.45],["18511327133",2.45],["LinMingQiang",2.45],["BohanZhang0222",2.24],["fengjian428",2.24],["lqbFFF",2.24],["YuweiXiao",2.24],["alexone95",2.24],["geonyeongkim",2.24],["sandyfog",2.24],["HEPBO3AH",2.24],["clp007",2.24],["wolf8334",2.24],["prashantwason",2.24],["loukey-lj",2.24],["MarlboroBoy",2],["pete91z",2],["kapjoshi-cisco",2],["stathismar",2],["cxzl25",2],["selvarajperiyasamy",2],["maikouliujian",2],["guysherman",2],["andreagarcia20",2],["melin",2],["bithw1",2],["Aload",2]]}