{"2016-12":[["vinothchandar",5],["prazanna",4]],"2017-01":[["prazanna",13],["vinothchandar",15]],"2017-02":[["prazanna",5],["vinothchandar",7]],"2017-03":[["vinothchandar",12],["ovj",12],["prazanna",14]],"2017-04":[["prazanna",8],["vinothchandar",9]],"2017-05":[["vinothchandar",13],["prazanna",10],["n3nash",7]],"2017-06":[["n3nash",14],["vinothchandar",12],["prazanna",17]],"2017-07":[["n3nash",12],["vinothchandar",11]],"2017-08":[["vinothchandar",12],["ovj",8],["n3nash",7]],"2017-09":[["kaushikd49",6],["prazanna",6],["vinothchandar",16],["n3nash",11]],"2017-10":[["n3nash",13],["vinothchandar",16]],"2017-11":[["n3nash",9],["vinothchandar",9]],"2017-12":[["n3nash",10],["vinothchandar",12]],"2018-01":[["vinothchandar",16],["n3nash",11]],"2018-02":[["vinothchandar",16],["n3nash",16]],"2018-03":[["n3nash",24],["vinothchandar",24]],"2018-04":[["vinothchandar",18],["n3nash",18]],"2018-05":[["n3nash",13],["bvaradar",13]],"2018-06":[["vinothchandar",14],["n3nash",14]],"2018-07":[["bvaradar",5],["vinothchandar",6],["n3nash",9]],"2018-08":[["kaushikd49",9],["vinothchandar",8],["n3nash",11]],"2018-09":[["vinothchandar",17],["n3nash",18],["bvaradar",14]],"2018-10":[["bvaradar",13],["n3nash",16],["vinothchandar",13]],"2018-11":[["leletan",8],["n3nash",8],["bvaradar",8],["vinothchandar",11]],"2018-12":[["louisliu318",4],["msridhar",4],["bvaradar",7],["vinothchandar",8],["AndrewKL",4],["arukavytsia",7],["xubo245",4],["n3nash",9],["cdmikechen",4]],"2019-01":[["bvaradar",5],["vinothchandar",7],["louisliu318",4],["n3nash",8]],"2019-02":[["vinothchandar",10],["yaooqinn",6],["bvaradar",12],["bhasudha",6],["n3nash",10]],"2019-03":[["ambition119",7],["bvaradar",9],["ovj",9],["n3nash",14],["vinothchandar",18]],"2019-04":[["vinothchandar",17],["n3nash",21],["bvaradar",14]],"2019-05":[["vinothchandar",16],["bvaradar",16],["n3nash",16],["abhioncbr",8],["v3nkatesh",10]],"2019-06":[["n3nash",13],["amaranathv",7],["vinothchandar",16],["bhasudha",9],["bvaradar",19]],"2019-07":[["bvaradar",12],["thesuperzapper",6],["eisig",8],["garyli1019",6],["n3nash",9],["vinothchandar",16]],"2019-08":[["bhasudha",6],["yanghua",7],["vinothchandar",14],["tooptoop4",4],["bvaradar",12],["afilipchik",4],["hustnn",4],["n3nash",8],["leesf",9],["garyli1019",4]],"2019-09":[["taherk77",9],["leesf",11],["bvaradar",14],["vinothchandar",19],["bhasudha",9],["yanghua",10],["umehrot2",9]],"2019-10":[["yihua",13],["taherk77",12],["vinothchandar",20],["bhasudha",8],["bvaradar",15],["leesf",19]],"2019-11":[["nsivabalan",10],["bvaradar",16],["leesf",17],["yanghua",13],["pratyakshsharma",11],["lamber-ken",13],["n3nash",18],["vinothchandar",19]],"2019-12":[["nsivabalan",16],["n3nash",10],["leesf",14],["yanghua",14],["lamber-ken",17],["pratyakshsharma",10],["bvaradar",15],["hddong",10],["vinothchandar",22]],"2020-01":[["vinothchandar",22],["lamber-ken",19],["leesf",17],["smarthi",9],["bhasudha",10],["nsivabalan",10],["pratyakshsharma",9],["wangxianghu",9],["n3nash",18],["bvaradar",16],["prashantwason",10],["yihua",10],["yanghua",12]],"2020-02":[["satishkotha",11],["smarthi",11],["vinothchandar",18],["bhasudha",8],["leesf",11],["prashantwason",8],["pratyakshsharma",10],["yanghua",14],["bvaradar",9],["n3nash",13],["lamber-ken",13]],"2020-03":[["nsivabalan",12],["satishkotha",10],["xushiyan",14],["smarthi",10],["vinothchandar",28],["leesf",13],["prashantwason",12],["pratyakshsharma",14],["hddong",11],["yanghua",17],["bvaradar",14],["lamber-ken",15]],"2020-04":[["garyli1019",10],["vinothchandar",23],["lamber-ken",15],["kwondw",7],["xushiyan",9],["afilipchik",11],["nsivabalan",10],["pratyakshsharma",19],["n3nash",9],["bvaradar",14],["prashantwason",9],["codecov-io",7],["yanghua",16],["hddong",12]],"2020-05":[["nsivabalan",15],["xushiyan",15],["vinothchandar",18],["garyli1019",10],["leesf",11],["pratyakshsharma",18],["allenerb",7],["hddong",10],["yanghua",14],["bvaradar",15],["afilipchik",8],["n3nash",7],["v3nkatesh",8],["lamber-ken",11]],"2020-06":[["afeldman1",9],["wangxianghu",11],["prashantwason",14],["garyli1019",13],["shenh062326",9],["xushiyan",13],["leesf",16],["umehrot2",8],["nsivabalan",8],["vinothchandar",24],["yanghua",10],["bvaradar",15],["n3nash",12]],"2020-07":[["zherenyu831",8],["nsivabalan",16],["umehrot2",10],["xushiyan",16],["shenh062326",9],["Mathieu1124",11],["vinothchandar",23],["bhasudha",8],["garyli1019",13],["leesf",14],["prashantwason",9],["lw309637554",12],["pratyakshsharma",8],["yanghua",15],["bvaradar",14]],"2020-08":[["umehrot2",13],["zhedoubushishi",11],["satishkotha",9],["leesf",9],["yanghua",14],["wangxianghu",15],["nsivabalan",20],["bhasudha",11],["vinothchandar",25],["xushiyan",11],["liujinhui1994",9],["bvaradar",20],["shenh062326",8],["pratyakshsharma",10],["n3nash",9],["prashantwason",9]],"2020-09":[["n3nash",9],["xushiyan",9],["wangxianghu",15],["bvaradar",15],["leesf",11],["satishkotha",14],["Karl-WangSK",8],["yanghua",15],["vinothchandar",20],["prashantwason",13],["pratyakshsharma",11],["nsivabalan",8],["liujinhui1994",8]],"2020-10":[["bvaradar",12],["pratyakshsharma",8],["Karl-WangSK",7],["liujinhui1994",7],["n3nash",14],["SteNicholas",7],["umehrot2",7],["vinothchandar",20],["satishkotha",10],["yanghua",9],["nsivabalan",10],["wangxianghu",11],["lw309637554",15],["leesf",9],["xushiyan",10],["prashantwason",10]],"2020-11":[["nsivabalan",7],["prashantwason",5],["bvaradar",10],["shenh062326",5],["guykhazma",5],["umehrot2",5],["zhedoubushishi",7],["leesf",7],["yanghua",10],["lw309637554",10],["codecov-io",6],["liujinhui1994",7],["n3nash",12],["bithw1",5],["sathyaprakashg",5],["wangxianghu",15],["satishkotha",12],["vinothchandar",18],["rmpifer",5],["pengzhiwei2018",5],["garyli1019",10]],"2020-12":[["yanghua",13],["codecov-io",9],["leesf",12],["garyli1019",12],["nsivabalan",14],["vinothchandar",28],["satishkotha",15],["prashantwason",8],["lw309637554",17],["wangxianghu",11],["bvaradar",10],["danny0405",10],["rmpifer",8],["n3nash",14],["pengzhiwei2018",8],["umehrot2",8],["zhedoubushishi",8]],"2021-01":[["lw309637554",10],["satishkotha",11],["nsivabalan",20],["garyli1019",14],["danny0405",16],["loukey-lj",11],["n3nash",17],["pengzhiwei2018",10],["codecov-io",9],["umehrot2",9],["vinothchandar",27],["prashantwason",11],["wangxianghu",13],["yanghua",23]],"2021-02":[["rubenssoto",8],["garyli1019",10],["caidezhi",7],["wangxianghu",7],["leesf",7],["ZhangChaoming",8],["lamber-ken",11],["nsivabalan",25],["n3nash",16],["vinothchandar",19],["prashantwason",12],["yanghua",19],["codecov-io",7],["bvaradar",8],["pengzhiwei2018",9],["vburenin",7],["danny0405",17]],"2021-03":[["vinothchandar",19],["vburenin",6],["garyli1019",11],["satishkotha",11],["yanghua",14],["danny0405",17],["liujinhui1994",7],["xushiyan",8],["xiarixiaoyao",8],["pengzhiwei2018",15],["n3nash",17],["nbalajee",6],["bvaradar",6],["codecov-io",9],["prashantwason",6],["umehrot2",9],["nsivabalan",17]],"2021-04":[["li36909",9],["pratyakshsharma",8],["n3nash",12],["codecov-commenter",8],["leesf",15],["danny0405",15],["pengzhiwei2018",15],["RocMarshal",8],["codecov-io",7],["lw309637554",12],["garyli1019",8],["satishkotha",10],["MyLanPangzi",9],["nsivabalan",18],["aditiwari01",7],["yanghua",13],["ssdong",10],["liujinhui1994",8],["vinothchandar",15],["xushiyan",8],["xiarixiaoyao",12]],"2021-05":[["zhangminglei",5],["danny0405",13],["leesf",9],["pengzhiwei2018",10],["codope",5],["yanghua",6],["wangxianghu",11],["pratyakshsharma",6],["vinothchandar",16],["nsivabalan",19],["vaibhav-sinha",6],["veenaypatil",5],["satishkotha",5],["n3nash",16],["lw309637554",5],["MyLanPangzi",6],["hk-lrzy",5],["yuzhaojing",5],["zhedoubushishi",9],["umehrot2",9],["liujinhui1994",7],["xushiyan",8],["codecov-commenter",9],["garyli1019",9]],"2021-06":[["chaplinthink",8],["leesf",15],["hudi-bot",12],["sbernauer",9],["prashantwason",8],["yanghua",11],["wangxianghu",14],["yuzhaojing",13],["swuferhong",10],["n3nash",14],["danny0405",21],["xiarixiaoyao",8],["nsivabalan",21],["veenaypatil",14],["garyli1019",10],["codope",10],["vinothchandar",16],["pengzhiwei2018",14],["codecov-commenter",12]],"2021-07":[["wangxianghu",11],["nsivabalan",27],["leesf",17],["xiarixiaoyao",12],["minihippo",12],["zhangyue19921010",11],["vinothchandar",23],["yuzhaojing",10],["yihua",13],["yanghua",14],["codope",12],["codecov-commenter",10],["danny0405",21],["hudi-bot",12],["lw309637554",10],["garyli1019",12],["pengzhiwei2018",18]],"2021-08":[["data-storyteller",7],["vingov",8],["minihippo",7],["swuferhong",7],["xiarixiaoyao",7],["danny0405",16],["dongkelun",8],["prashantwason",11],["vinothchandar",25],["yuzhaojing",7],["zhangyue19921010",7],["nsivabalan",27],["pengzhiwei2018",15],["codope",13],["leesf",8],["liujinhui1994",7],["hudi-bot",15],["xuzifu666",7],["xushiyan",9],["yihua",16],["umehrot2",10]],"2021-09":[["garyli1019",7],["leesf",11],["qianchutao",6],["fengjian428",6],["pratyakshsharma",7],["SteNicholas",6],["liujinhui1994",12],["zhangyue19921010",9],["vinothchandar",25],["YannByron",8],["xushiyan",16],["test-wangxiaoyu",10],["dongkelun",7],["codope",13],["yihua",12],["nsivabalan",20],["hudi-bot",11],["yanghua",13],["danny0405",15],["xiarixiaoyao",17],["minihippo",8]],"2021-10":[["helanto",4],["yihua",6],["yiduwangkai",2],["codejoyan",2],["t822876884",2],["wangxianghu",2],["sbernauer",2],["stym06",2],["mauropelucchi",2],["Carl-Zhou-CN",3],["tangyoupeng",2],["rubenssoto",2],["gaoshihang",3],["davehagman",2],["rohit-m-99",2],["nsivabalan",12],["zhangyue19921010",2],["novakov-alexey",4],["pranotishanbhag",2],["cadl",2],["fengjian428",3],["MikeBuh",2],["satishkotha",2],["danny0405",4],["SteNicholas",2],["yanghua",2],["manojpec",3],["aharbunou-branch",2],["parisni",2],["Cherry-Puppy",2],["vingov",3],["shivabodepudi",2],["YannByron",3],["vinothchandar",2],["Limess",2],["Neo966",2],["xiarixiaoyao",3],["dongkelun",3],["xushiyan",6],["hudi-bot",6],["ChiehFu",2]],"2021-11":[["yihua",16],["nsivabalan",30],["xushiyan",20],["hudi-bot",45],["xiarixiaoyao",19],["kywe665",14],["leesf",12],["alexeykudinkin",16],["zhedoubushishi",12],["rmahindra123",10],["prashantwason",14],["vinothchandar",27],["YannByron",13],["codope",17],["manojpec",20],["danny0405",16]],"2021-12":[["xiarixiaoyao",14],["YannByron",13],["vinothchandar",23],["xuzifu666",11],["kywe665",11],["alexeykudinkin",17],["zhangyue19921010",16],["leesf",16],["harsh1231",10],["XuQianJin-Stars",9],["minihippo",13],["hudi-bot",48],["nsivabalan",31],["manojpec",21],["codope",10],["xushiyan",16],["yihua",16],["danny0405",20]],"2022-01":[["YannByron",16],["vinothchandar",14],["nsivabalan",32],["dongkelun",14],["kywe665",6],["alexeykudinkin",19],["zhangyue19921010",14],["codope",16],["xiarixiaoyao",7],["XuQianJin-Stars",8],["xushiyan",19],["hudi-bot",44],["cdmikechen",7],["prashantwason",10],["danny0405",14],["yihua",21],["leesf",14],["vingov",6],["manojpec",26],["wangxianghu",6],["boneanxs",6],["xiaotianzhang01",6],["rmahindra123",6]],"2022-02":[["stayrascal",9],["xushiyan",16],["XuQianJin-Stars",9],["alexeykudinkin",25],["pratyakshsharma",13],["xiarixiaoyao",9],["YannByron",15],["vinothchandar",10],["hudi-bot",43],["manojpec",16],["leesf",9],["zhangyue19921010",17],["codope",16],["danny0405",16],["prashantwason",9],["yihua",20],["nsivabalan",33]],"2022-03":[["vinothchandar",21],["nsivabalan",32],["alexeykudinkin",29],["zhangyue19921010",11],["codope",24],["xiarixiaoyao",23],["bvaradar",14],["XuQianJin-Stars",15],["YuweiXiao",13],["cuibo01",9],["xushiyan",24],["hudi-bot",55],["prashantwason",12],["danny0405",21],["yihua",23],["wangxianghu",13],["yuzhaojing",9],["pratyakshsharma",11],["garyli1019",10]],"2022-04":[["YannByron",10],["vinothchandar",14],["nsivabalan",26],["dongkelun",6],["watermelon12138",8],["onlywangyh",6],["alexeykudinkin",23],["zhangyue19921010",8],["codope",15],["xiarixiaoyao",20],["XuQianJin-Stars",11],["wxplovecc",6],["bhasudha",8],["YuweiXiao",6],["xushiyan",19],["hudi-bot",42],["prashantwason",6],["danny0405",18],["yihua",21],["leesf",6],["KnightChess",7],["vingov",9]],"2022-05":[["lanyuanxiaoyao",7],["cdmikechen",7],["pratyakshsharma",14],["nsivabalan",17],["xushiyan",19],["zhangyue19921010",8],["alexeykudinkin",15],["wzx140",10],["liujinhui1994",6],["bhasudha",9],["wangxianghu",6],["huberylee",7],["xicm",6],["yihua",7],["aliceyyan",6],["XuQianJin-Stars",11],["minihippo",7],["yuzhaojing",10],["hudi-bot",40],["codope",14],["prashantwason",6],["danny0405",23],["YuweiXiao",13],["vinothchandar",7],["jinxing64",13],["dongkelun",6],["leesf",13],["KnightChess",7],["BruceKellan",7],["cuibo01",11],["garyli1019",7],["hujincalrin",6],["xiarixiaoyao",10]],"2022-06":[["xiarixiaoyao",9],["bhasudha",6],["kk17",5],["KnightChess",7],["kazdy",6],["dongkelun",7],["YuweiXiao",6],["parisni",5],["wzx140",12],["danny0405",18],["zhedoubushishi",5],["XuQianJin-Stars",11],["minihippo",9],["Aiden-Dong",5],["yanghua",7],["CTTY",6],["cxzl25",5],["yihua",16],["LinMingQiang",11],["xicm",5],["hudi-bot",40],["rahil-c",11],["trushev",5],["vingov",6],["codope",12],["shenjiayu17",5],["YannByron",5],["vinothchandar",12],["cuibo01",5],["yuzhaojing",11],["xushiyan",15],["Forus0322",5],["leesf",6],["luoyajun10",5],["wulei0302",13],["huberylee",5],["bkosuru",5],["boneanxs",8],["wxplovecc",5],["hechao-ustc",7],["nsivabalan",17],["alexeykudinkin",13],["zhangyue19921010",6]],"2022-07":[["xiarixiaoyao",9],["YuweiXiao",13],["yuzhaojing",11],["minihippo",10],["XuQianJin-Stars",11],["umehrot2",10],["alexeykudinkin",27],["xushiyan",24],["zhangyue19921010",9],["yanghua",11],["nsivabalan",11],["vinothchandar",16],["YannByron",10],["boneanxs",8],["rahil-c",17],["hudi-bot",47],["cuibo01",9],["danny0405",25],["LinMingQiang",8],["yihua",25],["vamshigv",8],["fengjian428",11],["wzx140",12],["codope",21],["KnightChess",8],["CTTY",17]],"2022-08":[["pratyakshsharma",6],["junyuc25",6],["yihua",17],["YannByron",15],["vinothchandar",8],["LinMingQiang",8],["novisfff",6],["nsivabalan",26],["TengHuo",7],["wzx140",9],["xicm",6],["honeyaya",7],["xiarixiaoyao",6],["codope",18],["bhasudha",6],["linfey90",7],["xushiyan",21],["flashJd",9],["fengjian428",9],["trushev",6],["5herhom",7],["KnightChess",8],["hudi-bot",41],["parisni",7],["alexeykudinkin",23],["boneanxs",7],["leesf",6],["YuweiXiao",7],["XuQianJin-Stars",8],["prasannarajaperumal",14],["minihippo",6],["microbearz",6],["wuwenchi",9],["danny0405",25],["Zouxxyy",6],["the-other-tim-brown",12]],"2022-09":[["YuweiXiao",14],["TJX2014",11],["pramodbiligiri",16],["jonvex",8],["parisni",8],["rahil-c",7],["codope",20],["wzx140",11],["yihua",26],["hudi-bot",46],["xicm",7],["nsivabalan",27],["wqwl611",8],["CTTY",8],["Zouxxyy",7],["voonhous",11],["the-other-tim-brown",9],["zhangyue19921010",8],["bhasudha",8],["boneanxs",9],["eric9204",7],["jsbali",8],["minihippo",7],["prasannarajaperumal",12],["paul8263",9],["jtarun",7],["fengjian428",11],["YannByron",19],["alexeykudinkin",33],["xushiyan",21],["pratyakshsharma",7],["yuzhaojing",9],["danny0405",24],["xiarixiaoyao",7],["dongkelun",8]],"2022-10":[["hudi-bot",42],["jonvex",9],["yuzhaojing",9],["boneanxs",6],["wzx140",11],["CTTY",6],["chenshzh",7],["danny0405",18],["bhasudha",6],["XuQianJin-Stars",6],["the-other-tim-brown",7],["xushiyan",23],["codope",10],["hbgstc123",6],["YannByron",9],["trushev",7],["xicm",10],["zhangyue19921010",21],["slfan1989",9],["KnightChess",8],["YuweiXiao",12],["Zouxxyy",7],["voonhous",6],["yihua",12],["xiarixiaoyao",8],["weimingdiit",6],["nsivabalan",25],["waywtdcc",8],["alexeykudinkin",23]],"2022-11":[["TJX2014",8],["nsivabalan",24],["stream2000",6],["Zouxxyy",7],["xushiyan",21],["hudi-bot",39],["the-other-tim-brown",6],["danny0405",21],["leesf",8],["boneanxs",9],["dongkelun",6],["wzx140",13],["xiarixiaoyao",12],["XuQianJin-Stars",6],["minihippo",7],["jonvex",11],["eric9204",6],["kazdy",7],["complone",7],["xicm",7],["zhangyue19921010",12],["slfan1989",6],["rahil-c",6],["alexeykudinkin",25],["SteNicholas",8],["onlywangyh",6],["vamshigv",6],["trushev",15],["bhasudha",7],["waywtdcc",6],["YannByron",12],["zhuanshenbsj1",6],["KnightChess",7],["yihua",14],["TengHuo",10],["codope",12]],"2022-12":[["hudi-bot",40],["LinMingQiang",6],["alexeykudinkin",23],["CTTY",7],["codope",14],["zhangyue19921010",8],["fengjian428",6],["weimingdiit",6],["danny0405",16],["SteNicholas",10],["boneanxs",8],["loukey-lj",6],["lokeshj1703",8],["yuzhaojing",7],["Zouxxyy",9],["voonhous",6],["xiarixiaoyao",9],["yihua",17],["leesf",11],["BruceKellan",6],["cxzl25",6],["soumilshah1995",7],["xushiyan",15],["zhuanshenbsj1",9],["stream2000",6],["nsivabalan",15],["XuQianJin-Stars",6],["minihippo",11],["jonvex",9]],"2023-01":[["trushev",9],["soumilshah1995",6],["jonvex",11],["codope",11],["wzx140",9],["LinMingQiang",8],["liaotian1005",7],["yihua",21],["hudi-bot",42],["nsivabalan",26],["leesf",7],["voonhous",10],["Zouxxyy",9],["boneanxs",6],["SteNicholas",10],["jackwener",6],["minihippo",10],["fengjian428",7],["YannByron",7],["alexeykudinkin",27],["xushiyan",20],["pratyakshsharma",7],["yuzhaojing",9],["hbgstc123",6],["danny0405",20],["ThinkerLei",6]],"2023-02":[["codope",17],["sandyfog",9],["hbgstc123",6],["pramodbiligiri",8],["zhangyue19921010",7],["danny0405",23],["xushiyan",17],["KnightChess",6],["jonvex",15],["soumilshah1995",6],["boneanxs",8],["the-other-tim-brown",8],["SteNicholas",11],["XuQianJin-Stars",7],["lokeshj1703",16],["beyond1920",6],["yihua",14],["bhasudha",6],["zhuanshenbsj1",6],["kazdy",9],["stream2000",8],["nsivabalan",24],["bvaradar",8],["alexeykudinkin",20],["xiarixiaoyao",8],["hudi-bot",39],["gaoshihang",6],["vinothchandar",6],["Zouxxyy",6],["voonhous",9]],"2023-03":[["XuQianJin-Stars",6],["huangxiaopingRD",8],["hbgstc123",5],["SteNicholas",6],["DavidZ1",6],["soumilshah1995",9],["kazdy",5],["bhasudha",9],["trushev",5],["boneanxs",8],["stream2000",5],["gamblewin",5],["xicm",7],["1032851561",7],["nsivabalan",19],["the-other-tim-brown",5],["nfarah86",13],["beyond1920",9],["lokeshj1703",9],["watermelon12138",5],["danny0405",27],["xiarixiaoyao",5],["xushiyan",10],["codope",14],["slfan1989",5],["yihua",21],["wecharyu",6],["xuzifu666",8],["vinothchandar",16],["ad1happy2go",5],["jonvex",6],["KnightChess",6],["kkrugler",5],["weimingdiit",6],["huyuanfeng2018",5],["Zouxxyy",5],["voonhous",10],["lvyanquan",5],["michael1991",5],["hudi-bot",35],["bvaradar",11]]}