{"2016-12":[["uber.com","3"],["users.noreply.github.com","1"]],"2017-01":[["uber.com","3"],["shopify.com","1"],["users.noreply.github.com","1"]],"2017-02":[["uber.com","5"],["gmail.com","1"]],"2017-03":[["uber.com","4"],["gmail.com","2"],["atlassian.com","1"],["zqureshi.in","1"],["users.noreply.github.com","1"]],"2017-04":[["uber.com","2"]],"2017-05":[["uber.com","4"],["zqureshi.in","1"],["users.noreply.github.com","1"]],"2017-06":[["uber.com","7"],["gmail.com","2"]],"2017-07":[["uber.com","2"]],"2017-08":[["uber.com","4"]],"2017-09":[["uber.com","5"]],"2017-10":[["uber.com","3"]],"2017-11":[["uber.com","2"]],"2017-12":[["uber.com","1"],["users.noreply.github.com","1"]],"2018-01":[["uber.com","2"]],"2018-02":[["uber.com","3"]],"2018-03":[["uber.com","7"]],"2018-04":[["uber.com","4"]],"2018-05":[["uber.com","3"]],"2018-06":[["uber.com","3"],["jodoin.me","1"],["users.noreply.github.com","1"]],"2018-07":[["uber.com","2"]],"2018-08":[["uber.com","4"],["gmail.com","1"]],"2018-09":[["uber.com","3"],["gmail.com","1"],["bytearray.io","1"],["users.noreply.github.com","1"]],"2018-10":[["uber.com","4"],["vungle.com","1"],["users.noreply.github.com","1"]],"2018-11":[["uber.com","3"]],"2018-12":[["gmail.com","2"],["uber.com","2"],["vungle.com","1"],["huawei.com","1"]],"2019-01":[["hotmail.com","1"],["uber.com","1"]],"2019-02":[["uber.com","3"],["hotmail.com","2"],["bytearray.io","1"],["users.noreply.github.com","1"]],"2019-03":[["uber.com","8"],["gmail.com","3"],["qq.com","1"],["apache.org","1"]],"2019-04":[["uber.com","5"],["gmail.com","2"],["","1"],["yotpo.com","1"]],"2019-05":[["uber.com","4"],["xhqb.com","1"],["gmail.com","1"],["Abhisheks-MacBook-Pro.local","1"],["apache.org","1"],["outlook.com","1"],["users.noreply.github.com","1"]],"2019-06":[["uber.com","4"],["gmail.com","2"],["yotpo.com","1"],["qq.com","1"],["amazon.com","1"],["xhqb.com","1"],["users.noreply.github.com","1"]],"2019-07":[["apache.org","3"],["uber.com","3"],["gmail.com","2"],["live.com","1"],["qq.com","1"],["umich.edu","1"],["users.noreply.github.com","1"]],"2019-08":[["gmail.com","6"],["uber.com","5"],["apache.org","2"],["users.noreply.github.com","2"],["qq.com","1"],["cloudkitchens.com","1"]],"2019-09":[["uber.com","17"],["apache.org","2"],["qq.com","1"],["users.noreply.github.com","1"]],"2019-10":[["uber.com","9"],["gmail.com","4"],["users.noreply.github.com","2"]],"2019-11":[["users.noreply.github.com","7"],["gmail.com","6"],["uber.com","5"],["163.com","3"],["amazon.com","2"],["apache.org","1"],["qq.com","1"],["cmss.chinamobile.com","1"],["illinois.edu","1"]],"2019-12":[["users.noreply.github.com","5"],["qq.com","4"],["gmail.com","4"],["uber.com","4"],["163.com","3"],["apache.org","2"],["amazon.com","1"],["outlook.com","1"]],"2020-01":[["163.com","10"],["gmail.com","7"],["uber.com","5"],["qq.com","3"],["users.noreply.github.com","2"],["apache.org","2"],["amazon.com","2"],["bytedance.com","1"],["126.com","1"],["FG2000257590.local","1"],["outlook.com","1"],["cmss.chinamobile.com","1"],["8c8590210d37.ant.amazon.com","1"],["illinois.edu","1"]],"2020-02":[["gmail.com","15"],["uber.com","4"],["users.noreply.github.com","4"],["126.com","1"],["ymail.com","1"],["apache.org","1"]],"2020-03":[["gmail.com","11"],["uber.com","8"],["users.noreply.github.com","3"],["163.com","2"],["126.com","1"],["apache.org","1"],["outlook.com","1"],["qq.com","1"],["yahoo.com","1"],["amazon.com","1"],["confluent.io","1"],["illinois.edu","1"],["hudi.apache.org","1"]],"2020-04":[["uber.com","15"],["gmail.com","8"],["qq.com","5"],["126.com","4"],["users.noreply.github.com","3"],["163.com","1"],["hudi.apache.org","1"]],"2020-05":[["gmail.com","12"],["uber.com","6"],["users.noreply.github.com","4"],["qq.com","3"],["apache.org","2"],["126.com","1"],["yahoo.com","1"],["163.com","1"],["illinois.edu","1"],["hudi.apache.org","1"]],"2020-06":[["uber.com","13"],["gmail.com","5"],["126.com","3"],["users.noreply.github.com","2"],["163.com","2"],["outlook.com","1"],["qq.com","1"],["amazon.com","1"],["hudi.apache.org","1"]],"2020-07":[["gmail.com","9"],["users.noreply.github.com","9"],["uber.com","6"],["126.com","2"],["163.com","2"],["qq.com","1"],["illinois.edu","1"],["hudi.apache.org","1"]],"2020-08":[["gmail.com","6"],["uber.com","6"],["users.noreply.github.com","5"],["126.com","2"],["robinhood.com","2"],["qq.com","2"],["163.com","2"],["umich.edu","1"],["bytedance.com","1"],["amazon.com","1"],["hudi.apache.org","1"]],"2020-09":[["gmail.com","8"],["uber.com","5"],["users.noreply.github.com","4"],["163.com","3"],["126.com","2"],["sina.com","2"],["robinhood.com","2"],["apache.org","1"],["qq.com","1"],["foxmail.com","1"],["hudi.apache.org","1"]],"2020-10":[["gmail.com","19"],["uber.com","5"],["126.com","3"],["users.noreply.github.com","3"],["meituan.com","1"],["163.com","1"],["hudi.apache.org","1"],["umich.edu","1"]],"2020-11":[["gmail.com","4"],["126.com","2"],["uber.com","2"],["icloud.com","1"],["users.noreply.github.com","1"],["apache.org","1"],["outlook.com","1"],["robinhood.com","1"],["163.com","1"],["hudi.apache.org","1"]],"2020-12":[["users.noreply.github.com","7"],["gmail.com","7"],["uber.com","4"],["126.com","2"],["icloud.com","1"],["umich.edu","1"],["apache.org","1"],["outlook.com","1"],["robinhood.com","1"],["qq.com","1"],["hudi.apache.org","1"]],"2021-01":[["gmail.com","9"],["qq.com","4"],["umich.edu","3"],["126.com","3"],["uber.com","3"],["users.noreply.github.com","2"],["163.com","2"],["apache.org","1"],["hudi.apache.org","1"]],"2021-02":[["users.noreply.github.com","7"],["gmail.com","7"],["uber.com","4"],["163.com","3"],["126.com","2"],["icloud.com","1"],["sina.com","1"],["outlook.com","1"],["qq.com","1"],["foxmail.com","1"],["hudi.apache.org","1"]],"2021-03":[["gmail.com","7"],["users.noreply.github.com","6"],["uber.com","5"],["icloud.com","1"],["bytedance.com","1"],["126.com","1"],["apache.org","1"],["qq.com","1"],["web.de","1"],["yahoo.com","1"],["163.com","1"],["hudi.apache.org","1"]],"2021-04":[["gmail.com","10"],["users.noreply.github.com","7"],["uber.com","5"],["qq.com","4"],["163.com","2"],["icloud.com","1"],["apache.org","1"],["web.de","1"],["hudi.apache.org","1"]],"2021-05":[["users.noreply.github.com","8"],["gmail.com","7"],["qq.com","4"],["uber.com","2"],["icloud.com","1"],["umich.edu","1"],["126.com","1"],["apache.org","1"],["outlook.com","1"],["163.com","1"],["hudi.apache.org","1"]],"2021-06":[["gmail.com","10"],["users.noreply.github.com","5"],["uber.com","5"],["qq.com","3"],["163.com","2"],["icloud.com","1"],["126.com","1"],["apache.org","1"],["web.de","1"],["yahoo.com","1"],["hudi.apache.org","1"]],"2021-07":[["users.noreply.github.com","10"],["gmail.com","7"],["uber.com","5"],["qq.com","5"],["icloud.com","1"],["hotstar.com","1"],["apache.org","1"],["bilibili.com","1"],["web.de","1"],["163.com","1"],["hudi.apache.org","1"]],"2021-08":[["gmail.com","9"],["users.noreply.github.com","8"],["qq.com","4"],["uber.com","4"],["inspur.com","1"],["amazon.com","1"],["icloud.com","1"],["hudi.apache.org","1"]],"2021-09":[["users.noreply.github.com","10"],["gmail.com","9"],["uber.com","3"],["163.com","3"],["apache.org","2"],["juicedata.io","1"],["datadoghq.com","1"],["qq.com","1"],["web.de","1"],["inspur.com","1"],["hudi.apache.org","1"]],"2021-10":[["gmail.com","5"],["users.noreply.github.com","3"],["juicedata.io","1"],["hotmail.com","1"],["uber.com","1"],["hudi.apache.org","1"]],"2021-11":[["gmail.com","14"],["users.noreply.github.com","13"],["qq.com","5"],["uber.com","2"],["inspur.com","2"],["163.com","2"],["126.com","1"],["infinilake.com","1"],["hudi.apache.org","1"]],"2021-12":[["gmail.com","24"],["users.noreply.github.com","9"],["uber.com","2"],["qq.com","2"],["163.com","2"],["hudi.apache.org","2"],["126.com","1"],["infinilake.com","1"],["zepp.com","1"]],"2022-01":[["gmail.com","22"],["users.noreply.github.com","9"],["uber.com","3"],["qq.com","3"],["163.com","2"],["apache.org","1"],["infinilake.com","1"],["inspur.com","1"],["hudi.apache.org","1"],["zepp.com","1"]],"2022-02":[["gmail.com","13"],["users.noreply.github.com","6"],["qq.com","3"],["uber.com","2"],["163.com","2"],["126.com","1"],["arm.com","1"],["apache.org","1"],["infinilake.com","1"],["aliyun.com","1"],["mail2.sysu.edu.cn","1"],["inspur.com","1"],["hudi.apache.org","1"]],"2022-03":[["gmail.com","16"],["users.noreply.github.com","8"],["qq.com","6"],["uber.com","3"],["163.com","3"],["bytedance.com","2"],["foxmail.com","2"],["ly.com","1"],["126.com","1"],["hotmail.com","1"],["apache.org","1"],["infinilake.com","1"],["aliyun.com","1"],["cmss.chinamobile.com","1"],["riseup.net","1"],["hudi.apache.org","1"]],"2022-04":[["gmail.com","16"],["users.noreply.github.com","8"],["qq.com","7"],["163.com","3"],["hudi.apache.org","1"],["uber.com","1"],["infinilake.com","1"],["foxmail.com","1"]],"2022-05":[["gmail.com","24"],["users.noreply.github.com","16"],["qq.com","3"],["bytedance.com","2"],["126.com","2"],["foxmail.com","2"],["wealthsimple.com","1"],["apache.org","1"],["aliyun.com","1"],["live.cn","1"],["163.com","1"],["hudi.apache.org","1"]],"2022-06":[["gmail.com","18"],["bytedance.com","15"],["users.noreply.github.com","12"],["qq.com","4"],["hudi.apache.org","1"],["infinilake.com","1"],["outlook.com","1"]],"2022-07":[["gmail.com","15"],["users.noreply.github.com","11"],["qq.com","5"],["amazon.com","3"],["bytedance.com","2"],["infinilake.com","1"],["foxmail.com","1"],["yahoo.com","1"],["inspur.com","1"],["163.com","1"],["hudi.apache.org","1"]],"2022-08":[["users.noreply.github.com","22"],["gmail.com","19"],["qq.com","8"],["foxmail.com","2"],["hotmail.com","1"],["apache.org","1"],["onehouse.ai","1"],["rmoff.net","1"],["yahoo.com","1"],["live.com","1"],["inspur.com","1"],["amazon.com","1"],["163.com","1"],["hudi.apache.org","1"]],"2022-09":[["gmail.com","38"],["users.noreply.github.com","16"],["qq.com","9"],["126.com","3"],["apache.org","2"],["bytedance.com","1"],["wealthsimple.com","1"],["makenotion.com","1"],["uber.com","1"],["infinilake.com","1"],["aliyun.com","1"],["riseup.net","1"],["live.cn","1"],["inspur.com","1"],["hudi.apache.org","1"]],"2022-10":[["gmail.com","22"],["users.noreply.github.com","8"],["qq.com","6"],["bytedance.com","3"],["onehouse.ai","2"],["163.com","2"],["126.com","1"],["alibaba-inc.com","1"],["aliyun.com","1"],["hudi.apache.org","1"]],"2022-11":[["gmail.com","18"],["users.noreply.github.com","9"],["qq.com","4"],["163.com","2"],["bytedance.com","1"],["onehouse.ai","1"],["outlook.com","1"],["alibaba-inc.com","1"],["amazon.com","1"],["hudi.apache.org","1"],["zepp.com","1"]],"2022-12":[["gmail.com","38"],["users.noreply.github.com","13"],["qq.com","2"],["apache.org","1"],["hudi.apache.org","1"]],"2023-01":[["gmail.com","26"],["users.noreply.github.com","9"],["apache.com","6"],["163.com","4"],["qq.com","3"],["bytedance.com","1"],["transpac.com","1"],["onehouse.ai","1"],["hudi.apache.org","1"]],"2023-02":[["gmail.com","38"],["qq.com","9"],["users.noreply.github.com","8"],["163.com","2"],["126.com","1"],["hotmail.com","1"],["apache.org","1"],["uber.com","1"],["outlook.com","1"],["hudi.apache.org","1"],["zepp.com","1"]],"2023-03":[["gmail.com","18"],["users.noreply.github.com","9"],["qq.com","8"],["apache.org","4"],["transpac.com","1"],["outlook.com","1"],["dtstack.com","1"],["alibaba-inc.com","1"],["kakaoent.com","1"],["163.com","1"],["hudi.apache.org","1"],["zepp.com","1"]]}