{"2016-12":["vinothchandar","prazanna"],"2017-01":["zqureshi"],"2017-02":["ywskycn"],"2017-03":["yssharma","ovj","siddharthagunda","fishie9"],"2017-05":["n3nash"],"2017-06":["dannyhchen","gekath","jianxu","kaushikd49"],"2017-09":["esmioley"],"2018-03":["bvaradar","xjodoin"],"2018-04":["suniluber"],"2018-08":["saravsars"],"2018-09":["lys0716"],"2018-10":["shangxinli","leletan"],"2018-12":["arukavytsia","msridhar","xubo245"],"2019-01":["yaooqinn"],"2019-02":["bhasudha"],"2019-03":["milantracy","ovj","vinothchandar","bvaradar","smarthi","ambition119","kaka11chen","n3nash","kaka11chen","bhasudha"],"2019-04":["takezoe","lyogev"],"2019-05":["eisig","leilinen","v3nkatesh","abhioncbr","pseudomuto"],"2019-06":["RonBarabash","cdmikechen","hotienvu","jaimin-shah","tokaaron"],"2019-07":["yihua","yanghua"],"2019-08":["garyli1019","afilipchik","alunarbeach","luke-zhu","pratyakshsharma","leesf"],"2019-09":["umehrot2","Panxing4game","taherk77"],"2019-10":["Guru107","zhedoubushishi","firecast","Anurag870"],"2019-11":["broussea1901","lamber-ken","Pahtoe","fbalicchia","hddong","nsivabalan","bschell","XuQianJin-Stars","xushiyan"],"2019-12":["SuXingLee","nisheet195","SteNicholas","comsir","yungthuis66","wangxianghu","dengziming","hejinbiao123"],"2020-01":["yuehan124","modi95","nbalajee","prashantwason","liujianhuiouc","OpenOpened","harveyyue","hmatu","sev7e0"],"2020-02":["ramachandranms","vikrantgoel","RickyRajinder","satishkotha","amitsingh-10"],"2020-03":["EdwinGuo","ffcchi","zhaomin1423","shaofengshi","akitanaka"],"2020-04":["kwondw","lw309637554","iftachsc","wanglisheng81","baobaoyeye","shenh062326","Jiayi-Liao","Trevor-zhang"],"2020-05":["liujinhui1994","sathyaprakashg","AakashPradeep","Jecarm","malanb5","cxzl25","jfrazee","rolandjohann"],"2020-06":["luoyajun10","hj2016","vingov","Litianye"],"2020-07":["clocklear","GuoPhilipse","andreitaleanu","afeldman1","zherenyu831","linshan-ma","DeyinZhong"],"2020-08":["cheshta2904","sreeram26","rmpifer","Yungthuis"],"2020-09":["Karl-WangSK","chuangehh","dugenkui03","Kaiux"],"2020-10":["guykhazma"],"2020-11":["pengzhiwei2018","yui2010"],"2020-12":["starbunny","lichang-bd","manijndl7","danny0405","jshmchenxi"],"2021-01":["loukey-lj","Nieal-Yang","vburenin","jiangjiguang","teeyog","puyvqi","c-f-cooper"],"2021-02":["caidezhi","tooptoop4","ZhangChaoming","Liulietong","slamke","MyLanPangzi","jackiehff","akanungoz"],"2021-03":["xiarixiaoyao","chaplinthink","sbernauer","legendtkl","leo-Iamok","jintaoguan","t0il3ts0ap","brandon-stanley"],"2021-04":["NickYoungPeng","jsbali","mincwang","giaosudau","li36909","hmit","aditiwari01","simon824","RocMarshal","lonelyGhostisdog","xglv1985"],"2021-05":["yuzhaojing","swuferhong","mpouttu","AirToSupply","zhangminglei","TeRS-K","veenaypatil","Yao-MR","ssdong","Xoln"],"2021-06":["hk-lrzy","codope","zhangyue19921010","vaibhav-sinha","brary","zhangjun0x01","s-sanjay","taylorliao","leoluan2009","rongma1997"],"2021-07":["rmahindra123","jhsb25","davehagman","minihippo","dongkelun","dwshmilyss","xiang2102","moranyuwen","Samrat002"],"2021-08":["rahil-c","data-storyteller","dacort","yangrong688","AyachiNene","xuzifu666"],"2021-09":["qianchutao","tangyoupeng","sarah-witt","Carl-Zhou-CN","djKooks"],"2021-10":["YannByron","manojpec"],"2021-11":["lsyldliu","uncleGen","vortual","tracehh","huleilei","dufeng1010","h7kanna","alexeykudinkin","nateradtke","kywe665","YongjinZhou","peanut-chenzhong","manasaks","0x574C"],"2021-12":["zzzhy","Aimiyoo","guanziyue","harsh1231","fengjian428","boneanxs","YuweiXiao","Arun-kc","laurieliyang","kazdy","dragonly","xiaogaozi"],"2022-01":["parisni","wigennn","stym06","hehexiaoduantui","EchoLee5","vinishjail97","xiaotianzhang01","7c00"],"2022-02":["stayrascal","guyuqi","zhangxiang17","cuibo01","yanenze","scxwhite","fuyun2024","todd5167","xiaozhch5","dcoliversun"],"2022-03":["ljl1988com","KnightChess","huberylee","MrSleeping123","JerryYue-M","liuhe0702","liufangqi","suryaprasanna"],"2022-04":["miomiocat","sekaiga","wxplovecc","watermelon12138","vidanimegh","BruceKellan","RexXiong","hehuiyuan","zhqu1148980644","liuzhuang2017","CodeCooker17","xicm","lipusheng","onlywangyh","yuruguo"],"2022-05":["felixYyu","wqwl611","yadav-jai","kumudkumartirupati","aliceyyan","bettermouse","lanyuanxiaoyao","China-JasonW","xccui","h1ap","uday08bce","YuangZhang","cartershanklin","jinxing64","zpi1223"],"2022-06":["Run-Lin","hechao-ustc","chenshzh","wzx140","Forus0322","sandyfog","trushev","LinMingQiang","5herhom","TengHuo","microbearz","leobiscassi","marchpure","CTTY","lispwu","jerryshao"],"2022-07":["a49a","voonhous","vanderzh","simonsssu","shenjiayu17","pomaster","brandonJY","the-other-tim-brown","wulei0302"],"2022-08":["prasannarajaperumal","zjuwangg","linfey90","atharvai","zhoulii","qjqqyy","XinyaoTian","leandro-rouberte","flashJd","vamshigv","honeyaya","rmoff","jonvex","wuwenchi","novisfff","f7753"],"2022-09":["pintusoliya","junyuc25","dohongdayi","TJX2014","Neuw84","druid-matt","wongxingjun","yesemsanthoshkumar","shenshengli","brightwon","Aiden-Dong","LXin96","Zouxxyy","wangp-nhlab","gnailJC","slachiewicz","KeltonKarboviak","hbgstc123","paul8263","kk17","y0908105023","shuai-xu","pramodbiligiri","eric9204","lipsa308"],"2022-10":["lvhu-goodluck","zhangrenhua","slfan1989","hameizi","vvsd","Zhangshunyu","waywtdcc","fsilent","1032851561","YangXiao-allen"],"2022-11":["complone","hussein-awala","lxxawfl","stream2000","albericgenius","nfarah86"],"2022-12":["lokeshj1703","ymZhao1001","just-JL","huldarchen"],"2023-01":["jackwener","hadoopkandy","ThinkerLei","zhuanshenbsj1","giftbowen","kkrugler","srikanthjaggari","jtarun","weimingdiit"],"2023-02":["empcl","vectorijk","liaotian1005","huangxiaopingRD","Hwloser","rfyu","lvyanquan","gaoshihang","beyond1920"],"2023-03":["clp007","michael1991","vinaykv1991","clownxc","alexguo8","mezhangremoterepository","aajisaka","nicholas-fwang","mapleFU","wecharyu","wuzhenhua01"]}