{"2018-07":[["jasonsuzhou",3.32],["xuechaos",3],["qingdengyue",2.83],["wei7202839",2.45],["irusist",2],["whanice",1.73],["nkorange",1.73],["pguo65535",1.73],["snifferhu",1.73],["wzh154710510",1.41],["CLAassistant",1.41],["eacdy",1.41],["511098425",1.41],["zhaolizhi",1.41],["HuangSheng",1.41],["zhuam",1.41],["Lancelothe",1.41],["greatqn",1.41],["lixyou",1]],"2018-08":[["javartisan",3],["wei7202839",2.65],["hxy1991",2.65],["nkorange",2.45],["crystonesc",2.24],["jasonsuzhou",2],["lizPan",2],["CLAassistant",2],["xuechaos",2],["johnnywww",2],["Viyond",1.41],["yanlinly",1.41],["szihai",1.41],["pguo65535",1.41],["xiaostatr977",1.41],["qingyun-wyx",1.41],["xelat09",1],["windhc",1],["mytang0",1]],"2018-09":[["nkorange",5],["xuechaos",4.58],["yanlinly",4.36],["wyp12",4],["hxy1991",3.61],["mercyblitz",3.61],["pguo65535",3.32],["HaojunRen",3.16],["CLAassistant",3.16],["ITonyLi",2.83],["hadoop835",2.45],["yanj0609",2.24],["loadchange",2.24],["hackbin",2],["paderlol",2],["xiaoyangW",2],["myejb22",2],["hupuxiaojun",1.73],["RojerAlone",1.73],["MarkTang",1.41],["cuisongliu",1.41],["flystar32",1.41],["aCoder2013",1],["zhouxinyu",1],["tao1991123",1],["Macgrady4Ever",1],["kexianjun",1],["wpc009",1],["odbozhou",1],["Baofengqi",1],["YoKv",1],["xindoo",1],["liangyuanpeng",1],["yaozg",1],["crystonesc",1],["zyw",1],["jorrellz",1],["justlikeliuen",1],["beyond0309",1],["mingyixu",1],["irusist",1],["kavin-J",1]],"2018-10":[["mercyblitz",6.93],["yanlinly",6.71],["nkorange",6.56],["pguo65535",4.47],["CLAassistant",4.24],["hxy1991",4.24],["nanamikon",3.74],["yfh0918",3.32],["yangyshdan",3],["xuechaos",3],["paderlol",2.65],["RojerAlone",2.65],["FrankBian",2.45],["wyp12",2.45],["h3l",2.24],["UfukOzcelik",2.24],["mingyixu",2.24],["TsingLiang",2.24],["0xflotus",2.24],["jameslcj",2.24],["aCoder2013",2.24],["HaojunRen",2],["chinausers",2],["JaredTan95",1.73],["zyw",1.73],["loadchange",1.73],["fevenor",1.41],["javartisan",1.41],["zhangjimmy",1.41],["haochencheng",1.41],["zgqyfj",1.41],["eshun",1.41],["TenzeTseng",1],["libinglong",1],["vicrobert",1]],"2018-11":[["nkorange",9.49],["hxy1991",8.66],["loadchange",6.86],["pguo65535",6.63],["jameslcj",6.48],["yanlinly",5.57],["wfnuser",4.9],["xuechaos",4.8],["CLAassistant",4.47],["yangyshdan",4.24],["nanamikon",4.24],["ethonchen",3.87],["gumutianqi",3.74],["Jnoee",3.32],["yfh0918",3.32],["FrankBian",2.83],["zzzxdm",2.45],["changhe626",2.24],["haochencheng",2.24],["paderlol",2.24],["janzhou123",2.24],["liaozan",2.24],["dyg4228",2],["jun1st",2],["jatsh",2],["mieuf",2],["githubgreatnew",2],["wkztselina",1.73],["mercyblitz",1.73],["liuyadu",1.73],["vicykie",1.73],["tgwang",1.73],["ydaming",1.73],["flystar32",1.73],["zhangjimmy",1.41],["jiming",1.41],["tangwt",1.41],["wenweihu86",1.41],["Loveugirl",1.41],["Git2606",1.41],["zgqyfj",1.41],["xjhuiw",1.41],["dengtuoyu",1.41],["JianweiWang",1.41],["shen12341234",1.41],["wyp12",1.41],["muggle0",1.41],["liangyuanpeng",1.41],["smartwjw",1.41],["u-ian",1.41],["rxbyes",1.41],["pbting",1.41],["jifengnan",1.41],["mestarshine",1.41],["ivanshehl",1],["chocod",1],["huangll99",1],["356082462",1],["yabaowang",1],["ruohone",1],["superamily",1],["eonezhang",1],["nope-J",1],["jinf666",1],["hackstepz",1],["lzp0412",1],["foamfish",1],["yyt701",1],["irusist",1],["wangjuneng",1],["anjia0532",1]],"2018-12":[["nkorange",9.7],["loadchange",7.28],["hxy1991",7.07],["jameslcj",6.24],["anjia0532",5],["TsingLiang",4.8],["AliGHRobot",4.69],["xuechaos",4.36],["CLAassistant",4],["wfnuser",3.87],["gqxie",3.87],["foamfish",3.74],["yanlinly",3.46],["Loveugirl",3.46],["chenlushun",3.16],["yyt701",3],["kukukakiki",2.83],["universefeeler",2.83],["IronCity",2.83],["Shiyajian",2.83],["liangyuanpeng",2.83],["haochencheng",2.65],["nanamikon",2.65],["pguo65535",2.65],["ethonchen",2.65],["yiming33",2.65],["paderlol",2.45],["WengJim",2.45],["lostcharlie",2.45],["tjych",2.24],["zzzxdm",2.24],["huangcanhui2018",2.24],["mingyixu",2.24],["jovenwang",2.24],["RoderickAdriance",2],["vicykie",2],["mark-wk",2],["YeautyYE",2],["ACE-Caedmon",2],["snifferhu",2],["TulleyT",2],["wzlee",1.73],["flystar32",1.73],["SBFVYGA",1.73],["SoftwareKing",1.73],["gumutianqi",1.73],["Skqing",1.73],["foreveryang321",1.73],["YaoC",1.73],["canglang1973",1.73],["cdfive",1.73],["RGaius",1.73],["mercyblitz",1.73],["zsjdxc251",1.73],["ancientelves",1.73],["stalary",1.73],["miludedeng",1.41],["bilaisheng",1.41],["zyw",1.41],["KeRan213539",1.41],["yajxh",1.41],["xuqing",1.41],["zympig",1.41],["18980808191",1.41],["wyp12",1.41],["zhaopeizhi",1.41],["walyuuc",1.41],["zhoujw8792",1.41],["nanase-takesi",1.41],["xiaohanfeidao",1.41],["yangyshdan",1.41],["cuqk",1],["FrankBian",1],["li-keli",1],["jiangbin216",1],["irusist",1],["NiuJaiRen",1],["u-ian",1],["savvyray",1],["fengxiutianya",1],["chiangyn",1],["HuangDayu",1],["mieuf",1],["jiangzhuo",1],["dwj1979",1],["heshouyou",1],["wetsion",1],["chengdongwei",1],["allencloud",1],["dntbeSris",1],["pbting",1],["qdlake",1],["Frankzhaopku",1],["dtcui",1],["tao1991123",1]],"2019-01":[["nkorange",10.34],["loadchange",7.62],["AliGHRobot",7.21],["nacos-bot",7],["xuechaos",5.48],["hxy1991",5.39],["wfnuser",5],["yanlinly",4.9],["paderlol",4.58],["TsingLiang",4.47],["XCXCXCXCX",4.36],["CLAassistant",4.24],["ankeway",4.12],["wuyoushan",3.87],["nanamikon",3.46],["peggypig",3.32],["glores222",3.32],["liyueforever",3.32],["fudali113",3.16],["Loveugirl",3.16],["mingyixu",3],["FrankBian",2.83],["eacdy",2.83],["UUvUU",2.65],["huangyunbin",2.65],["jsen-joker",2.65],["stalary",2.45],["18980808191",2.24],["690284557",2.24],["xiaoyaojc",2.24],["zlt2000",2.24],["jameslcj",2.24],["startlu",2.24],["martixZero",2.24],["flystar32",2],["qracle",2],["kidd0555",2],["misselvexu",2],["fengkuangdefc",2],["elvisL",2],["naturalyui",2],["YeautyYE",2],["qwe1076293486",2],["shikonglaike",2]],"2019-02":[["nkorange",8.43],["xuechaos",6.78],["nacos-bot",6.71],["hxy1991",5.92],["paderlol",5.39],["huangyunbin",4.58],["pbting",4.12],["nanamikon",3.87],["hengboy",3.74],["TsingLiang",3.32],["luoxn28",3],["CLAassistant",2.83],["darkness463",2.83],["systp",2.83],["nickzxing",2.83],["15150762026",2.45],["maojx0630",2.45],["slievrly",2.24],["liaozan",2.24],["loadchange",2.24],["jifengnan",2.24],["3EDCKenneth",2.24],["morisenmen",2],["SnailDHC",2],["18980808191",2],["POWERzhangdi",2],["vonzou",2],["402517174",2],["SessionBest",2],["mr253727942",1.73],["likino",1.73],["AaronChen2012",1.73],["eacdy",1.73],["litttlefisher",1.73],["shangkun",1.73],["jacky1193610322",1.73],["Carl-Xiao",1.73],["DemonJun",1.73],["hanhuhe321321",1.41],["chandlerFan",1.41],["kaybinwong",1.41],["aworker",1.41],["13539956066",1.41],["guowang1102",1.41],["EmineWang",1.41],["tm2018",1.41],["zsjzero",1.41],["xuande",1.41],["longlylong",1.41],["little-eight-china",1.41],["pengcgithub",1.41],["hadoop835",1.41],["chenxushao",1.41],["lookingdata",1.41],["ncepuwanghui",1.41],["stalary",1.41],["YangDiA",1.41],["xiaostart977",1.41],["MinGRn",1.41],["499196191",1],["hzh7272",1],["scxwhite",1],["gaoxincheng",1],["flystar32",1],["ShZhengqin",1],["yfh0918",1],["Cryice",1],["XCXCXCXCX",1],["litian33",1],["dengbin19910916",1],["jackorjack",1],["quzhixue-Kimi",1],["crazythinking",1],["SizakeYang",1],["bigbluecat",1],["shook2012",1],["kathetina",1],["calvin-ye",1],["Jnoee",1],["sunyibinbing",1],["laizhouzhang",1],["Johnson-Jia",1],["caojiele",1]],"2019-03":[["nkorange",10.63],["nacos-bot",7.35],["loadchange",5.48],["hxy1991",5.1],["mybug99",5.1],["pbting",4.8],["TsingLiang",4.24],["paderlol",4.12],["jameslcj",3.16],["xuechaos",3.16],["CLAassistant",2.83],["yanlinly",2.83],["luohaoGit",2.65],["jifengnan",2.65],["zzps",2.45],["yfh0918",2.45],["rhce123",2.45],["IcebergXTY",2.45],["TenYearsIn",2.45],["maojx0630",2.24],["fluffywar",2.24],["zhuyuehui",2.24],["myishuohuo",2.24],["leetomlee123",2.24],["JavaArthur",2.24],["peachyy",2.24],["quicksandznzn",2],["yufeng629",2],["MicyToy",2],["sundong1982",2],["xingrufeng073",2],["longlylong",2],["nanamikon",2]],"2019-04":[["nkorange",17.78],["nacos-bot",8.83],["Albert-Hugo",6.71],["rushsky518",5.83],["XCXCXCXCX",5],["CLAassistant",5],["jifengnan",4.36],["hxy1991",4.24],["paulzhangcc",4.12],["pbting",3.87],["yanlinly",3.74],["Summerslyb",3.61],["chuntaojun",3.46],["paderlol",3.46],["sofior",3.32],["codewaltz1994",3.16],["bearwind",3],["LuanLouis",3],["niget",3],["Fanzaijun",2.83],["peachyy",2.83],["xingcun",2.83],["Python-IBM",2.83],["nanamikon",2.83],["winter-git",2.65],["xuechaos",2.45],["qq1311256696",2.45],["1346735074",2.45],["lynk-coder",2.45],["jiangminbing",2.45],["loadchange",2.24],["jameslcj",2.24],["winnyboy",2.24],["weiluoliang",2.24],["HuangDayu",2.24],["nunuqq1",2.24],["qxo",2.24],["wenfer",2.24],["wangjihong-china",2],["Tairr",2],["mercyblitz",2],["libinwalan",2],["AllenJol",2],["taifenglan",2],["mostcool",2],["mybug99",2],["wshzp09876",2],["w983798109",2],["gavinChen123",2],["gaofeicm",2],["nosqlcoco",2],["luymiki",2],["antz-H",2],["zengjianfei",2],["wu-sheng",2],["gavinfuu",2]],"2019-05":[["nkorange",13.82],["nacos-bot",8.66],["chuntaojun",5.39],["ouyangzhiming",4.69],["KeRan213539",4.24],["CLAassistant",4.12],["rushsky518",4.12],["jifengnan",3.87],["Nicholas2015",3.46],["imkiven",3.32],["1346735074",3],["IanCao",3],["paderlol",2.83],["dupengcheng",2.83],["duwei54",2.65],["neatlife",2.65],["haochencheng",2.65],["hyw520110",2.65],["xinchungitHub",2.65],["loadchange",2.45],["MagakiReimu",2.45],["yongchao9",2.45],["pbting",2.45],["fudali113",2.24],["mingyixu",2.24],["zushilong003",2.24],["ddatsh",2.24],["antz-H",2.24],["greatle",2.24],["sheiy",2.24],["dolcevitaforever",2.24],["jameslcj",2.24],["Moriadry",2.24],["LoveMyPyj",2.24],["justlive1",2.24],["CjqDy",2.24],["zxywd",2.24],["shaohuanan",2],["love-somnus",2],["wfnuser",2],["2417796669",2],["bayernjava",2],["mybug99",2],["anpu2018",2],["fangjian0423",2],["k4124k",2],["csfrez",2]],"2019-06":[["nkorange",16.22],["IanCao",9.7],["nacos-bot",8.12],["chuntaojun",8],["paderlol",7.68],["slievrly",5],["1346735074",4.58],["Nicholas2015",4.36],["zhaoyuguang",4.36],["loadchange",4],["kezhenxu94",3.61],["eacdy",3.46],["HaojunRen",3.16],["rushsky518",3.16],["wmj765",3],["kurohayan",3],["lza1997",3],["glameyzhou",3],["GreyZeng",3],["tianyichenlian",2.83],["mgw1986",2.83],["iHelin",2.65],["chenshun00",2.45],["enguangzhang",2.45],["greatle",2.45],["naturezhm",2.45],["hyygavin1990",2.24],["ylh23y",2.24],["fangkk0168",2.24],["wolfdriver",2.24],["JevonYang",2.24],["rottenmu",2.24],["shook2012",2.24],["BeastMouth",2],["MagakiReimu",2],["408043749",2],["zjblovewl",2],["liufangpu",2],["Comven",2],["Luckylau",2],["ccb19880811",2],["vidytu",2],["yenaikafei",2],["LegendaryFlutist",2],["brucelpt",2],["syzpig",2],["zyftc0",2],["universefeeler",2]],"2019-07":[["nkorange",11.83],["nacos-bot",8.43],["chuntaojun",8.25],["loadchange",7.21],["zhaoyuguang",6.4],["KeRan213539",5.39],["IanCao",4.36],["anpu2018",4.12],["pbting",4.12],["ly641921791",4],["rushsky518",3.87],["tiandihai",3.16],["Comven",3],["liyueforever",2.83],["CLAassistant",2.65],["wangyingwei001",2.65],["MagakiReimu",2.65],["Li-JH",2.65],["caojiele",2.45],["2417796669",2.45],["nanamikon",2.45],["lion000",2.45],["winnyboy",2.45],["aikin",2.24],["AllenJol",2.24],["daishenghao",2.24],["xiaok0928",2.24],["xianlaioy",2.24],["jiaoyilun",2.24],["szd1993",2],["haochencheng",2],["RojerAlone",2],["jifengnan",2],["gclsoft",2],["OneJane",2],["maxid",2],["zcoNick",2],["Maijh97",2],["breakenknife",2],["zhanjiejun",2],["rogerlmj123",2],["sunyukun8888",2],["XCXCXCXCX",2],["ghost0224",2]],"2019-08":[["nacos-bot",9.22],["chuntaojun",8.12],["nkorange",7.21],["KeRan213539",5.83],["ly641921791",5.1],["zhaoyuguang",5.1],["paderlol",4],["ylh23y",3.87],["HollisGW",3.74],["shaojielinux",3.74],["EZLippi",3.61],["shirenchuang",3.61],["CLAassistant",3.32],["xiaok0928",3.16],["rushsky518",3],["sohu234",3],["evancyz",3],["spawpaw",3],["zb503758762",2.83],["complone",2.65],["beldon",2.65],["Patrick0308",2.65],["freekry",2.65],["xkcoding",2.65],["horsen689",2.45],["eacdy",2.45],["lishq",2.45],["ycachencheng",2.45],["wangyingwei001",2.45],["lvgitt",2.24],["ljynfo",2.24],["loadchange",2.24],["MCJIBA",2.24],["greatle",2.24],["ElanZh",2.24],["Chinaxiang",2.24],["pbting",2.24],["longmingfeng",2],["jaryur",2],["wolfdriver",2],["Dearker",2],["fanchangjifen",2],["liuliwei924",2],["GavinHwa",2],["leoxu1719",2],["blackbk",2],["glameyzhou",2],["ZShUn",2]],"2019-09":[["nkorange",10.63],["chuntaojun",7.21],["nacos-bot",7.21],["universefeeler",6.16],["stackisok",4.24],["ly641921791",4],["EZLippi",3.61],["VolcanoOves",3.46],["xianlaioy",2.83],["lcg72",2.65],["brucelwl",2.65],["guoliang3",2.45],["czbabl",2.24],["CLAassistant",2.24],["xkcoding",2.24],["loadchange",2.24],["mostcool",2.24],["greatle",2.24],["rushsky518",2.24],["Python-IBM",2.24],["HollisGW",2.24],["ylh23y",2],["suxg001",2],["itfinally",2],["huohuanhuan",2],["zhubinjqjy",2]],"2019-10":[["nkorange",9.95],["nacos-bot",4.58],["chuntaojun",4.12],["satjd",3.87],["lostcharlie",3.32],["michaelmao999",3.32],["xilipilige",3.32],["xlb",3.16],["CLAassistant",3.16],["sheiy",3],["lzx1026078111",2.83],["Veryfirefly",2.65],["devin01",2.45],["zuixiaoyao001",2.45],["Python-IBM",2.24],["Nicholas2015",2.24],["dependabot[bot]",2.24],["tzhanhe",2],["3EDCKenneth",2],["lynk-coder",2],["EZLippi",2],["maoweifan",2],["bg1011",2],["taohaox",2],["besthanliu",2]],"2019-11":[["nkorange",14.97],["chuntaojun",7.07],["ajamesa",5.2],["moayi",5],["wangyingwei001",4.8],["besthanliu",4.47],["lzf971107",4.36],["xilipilige",4],["zhfish",3.87],["paderlol",3.74],["whaty",3.46],["satjd",3.32],["CLAassistant",3.32],["ZhZGod",3.16],["huangdx0726",3.16],["wcollin",3],["lcosmos",3],["huohuanhuan",2.83],["xiongchun",2.65],["KeRan213539",2.65],["lwadsy",2.65],["hykjtt",2.65],["pengliaoye",2.65],["Maijh97",2.65],["liulipengju",2.45],["JonSmall",2.45],["helei-mianyang",2.24],["MistRay",2.24],["sgzwiz",2.24],["zhangshuaioop",2.24],["BinWu1989",2.24],["dolphin-zp",2.24],["haochencheng",2.24],["Albert-Hugo",2.24],["dependabot[bot]",2.24],["jqsl2012",2],["DarrenLuo",2],["xshans",2],["codeimport",2],["SimpleMoodLife",2],["vvsuperman",2],["tianxia0079",2],["zqgback",2],["377796216",2],["sunxiang0918",2],["wangdm0824",2],["Anymre",2],["jackokcc",2]],"2019-12":[["nkorange",11.18],["KeRan213539",5.66],["WG-Roy",4.8],["easyhaloo",4.36],["lzf971107",4.12],["rushsky518",3.32],["codeimport",3.32],["claassistantio",3],["zhuyouzhufu",3],["chchfee",3],["zhenxianyimeng",3],["pusinka23",2.83],["DoolinMa",2.83],["jackfruitran",2.65],["hykjtt",2.45],["kitsrc",2.45],["bugCats",2.45],["firehalt",2.24],["chuntaojun",2.24],["zhangxiangfeng",2.24],["wushaohao",2],["mimajiushi",2],["slieer",2],["xiaoqing0729",2],["lizhibo0914",2]],"2020-01":[["nkorange",9.06],["paderlol",5.1],["KeRan213539",5.1],["langghaha",4],["chuntaojun",3.87],["jarven-he",3.87],["weiming7661",3.74],["rushsky518",3.74],["Jiangzhuoyan",3.61],["JerryChin",3.46],["loadchange",3.16],["Johnnyzhoutq",2.83],["claassistantio",2.83],["nangergong",2.65],["lidaoyang",2.65],["A-CiKe",2.45],["ZShUn",2.45],["q1240725729",2.45],["Syuan17",2.45],["zhenxianyimeng",2.24],["countime",2.24],["itfinally",2.24],["g5niusx",2.24],["aaroncgt90",2.24],["jzdayz",2.24],["token01",2.24],["hello-zhengzq",2],["edisonmiao",2],["wfnuser",2],["yinxiaoling",2],["xjr100419",2],["gaoliang",2],["mazhai",2],["chenjianshuo",2],["cdorange",1.73],["zhunzhong",1.73],["sagittar",1.73],["johnson512",1.73],["LOpSSH",1.73],["garywu520",1.73],["fungoddd",1.73],["419861036",1.73],["lixinglin213",1.73],["zhuyouzhufu",1.73],["jovenwang",1.73],["Zeppole",1.41],["sanxun0325",1.41],["missfmaster",1.41],["crazyhuntsman",1.41],["q975144677",1.41],["ygypc",1.41],["c1028131070",1.41],["snyzz",1.41],["wolfdriver",1.41],["bluecity",1.41],["duanhairuo",1.41],["ghyaauoo",1.41],["yiyan1992",1.41],["koalas1105",1.41],["dkllc",1.41],["BlueBlackR9",1.41],["jauadoc",1.41],["han-bing",1.41],["cuihairu",1.41],["chentiefeng",1.41],["zeewane",1.41],["khiker007",1.41],["zhangYHBox",1.41],["Holyangelmom",1.41],["Razor0719",1],["coder-PengWenHao",1],["kami0314",1],["herojhc",1],["wangzhedong",1],["92376",1],["Ronaltn",1],["thankjava",1],["Slive",1],["baobeidaodao",1],["humbinal",1],["slieer",1],["ordercard",1],["PWA2000",1],["weiyuanyong",1],["lkj7b226",1]],"2020-02":[["killme2008",12.33],["chuntaojun",8.54],["loadchange",6.32],["zhixiangyuan",4.24],["ZShUn",3.61],["token01",3.46],["paderlol",2.83],["ynclub",2.83],["Ronaltn",2.65],["zhuyouzhufu",2.45],["nkorange",2.45],["ordercard",2.45],["itfinally",2.45],["chapterBegin",2.24],["juzi214032",2.24],["Yogurt-lei",2.24],["7yugioh7",2],["huihuang70070",2],["fenghuasansheng",2],["chenjianshuo",2],["fengjiachun",2],["sortaxie",2],["william-xu",2],["xiaofeng886521",2],["jzdayz",1.73],["Hongpei-Chen",1.73],["Kumilo",1.73],["aileennian",1.73],["daxian-zhu",1.73],["xiaoyao1999hn",1.41],["18207556302",1.41],["dongzl",1.41],["leach",1.41],["Nicqiang",1.41],["cielswift",1.41],["maxiaodong58",1.41],["dennymou",1.41],["dennis120338",1.41],["gabreilcheng",1.41],["claassistantio",1.41],["MitrichevGoing",1.41],["ausky",1.41],["lujicong",1.41],["A-CiKe",1.41],["xuqingyangjsti",1.41],["fangjian0423",1.41],["yqbboy",1.41],["suinxinliulang",1.41],["wujincheng2333",1.41],["LuciferZK",1.41],["baimoer",1.41],["xinshitn",1.41],["kkyeer",1.41],["mj19910923",1.41],["imgoby",1.41],["ameryhan",1.41],["lizheng89",1.41],["liyin37",1.41],["gfj7817",1.41],["rainmanhhh",1.41],["fullee",1.41],["chentiefeng",1],["draco1023",1],["MadeInChina",1],["mail6562",1],["johnlanni",1],["yunbanlongwu",1],["dljunzhuo",1],["slieer",1],["zhou-hao",1],["lyg945",1],["penghao03",1],["turtler000",1],["lololun",1],["joeyjoker",1],["xht555",1],["pigxcloud",1],["zhisheng17",1],["rushsky518",1]],"2020-03":[["chuntaojun",11.45],["nkorange",7.07],["loadchange",5.48],["lkxiaolou",4.9],["ordercard",4.24],["Maijh97",3.87],["KeRan213539",3.87],["CLAassistant",3.74],["yuanboyumena",3.32],["leakey8612",3.32],["pengzhengfa",3.32],["theonefx",3.32],["dependabot[bot]",3.16],["lixiaolin2018",3],["yao012",2.83],["xcrod",2.83],["chenjy1991",2.65],["wangtao19911111",2.65],["diaodiaofly",2.65],["yangliu817",2.45],["wolfdriver",2.45],["michaelmofa",2.45],["silloy",2.45],["ZShUn",2.24],["zhenxianyimeng",2.24],["zhixiangyuan",2.24],["yangzhiwei256",2.24],["csloter",2.24],["huai168an",2.24],["cafechen",2.24],["weinianta",2.24],["izrh",2.24],["SandNight",2],["saiyujs",2],["photondragon",2],["FinalVersion",2],["natureLanguageQing",2],["949808802",2],["Ronaltn",2],["liyin37",2],["18207556302",2],["kkyeer",2]],"2020-04":[["chuntaojun",8.94],["wolfgangzhu",5.29],["wangweizZZ",4.69],["flyer5200",4.12],["nkorange",3.87],["hqisog",3.74],["CLAassistant",3.61],["lybbyl",3.32],["Maijh97",3.32],["vastliuzxc",3.16],["18256086350",3],["kitsrc",2.83],["silverlight",2.83],["key1012",2.65],["JIE6",2.65],["longit123",2.65],["esolve",2.65],["huawenyao",2.65],["letian-tang",2.65],["yuanjinzhong",2.45],["wfnuser",2.45],["dependabot[bot]",2.45],["langghaha",2.45],["MaJintao611",2.45],["YuizhiCode",2.45],["NewwayHe",2.45],["zhenxianyimeng",2.24],["xinaiwunai",2.24],["kqkdChen",2.24],["forever-funny",2.24],["jiangcaijun",2.24],["weolwo",2.24],["amenema",2],["lizhian",2],["HelloHaiNG",2],["Nousin-Tang",2],["ghostman-git",2],["beforeborn",2],["dongdong112233",2],["wangwei123",2],["1556837534",2],["insiderys",2],["cai-ti",2],["osworks",2],["Amber125208",2],["jay2033",2],["kuangyoubo",2],["AsummerCat",2],["smilemilk1992",2],["zhuuvzhi",2]],"2020-05":[["chuntaojun",15.13],["horizonzy",7.28],["zongtanghu",7.21],["KomachiSion",6],["Maijh97",5.57],["yanlinly",4.8],["JianweiWang",4.47],["yfh0918",4.47],["wangweizZZ",4.47],["zlyhabib",4.36],["CLAassistant",4.24],["maketubo",3.87],["EasonFeng5870",3.46],["lzp0412",3.46],["yinjunonly",3],["ObserverYu",3],["zhenxianyimeng",3],["jintonghuoya",3],["MsencSir",3],["pan289091315",2.83],["Johnson-Jia",2.83],["antigenMHC",2.65],["yangshuangpeng",2.65],["hexw",2.65],["cunweizhao",2.45],["showkawa",2.45],["wolfgangzhu",2.45],["wu-sheng",2.45],["lin-mt",2.45],["suqun",2.24],["jzdayz",2.24],["mintonzhang",2.24],["alloevil",2.24],["dongzl",2.24],["ZhuZhanming",2],["jishaofeng89",2],["Thinkingcao",2],["han-bing",2],["dengliming",2],["Zzzly1106",2],["yumrko",2],["spawpaw",2],["Visonwu",2],["bazaiguhui",2],["kitsrc",2],["NoBugBoy",2],["xubaofa",2],["ChesterZheng",2]],"2020-06":[["KomachiSion",28.84],["chuntaojun",21.93],["zongtanghu",21.31],["stale[bot]",11.31],["Maijh97",8.6],["yanlinly",8.43],["wangweizZZ",8.37],["pengzhengfa",8],["lin-mt",6.4],["CLAassistant",5.92],["jzdayz",5.66],["paderlol",4.58],["horizonzy",4.47],["showkawa",4.12],["Force-King",4],["zhuyouzhufu",4],["taoxiaoyin",3.87],["Eternal88",3.87],["chongli-j",3.74],["gfgfggf1988",3.74],["xingwl2018",3.74],["HuangDayu",3.61],["yuanyunchu",3.61],["zhujiebing",3.61],["lsw1991abc",3.32],["MainPoser",3.32],["jintonghuoya",3.32],["wu-sheng",3.16],["dongyinuo",3.16],["AnoYuan",3.16],["jiangcaijun",3.16],["pengyonglei",3.16],["HelloHaiNG",3.16],["junjie-tang99",3.16],["yfh0918",3],["baolongcheng",3],["lovegames",3],["Gitwangpin",3],["xzknet",3],["dependabot[bot]",2.83],["QiAnXinCodeSafe",2.83],["zhouhailin",2.83],["huzhengnan",2.83],["brandonstack",2.83],["squallliu",2.65],["kekerzzZ",2.65],["metaphysical-road",2.65],["zhenxianyimeng",2.65],["wangzhedong",2.45],["yuxioman",2.45],["liwen2555376",2.45],["pengyusong",2.45],["lijilina",2.45],["maojing123",2.45],["huangfusuper",2.45],["weiliang-ms",2.24],["jameslcj",2.24],["zhangyixin1222",2.24],["suinxinliulang",2.24],["cielswift",2.24],["ccDuan",2.24],["DerekHQ",2.24],["zhangruhong",2.24],["yxy007sdo",2.24],["zoscargit",2.24],["lidongdongli",2.24],["hungryC",2.24],["zhangzh0508",2.24],["kitsrc",2.24],["Ryze-Zhao",2.24],["J-Cod3r",2.24],["pigxcloud",2.24],["ShuaiShuaiDa8888",2.24],["zhangtao7740",2],["deyun93",2],["fengsmith",2],["a6910438",2],["forlangel",2],["Ishven",2],["zhaoxiaoxue-git",2],["tangbo170615",2],["yangseal",2],["Starbucksstar",2],["liujiling1",2],["CantosSong",2],["lchpersonal",2],["Johnson-Jia",2],["qinyue530",2],["neters",2]],"2020-07":[["KomachiSion",23.39],["zongtanghu",13.04],["Maijh97",8.94],["shiyiyue1102",8.54],["chuntaojun",8],["wangweizZZ",6.32],["yyt6200",6.24],["yanjunnf",5.66],["paderlol",5.39],["yueyuanyu",5.2],["ljhrot",5.2],["zhangjidi2016",4.9],["Veryfirefly",4.8],["CLAassistant",4.36],["sanxun0325",4.24],["wpt191",4.12],["horizonzy",4.12],["stale[bot]",4],["jiangcaijun",3.87],["heppytt",3.87],["apple987",3.74],["CsyDesign",3.61],["HuangDayu",3.46],["J-Cod3r",3.32],["chenjun-1201",3.16],["junjie-tang99",3.16],["David-wu91",3],["Yangstatus",3],["forlangel",3],["dependabot[bot]",3],["Force-King",3],["HelloHaiNG",2.65],["lidaoyang",2.65],["xiaozhongliu",2.65],["lijilina",2.65],["guzhangyu",2.65],["18964198046",2.45],["markhuyong",2.45],["zhboseu",2.45],["J-TIGGER",2.45],["geekzhi",2.45],["meiliangdeng",2.45],["coolbeevip",2.45],["jguangyou",2.45],["xuxi5034241849",2.45],["Sunw730",2.45],["gclsoft",2.45],["MrLonelyJacky",2.24],["Xunzhuo",2.24],["chenqinghe",2.24],["mumuyuanbao",2.24],["gfgfggf1988",2.24],["Math312",2.24],["jf11480",2.24],["bxxfighting",2.24],["zls1099",2.24],["shenmou98",2.24],["treasureMoment",2.24],["tankliu1980",2.24],["magiclingfeng",2.24],["qihaooo",2.24],["sharkme",2],["xiaojiecapf",2],["rexlin600",2],["weiyf16",2],["zhujiebing",2],["githublifei",2],["haichao-hub",2],["xiaosuiyue",2],["johnxiaohe",2],["JerryChin",2],["chestarss",2],["pengyusong",2],["pengyonglei",2],["ltlwill",2],["lfzCarlosC",2],["chenhj520",2],["weinianta",2],["zymapp",2],["July-X",2],["fullee",2]],"2020-08":[["KomachiSion",20.78],["horizonzy",9.9],["zzq1314zll",9.17],["Maijh97",8.94],["ljhrot",7.28],["lidaoyang",6.16],["shiyiyue1102",5.92],["qm0123",5.74],["chuntaojun",5.57],["linqunhui",5.29],["syapollo",4.8],["CLAassistant",4.69],["gibck",4.47],["wangweizZZ",4.36],["zhujiebing",4],["stale[bot]",4],["gitdoit",3.87],["zongtanghu",3.74],["corey89757",3.74],["Technoboy-",3.61],["CodeDiggerSuzl",3.46],["dengjintao",3.32],["Xarrow",3.32],["yyt6200",3],["damogui",3],["MinjaMiladinovic",3],["shizhengxing",2.83],["wpt191",2.83],["HelloHaiNG",2.83],["wu603772498",2.65],["geekeritcom",2.65],["cometogo",2.65],["admin08",2.65],["yxh-china",2.65],["yunweidage",2.45],["guyanzhao11",2.45],["wxywizard",2.45],["sylow619",2.45],["CurryChou777",2.45],["KeRan213539",2.45],["AKM000",2.45],["LittleM318",2.24],["fengdanliu",2.24],["guohj2015",2.24],["285551339",2.24],["yuhuangbin",2.24],["NaiYY",2.24],["1moxue",2.24],["IcebergXTY",2.24],["gongmb",2.24],["lwq-owesome",2.24],["arjenzhou",2.24],["xiao-ma-nong",2.24],["cookier",2],["rcfeng",2],["neighbor-uncleWang",2],["xulingfeng931027",2],["paderlol",2],["Dream2Land",2],["areskts",2],["robin536180",2],["vowor",2],["Alenx58",2],["uzdz",2],["maqiang",2],["huifer",2]],"2020-09":[["KomachiSion",20.17],["horizonzy",12.61],["chuntaojun",12.53],["shiyiyue1102",7.07],["Maijh97",7],["shadowhunterhh",6.71],["stale[bot]",6],["mark4z",5.83],["JackSun-Developer",5.57],["sanxun0325",4.9],["AngryMills",4.24],["FengJinghHua",4.12],["CLAassistant",4.12],["shizhengxing",3.87],["xmf1142987374",3.74],["madongbao",3.61],["ZShUn",3.46],["hanzhen1989",3.32],["ljyhust",3.32],["joenhon",3.32],["lijiaxing3045354",3.32],["aakejiang",3],["HaojunRen",3],["caojiantong",2.83],["robinZhao",2.83],["191474639",2.65],["liwei2015cd",2.65],["lnsane",2.65],["lin-mt",2.65],["jsxiao",2.45],["spidersq",2.45],["gokjava",2.45],["pig-stdv",2.45],["liujiabaoaa",2.45],["HelloHaiNG",2.45],["ljhrot",2.45],["GTerryLiu",2.24],["iyezhou",2.24],["zxiaozhou",2.24],["KeRan213539",2.24],["wangweizZZ",2.24],["cometogo",2.24],["huie2018",2.24],["q821863269",2.24],["wu603772498",2.24],["ankeway",2.24],["yjygalb",2.24],["yanlinly",2.24],["CodeDiggerSuzl",2.24],["anryHan",2],["jackding79",2],["MeloFocus",2],["engimatic",2],["handong0123",2],["sstong123",2],["wardseptember",2],["xuyicheng1995",2],["xx888666",2],["TNZong",2],["xiaoxiangzhenyu",2],["dashuaigege",2],["victor-1330",2]],"2020-10":[["KomachiSion",18.55],["horizonzy",13.42],["chuntaojun",8.72],["stale[bot]",5.83],["KeRan213539",4.69],["xmf1142987374",4.24],["zrlw",4],["CLAassistant",4],["jzhishu",3.74],["wanghuigithub",3.61],["Yanwenjingcn",3.61],["JohnNiang",3.32],["JackSun-Developer",3.32],["w935903854",3.32],["sanxun0325",3.32],["mysunstar",3.32],["yyt6200",3.16],["HiroC222",3.16],["8bun",3.16],["Gitwangpin",3],["CuberWRG",3],["zilongTong",3],["hoswey",2.83],["xiaojun207",2.83],["yhajhl",2.83],["gsunapoleonchen",2.83],["65725738",2.65],["zbsBrave",2.65],["guozongkang",2.65],["wangweizZZ",2.65],["j-dejavu",2.45],["HelloHaiNG",2.45],["lidaoyang",2.45],["hongdongqu",2.45],["kiddingYang",2.45],["jiangxch",2.45],["waveng",2.24],["shiyiyue1102",2.24],["supermareo",2.24],["handong0123",2.24],["elysianwu",2.24],["itsmyhate",2.24],["Nnaking",2.24],["geertjanw",2.24],["lgl48128244",2.24],["ljyhust",2.24],["zhouwenqi1982",2.24],["MarkBellCN",2.24],["lsd2016",2.24],["steveoyung",2.24],["xdshent",2.24],["wangjia2016",2.24],["sunset535",2.24],["ZShUn",2],["wsj-cmm",2],["lijilina",2],["HyattJobs",2],["AngryMills",2],["stephenxe",2],["xiahuhu1",2],["FengJinghHua",2],["pangtuzhou",2],["yunweidage",2],["shidongwa",2],["xx484782479",2],["paderlol",2],["Maijh97",2],["kekekekekeshi",2],["Fengxq2014",2],["zhongqiu-jiang",2],["zhangran2616",2]],"2020-11":[["KomachiSion",19.54],["horizonzy",17.75],["chuntaojun",13.71],["Maijh97",11.92],["paderlol",9],["shizhengxing",7.21],["KeRan213539",6.78],["sanxun0325",6.4],["mark4z",5.92],["corey89757",5.48],["stale[bot]",5.39],["shiyiyue1102",5.29],["wangweizZZ",4.9],["wanghuigithub",4.47],["christophe-liwei",4.47],["woxiangwoxiangxiang",4.12],["liuhaha2020",3.87],["alonelaval",3.74],["CLAassistant",3.46],["chuailiwu",3.46],["feixia5712",3.32],["twogozi",3.16],["lltx",3.16],["lidaoyang",3],["zhujiebing",2.83],["haofei-001",2.83],["stotem",2.83],["309283175",2.83],["dangle253280",2.83],["RocsZH",2.83],["MagakiReimu",2.83],["SunJiFengPlus",2.65],["misstouch",2.65],["phpisfuture",2.45],["fangdengfu",2.45],["435915770",2.45],["DemoMoon",2.45],["langghaha",2.45],["melonhh",2.45],["andersonguo",2.45],["jsxiao",2.24],["xu-weize",2.24],["fattyca1",2.24],["muzifeng1008",2.24],["tristan-tsl",2.24],["iochenlei",2.24],["zhaolie1989",2.24],["luckywur",2],["chenshun00",2],["ymingxu",2],["CloudyAnt",2],["jiawuhia123",2],["liugh1974",2],["houyaogit",2],["langteng",2],["MarkBellCN",2],["letme55open",2],["aakejiang",2],["devOfWei",2],["LcmBlog",2],["CaoET",2],["skyice2013",2],["beyondfengyu",2],["CodeDWX",2],["np7sky",2]],"2020-12":[["KomachiSion",21.86],["horizonzy",14.9],["chuntaojun",8.43],["haoyann",7.35],["wjm0729",7],["paderlol",6.48],["Maijh97",6.48],["wangweizZZ",5.29],["shiyiyue1102",5.2],["christophe-liwei",5],["KeRan213539",4.9],["wanghuigithub",4.9],["freshgeek",4.12],["coolbeevip",4],["liangyuanpeng",3.87],["xuande",3.74],["luoos",3.61],["lexburner",3.61],["CLAassistant",3.46],["Xezeloh",3.32],["robotLJW",3.32],["pangtuzhou",3.32],["15010904599",3.16],["threedr3am",3],["neighbor-uncleWang",3],["weihai4099",3],["stale[bot]",3],["mingjliu9",2.83],["zongtanghu",2.83],["IanZqf",2.83],["cazenovef",2.83],["ljhrot",2.65],["501956430",2.65],["duanjiex",2.65],["MajorHe1",2.65],["qyhjoystick",2.45],["zhu1227",2.45],["11xiaochou",2.45],["dancer-lxp",2.45],["yangzhouNNN",2.45],["sky662626",2.45],["zhansang",2.45],["xr2117",2.45],["cch-wh",2.45],["dengxixian008",2.45],["Sakuramaomao",2.45],["TrReMix",2.45],["malversation",2.45],["wggy",2.24],["wanpeng19",2.24],["onexuan",2.24],["wszpwsren",2.24],["youhere99",2.24],["Cocowwy",2.24],["2YSP",2.24],["roadToit",2.24],["monkeyAlwaysWin",2.24],["1061691343",2.24],["bbcpan",2.24],["wrysunny1953",2.24],["474420502",2.24],["AutoTon",2.24],["lianX820",2.24],["dqxfz",2.24],["DavyLin",2],["yuegb",2],["HumorChen",2],["sanxun0325",2],["zxiaozhou",2],["zhouze-java",2],["QiAnXinCodeSafe",2],["wangdafang",2],["zwllxs",2],["mrwlei",2],["929404097",2],["dodolook8716",2],["pengzhixiang",2],["lpaz010",2],["catcherwong",2],["luotianwen",2],["Thinking80s",2],["cococo2000",2]],"2021-01":[["KomachiSion",19.03],["horizonzy",11.36],["KeRan213539",9.59],["haoyann",7.21],["shiyiyue1102",6.86],["wjm0729",4.24],["adminSxs",4.12],["onewe",4.12],["catcherwong",4],["a7217107",4],["a5618555",3.74],["feixia5712",3.74],["threedr3am",3.74],["chuntaojun",3.74],["CherishCai",3.61],["wangweizZZ",3.46],["dzh6699",3.46],["qq31715879",3.32],["ttttangzhen",3.32],["jzdayz",3.16],["zhangcly",3.16],["PizerLiu",3.16],["CLAassistant",3.16],["iwfun",3],["BillWuSQL",3],["stale[bot]",3],["jast90",2.83],["skyobin",2.83],["pig-stdv",2.83],["QiAnXinCodeSafe",2.83],["admintertar",2.65],["kangkai9432",2.65],["Maijh97",2.65],["qiupan123",2.65],["seanything",2.65],["childewuque",2.65],["sanxun0325",2.65],["zlygit",2.45],["Zheaoli",2.45],["wangdejian163",2.45],["chensp0668",2.45],["lzp0412",2.45],["Chunghwa-2018",2.45],["shalk",2.45],["xiezhongren",2.45],["Lee27149",2.45],["XiaoZiShan",2.45],["BlackBAKA",2.45],["65487123",2.24],["niejian",2.24],["zhujunjieit",2.24],["David-wu91",2.24],["xiangwanli",2.24],["yanlinly",2.24],["Xezeloh",2.24],["dyiwen",2.24],["Uetty",2.24],["Mararesliu",2],["HyattJobs",2],["yylstudy",2],["VincentCh01",2],["CaiJiHuzhuo",2],["zrlw",2],["zhilaohu32",2],["liangyuanpeng",2],["tujun126",2],["huan415",2],["hjjoe1213123",2],["chengkai666",2],["Slahser",2],["wangwenchi",2],["reminisences",2],["dandanheng",2],["txlaijava",2],["ldh7",2],["mysunstar",2],["bigfacewo",2],["k3mlol",2],["gaoxiang9457",2],["whatkind",2],["HSPCode",2],["QuantumGhost",2],["ZjieHU",2],["cdmaji",2]],"2021-02":[["KomachiSion",13.71],["haoyann",6.86],["JackSun-Developer",6.63],["shiyiyue1102",6.08],["horizonzy",4.8],["MajorHe1",4.8],["284263380",3.32],["KeRan213539",3.16],["wanghuigithub",2.83],["bravelionet",2.83],["CherishCai",2.83],["Maijh97",2.83],["souzens",2.65],["stale[bot]",2.65],["wltj920",2.65],["jiangxiaochuan",2.65],["superstarchenxin",2.65],["RobberPhex",2.45],["planwk",2.45],["xiangwanli",2.45],["Chunghwa-2018",2.45],["505831001",2.45],["saxingz",2.24],["admintertar",2.24],["Rmond",2.24],["muranjack",2.24],["pangyandong",2.24],["tudan110",2.24],["kangqing",2.24],["baiyuechu-123",2.24],["CLAassistant",2.24],["chuntaojun",2.24],["westcows00481",2.24],["HPxianliru",2.24],["18256086350",2.24],["chenquanyu",2],["iamhuzl",2],["dianxiaopao",2],["EvanLai0819",2],["wanming001",2],["wushuaiping",2],["niejian",2],["QKChen1994",2],["mysunstar",2],["xuhui54",2],["dependabot[bot]",2],["mingleLoL",2],["starfounder",2],["catalpa-tree",2]],"2021-03":[["KomachiSion",19.85],["shalk",14.53],["JackSun-Developer",9.8],["haoyann",9.75],["pixystone",8.31],["zrlw",8.12],["shiyiyue1102",6.78],["horizonzy",6.32],["li-xiao-shuang",5.66],["wanghuigithub",4.69],["jackwang-wangcb",4.58],["woshishitou",4.36],["ly3299297",4.24],["ShawnSiao",4.12],["ctlove0523",4],["CLAassistant",3.61],["libinglong",3.46],["lualeslie",3.32],["YoundGib",3],["MajorHe1",3],["warthur1214",3],["TouchZZZ",3],["wangweizZZ",3],["lzp0412",2.83],["hanzhen1989",2.83],["stale[bot]",2.83],["shenkonghui",2.83],["zhangcly",2.65],["Maijh97",2.65],["RobberPhex",2.65],["missfmaster",2.45],["isegon",2.45],["HumorChen",2.45],["FengJinghHua",2.45],["Jayice-zjw",2.45],["LeePui",2.45],["pc-xie",2.45],["zhengtu8080",2.45],["KeRan213539",2.24],["xiebin2015",2.24],["sunwenT",2.24],["sourirer",2.24],["huie2018",2.24],["EvilDrag0n",2.24],["daifang-code",2.24],["magdsnail",2.24],["imba-tjd",2.24],["liuyunlong1229",2.24],["MumfordSons",2.24],["hongye1114",2.24],["perryzheng2015",2],["feixia5712",2],["imyiren",2],["tudan110",2],["985391294",2],["hongtu1993",2],["Jamel-jun",2],["dependabot[bot]",2],["childewuque",2],["areswxin",2],["superstarchenxin",2],["zyzyzy523",2],["lxmSn",2],["JarvisPongSky",2],["otary",2],["KevinClair",2],["xiumin1993",2],["ensean",2],["niejian",2],["wxson",2],["dearMOMO",2]],"2021-04":[["KomachiSion",20],["JackSun-Developer",13.11],["brothelul",10.34],["haoyann",9.22],["xiaoheng1",7.35],["MajorHe1",7.14],["horizonzy",6.32],["cutiechi",5.92],["pig-stdv",5],["RobberPhex",4.69],["CLAassistant",4.36],["SunJiFengPlus",4.24],["CherishCai",4.12],["hegphegp",3.87],["bestpayAmes",3.87],["Jisfeng",3.61],["li-xiao-shuang",3.46],["whalecold",3.32],["xhsky",3.32],["SANDUO421",3.32],["1019822077",3.32],["plusmancn",3.32],["erioe-m",3.32],["tyhqiushen",3.16],["zxdposter",3.16],["LanceHuang",3.16],["a386572631",3.16],["waidinsamkeit",3.16],["evaxiang",3.16],["heavymetal5",3.16],["shalk",3.16],["drgnchan",3.16],["seekerrc",3.16],["pixystone",3],["KeRan213539",3],["iaoongin",3],["huhudiedie",3],["julingpu",3],["985391294",2.83],["lualeslie",2.83],["FlyingLambrog",2.83],["batizhao",2.65],["zrlw",2.65],["ShawnSiao",2.65],["crystal-lee",2.65],["Maijh97",2.65],["zqr95518",2.45],["lovemianhuatang",2.45],["zhenlanzhuang",2.45],["jinshengyong",2.45],["Fangzhongpeng",2.45],["mingrn97",2.45],["dzh6699",2.45],["leikun3163",2.45],["xiaomo-23",2.45],["stale[bot]",2.45],["AllenJol",2.45],["shiyiyue1102",2.45],["goodjava",2.45],["TyCode-Tommy",2.45],["spacewander",2.45],["kevinw66",2.24],["Langze6",2.24],["lingdu990130556",2.24],["DillonPu",2.24],["Akitata",2.24],["liyanglin",2.24],["TreasureJade",2.24],["luoxiner",2.24],["haby0",2.24],["purekeeper",2.24],["QBH-insist",2.24],["yankunsam",2.24],["whaon",2],["295black",2],["varyuan",2],["xulingfeng931027",2],["woshishitou",2],["xugcheng",2],["yangheng-git",2],["caichb",2],["rkzlym",2],["mark4z",2],["zch1993",2],["hundanLi",2],["anryHan",2],["Tearan",2],["clannon",2],["dependabot[bot]",2],["greatwave",2],["lzp0412",2],["Vangoga75",2],["PrincipessaJ",2],["yidadi",2]],"2021-05":[["KomachiSion",17.2],["brotherlu-xcq",13.64],["JackSun-Developer",10.58],["xiaoheng1",10.05],["li-xiao-shuang",8.77],["pixystone",8.54],["plusmancn",7.55],["SunJiFengPlus",7.14],["Leoking78",6.63],["tian-qingzhao",5.39],["MisterChangRay",4.8],["mask616",4.69],["FlyingLambrog",4.69],["shalk",4.58],["KeRan213539",4.58],["zcz3313",4.36],["CherishCai",4],["CoderPoet",3.87],["Maijh97",3.87],["haoyann",3.87],["CLAassistant",3.74],["anryHan",3.46],["heyangang",3.32],["zrlw",3.16],["erdengzhazha",3.16],["weissxu",3.16],["xiaoqunge",3.16],["bird-man04",3],["wytjiayou",3],["horizonzy",2.83],["evaxiang",2.83],["MrZhangisGood",2.83],["fakISPdesigner",2.83],["zhangtingshu",2.65],["liaozan",2.65],["wuwen5",2.65],["jiangguilong2000",2.65],["qzy-joe",2.65],["KYAW1256",2.65],["zyzyzy523",2.65],["MajorHe1",2.65],["shiyiyue1102",2.45],["damian-cell",2.45],["a852203465",2.45],["woshishitou",2.45],["7will10",2.45],["lilei0527",2.45],["zhenlanzhuang",2.45],["tonyfud",2.24],["wuwu955",2.24],["pptfz",2.24],["HaoLi-Rainbow",2.24],["ChunMengLu",2.24],["Xezeloh",2],["Accesohola",2],["N0mansky",2],["AArenxiaoming",2],["lzp0412",2],["cjk87927",2],["julingpu",2],["maozuoyun",2],["wmzzh117",2],["ToBeIronMan",2],["dislazy",2],["SuperMaskv",2]],"2021-06":[["KomachiSion",21.31],["realJackSun",12.85],["brotherlu-xcq",12.29],["zzq1314zll",8.94],["li-xiao-shuang",8.12],["MajorHe1",7.55],["CherishCai",6.93],["shalk",6.56],["pixystone",6.48],["caojiele",5.29],["shiyiyue1102",5.2],["xiaoheng1",4.8],["horizonzy",4.69],["westcows00481",4.58],["SunJiFengPlus",4.24],["andotorg",3.87],["Yvan0329",3.87],["MI-cool",3.74],["CLAassistant",3.74],["Moskalnazar",3.74],["Roger3581321",3.61],["sqskg",3.61],["keweiLv",3.46],["KeRan213539",3.46],["mask616",3.46],["stale[bot]",3.46],["zhongxiongzeng",3.32],["mayouzi",3],["qovd520",2.83],["videomonster",2.83],["polandeme",2.83],["zx0zx9zx1zx9",2.83],["123Sayhi",2.65],["ShameWoo",2.65],["WilliamChen-luckbob",2.65],["woshishitou",2.65],["radishT",2.65],["JackieChan007",2.45],["65487123",2.45],["fengjian1993",2.45],["zxn-git",2.45],["KYAW1256",2.45],["wytjiayou",2.45],["mentoswang",2.45],["yumin5723",2.24],["hanbing5210",2.24],["lzp0412",2.24],["wenbiao2019",2.24],["gongjiang1",2.24],["CNWangTy",2.24],["FinalVersion",2.24],["f1558",2.24],["panpengfei21",2.24],["crazyCodeMh",2.24],["hjki456789",2.24],["bdqfork",2],["gfgfggf1988",2],["water040501212",2],["zrlw",2],["Demetrius1111",2],["laxiangxiang",2],["samunbest",2],["GuoHyan",2],["changsa65",2],["WywTed",2],["tian-qingzhao",2],["bingju328",2],["feixia5712",2],["moruikang",2],["BlankOfPi",2],["nongwenze",2],["quhailong",2],["NPFDamon",2],["shmily2038",2],["lanyuange",2],["kevin518",2],["Ifdevil",2],["carl0804",2],["hunjipo",2],["beijixing1745",2]],"2021-07":[["KomachiSion",19.67],["zzq1314zll",14.49],["brotherlu-xcq",11.14],["SunJiFengPlus",7.55],["realJackSun",7.35],["xuancd25",5.57],["MajorHe1",5.48],["pixystone",5.2],["shalk",5],["mask616",4.9],["zarkzheng",4.69],["wuwen5",4.47],["mmm0171",4.24],["shiyi-ly",4],["GuoHyan",3.87],["CherishCai",3.74],["CLAassistant",3.74],["SiouWang",3.61],["Phoebus888",3.61],["xiaoheng1",3.61],["Orliucase",3.46],["WindyGao",3.46],["sundong1982",3.32],["MuJianxuan",3.32],["bnyte9",3.32],["Tanky-Zhang",3.16],["HaoLi-Rainbow",3],["onlymate918",3],["stale[bot]",2.83],["muyuto",2.83],["ding-ding666",2.83],["Roger3581321",2.83],["ManuRodgers",2.83],["henpangpang",2.83],["xigpz",2.83],["yuzhaopeng",2.65],["jeceldx",2.65],["flmelody",2.65],["kuaile-zc",2.45],["nameLeeHui",2.45],["bdqfork",2.45],["ycyxuehan",2.45],["heguanming",2.45],["li-xiao-shuang",2.45],["chenjianhao66",2.45],["hunjipo",2.45],["Wadyasafslsa",2.45],["robotLJW",2.45],["ijustyce",2.45],["vivikcat",2.45],["andotorg",2.45],["liangxianjin",2.45],["haoyann",2.24],["xaoyur",2.24],["iuv",2.24],["jasonhewg",2.24],["zhangwenliang012",2.24],["Style1002",2.24],["gotoworld",2.24],["longzhihun",2.24],["rmzf9192",2.24],["spurtAndy",2.24],["zrlw",2.24],["catcherwong",2.24],["mloine",2.24],["zlygit",2.24],["JeremyHJ",2.24],["keyRewrite",2.24],["liuzyt",2],["TuYv",2],["shy-stone",2],["lzp0412",2],["jackwang-wangcb",2],["Leon-pan",2],["wangdafang",2],["xiJuanZhongYuan",2],["anaer",2],["tian-qingzhao",2],["wangdongyun",2],["jerrychern",2],["shiyiyue1102",2]],"2021-08":[["KomachiSion",16.94],["brotherlu-xcq",12.53],["zrlw",7.75],["MajorHe1",7.07],["SunJiFengPlus",7],["zzq1314zll",6.93],["li-xiao-shuang",6.56],["pirateskipper",6.16],["realJackSun",5.92],["Holdonbei",5.57],["andotorg",5.57],["haoyann",5.39],["secbr",5.29],["Wuyunfan-BUPT",4.9],["horizonzy",4.8],["NahNick",4.69],["zarkzheng",4.69],["CLAassistant",4.12],["myifeng",4],["Roger3581321",3.46],["jiangguilong2000",3.32],["newJimmyChu",3.32],["yipixiaofeiyang",3.16],["HaoLi-Rainbow",3.16],["WindyGao",3.16],["gang0713",3],["SpecialYang",3],["sundong1982",2.83],["woshishitou",2.83],["xiaomiusa87",2.65],["panpengfei21",2.65],["tyhqiushen",2.65],["paruza89",2.65],["Simon-FG",2.65],["474420502",2.65],["kangarooking",2.65],["ingla9988",2.65],["Tom-python0121",2.65],["BlackBAKA",2.65],["kobe-2020",2.65],["gfgfggf1988",2.65],["lpaz010",2.65],["huie2018",2.65],["CherishCai",2.65],["weiyue888999",2.45],["379464828",2.45],["ch-ningyi",2.45],["Throb571",2.45],["yangbo1987",2.45],["AmyYuan555",2.45],["xianlinyi",2.24],["yxm9264",2.24],["lxc18642153381",2.24],["dingli985",2.24],["shaohaikkk",2.24],["ld000",2.24],["yanlinly",2.24],["602297770",2.24],["MBANKm",2.24],["startjava",2.24],["LBJWt",2.24],["139446702556",2.24],["VitZhou",2],["LonePheasantWarrior",2],["abood640",2],["xyohn",2],["paopaoshimeng",2],["stale[bot]",2],["wolf8334",2],["inkinworld",2],["xiebin2015",2],["Tmac007",2],["Futub67",2],["zivmc",2],["samz406",2]],"2021-09":[["KomachiSion",13.6],["Wuyunfan-BUPT",10.58],["li-xiao-shuang",9.17],["realJackSun",8.37],["brotherlu-xcq",8.31],["kevinw66",6.16],["newJimmyChu",5.57],["Holdonbei",5.2],["haoyann",4.47],["zhourong119",4.12],["yuhaowin",3.74],["westcows00481",3.46],["winer77444",3.46],["shiyiyue1102",3.46],["andotorg",3.46],["wangdongyun",3.32],["neilxxx",3.16],["ruirui9",3.16],["SpecialYang",3.16],["TFdream",3],["horizonzy",3],["zhupengfeivip",3],["joyeekk",3],["MajorHe1",3],["SunJiFengPlus",3],["siaron",3],["HTFX-Cloud",3],["1327681842",2.83],["DoctChen",2.83],["yangyang122",2.65],["shiyangyang",2.65],["Hello-Linux",2.65],["ingle-j",2.65],["catcherwong",2.65],["waidinsamkeit",2.45],["CLAassistant",2.45],["iPush",2.45],["stale[bot]",2.45],["Roger3581321",2.24],["sucaiji",2.24],["Cczzzz",2.24],["allenjol",2.24],["Kesling515",2.24],["pinxiong",2.24],["blank-1",2.24],["lmabbe-lm",2.24],["henpangpang",2.24],["tangshifeng",2.24],["ai641843909",2.24],["Shopons",2],["wushengju",2],["Chris0408",2],["bigfacewo",2],["hjc970414",2],["zjg1993",2],["wzhj2326",2],["976595496",2],["GeorgeAnson",2],["zhangle910522",2],["Jnoee",2],["malversation",2],["zxcvbnm3057",2],["piaohailin",2],["lucifer0x1",2],["bound482",2],["wangzhenxyz1",2],["Comven",2],["eddielishan",2],["Rehno1",2],["qb0221",2],["youdang123",2],["lpaz010",2],["xudan180",2],["cielswift",2]],"2021-10":[["KomachiSion",2.45],["m7adf7d",2.45],["brotherlu-xcq",2],["Yunus0731",2],["Comven",2],["Cczzzz",2],["ageovb",2],["kuaile-zc",2],["Roger3581321",2],["gdlbl",1.73],["geertjanw",1.73],["liujiling1",1.73],["complone",1.73],["AlyssaBetty",1.73],["zouyingkai",1.73],["realJackSun",1.73],["CLAassistant",1.73],["haohai2212",1.41],["Jennyfriel",1.41],["pptfz",1.41],["gaichenghao",1.41],["yu5056561661",1.41],["917390823",1.41],["klay-xin",1.41],["AArenxiaoming",1.41],["jacknotes",1.41],["JEFF23121",1.41],["xufan518",1.41],["17722626616",1.41],["Amiraliinz",1.41],["CherishCai",1.41],["cdx7779",1.41],["aliujb",1.41],["amazCode",1.41],["esky-tech",1.41],["Dedimiswar",1.41],["onewe",1.41],["admlke",1.41],["aa1155665",1.41],["MajorHe1",1.41],["marchi1986",1.41],["ypforever0719",1.41],["Lee27149",1.41],["weiweili666",1.41],["banmajio",1.41],["zml123456",1.41],["loveTtt",1.41],["Raka-Andrian",1.41],["lcosmos",1.41],["illeagalName",1.41],["jktimmer",1.41],["sunwuxiang",1.41],["samunbest",1.41],["errorconnection",1],["Mother-Ship",1],["chuntaojun",1],["zzqo",1],["hsamgle",1],["DylanTsao",1],["Trigger-cd",1],["SpecialYang",1],["moonciki",1],["yybht155",1],["sunxing-1",1],["haoyann",1],["Nicemale",1],["WilliamChen-luckbob",1],["blank-1",1],["lovebitA78",1],["fahiemkhan",1],["chengbinghan",1],["fanyanming2016",1],["leonlsp18",1],["kevinw66",1]],"2021-11":[["onewe",11.09],["MajorHe1",9.64],["KomachiSion",8.89],["li-xiao-shuang",6.93],["SpecialYang",6.78],["CherishCai",6.48],["horizonzy",4.8],["lpaz010",4.58],["siaron",4.47],["realJackSun",4.36],["kuaile-zc",4.36],["FrankChen021",3.74],["SteafanMrZhou",3.61],["ArthurMograbi",3.32],["ingla9988",3.32],["ethanlawrence",3.32],["zhaoyanwenqi",3.16],["CLAassistant",3],["WilliamShoww",2.83],["hy0619",2.83],["soulerror",2.83],["brotherlu-xcq",2.83],["LVicBlack",2.65],["onlymate918",2.45],["ShengRang",2.45],["kevinw66",2.45],["Endwas",2.45],["anryHan",2.24],["welldo2017",2.24],["550372746",2.24],["MisterChangRay",2.24],["panpengfei21",2.24],["shunfan-shao",2.24],["hsoftxl",2.24],["tanranv5",2.24],["suanyi001",2.24],["caomingjie-code",2],["Fcscanf",2],["Jefeway",2],["iJIAJIA",2],["torna-group",2],["richwxd",2],["linxiangqian",2],["samirliu",2],["sibaiabis",2],["kginglam",2],["sucaiji",2],["Keegan-y",2],["Jennyfriel",2],["602297770",2]],"2021-12":[["zrlw",9.33],["MajorHe1",9.27],["onewe",8.94],["li-xiao-shuang",8.66],["hujun-w-2",7.75],["CherishCai",6.56],["caomingjie-code",6.48],["SteafanMrZhou",5.39],["CLAassistant",5],["lpaz010",4.8],["karsonto",4.24],["guozhongkui",4.12],["dependabot[bot]",4.12],["andotorg",3.74],["wangwei-ying",3.74],["zxcvbnm3057",3.74],["Liubey",3.74],["KomachiSion",3.74],["horizonzy",3.61],["Master-Jack",3.32],["realJackSun",3],["xwszwd",2.83],["MisterChangRay",2.83],["Comven",2.83],["zzx769394358",2.65],["YunWZ",2.65],["tiger822",2.65],["Minam0",2.65],["kuaile-zc",2.65],["dislazy",2.65],["yoyo837",2.65],["catcherwong",2.45],["gang0713",2.45],["coffeeo",2.24],["jack-steven-root",2.24],["xiaowt1123",2.24],["wagnx",2.24],["onlinechild",2.24],["xiaochangbai",2.24],["wowArthas",2.24],["ArthurMograbi",2.24],["myifeng",2.24],["huie2018",2.24],["bangbang2333",2],["MCommand",2],["siaron",2],["fatetop",2],["qngl",2],["hcraderGH",2],["jerrychern",2],["dhais-rs",2],["GitTigers",2],["x-lambda",2],["bolukezz",2],["diqiutasuo123",2],["zhangchaoyanggit",2],["xiongwu1",2],["yusufarslanalp",2],["elvislou",2],["admlke",2],["kevinYuan2017",2],["vividfish",2],["bingo982426",2],["Felix200521",2],["pengten",2]],"2022-01":[["onewe",8.06],["hujun-w-2",7.75],["li-xiao-shuang",7.48],["KomachiSion",7.07],["zrlw",6.86],["CLAassistant",6.4],["MajorHe1",6.4],["realJackSun",5.83],["Belyenochi",5.57],["myifeng",4.47],["caomingjie-code",4.47],["YunWZ",4.36],["Chaos-coder",3.74],["G-Aaron",3.46],["vividfish",3.32],["lichuangjian1994",3.16],["zzx769394358",3.16],["ijustyce",3],["horizonzy",3],["dependabot[bot]",3],["stale[bot]",3],["ccoke",3],["anAtCloudfall",2.83],["LijiahaoGit",2.65],["codexinfeng",2.65],["lpaz010",2.65],["MiracleDx",2.65],["adeng-wc",2.65],["wolfyg",2.45],["ChlZhYa",2.45],["Sivyer9303",2.45],["abolfazl3",2.45],["rmzf9192",2.45],["developers-youcong",2.45],["gaoliang",2.24],["mx189",2.24],["Ellendumpa",2.24],["brotherlu-xcq",2.24],["flmelody",2.24],["kuaile-zc",2.24],["wearybird",2.24],["Liubey",2.24],["zz630",2],["zzq1314zll",2],["jinshengyong",2],["Vain-vayne",2],["wethura",2],["samuel072",2],["pengkai242",2],["shiyiyue1102",2],["sapreen555",2],["rola0411",2],["Andac3838",2]],"2022-02":[["zrlw",9.59],["hujun-w-2",9.49],["KomachiSion",7.55],["onewe",6.08],["realJackSun",6],["MajorHe1",5.29],["Chaos-coder",5],["Sivyer9303",4.36],["li-xiao-shuang",4.12],["Nailcui",4],["SpecialYang",3.74],["limejuiceOwO",3.61],["kuaile-zc",3.61],["myifeng",3.46],["YunWZ",3.46],["caomingjie-code",3.16],["wendao8469759",3.16],["tubushitu",3],["CLAassistant",3],["SteafanMrZhou",2.83],["zhu121",2.45],["Shu-001",2.45],["vividfish",2.45],["caorong",2.45],["martin-g",2.45],["Starlabtler",2.45],["zp19890228",2.45],["asimplepeople",2.24],["fyeeme",2.24],["lwx57280",2.24],["Kicey",2.24],["Roger3581321",2.24],["Naylor55",2.24],["dot-comxtremereboot77",2.24],["lualeslie",2.24],["liqipeng",2.24],["gyxbuaa",2.24],["chaixiaoxue",2],["qq670176019",2],["FengJinghHua",2],["changyoutianxia",2],["GOODBOY008",2]],"2022-03":[["KomachiSion",13.75],["Chaos-coder",8.43],["zrlw",8.25],["Maijh97",8.25],["hujun-w-2",7.68],["onewe",6.93],["li-xiao-shuang",6.63],["Oliverwqcwrw",6.4],["gaofeihang",6.08],["CLAassistant",4.69],["dach-wh",4.69],["MajorHe1",4.58],["realJackSun",4.47],["myifeng",4.47],["lmw0509",4.24],["StandardStudent",4.24],["Kicey",4.12],["liqipeng",3.87],["vividfish",3.74],["KeithTt",3.46],["ruansheng8",3.32],["GPL1",3.16],["xuzhiguang",3.16],["tubushitu",3.16],["lxlhz",3],["lingroid",3],["ye213",2.83],["DanielLiu1123",2.83],["yuuagoo",2.65],["jiangjialiang918",2.65],["karsonto",2.65],["stale[bot]",2.65],["Armankhan3",2.65],["iQuanhe",2.65],["horizonzy",2.45],["Mikecarbon",2.45],["qngl",2.45],["song-xl",2.45],["SpecialYang",2.24],["PhilosophyYuan",2.24],["CherishCai",2.24],["pixystone",2.24],["five111",2.24],["zrfan2016",2.24],["ytqiao3",2.24],["RealMuDao",2.24],["ziminghua",2.24],["zz630",2.24],["lyuangg",2.24],["yumendedao",2.24],["fzxwan",2],["hieastz",2],["1228181394",2],["rockit-ba",2],["Loser-XiaoZhi",2],["xzxing4143",2],["evolution232634",2],["zhangwenliang012",2]],"2022-04":[["KomachiSion",13.82],["onewe",12.77],["Oliverwqcwrw",8.6],["liqipeng",8.49],["stale[bot]",7.75],["chenhao26-nineteen",7.35],["CherishCai",6.78],["wangdongyun",6.63],["hujun-w-2",5.83],["li-xiao-shuang",5],["qiugongzi",4.9],["zrlw",4.58],["jefferson-chern",4.12],["gaofeihang",4],["karsonto",3.87],["MajorHe1",3.87],["bjxiaojian",3.87],["nomatterfine",3.74],["CLAassistant",3.74],["lmw0509",3.61],["whl12345",3.32],["drgnchan",3.32],["shiyiyue1102",3.32],["KeithTt",3.16],["shalk",3],["realJackSun",3],["bangbang2333",2.83],["ZhengBing520",2.83],["Layfolk-zcy",2.83],["panjhgit",2.83],["shangjunshang",2.83],["ShepherdZFJ",2.83],["tiger822",2.83],["Yungestbillionaire",2.83],["Roger3581321",2.83],["zhangpeibisha",2.83],["Master-Jack",2.83],["bnyte",2.65],["nuo010",2.65],["sandubuhan",2.65],["andyhewenhui",2.45],["wyt",2.45],["GoGOGORS",2.45],["yu5056561661",2.24],["lingyalong",2.24],["niezhiliang",2.24],["mengyingsunshi",2.24],["Deweywilliams",2.24],["forxiu",2.24],["shineabel",2.24],["Davion2017",2.24],["cocke",2],["q710245300",2],["kind1ess",2],["LG-kay",2],["cuisuqiang",2],["lun3322",2],["sinolan",2],["liang2025",2],["myifeng",2],["hanzhc",2],["GengChenMing",2],["huhu-sky",2],["jsonpang",2],["dependabot[bot]",2],["Li-n6",2],["kuaile-zc",2]],"2022-05":[["KomachiSion",16.58],["CherishCai",9.17],["onewe",8.89],["liqipeng",8.25],["Oliverwqcwrw",7.75],["david6969xin",6.86],["chenhao26-nineteen",6.16],["ZhengBing520",5.74],["bangbang2333",5.66],["codecov-commenter",5.48],["realJackSun",5.39],["li-xiao-shuang",5],["shiyiyue1102",5],["karsonto",4.69],["DemoMoon",3.61],["mroccyen",3.46],["MisterChangRay",3.32],["lyh200",3.32],["lpaz010",3.16],["Johnson-Jia",3.16],["pkaq",3.16],["liyanzu0926",3.16],["wangdongyun",3.16],["zhwaaaaaa",3.16],["yaoliu108",3],["hujun-w-2",3],["changs0115",2.83],["wanliwanli",2.83],["wonkp",2.83],["CLAassistant",2.83],["aojiaobaba",2.65],["Denielliu",2.65],["zhangpan-soft",2.65],["payephyoeaung87",2.65],["mrtr9",2.65],["sunzhonghui",2.45],["DeBruyne2020",2.45],["ChenXueSong99",2.45],["HotSince91",2.45],["lianglituan",2.45],["dependabot[bot]",2.24],["jsczrangel",2.24],["shubham-cmyk",2.24],["stale[bot]",2.24],["MajorHe1",2.24],["Roger3581321",2.24],["KeithTt",2.24],["NetRainn",2],["Orisland",2],["jasonpyf",2],["Morton-Freer",2],["whl12345",2],["zhushiyang",2],["VitZhou",2],["drgnchan",2],["zhangwang3611",2],["ding11110991",2],["luoniyanglan",2],["js20166098",2],["libra1010",2],["jefferson-chern",2]],"2022-06":[["KomachiSion",14.46],["onewe",9.49],["liqipeng",8.77],["stale[bot]",8.6],["chenhao26-nineteen",8.31],["david6969xin",5.83],["codecov-commenter",5.74],["hujun-w-2",5.66],["li-xiao-shuang",5.57],["CherishCai",5.39],["CaiJiHuzhuo",5],["Oliverwqcwrw",4.69],["ZebulonFeng",4.47],["karsonto",4.47],["MajorHe1",3.74],["CLAassistant",3.46],["wuchubuzai2018",3.32],["realJackSun",3.32],["wytjiayou",3.32],["five111",3.32],["Roger3581321",3.32],["draco1023",2.83],["ymwfish",2.83],["ZhangShenao",2.83],["zyjhellohi",2.83],["pinpindao",2.65],["MentosL",2.65],["Master-Jack",2.65],["bangbang2333",2.65],["wangshengji",2.65],["YunWZ",2.65],["Arvinzhu",2.65],["xiaochangbai",2.65],["nuo010",2.45],["shubham-cmyk",2.45],["shiyiyue1102",2.45],["mengyingsunshi",2.45],["horizonzy",2.45],["The-Gamer-01",2.45],["Jamel-jun",2.45],["JavaLionLi",2.24],["kinggm520",2.24],["drgnchan",2.24],["scienceZ",2.24],["hyw520110",2.24],["pkaq",2.24],["yydzxz",2.24],["htwdjqr",2],["LWHark",2],["dependabot[bot]",2],["chensir9811007",2],["pyongj",2],["hhfdna",2],["liudechao1",2],["Gavinluo",2],["shaoyujiang",2],["Shing20",2],["scientificCommunity",2],["jefferson-chern",2],["BrooksJoshua",2],["lianglinhuan",2]],"2022-07":[["KomachiSion",16.22],["onewe",8.54],["chenhao26-nineteen",6],["ZhangShenao",5.92],["wuchubuzai2018",5.83],["pixystone",5.57],["Oliverwqcwrw",5.48],["YunWZ",5.29],["hujun-w-2",5.2],["stale[bot]",5.1],["codecov-commenter",4.47],["jiajiangnan",4.24],["whl12345",4.12],["stone-98",4.12],["CherishCai",4.12],["yichouchou",3.74],["Yurunsoft",3.61],["li-xiao-shuang",3.61],["MajorHe1",3.46],["zz630",3.32],["yydzxz",3.32],["five111",3.16],["The-Gamer-01",3],["hh13516117509",3],["cdk8s-zelda",3],["zqq90",2.83],["liqipeng",2.83],["LiJunYi2",2.83],["zhanghan2585",2.83],["kqbi",2.83],["evin0329",2.83],["wushuaiping",2.65],["CLAassistant",2.65],["lyf712",2.65],["scienceZ",2.45],["jjluUp",2.45],["tianyu8969",2.45],["QiaoGen",2.45],["Master-Jack",2.45],["skippyb1",2.45],["17091982",2.45],["ImproveSalaryProgrammer",2.45],["1em0n9527",2.24],["lyiyl",2.24],["NingZhenPeng",2],["intfish123",2],["mingtiao13",2],["ppshinebl",2],["hepan",2],["SpecialYang",2],["tonglin96",2],["hs354355279",2],["Satyampandey637",2],["The-Plumber101",2],["doufum",2],["MaoMiMao",2]],"2022-08":[["KomachiSion",18.17],["chenhao26-nineteen",10],["onewe",8.6],["karsonto",6.56],["openonx",6.48],["hujun-w-2",5.92],["hh13516117509",5.74],["YunWZ",5.39],["lyf712",5.39],["brotherlu-xcq",5.29],["whl12345",5.1],["codecov-commenter",5],["moonciki",4.69],["stone-98",4.58],["wuchubuzai2018",4.47],["Ax-For",4.24],["li-xiao-shuang",4.12],["CLAassistant",3.74],["The-Gamer-01",3.61],["yjqg6666",3.32],["MajorHe1",3.16],["yichouchou",3.16],["mark8s",3],["HotSince91",3],["l1141806406",3],["RocketEngine26",3],["MRGUOKING",3],["jjluUp",2.83],["godhth",2.83],["Fansoubadiane",2.83],["lewis-wu",2.83],["codelearner1024",2.83],["tobeng",2.65],["wuwen5",2.65],["fejay",2.65],["heimanba",2.65],["yyuyitian",2.65],["cws1981",2.65],["li-zheng-hao",2.65],["CherishCai",2.65],["zhangjundong1992",2.65],["123liuziming",2.45],["tangyuxiaoyao",2.45],["Daydreamer-ia",2.45],["testnet0",2.45],["talentwing",2.24],["caozhiyuan",2.24],["gaoguofan",2.24],["Qutianyawangyue",2.24],["12973796",2.24],["xiaochangbai",2.24],["jefferson-chern",2.24],["aliuql",2.24],["five111",2.24],["shiherua",2.24],["LWHark",2.24],["zhu121",2.24],["renjiangyang",2],["ly9552964",2],["debugsw",2],["zhangpan-soft",2],["Cap-DP",2],["ettwz",2],["zzl14273119",2],["tianyu8969",2],["alicgq",2],["zz630",2],["lijinliang83",2],["liuzhimin1996",2],["jackmiking",2],["wxjin",2],["qq670176019",2],["huo-ran",2],["Shy-Chen",2],["daixiansuo",2]],"2022-09":[["KomachiSion",16.85],["The-Gamer-01",7.55],["stale[bot]",6.71],["stone-98",6.71],["karsonto",6.4],["Ax-For",5.83],["jjastan",5.66],["onewe",5.29],["codecov-commenter",5.29],["hoErYu",5],["realJackSun",5],["rookie-ricardo",4.8],["pixystone",4.8],["wuchubuzai2018",4.58],["hillbun",4.47],["nomatterfine",4.24],["Layfolk-zcy",4.24],["zhouchunhai",4],["chenhao26-nineteen",3.87],["brotherlu-xcq",3.46],["dependabot[bot]",3.32],["heidaodageshiwo",3.16],["lyf712",3],["five111",3],["hujun-w-2",3],["ruansheng8",3],["CLAassistant",3],["DickensTone",2.83],["Jason-Yu-RD",2.83],["cjy1731896459",2.83],["wangzz-a",2.83],["YunWZ",2.83],["ypp614925919",2.83],["lphx",2.83],["ldkkkkk",2.65],["qhyjoe",2.65],["catalpa-tree",2.65],["lizhibo0914",2.65],["MRGUOKING",2.65],["ZhongJinHacker",2.45],["MonaLisaFineHair",2.45],["rickyEI",2.45],["quan8888",2.45],["XiLuoJun",2.24],["augustazz",2.24],["xiaojiazu",2.24],["taxus1",2.24],["FightForBigData",2.24],["HappyDoyourself",2.24],["AJFMBL",2.24],["Roger3581321",2.24],["wangk-c",2.24],["sashashura",2.24],["Cocowwy",2.24],["fiuty",2.24],["Daydreamer-ia",2.24],["3721518",2.24],["goto456",2.24],["EmanuelGi",2.24],["zh-Aispaly",2.24],["SirMin",2],["CherishCai",2],["dakai6677",2],["glicine",2],["huo-ran",2],["cdc96inc54",2],["TrevorLink",2],["yanlinly",2],["chenwei0214",2],["zhangxun-lime",2],["yue1998",2],["SpecialYang",2],["wu-sheng",2],["zqr95518",2],["blackcoffeeli",2],["deephon",2],["HHoflittlefish777",2],["Oliverwqcwrw",2]],"2022-10":[["KomachiSion",17.46],["karsonto",7.07],["wuchubuzai2018",6.32],["godhth",6.32],["chenhao26-nineteen",6],["codecov-commenter",5.83],["RapperCL",5.39],["shiyiyue1102",4.8],["li-xiao-shuang",4.69],["hujun-w-2",4.36],["Daydreamer-ia",4.24],["CLAassistant",4],["YunWZ",3.87],["The-Gamer-01",3.87],["ijustyce",3.74],["RocketEngine26",3.74],["Roger3581321",3.61],["dingzx3",3.61],["SpecialYang",3.46],["CherishCai",3.46],["lyf712",3.16],["caqhy",3],["SirMin",3],["zhouchunhai",3],["David-wu91",2.83],["onewe",2.83],["liuchen6",2.83],["john1337",2.83],["stale[bot]",2.83],["RuicyWu",2.83],["pixystone",2.65],["dependabot[bot]",2.65],["zzl14273119",2.65],["BoyuLi4",2.65],["wxjin",2.65],["yann9",2.65],["wh88725",2.65],["Linuxxia",2.45],["dennissky",2.45],["JavaLionLi",2.45],["yimao",2.45],["UnderwearDark",2.45],["ruansheng8",2.45],["503612012",2.45],["presenth7s",2.24],["Maksim-lk",2.24],["Sphairis",2.24],["realJackSun",2.24],["zgqq",2.24],["22GNUs",2.24],["kunl",2.24],["liulei08",2.24],["MajorHe1",2.24],["zyy1161623489",2.24],["liwei-2000",2],["suliujie",2],["807801002",2],["qxo",2],["alexhaoxuan",2],["dangcom123",2],["qian-hj",2],["roebuck99",2],["JackTianZhao",2]],"2022-11":[["li-xiao-shuang",13.56],["KomachiSion",13.19],["godhth",7],["codecov-commenter",6.56],["HACKED-need-HELP",6.32],["The-Gamer-01",6],["wuchubuzai2018",6],["YunWZ",5.39],["karsonto",5.1],["onewe",4.58],["985492783",4.24],["hujun-w-2",4.12],["CLAassistant",4.12],["zz630",3.87],["David-wu91",3.74],["RapperCL",3.46],["jiangjunliu",3.16],["CherishCai",3.16],["zume0127",3.16],["l12i7n19",3.16],["shihui-tang",3.16],["dennissky",3.16],["Salhazry",3],["bmk15897",3],["realJackSun",3],["Layfolk-zcy",3],["drgnchan",2.83],["kirklin",2.83],["npk191954",2.65],["ZhongJinHacker",2.65],["zhantiao",2.65],["chengyj1986xxx",2.65],["zfpromise",2.45],["MangerLe",2.45],["Rigavinil201",2.45],["nonpool",2.45],["Maksim-lk",2.45],["atzq1234",2.45],["shiyiyue1102",2.24],["zyy1161623489",2.24],["RongXiong2016",2.24],["brotherlu-xcq",2.24],["mltneal",2.24],["dahai9594",2.24],["dependabot[bot]",2.24],["dc-orz",2.24],["liuxiong21",2.24],["tonglin96",2.24],["ruansheng8",2.24],["dpc-graduate",2],["zhonghuafy",2],["kunl",2],["vividfish",2],["xiongwu1",2],["shixinyu",2],["wzwk",2],["LiMengSir",2],["yjyq61",2],["crytoskyx",2],["zhangdp",2],["ljz572000",2],["stale[bot]",2]],"2022-12":[["KomachiSion",11.09],["985492783",5.66],["codecov-commenter",4.69],["YunWZ",4.47],["chenhao26-nineteen",4.24],["li-xiao-shuang",4.24],["shiyiyue1102",3.87],["twelvet-s",3.74],["karsonto",3.74],["xzxiaoshan",3.61],["Daydreamer-ia",3.61],["lwx57280",3.46],["zz630",3.16],["InGramViking",3.16],["CLAassistant",3],["a1156698162",3],["drgnchan",2.83],["npk191954",2.83],["vividfish",2.83],["cavellpotter",2.65],["dependabot[bot]",2.65],["keep-learning-hub",2.65],["paderlol",2.45],["shining-stars-lk",2.45],["cloorc",2.45],["hillbun",2.24],["XW512",2.24],["SpecialYang",2.24],["sixsixsix516",2.24],["q6527127",2.24],["wenbin-usr",2.24],["justinlau0118",2.24],["MangerLe",2.24],["blurmemo",2.24],["winer632",2.24],["xuechaos",2.24],["km11221122",2.24],["jkxbest",2.24],["qiguisen",2.24],["DaiYuanchuan",2],["licheng1013",2],["pigping88",2],["yoga-hc",2],["yinweiliaojie08",2],["shouldsee",2],["MoyaiTing",2],["wenxuan70",2],["yfgcq",2],["qumj123",2],["ilbcj",2],["mayl0415",2],["bingyang001",2],["bad-pear",2]],"2023-01":[["KomachiSion",13.53],["YunWZ",8],["xzxiaoshan",6.4],["karsonto",5.57],["sixsixsix516",4.24],["xingdong015",4.12],["The-Gamer-01",3.87],["redscarfz",3.32],["Vain-vayne",3.32],["codecov-commenter",3.16],["CLAassistant",3.16],["wilsonwu",3.16],["MajorHe1",3.16],["hujun-w-2",3],["Aeizzz",2.83],["AlbumenJ",2.65],["zhaoxinhu",2.65],["mygithubzh123",2.45],["githubcheng2978",2.45],["feixia5712",2.45],["GOODBOY008",2.45],["liu-xg",2.45],["zgqq",2.24],["Korov",2.24],["ForLina",2.24],["qq303579750",2.24],["huayangchan",2.24],["lyf712",2.24],["frankywen",2.24],["PRANRAVEE",2.24],["JRU1",2],["tian-qingzhao",2],["keep-learning-hub",2],["InGramViking",2],["pengkang1991",2],["rola0411",2],["YeJiaL",2],["985492783",2]],"2023-02":[["KomachiSion",15.1],["YunWZ",8.06],["shiyiyue1102",6.63],["MajorHe1",5.39],["wangliang181230",5],["ZhangShenao",4.9],["codecov-commenter",4.69],["guozongkang",4.47],["PRANRAVEE",4.36],["githubcheng2978",4.24],["karsonto",4.24],["IJiaPu",4.12],["huayangchan",3.46],["gaspire",3.32],["hujun-w-2",3.32],["4yDX3906",3.32],["Daydreamer-ia",3.32],["chenhao26-nineteen",3.16],["ruansheng8",3.16],["tonycody",3.16],["CLAassistant",3.16],["isgbuddy",3],["The-Gamer-01",2.83],["CherishCai",2.83],["JaneYork",2.83],["ijustyce",2.83],["985492783",2.65],["tianhanjun",2.65],["lpaz010",2.65],["onewe",2.45],["xzqqqcom",2.45],["duhongx",2.45],["Jedore",2.45],["godhth",2.45],["dongduang",2.24],["onexuan",2.24],["Rigavinil201",2.24],["zt9788",2.24],["frank-zsy",2.24],["chenws1012",2.24],["xuziyang",2.24],["vividfish",2.24],["FengJinghHua",2.24],["15637942788",2.24],["wenerme",2],["andyge2014",2],["luopan1990911",2],["qnnn",2],["liu-xg",2],["lchpersonal",2],["JCXTB",2],["XiaoPenPen",2],["goooool",2]],"2023-03":[["KomachiSion",20.45],["Daydreamer-ia",7.35],["wangliang181230",6.16],["YunWZ",6.16],["wilsonwu",5.74],["shiyiyue1102",5.66],["yuyijq",5.57],["codecov-commenter",5.48],["985492783",5.29],["varyuan",5.1],["githubcheng2978",4.8],["onewe",4.24],["LLLWD",4.12],["karsonto",4],["CLAassistant",3.74],["BigBigFeiFei",3.46],["ghairui",3.32],["MI-cool",3.32],["guozongkang",3.32],["309283175",3.16],["vividfish",3.16],["Kiddo-scf",3.16],["MentosL",3.16],["gaoxuliang",3.16],["coder-xiaomo",3],["Accelerator96",3],["InsaneLighter",2.83],["zonghay",2.83],["dspo",2.83],["LeePui",2.83],["lovlyhao",2.65],["luankun88",2.65],["MajorHe1",2.65],["lijianxc",2.65],["pixystone",2.65],["dinobot71",2.65],["caixiaomao",2.65],["cavellpotter",2.65],["SonicBrother",2.65],["qinghuozhang",2.65],["secret1base",2.65],["CherishCai",2.45],["chenglutao",2.45],["RoyWong0220",2.45],["ArdenCHan",2.45],["LiamLea",2.24],["sniper-xx",2.24],["3139487747",2.24],["paderlol",2.24],["silent-night-no-trace",2.24],["n1x0l4s",2.24],["mroldx",2.24],["jxplus",2.24],["Lin-1997",2.24],["wuai1024",2.24],["xl-0909",2.24],["yuluo-yx",2.24],["KANLON",2.24],["David-wu91",2.24],["zhaoxuguang",2.24],["tzsc",2],["yugezuishuai",2],["MingYangT",2],["wenerme",2],["yuhaowin",2],["sixsixsix516",2],["pupupupu1",2],["podigua",2],["bigdou666",2],["karl-chanel",2],["youngcle",2],["amendgit",2],["hudingwen",2],["WhoisX",2]]}