{"2018-07":[["snifferhu",2],["wzh154710510",2],["qingdengyue",3],["pguo65535",2],["nkorange",2],["greatqn",2],["wei7202839",3],["jasonsuzhou",4],["Lancelothe",2],["HuangSheng",2],["whanice",2],["xuechaos",3],["zhuam",2],["511098425",2],["eacdy",2],["CLAassistant",2],["irusist",2],["zhaolizhi",2]],"2018-08":[["hxy1991",3],["nkorange",3],["jasonsuzhou",2],["wei7202839",3],["szihai",2],["lizPan",2],["yanlinly",2],["Viyond",2],["johnnywww",2],["pguo65535",2],["qingyun-wyx",2],["crystonesc",3],["CLAassistant",2],["xiaostatr977",2],["javartisan",3],["xuechaos",2]],"2018-09":[["pguo65535",4],["HaojunRen",4],["ITonyLi",3],["hxy1991",4],["hadoop835",3],["mercyblitz",4],["nkorange",5],["loadchange",3],["CLAassistant",4],["wyp12",4],["yanlinly",5],["yanj0609",3],["xuechaos",5]],"2018-10":[["yfh0918",4],["CLAassistant",5],["0xflotus",3],["mingyixu",3],["h3l",3],["mercyblitz",7],["FrankBian",3],["aCoder2013",3],["RojerAlone",3],["wyp12",3],["TsingLiang",3],["pguo65535",5],["nanamikon",4],["xuechaos",3],["paderlol",3],["UfukOzcelik",3],["hxy1991",5],["yangyshdan",3],["jameslcj",3],["nkorange",7],["yanlinly",7]],"2018-11":[["yfh0918",4],["gumutianqi",4],["janzhou123",3],["wfnuser",5],["yangyshdan",5],["loadchange",7],["nkorange",10],["Jnoee",4],["changhe626",3],["jameslcj",7],["FrankBian",3],["yanlinly",6],["hxy1991",9],["nanamikon",5],["xuechaos",5],["liaozan",3],["haochencheng",3],["paderlol",3],["pguo65535",7],["ethonchen",4],["zzzxdm",3],["CLAassistant",5]],"2018-12":[["nanamikon",3],["Loveugirl",4],["jameslcj",7],["universefeeler",3],["chenlushun",4],["TsingLiang",5],["yiming33",3],["yanlinly",4],["haochencheng",3],["mingyixu",3],["kukukakiki",3],["zzzxdm",3],["WengJim",3],["Shiyajian",3],["jovenwang",3],["tjych",3],["wfnuser",4],["nkorange",10],["loadchange",8],["hxy1991",8],["xuechaos",5],["huangcanhui2018",3],["foamfish",4],["paderlol",3],["yyt701",3],["IronCity",3],["CLAassistant",4],["pguo65535",3],["ethonchen",3],["AliGHRobot",5],["lostcharlie",3],["gqxie",4],["liangyuanpeng",3],["anjia0532",5]],"2019-01":[["fufenghua",2],["yakecanlee",2],["yfh0918",2],["peggypig",4],["helpless1",2],["ruyunkun",2],["flystar32",2],["fangjian0423",2],["glores222",4],["Kaworus",2],["wy82623",2],["zlt2000",3],["naturalyui",2],["xuechaos",6],["bilaisheng",2],["Battleloop",2],["liyueforever",4],["CLAassistant",5],["yanglin2000168",2],["yanlinly",5],["jay763190097",2],["kidd0555",2],["ankeway",5],["minm2015",2],["stalary",3],["mostcool",2],["martixZero",3],["kexianjun",2],["bommel69",2],["qracle",2],["scxwhite",2],["YeautyYE",2],["hxy1991",6],["zcs20082015",2],["lostcharlie",2],["nkorange",11],["loadchange",8],["elvisL",2],["dalaoyang",2],["xiaoyaojc",3],["xiaohuziaps",2],["paderlol",5],["starlifht",2],["makeaaron",2],["chris35l",2],["nanamikon",4],["llwoll",2],["wzlee",2],["somsakpengtham",2],["eacdy",3],["zl4881663",2],["690284557",3],["wuxiaobo000111",2],["UUvUU",3],["FrankBian",3],["Dhweicheng",2],["CarpenterLee",2],["AliGHRobot",8],["universefeeler",2],["javartisan",2],["startlu",3],["wfnuser",5],["vicykie",2],["lqclester",2],["Frankzhaopku",2],["dengyao",2],["Loveugirl",4],["18980808191",3],["fudali113",4],["jameslcj",3],["huangyunbin",3],["wuyoushan",4],["fengkuangdefc",2],["thousmile",2],["mingyixu",3],["nacos-bot",7],["XCXCXCXCX",5],["qwe1076293486",2],["dyc87112",2],["misselvexu",2],["MaxBill",2],["YoReay",2],["shikonglaike",2],["tanoak10",2],["jxljf",2],["TsingLiang",5],["jsen-joker",3]],"2019-02":[["YangDiA",2],["stalary",2],["3EDCKenneth",3],["shangkun",2],["CLAassistant",3],["18980808191",2],["xuechaos",7],["longlylong",2],["hadoop835",2],["SnailDHC",2],["jifengnan",3],["SessionBest",2],["tm2018",2],["lookingdata",2],["pbting",5],["xiaostart977",2],["nkorange",9],["loadchange",3],["aworker",2],["jacky1193610322",2],["liaozan",3],["kaybinwong",2],["guowang1102",2],["systp",3],["hengboy",4],["pengcgithub",2],["paderlol",6],["MinGRn",2],["hanhuhe321321",2],["slievrly",3],["ncepuwanghui",2],["vonzou",2],["AaronChen2012",2],["morisenmen",2],["zsjzero",2],["maojx0630",3],["EmineWang",2],["eacdy",2],["DemonJun",2],["likino",2],["15150762026",3],["13539956066",2],["xuande",2],["huangyunbin",5],["chandlerFan",2],["litttlefisher",2],["mr253727942",2],["TsingLiang",4],["darkness463",3],["little-eight-china",2],["chenxushao",2],["402517174",2],["nacos-bot",7],["hxy1991",6],["nickzxing",3],["luoxn28",3],["POWERzhangdi",2],["nanamikon",4],["Carl-Xiao",2]],"2019-03":[["xuande",2],["shinji3887",2],["yfh0918",3],["naturalyui",2],["seas521",2],["XCXCXCXCX",2],["TenYearsIn",3],["IcebergXTY",3],["d22shen",2],["dreamcoder",2],["xingrufeng073",2],["fangjianmin",2],["Tairr",2],["yd0906",2],["liuyadu",2],["vikenlove",2],["itrickzhang",2],["fanchangjifen",2],["ChaselCho",2],["Logicf",2],["shuimugan",2],["liunancun",2],["leshalv",2],["D-PENG",2],["leetomlee123",3],["TsingLiang",5],["icc99",2],["nkorange",11],["loadchange",6],["wyp12",2],["nanamikon",2],["paderlol",5],["rothschil",2],["mybug99",6],["ihaiker",2],["quicksandznzn",2],["kinserlin",2],["GreatGarlic",2],["myishuohuo",3],["crazy-91Q",2],["xiaochanglaoshi",2],["sundong1982",2],["riyueshiwang",2],["yanglifan",2],["Fyuxuan",2],["jifengnan",3],["jameslcj",4],["copyshop",2],["shangkun",2],["savvyray",2],["zhx19940113",2],["caojiele",2],["xiaolongzuo",2],["autumn11",2],["yyc-dev",2],["Fish-Potato",2],["umi-soft",2],["yufeng629",2],["codewaltz1994",2],["yyt701",2],["peachyy",3],["luohaoGit",3],["1159855943",2],["pbting",5],["yanlinly",3],["xuechaos",4],["mcgwinds",2],["hxy1991",6],["fluffywar",3],["slmouse",2],["tietang",2],["XoXOoOToT",2],["rhce123",3],["coder-youme",2],["ankeway",2],["HashTableHu",2],["zzps",3],["qintianjie",2],["suncunhu",2],["MicyToy",2],["zhaoche27",2],["nacos-bot",8],["tao1991123",2],["17701057157",2],["91wangmeng",2],["longlylong",2],["zhuyuehui",3],["DerekHQ",2],["gumutianqi",2],["Comven",2],["maojx0630",3],["JavaArthur",3],["square-box",2],["zorkelvll",2],["neatlife",2],["RemixJason",2],["zhengjf1988",2],["flystar32",2],["CLAassistant",3]],"2019-04":[["GreyZeng",2],["giraffe8",2],["rushsky518",6],["peachyy",3],["seapeak007",2],["ralf0131",2],["vikingbread",2],["nunuqq1",3],["gaofeicm",2],["duweixing",2],["zhou-hao",2],["leeweikung",2],["ChunMengLu",2],["nacos-bot",9],["sofior",4],["1346735074",3],["helei810304",2],["luymiki",2],["CjqDy",2],["gavinChen123",2],["Python-IBM",3],["qxo",3],["weiluoliang",3],["pengzhizhuo",2],["wu-sheng",2],["porkie2016",2],["pbting",4],["yanlinly",4],["mercyblitz",2],["chuntaojun",4],["seas521",2],["gavinfuu",2],["wo8335224",2],["nanamikon",3],["TTTTTAAAAAKKKKEEEENNNN",2],["qq1311256696",3],["hxy1991",5],["77321660",2],["libinwalan",2],["winter-git",3],["mylove13289",2],["zengjianfei",2],["bearwind",3],["wshzp09876",2],["jiangminbing",3],["nosqlcoco",2],["paulzhangcc",5],["kukukikits",2],["zsywangyi",2],["HuangDayu",3],["CarsonLuo",2],["pengls",2],["brucelpt",2],["Braavos96",2],["yyc-dev",2],["jifengnan",5],["finefuture",2],["mrhuo",2],["winnyboy",3],["wangjihong-china",2],["STRRL",2],["AaronChen2012",2],["niget",3],["w983798109",2],["xuyixun21",2],["Tairr",2],["loadchange",3],["nkorange",18],["codewaltz1994",4],["Nicholas2015",2],["XCXCXCXCX",5],["Fanzaijun",3],["imxiongying",2],["antz-H",2],["xiaozi0513",2],["Yogurt-lei",2],["xingcun",3],["mybug99",2],["fangjian0423",2],["Albert-Hugo",7],["jmu",2],["paderlol",4],["ets2015",2],["lynk-coder",3],["yfh0918",2],["legiorange",2],["AllenJol",2],["Summerslyb",4],["luohaoGit",2],["taifenglan",2],["gibsonx",2],["promise06",2],["abcnny",2],["DarryPy",2],["dreamcoder",2],["Raremaa",2],["mostcool",2],["LuanLouis",3],["neatlife",2],["RemixJason",2],["xuechaos",3],["CLAassistant",5],["jameslcj",3],["stanvl",2],["gaoyulin",2],["YeautyYE",2],["huangyunbin",2],["zhaoche27",2],["wenfer",3],["wenqi0501",2],["sanlion",2],["dongfangshangren",2]],"2019-05":[["chuntaojun",6],["Nicholas2015",4],["yongchao9",3],["CLAassistant",5],["OhIAmFine",2],["loadchange",3],["nkorange",14],["kexianjun",2],["pussyboots",2],["lhzhou180606",2],["ralf0131",2],["mouseDH",2],["MagakiReimu",3],["jifengnan",4],["KeRan213539",5],["k4124k",2],["qingyu31",2],["xinchungitHub",3],["guoliang3",2],["csfrez",2],["jqncc",2],["neatlife",3],["lovewuqiang",2],["luoxn28",2],["fengjianjun1",2],["datavisorshuwenwu",2],["17396900506",2],["Braavos96",2],["jameslcj",3],["TTTTTAAAAAKKKKEEEENNNN",2],["duwei54",3],["wuShanYunYu0612",2],["kkrgwbj",2],["wangzeyan999",2],["hxy1991",2],["bayernjava",2],["antz-H",3],["2417796669",2],["wo8335224",2],["rushsky518",5],["fudali113",3],["lw5946",2],["hellomaybe",2],["dannylincn",2],["rexlin600",2],["liucyu",2],["imkiven",4],["anpu2018",2],["wfnuser",2],["zxywd",3],["dupengcheng",3],["Sxxjava",2],["jackorjack",2],["paderlol",3],["nsecn",2],["zwdgit",2],["hhfdna",2],["Tairr",2],["chineseboytom",2],["yihukurama",2],["mybug99",2],["Chosir",2],["robinwangrubin",2],["Moriadry",3],["love-somnus",2],["April-Yao",2],["gstripe",2],["pengzai170",2],["greatle",3],["SoyMeng",2],["litian33",2],["nacos-bot",9],["haochencheng",3],["cens7",2],["universefeeler",2],["mingyixu",3],["ouyangzhiming",5],["ylh23y",2],["justlive1",3],["IanCao",3],["leavegee",2],["shaohuanan",2],["mrjiangyan",2],["dolcevitaforever",3],["XCXCXCXCX",2],["icc99",2],["hyw520110",3],["sheiy",3],["1346735074",3],["wu-sheng",2],["wenfer",2],["taichen",2],["CjqDy",3],["ljh205sy",2],["ddatsh",3],["zhmeng",2],["caojianqiang1984",2],["MrQiaoLei",2],["chenlistanley",2],["zqrock",2],["jujusharp",2],["fangjian0423",2],["nimil",2],["LoveMyPyj",3],["pbting",3],["stanvl",2],["zushilong003",3]],"2019-06":[["zyftc0",2],["lanpay-lulu",2],["dupengcheng",2],["greatle",3],["universefeeler",2],["RongXiong2016",2],["HaojunRen",4],["paderlol",8],["511098425",2],["wmj765",3],["rushsky518",4],["5000yearsago",2],["1346735074",5],["syzpig",2],["Nicholas2015",5],["naturezhm",3],["mgw1986",3],["jinshubao",2],["KAMIJYOUDOUMA",2],["goodboylyl",2],["ylh23y",3],["shook2012",3],["fuyuanwu",2],["lexburner",2],["sqskg",2],["JonSmall",2],["hyygavin1990",3],["tianyichenlian",3],["junhanqiao",2],["ccb19880811",2],["kathetina",2],["IanCao",10],["XXMY",2],["Invincibled",2],["marcus-si",2],["GreyZeng",3],["LoveMyPyj",2],["Luckylau",2],["slievrly",5],["yongchao9",2],["hmapleleaf",2],["lanpang",2],["stalary",2],["gxf212",2],["enguangzhang",3],["vidytu",2],["edjoey",2],["chuntaojun",8],["lywlefan",2],["celeskyking",2],["zjblovewl",2],["rottenmu",3],["glameyzhou",3],["wolfdriver",3],["CLAassistant",2],["wangkebin1990",2],["LegendaryFlutist",2],["iHelin",3],["eacdy",4],["AllenJol",2],["fangkk0168",3],["cvictory",2],["Comven",2],["pbting",2],["liufangpu",2],["nacos-bot",9],["zhaoyuguang",5],["408043749",2],["seishuchen",2],["dgsaigit",2],["liupengpop",2],["kezhenxu94",4],["allanxu1310",2],["brucelpt",2],["jameslcj",2],["kexianjun",2],["joewee",2],["BeastMouth",2],["JevonYang",3],["ACXNX",2],["KeRan213539",2],["kurohayan",3],["Dhweicheng",2],["zhouwenqi",2],["zhuangzhuangjtv",2],["geffzhang",2],["MagakiReimu",2],["icc99",2],["luyunfeng",2],["lza1997",3],["nkorange",17],["loadchange",4],["ralf0131",2],["quanquan1996",2],["jjlu521016",2],["chenshun00",3],["yenaikafei",2]],"2019-07":[["sky5454",2],["chuntaojun",9],["XCXCXCXCX",2],["kinun0623",2],["hikaru2025",2],["jic138168",2],["weinianta",2],["klaus-pd",2],["wangyingwei001",3],["liulipengju",2],["levin950825",2],["jack-zdl",2],["caixiaoqiang",2],["mhp0rtal",2],["ghost0224",2],["Nuoka",2],["bjchenshuijun",2],["lzp0412",2],["onethin",2],["Luckylau",2],["leshalv",2],["libinwalan",2],["xugejunllt",2],["MagakiReimu",3],["cttftu",2],["szd1993",2],["TsingLiang",2],["xingkong6648",2],["15629116378",2],["liqing201104",2],["gamestarxie",2],["nkorange",12],["loadchange",8],["junjun888",2],["nanamikon",3],["paderlol",2],["chenxiaoqing-cxq",2],["whatsea",2],["GreyZeng",2],["IanCao",5],["catcherwong",2],["zhengweiye",2],["zcoNick",2],["adrklang",2],["aDan0720",2],["ly641921791",4],["lion000",3],["daishenghao",3],["haochencheng",2],["DPnice",2],["zhaoyuguang",7],["Razor0719",2],["winnyboy",3],["kaybinwong",2],["xuxiao1987",2],["jifengnan",2],["502110983",2],["Aknifejackzhmolong",2],["soca2013",2],["hunts-work",2],["jasoncw",2],["lijiajia3515",2],["AllenJol",3],["zhanjiejun",2],["eacdy",2],["error0702",2],["caojiele",3],["BeastMouth",2],["chenheng2016",2],["jimgreat",2],["Liqingnan",2],["slievrly",2],["RickJou",2],["hyw520110",2],["pierre94",2],["xuzhiguang",2],["jayzch",2],["wfnuser",2],["hw-loading",2],["afghanistanyn",2],["pengzai170",2],["warlockhades",2],["gclsoft",2],["rushsky518",4],["fayechenlong",2],["anpu2018",5],["qmdx",2],["liyueforever",3],["KeRan213539",6],["pbting",5],["2417796669",3],["OneJane",2],["Li-JH",3],["Braavos96",2],["TomCcYuan",2],["andysofan",2],["xiaok0928",3],["liuxiaokun",2],["tswstarplanet",2],["mysad",2],["aikin",3],["roadog",2],["xianlaioy",3],["DJ-009",2],["nacos-bot",9],["Maijh97",2],["jiajiayang",2],["maxid",2],["jianghexing",2],["tiandihai",4],["WywTed",2],["hong-huang",2],["kong6570",2],["Comven",3],["RojerAlone",2],["sunyukun8888",2],["YSS-1987",2],["jiaoyilun",3],["cel105302",2],["rogerlmj123",2],["breakenknife",2],["CLAassistant",3]],"2019-08":[["wf2311",2],["leizhen",2],["wangyingwei001",3],["weinianta",2],["xiaobailalala",2],["pigxcloud",2],["zslsc18",2],["HollisGW",4],["johnlilijuns",2],["CLAassistant",4],["lishq",3],["wolfdriver",2],["johndudo",2],["LiWenGu",2],["663534597",2],["eacdy",3],["shosky",2],["czbabl",2],["morece",2],["liyujun",2],["anpu2018",2],["satjd",2],["tiandihai",2],["blackbk",2],["xiaohanfeidao",2],["rushsky518",3],["RekaDowney",2],["ElanZh",3],["longmingfeng",2],["pbting",3],["woxinqidai",2],["shirenchuang",4],["iyezhou",2],["sunyukun8888",2],["zhangsongyang",2],["jic138168",2],["evancyz",3],["maomaomo1990",2],["leoxu1719",2],["jackzhangyk",2],["Patrick0308",3],["zhuyeqing5828",2],["xfuzq707",2],["nkorange",8],["loadchange",3],["ThomasPerkins1123",2],["finalcola",2],["KeRan213539",6],["binaryWorld",2],["complone",3],["SaY983763",2],["zhuyouzhufu",2],["ljynfo",3],["wfnuser",2],["glameyzhou",2],["zkzlx",2],["xiaok0928",4],["fanchangjifen",2],["TTTTTAAAAAKKKKEEEENNNN",2],["ZShUn",2],["a421134331",2],["stockwyz",2],["Dearker",2],["xingguangsixian",2],["paderlol",4],["kigkrazy",2],["Nicqiang",2],["tank520",2],["monkeyAlwaysWin",2],["saintdream",2],["zer0se7en",2],["horsen689",3],["wei7202839",2],["freekry",3],["jaryur",2],["QiAnXinCodeSafe",2],["xkcoding",3],["enguangzhang",2],["hyj1986",2],["lixin1639790",2],["codeimport",2],["kakadong1234",2],["yuguhan",2],["haopangxu",2],["hellotoworld",2],["ylh23y",4],["caojiele",2],["spawpaw",3],["jsen-joker",2],["sohu234",3],["Deathef",2],["zb503758762",3],["chenshao0594",2],["zzhgithub",2],["EZLippi",4],["brandonfan1985",2],["oliver831220",2],["GavinHwa",2],["fullee",2],["daixgsh",2],["itfinally",2],["jkai1217",2],["nanamikon",2],["lvgitt",3],["chuntaojun",9],["shaojielinux",4],["nacos-bot",10],["foreveri7",2],["Maijh97",2],["ycachencheng",3],["Chinaxiang",3],["seaoverall",2],["Qsimple",2],["Python-IBM",2],["greatle",3],["M-make",2],["MCJIBA",3],["beldon",3],["liuliwei924",2],["ly641921791",6],["dodo4",2],["leiiiihuang",2],["zhaoyuguang",6],["junjun888",2]],"2019-09":[["universefeeler",7],["stockwyz",2],["accpliuchen",2],["KeRan213539",2],["mostcool",3],["zhuyouzhufu",2],["yuzhuyang1998",2],["wo8335224",2],["181079342",2],["czbabl",3],["sierpys",2],["chuntaojun",8],["little3201",2],["LiujunjieALiling",2],["monkeyAlwaysWin",2],["CLAassistant",3],["itfinally",2],["yysfish",2],["q8961152",2],["suxg001",2],["xlb",2],["bpzhang",2],["saga-zhu",2],["luohaoGit",2],["zhubinjqjy",2],["neters",2],["finalcola",2],["pengweiqhca",2],["rushsky518",3],["HollisGW",3],["zhaokejin",2],["hjnjmjkj",2],["nacos-bot",8],["AaronFSJ",2],["mabingqian",2],["nkorange",11],["loadchange",3],["mail6562",2],["meteorice",2],["ThomasPerkins1123",2],["Laven7",2],["yuchaozhou",2],["xkcoding",3],["ordercard",2],["zodiake",2],["VolcanoOves",4],["martinwangjb",2],["wenminglei",2],["pbting",2],["beldon",2],["shirenchuang",2],["ysli-1",2],["Bin-Peng",2],["wmj765",2],["dxkkb24",2],["guoliang3",3],["SYSNPE",2],["darkness463",2],["brucelwl",3],["Dhweicheng",2],["Ronaltn",2],["imgoby",2],["JayWenChao",2],["ly641921791",4],["Braavos96",2],["stackisok",5],["dongfangshangren",2],["Python-IBM",3],["jaybrilgrace",2],["xianlaioy",3],["ylh23y",2],["chenxing0755",2],["freekry",2],["paderlol",2],["H-hao",2],["huohuanhuan",2],["beijixiongzzj",2],["lkj7b226",2],["houhuacheng",2],["sundong1982",2],["bix29",2],["greatle",3],["romantictravel",2],["goudai",2],["cyj862198490",2],["tfbabi",2],["qjws",2],["EZLippi",4],["zxcvbnmzsedr",2],["modouer",2],["slieer",2],["lcg72",3],["3EDCKenneth",2],["YoungL-SC",2]],"2019-10":[["377796216",2],["39954693",2],["zhiguo-yang",2],["njuse11wu",2],["satjd",4],["jasonhui512",2],["maoweifan",2],["pbting",2],["chuntaojun",5],["xilipilige",4],["SwpuEsine",2],["evancyz",2],["purgeyao",2],["767248371",2],["bg1011",2],["Laggar",2],["3EDCKenneth",2],["EZLippi",2],["Python-IBM",3],["yuchaozhou",2],["shuangxi588",2],["jonahzheng",2],["taohaox",2],["beldon",2],["wujw2017",2],["key1012",2],["Fyee",2],["LoverAndrew",2],["TomYule",2],["forfuns",2],["stackisok",2],["git10135405",2],["CLAassistant",4],["liud5120",2],["yangxueyong",2],["ggzggzggz",2],["zhangandyhui",2],["michaelmao999",4],["sheiy",3],["ly641921791",2],["dcliu",2],["zuixiaoyao001",3],["nkorange",10],["RekaDowney",2],["xianda666",2],["Nicholas2015",3],["devin01",3],["Matrix6677",2],["lucasIsfyf",2],["fangxuee",2],["xiannu",2],["mrzasan",2],["fengcharles",2],["mabingqian",2],["bnubobby",2],["tzhanhe",2],["jin544642965",2],["duanzonglong",2],["Veryfirefly",3],["lostcharlie",4],["lzx1026078111",3],["hanyunxi",2],["nacos-bot",5],["howard-huang",2],["besthanliu",2],["codegitz",2],["vettal-wu",2],["zhuyuemings",2],["yuesf",2],["muhanSng",2],["xlb",4],["dengjintao",2],["liangyangtao",2],["ym2008",2],["Cvimer",2],["zgweimin",2],["Aresxue",2],["shf675",2],["lynk-coder",2]],"2019-11":[["Anymre",2],["lostcharlie",2],["iamxiaojuan",2],["wcollin",3],["Stardust-Zjt",2],["zhuyouzhufu",2],["yuhan0501",2],["vvsuperman",2],["wangdm0824",2],["wangpin1997",2],["KeRan213539",3],["sunxiang0918",2],["khiker007",2],["WywTed",2],["fosin",2],["satjd",4],["bilining",2],["zqgback",2],["moayi",5],["631359746",2],["ghyaauoo",2],["hello-zhengzq",2],["xiongchun",3],["wangyingwei001",5],["liulipengju",3],["ordercard",2],["watilion",2],["echolalala",2],["zbq2019",2],["yqbboy",2],["FlyFire-Young",2],["jmilktea",2],["besthanliu",5],["MrLittleHand",2],["tkqengineer",2],["mingzhicode",2],["Lyeluo",2],["fesine",2],["2745329043",2],["zuixiaoyao001",2],["xilipilige",4],["sgzwiz",3],["zhuyuemings",2],["huangdx0726",4],["377796216",2],["tianxia0079",2],["jqsl2012",2],["lwq-owesome",2],["David-Gee",2],["woshifyz",2],["zhangandyhui",2],["xuande",2],["wenwh",2],["easylife94",2],["paderlol",4],["Maijh97",3],["ajamesa",6],["zhangkangyue",2],["binaryjerry",2],["codeimport",2],["chchfee",2],["mostcool",2],["ericshen90",2],["brucewuu520",2],["nkorange",15],["whaty",4],["AmpletecGo",2],["helei-mianyang",3],["yang957862615",2],["JonSmall",3],["Albert-Hugo",3],["steveguoshao",2],["VolcanoOves",2],["ZhZGod",4],["pbting",2],["Horrypotter",2],["lzf971107",5],["CLAassistant",4],["njuse11wu",2],["liuzhuoming23",2],["SimpleMoodLife",2],["rushsky518",2],["lwadsy",3],["lianran123",2],["JunRzz",2],["zhfish",4],["claassistantio",2],["wmj765",2],["ryankong",2],["DarrenLuo",2],["superxxl",2],["CharleyCao",2],["huang6255302",2],["hengboy",2],["huohuanhuan",3],["zhangshuaioop",3],["jic138168",2],["key2wen",2],["goudai",2],["LQBing",2],["xshans",2],["zengweitju",2],["dolphin-zp",3],["MistRay",3],["fengjingwei",2],["huangyangcong",2],["ylh23y",2],["haochencheng",3],["pengliaoye",3],["smallnest",2],["makingtime",2],["sheiy",2],["lcosmos",3],["jackokcc",2],["hykjtt",3],["BinWu1989",3],["chuntaojun",8],["luckybright",2],["malversation",2]],"2019-12":[["77321660",2],["wushaohao",2],["Syuan17",2],["wangweiIT",2],["xbcrh",2],["jackfruitran",3],["ningyu1",2],["zhangxiangfeng",3],["imgoby",2],["nkorange",12],["slieer",2],["Miven666",2],["jic138168",2],["WG-Roy",5],["daviyang35",2],["andriodjinguang",2],["Dhweicheng",2],["firehalt",3],["mirLX",2],["xzh20121116",2],["hyang214",2],["binaryjerry",2],["codeimport",4],["watilion",2],["louch2",2],["HashTableHu",2],["zhangshuaioop",2],["bfsong",2],["jinjie2088",2],["akaks",2],["yinxuan1128",2],["pbting",2],["zhenxianyimeng",3],["sunbufu",2],["92376",2],["ordercard",2],["zzps",2],["kitsrc",3],["pusinka23",3],["lizhibo0914",2],["sa1148260",2],["hellojd2018",2],["huai168an",2],["wbf1013",2],["mimajiushi",2],["easyhaloo",5],["dongzl",2],["Arthur666",2],["rushsky518",4],["meacial",2],["mylove13289",2],["zzSleep",2],["chchfee",3],["chuntaojun",3],["wekin",2],["mxsm",2],["umi-soft",2],["xiaoqing0729",2],["hykjtt",3],["bugCats",3],["zhangchao778",2],["bnrmaster",2],["x22x22",2],["knoxville9",2],["wangqiuyi",2],["helei-mianyang",2],["Nexuizs",2],["gxw19874",2],["mostcool",2],["shanfeiyang",2],["hexiangtao",2],["WM327",2],["staticLin",2],["Aleishus",2],["thankjava",2],["claassistantio",3],["DoolinMa",3],["419861036",2],["devin01",2],["weiming7661",2],["leyou240",2],["zhuyouzhufu",3],["easylife94",2],["xcrod",2],["KeRan213539",6],["browngo",2],["kami0314",2],["sagittar",2],["Holyangelmom",2],["wangshiyang",2],["ylh23y",2],["bolodu",2],["BoGeManger",2],["AndyLue",2],["SessionBest",2],["airdive",2],["lzf971107",5],["yongnny",2]],"2020-01":[["q975144677",2],["zhunzhong",2],["nkorange",10],["loadchange",4],["Holyangelmom",2],["claassistantio",3],["xjr100419",2],["ygypc",2],["gaoliang",2],["jarven-he",4],["token01",3],["crazyhuntsman",2],["itfinally",3],["ZShUn",3],["q1240725729",3],["chenjianshuo",2],["chuntaojun",4],["BlueBlackR9",2],["jovenwang",2],["johnson512",2],["zhangYHBox",2],["countime",3],["wolfdriver",2],["sanxun0325",2],["Syuan17",3],["duanhairuo",2],["jzdayz",3],["yiyan1992",2],["edisonmiao",2],["weiming7661",4],["nangergong",3],["Zeppole",2],["koalas1105",2],["lidaoyang",3],["LOpSSH",2],["dkllc",2],["garywu520",2],["zhuyouzhufu",2],["rushsky518",4],["g5niusx",3],["han-bing",2],["JerryChin",4],["Johnnyzhoutq",3],["sagittar",2],["yinxiaoling",2],["paderlol",6],["khiker007",2],["mazhai",2],["wfnuser",2],["hello-zhengzq",2],["Jiangzhuoyan",4],["ghyaauoo",2],["missfmaster",2],["aaroncgt90",3],["fungoddd",2],["snyzz",2],["c1028131070",2],["zeewane",2],["A-CiKe",3],["chentiefeng",2],["langghaha",4],["419861036",2],["jauadoc",2],["cdorange",2],["bluecity",2],["KeRan213539",6],["cuihairu",2],["lixinglin213",2],["zhenxianyimeng",3]],"2020-02":[["lizheng89",2],["william-xu",2],["18207556302",2],["chuntaojun",9],["fengjiachun",2],["A-CiKe",2],["aileennian",2],["dennis120338",2],["fenghuasansheng",2],["MitrichevGoing",2],["Kumilo",2],["LuciferZK",2],["chapterBegin",3],["gabreilcheng",2],["Yogurt-lei",3],["maxiaodong58",2],["wujincheng2333",2],["leach",2],["itfinally",3],["ameryhan",2],["daxian-zhu",2],["huihuang70070",2],["kkyeer",2],["juzi214032",3],["Nicqiang",2],["gfj7817",2],["liyin37",2],["paderlol",3],["zhuyouzhufu",3],["baimoer",2],["fangjian0423",2],["xuqingyangjsti",2],["claassistantio",2],["ZShUn",4],["ausky",2],["nkorange",3],["loadchange",7],["imgoby",2],["xiaoyao1999hn",2],["lujicong",2],["ordercard",3],["yqbboy",2],["Hongpei-Chen",2],["Ronaltn",3],["suinxinliulang",2],["cielswift",2],["dennymou",2],["fullee",2],["jzdayz",2],["xinshitn",2],["ynclub",3],["chenjianshuo",2],["xiaofeng886521",2],["killme2008",13],["rainmanhhh",2],["mj19910923",2],["sortaxie",2],["dongzl",2],["token01",4],["7yugioh7",2],["zhixiangyuan",5]],"2020-03":[["mfkugergvh",2],["BurningBing",2],["ilanni2460",2],["18207556302",2],["SandNight",2],["chuntaojun",12],["poazy",2],["mercyblitz",2],["yao012",3],["birkhoff-liu",2],["afewnotes",2],["markrichardson725",2],["FinalVersion",2],["duhongx",2],["MisterChangRay",2],["missfmaster",2],["AngrybirdQ",2],["mikefreemanNice",2],["liubiaosheng",2],["GeekBud",2],["justyida",2],["bingxe-fengbenwu",2],["375273058",2],["DHBin",2],["tanwubo",2],["lixiaolin2018",3],["maxiaodong58",2],["blue110",2],["949808802",2],["izrh",3],["hsoftxl",2],["saiyujs",2],["ringyee",2],["1556837534",2],["JamesDragon",2],["fxleejose",2],["SnailDHC",2],["photondragon",2],["hxiugangxh",2],["Beckylbj",2],["ameryhan",2],["huai168an",3],["daxian-zhu",2],["yuanboyumena",4],["wwwiaskcom",2],["jianxuanbing",2],["weinianta",3],["superlyao",2],["RevisitMoon",2],["XiaoMicheal",2],["khiker007",2],["kkyeer",2],["longnine",2],["chemphern",2],["Deycoesr",2],["GithubLiujian",2],["Damon-zln",2],["lycheesoda16",2],["yykk500",2],["mike-e-e",2],["Maijh97",4],["pengzhengfa",4],["liyin37",2],["zhuyouzhufu",2],["csloter",3],["simbaHJF",2],["wengyifan1022",2],["xuqingyangjsti",2],["fatliy",2],["ZShUn",3],["binsook",2],["RobinsChens",2],["wcfeng9527",2],["NalHoug",2],["rrr523",2],["zhoukun590014",2],["nkorange",8],["loadchange",6],["niyaode",2],["rushsky518",2],["changelzj",2],["tansuoboy",2],["KeRan213539",4],["DerekHQ",2],["lyh19940304",2],["hlyaowan",2],["shook2012",2],["shaojielinux",2],["lyvee",2],["ordercard",5],["wangtao19911111",3],["yangfei2018",2],["zhenxianyimeng",3],["waters321",2],["Ronaltn",2],["LiPeng960419",2],["sunny5541",2],["mimose",2],["rogerJason",2],["silloy",3],["MarkBellCN",2],["lkxiaolou",5],["jzdayz",2],["zhu915",2],["AllenAlan",2],["BigAlanSun",2],["sunny0826",2],["CLAassistant",4],["diaodiaofly",3],["kinkocho",2],["fengjx",2],["zhanglinglf",2],["ljh205sy",2],["cafechen",3],["szcountryboy",2],["jintonghuoya",2],["yangzhiwei256",3],["theonefx",4],["RamRab",2],["wenming5112",2],["fudali113",2],["landashu",2],["natureLanguageQing",2],["chenjy1991",3],["mj19910923",2],["wangybbj",2],["yuhuangbin",2],["leakey8612",4],["dandydeng",2],["DraperChen",2],["michaelmofa",3],["yangliu817",3],["093734201",2],["Lin-Hongli",2],["KANLON",2],["kingstone95",2],["xcrod",3],["esolve",2],["zhixiangyuan",3],["zhangyuxiansen2017",2],["cikezhangzihao",2],["wolfgangzhu",2],["Saraphine",2],["skarl-api",2],["goodliukai",2],["wolfdriver",3]],"2020-04":[["flyer5200",5],["lichaoyue",2],["youkennkyou",2],["FinalVersion",2],["hsoftxl",2],["tixo",2],["areskts",2],["herozhou1314",2],["camelweiming",2],["wolfgangzhu",6],["nkorange",4],["zhangkun25",2],["gaofeicm",2],["1556837534",2],["wekin",2],["zhuoqianmingyue",2],["zhengyantong",2],["nyvi",2],["chenrenfei",2],["zhoufangy",2],["linuke",2],["zhangqlbc136",2],["jackgeeks2018",2],["cai-ti",2],["mark6688",2],["wencynyu",2],["JL-Code",2],["zrlw",2],["Maijh97",4],["pengzhengfa",2],["longit123",3],["ianynchen",2],["smilemilk1992",2],["Nousin-Tang",2],["tanzzj",2],["hegphegp",2],["kuangyoubo",2],["Rubbernecker",2],["gx0803",2],["mostcool",2],["sundylgz",2],["lybbyl",4],["NewwayHe",3],["ycwu314",2],["yufengzhou123",2],["xinaiwunai",3],["nearzk",2],["a364176773",2],["15150759568",2],["872022610",2],["forever-funny",3],["alilcu",2],["chuntaojun",9],["koukoujiang",2],["wangwei123",2],["hexiangtao",2],["yiTian66",2],["MaJintao611",3],["esolve",3],["ghostman-git",2],["lwy745862355",2],["insiderys",2],["JIE6",3],["chmutian",2],["gegeza",2],["hqisog",4],["AsummerCat",2],["songhao8080",2],["1414215371",2],["liuyanghui",2],["passone",2],["liuchenrang",2],["zlmisme",2],["hanhuibing",2],["YLLQQ",2],["Zeppole",2],["huawenyao",3],["zhtlvzwj",2],["wytpeach",2],["ordercard",2],["LateAutumnWindow",2],["wangweizZZ",5],["xiaoyifang",2],["wuwenhui0917",2],["zhuyouzhufu",2],["JadsonDeng",2],["SLiGe",2],["xiaorangjun",2],["osworks",2],["18256086350",3],["delecarnegie",2],["huang800336",2],["liuzhengyang888",2],["jiangcaijun",3],["zhegexiaohuozi",2],["GitXiaoPing",2],["bigsmoke9527",2],["jackieonway",2],["linc007",2],["wfnuser",3],["Amber125208",2],["Thinkingcao",2],["jay2033",2],["letian-tang",3],["MisterChangRay",2],["linzehuan",2],["missfmaster",2],["SunshineDreams",2],["dxch",2],["beforeborn",2],["weolwo",3],["wow3065",2],["Dong-2017",2],["vastliuzxc",4],["XavierChengZW",2],["liqingwei0816",2],["eyesraining",2],["lizhian",2],["nicolaslonely",2],["Fenhy",2],["kitsrc",3],["mrdjun",2],["badfis",2],["GalaxyNew",2],["yuanjinzhong",3],["zhuuvzhi",2],["cxbiao",2],["langghaha",3],["twogozi",2],["yanlinly",2],["key1012",3],["CLAassistant",4],["amenema",2],["xzknet",2],["pig345",2],["YuizhiCode",3],["dongdong112233",2],["dodolook8716",2],["silverlight",3],["kqkdChen",3],["HelloHaiNG",2],["zhenxianyimeng",3]],"2020-05":[["GeTOUO",2],["yinjunonly",3],["showkawa",3],["alloevil",3],["purgeyao",2],["RongXiong2016",2],["Thinkingcao",2],["yanlinly",5],["chuntaojun",16],["mercyblitz",2],["antigenMHC",3],["langghaha",2],["liwei08485",2],["MuJianxuan",2],["publisherfk",2],["connnywilmeringBA",2],["dengliming",2],["12624841",2],["baldass",2],["EasonFeng5870",4],["ShenchuanXin",2],["sunshixiong789",2],["bazaiguhui",2],["pierre94",2],["Rose171216",2],["a364176773",2],["bendanwwww",2],["jasonlong10",2],["han-bing",2],["yalugit",2],["sslcbhyso",2],["itmajing",2],["pan289091315",3],["beforeborn",2],["xiaoguolong",2],["jie6mm",2],["photondragon",2],["lin-mt",3],["feishu",2],["glameyzhou",2],["suqun",3],["wu-gang",2],["caohongliang92",2],["laizuan",2],["fedocx",2],["wu-sheng",3],["dakuohao",2],["wecanworkitout",2],["zlyhabib",5],["xinhans",2],["liuxliang66",2],["ObserverYu",3],["EZLippi",2],["wtjperi2003",2],["Reka-Downey",2],["xubaofa",2],["Maijh97",6],["paderlol",2],["jessechan",2],["taoxiaoyin",2],["NineSwordsMonster",2],["xiaohusuper",2],["jiangcaijun",2],["Fish-Potato",2],["yangshuangpeng",3],["xiaobai14",2],["zeminli",2],["huangzhike",2],["maketubo",4],["spawpaw",2],["qwerplf",2],["laoshancun",2],["ChadDongDongChen",2],["yfh0918",5],["spy0578",2],["NoBugBoy",2],["jsonlisky",2],["DerekHQ",2],["ordercard",2],["wangedison",2],["zhenxianyimeng",3],["MephistoLynn",2],["sunjin-zbj",2],["wangweizZZ",5],["cunweizhao",3],["Mooneal",2],["cxk502401673",2],["dostar",2],["huie2018",2],["baobeidaodao",2],["Johnson-Jia",3],["Hotant-Bu",2],["zongtanghu",8],["treasureMoment",2],["matou2",2],["staticLin",2],["jzdayz",3],["MsencSir",3],["JianweiWang",5],["ChesterZheng",2],["839777408",2],["key1012",2],["fy8207345",2],["CLAassistant",5],["zscboy",2],["horizonzy",8],["929033778",2],["lishitao1992",2],["jintonghuoya",3],["jishaofeng89",2],["lzp0412",4],["kitsrc",2],["flymainstream",2],["jackarmyan",2],["hexw",3],["imyzt",2],["wionnnnn",2],["JasonMsbaby",2],["yumrko",2],["linkai0001",2],["Zzzly1106",2],["tsregll",2],["wcc526",2],["Aronle",2],["ZhuZhanming",2],["dongzl",3],["chris-shenzhen-china",2],["decademj",2],["orange-form",2],["hegphegp",2],["david576111775",2],["zhangzhaogit",2],["mintonzhang",3],["yesenfei",2],["mengqiao123",2],["zhangyixin1222",2],["wolfgangzhu",3],["Visonwu",2],["KomachiSion",6],["wolfdriver",2],["skarl-api",2]],"2020-06":[["zhouhailin",3],["DerekHQ",3],["Ryze-Zhao",3],["kekerzzZ",3],["maojing123",3],["chuntaojun",22],["gfgfggf1988",4],["paderlol",5],["liwen2555376",3],["dongyinuo",4],["pengzhengfa",8],["Maijh97",9],["lsw1991abc",4],["KomachiSion",29],["HelloHaiNG",4],["zhenxianyimeng",3],["xingwl2018",4],["J-Cod3r",3],["pigxcloud",3],["wu-sheng",4],["Gitwangpin",3],["CLAassistant",6],["showkawa",5],["hungryC",3],["baolongcheng",3],["weiliang-ms",3],["huzhengnan",3],["kitsrc",3],["yuanyunchu",4],["lidongdongli",3],["pengyusong",3],["zoscargit",3],["yanlinly",9],["AnoYuan",4],["lijilina",3],["Force-King",4],["cielswift",3],["brandonstack",3],["yfh0918",3],["ccDuan",3],["junjie-tang99",4],["jameslcj",3],["yuxioman",3],["squallliu",3],["jintonghuoya",4],["zhuyouzhufu",4],["taoxiaoyin",4],["ShuaiShuaiDa8888",3],["jiangcaijun",4],["yxy007sdo",3],["HuangDayu",4],["jzdayz",6],["metaphysical-road",3],["MainPoser",4],["lovegames",3],["lin-mt",7],["wangweizZZ",9],["zhangyixin1222",3],["xzknet",3],["huangfusuper",3],["zhangruhong",3],["wangzhedong",3],["pengyonglei",4],["zhujiebing",4],["zhangzh0508",3],["zongtanghu",22],["chongli-j",4],["suinxinliulang",3],["horizonzy",5],["QiAnXinCodeSafe",3],["Eternal88",4]],"2020-07":[["magiclingfeng",3],["yyt6200",7],["gfgfggf1988",3],["Force-King",3],["lijilina",3],["chuntaojun",8],["mumuyuanbao",3],["tankliu1980",3],["shenmou98",3],["ljhrot",6],["junjie-tang99",4],["lidaoyang",3],["zhangjidi2016",5],["xiaozhongliu",3],["sanxun0325",5],["yanjunnf",6],["forlangel",3],["wpt191",5],["qihaooo",3],["18964198046",3],["J-Cod3r",4],["Maijh97",9],["paderlol",6],["chenjun-1201",4],["jiangcaijun",4],["jf11480",3],["Yangstatus",3],["chenqinghe",3],["apple987",4],["J-TIGGER",3],["MrLonelyJacky",3],["Math312",3],["meiliangdeng",3],["Sunw730",3],["zls1099",3],["gclsoft",3],["HelloHaiNG",3],["wangweizZZ",7],["markhuyong",3],["zongtanghu",14],["treasureMoment",3],["coolbeevip",3],["jguangyou",3],["bxxfighting",3],["CLAassistant",5],["CsyDesign",4],["horizonzy",5],["David-wu91",3],["heppytt",4],["shiyiyue1102",9],["guzhangyu",3],["Xunzhuo",3],["xuxi5034241849",3],["Veryfirefly",5],["yueyuanyu",6],["geekzhi",3],["KomachiSion",24],["zhboseu",3],["HuangDayu",4]],"2020-08":[["wu603772498",3],["guohj2015",3],["lunfangyu",2],["areskts",2],["beforeborn",2],["zuosenyu",2],["zscboy",2],["wxywizard",3],["DOTA88893241",2],["AKM000",3],["xiao-ma-nong",3],["hengboy",2],["wangweizZZ",5],["zengshl",2],["gibck",5],["Da-Hong",2],["RobinzhangPRO",2],["arthur0201",2],["sylow619",3],["zhongkuiGuo",2],["geekeritcom",3],["gitdoit",4],["fireflyhoo",2],["2227324689",2],["zj519718645",2],["zhujiebing",4],["yyt6200",3],["cometogo",3],["xtakeit",2],["vowor",2],["CurryChou777",3],["Yangdaidai",2],["linqunhui",6],["xiejunxing",2],["ljyhust",2],["doteyzm",2],["zzq1314zll",10],["Maijh97",9],["pengzhengfa",2],["stalary",2],["lwq-owesome",3],["wpt191",3],["NaiYY",3],["15726698950",2],["hanzhen1989",2],["xmmissing",2],["yunweidage",3],["greatle",2],["wekin",2],["rcfeng",2],["corey89757",4],["shiyiyue1102",6],["cookier",2],["averyzhujinbo",2],["zongtanghu",4],["fengdanliu",3],["jast90",2],["ljhrot",8],["yuhuangbin",3],["linpianshang",2],["tangbo170615",2],["Dream2Land",2],["arjenzhou",3],["syapollo",5],["354476429",2],["yxh-china",3],["jnan88",2],["Ccback",2],["sanxun0325",2],["donlianli",2],["Tsingshen",2],["NewCrazyStone",2],["neighbor-uncleWang",2],["shansr",2],["meiliangdeng",2],["ningmeng777",2],["gongmb",3],["oliverliye",2],["CLAassistant",5],["wenlincheng",2],["Technoboy-",4],["MrWenBo",2],["yaojiuqi",2],["wxianfeng",2],["LittleM318",3],["xiongshilin",2],["IcebergXTY",3],["catcherwong",2],["ChinaJeckXu",2],["hezhiqiang",2],["CodeDiggerSuzl",4],["guyanzhao11",3],["madongbao",2],["dengjintao",4],["Rambo1203",2],["qq31715879",2],["chuntaojun",6],["mercyblitz",2],["paderlol",2],["eightroad",2],["Yangstatus",2],["qq997404392",2],["qm0123",6],["zjcnew",2],["maqiang",2],["damogui",3],["liwuchuai",2],["smallpigchina",2],["admin08",3],["16boke",2],["jinchaoxiang",2],["robin536180",2],["Xarrow",4],["cys375338985",2],["wjm0729",2],["191474639",2],["situhouyi",2],["horizonzy",10],["MinjaMiladinovic",3],["ztgoto",2],["zhouzhiy",2],["KeRan213539",3],["Sunw730",2],["Alenx58",2],["HelloHaiNG",3],["15051863961",2],["uzdz",2],["sunnywa",2],["xiaozhongliu",2],["huifer",2],["hjnjmjkj",2],["285551339",3],["KomachiSion",21],["zgcxyz183",2],["shizhengxing",3],["1moxue",3],["xulingfeng931027",2],["shumtn",2],["lidaoyang",7],["TianLuhua",2],["lihao95",2],["dingkegithub",2]],"2020-09":[["sanxun0325",5],["xuyicheng1995",2],["xiahuhu1",2],["CLAassistant",5],["engimatic",2],["ljyhust",4],["iyezhou",3],["wellhor",2],["caojiantong",3],["gokjava",3],["EZLippi",2],["yjygalb",3],["fattyca1",2],["ZShUn",4],["zerda",2],["HuChenXin123",2],["madongbao",4],["fengqi",2],["horizonzy",13],["huie2018",3],["xmf1142987374",4],["wangweizZZ",3],["zongtanghu",2],["SunJiFengPlus",2],["shenqiuzhuyun",2],["cqkj1226",2],["handong0123",2],["mameng1992",2],["GGBonda",2],["619016140",2],["Inighty",2],["jackding79",2],["aakejiang",3],["GTerryLiu",3],["1315977663",2],["a434950303",2],["xiaoxiangzhenyu",2],["sstong123",2],["Uetty",2],["MeloFocus",2],["lingting-gzm",2],["p564825336",2],["HeHeHa",2],["purefountain",2],["KomachiSion",21],["dongsongliu",2],["poorguy-tech",2],["AngryMills",5],["846163908",2],["jasonpyf",2],["lnsane",3],["ljhrot",3],["jsxiao",3],["hanzhen1989",4],["liuzhenyulive",2],["chuntaojun",13],["victor-1330",2],["mercyblitz",2],["niuzhm",2],["wpt191",2],["JackSun-Developer",6],["hanx-1993",2],["jetty-guo",2],["lambert0529",2],["CuttingWaveKnife",2],["yutimothy666",2],["TNZong",2],["sylow619",2],["spidersq",3],["yanlinly",3],["shizhengxing",4],["quinls",2],["CodeDiggerSuzl",3],["liaogaoyu",2],["Nnaking",2],["aiguo123",2],["Technoboy-",2],["joenhon",4],["dashuaigege",2],["liwei2015cd",3],["guduyishuai",2],["cometogo",3],["yanghaolei321",2],["michaelfyc",2],["Rambo1203",2],["qq31715879",2],["HelloHaiNG",3],["wonagequ",2],["wu603772498",3],["Reminisd",2],["weson",2],["yqcgit",2],["cqyhm",2],["zscboy",2],["tanranv5",2],["click33",2],["ni247",2],["mark4z",6],["DerekHQ",2],["HankDevelop",2],["fafangshuai",2],["liujiabaoaa",3],["wangliujing",2],["Mo0onZz",2],["zhangjiji03",2],["robinZhao",3],["pig-stdv",3],["yyt6200",2],["huang-xuan",2],["shadowhunterhh",7],["Maijh97",7],["lin-mt",3],["cjxiong",2],["winer632",2],["abmybgx",2],["zljnx",2],["allskylove",2],["baozong-gao",2],["xx888666",2],["q821863269",3],["FengJinghHua",5],["anryHan",2],["chenjunwen",2],["191474639",3],["wardseptember",2],["KeRan213539",3],["HaojunRen",3],["yuqiyang01",2],["cmshome",2],["jhyhhmail",2],["ankeway",3],["HmhWz",2],["shiyiyue1102",8],["bigbenfather",2],["DongyangHu",2],["sjrlyy",2],["HiroC222",2],["zxiaozhou",3],["suikenungleung",2],["lijiaxing3045354",4]],"2020-10":[["kiddingYang",3],["zbsBrave",3],["mysunstar",4],["horizonzy",14],["itsmyhate",3],["wangweizZZ",3],["chuntaojun",9],["CuberWRG",3],["geertjanw",3],["lidaoyang",3],["sunset535",3],["jiangxch",3],["wangjia2016",3],["xmf1142987374",5],["waveng",3],["wanghuigithub",4],["HelloHaiNG",3],["MarkBellCN",3],["zhouwenqi1982",3],["xdshent",3],["JohnNiang",4],["gsunapoleonchen",3],["elysianwu",3],["sanxun0325",4],["JackSun-Developer",4],["Nnaking",3],["w935903854",4],["hoswey",3],["shiyiyue1102",3],["guozongkang",3],["xiaojun207",3],["supermareo",3],["8bun",4],["CLAassistant",4],["lgl48128244",3],["yhajhl",3],["KomachiSion",19],["steveoyung",3],["lsd2016",3],["zilongTong",3],["zrlw",4],["HiroC222",4],["handong0123",3],["65725738",3],["hongdongqu",3],["jzhishu",4],["Gitwangpin",3],["ljyhust",3],["yyt6200",4],["Yanwenjingcn",4],["KeRan213539",5],["j-dejavu",3]],"2020-11":[["zhujiebing",3],["MajorHe1",2],["yangseal",2],["huangzgx",2],["nihaoye1995",2],["mark4z",6],["misstouch",3],["forestasen",2],["wp867007845",2],["LcmBlog",2],["houyaogit",2],["wangdm0824",2],["bybiucode",2],["liugh1974",2],["Reminisd",2],["wzlee",2],["muzifeng1008",3],["KeRan213539",7],["zjcnew",2],["chn8lij",2],["itwangyun",2],["enthusiastic-tice",2],["lmxsky",2],["phpisfuture",3],["CodeDWX",2],["zhoutao19940218",2],["szw1026",2],["huwsun",2],["weinianta",2],["moayi",2],["CaseCy",2],["devOfWei",2],["ymingxu",2],["DemoMoon",3],["twogozi",4],["CloudyAnt",2],["arygos",2],["aakejiang",2],["feixia5712",4],["1098301679",2],["beyondfengyu",2],["fangdengfu",3],["13721549833",2],["Tinywan",2],["luckywur",2],["liuzwei",2],["jiawuhia123",2],["langghaha",3],["xiao-ma-nong",2],["fattyca1",3],["lizhihui2046",2],["jsxiao",3],["xu-weize",3],["stotem",3],["liuhonglin",2],["yszansx",2],["RocsZH",3],["LeeGaning",2],["small-steps",2],["maomaoke",2],["aswl8225",2],["HiFangfangXu",2],["HalcyonDaysssss",2],["yaoluoye",2],["MarkBellCN",2],["CaoET",2],["Mingmingmew",2],["435915770",3],["horizonzy",18],["liuhongfeng",2],["haofei-001",3],["liuhaha2020",4],["paderlol",9],["j2ee-haydon",2],["ChasingInTheWind",2],["Maijh97",12],["309283175",3],["tristan-tsl",3],["dangle253280",3],["thtns",2],["shizhengxing",8],["skyice2013",2],["xbr1dge",2],["zml123456",2],["cheungjingyu",2],["brucewuu520",2],["christophe-liwei",5],["forlangel",2],["zhaolie1989",3],["kpioneer123",2],["chenshun00",2],["thousmile",2],["andersonguo",3],["MagakiReimu",3],["shenyonggang",2],["lchpersonal",2],["olrk",2],["hush0",2],["slin1972",2],["np7sky",2],["Panyulong9527",2],["letme55open",2],["yiminyangguang520",2],["lltx",4],["TheheiWorld",2],["wamlko",2],["CLAassistant",4],["sanxun0325",7],["SunJiFengPlus",3],["githubwyj",2],["h353617145",2],["501956430",2],["zkactive",2],["iochenlei",3],["zhouze-java",2],["corey89757",6],["sw251515",2],["melonhh",3],["wangweizZZ",5],["independenter",2],["Yanwenjingcn",2],["alonelaval",4],["noobzhp",2],["zhengchangsheng",2],["wanghuigithub",5],["spurtAndy",2],["sunjiaqi52100",2],["CjqDy",2],["lidaoyang",3],["JackSun-Developer",2],["lixiaotai",2],["BlackRen09",2],["javawangcy",2],["shiyiyue1102",6],["chuailiwu",4],["JonyChan",2],["Xezeloh",2],["byspacecbk",2],["KomachiSion",20],["l32218",2],["chuntaojun",14],["HK2009",2],["woxiangwoxiangxiang",5],["langteng",2]],"2020-12":[["AutoTon",3],["neighbor-uncleWang",3],["yangzhouNNN",3],["threedr3am",3],["cazenovef",3],["wrysunny1953",3],["sky662626",3],["bbcpan",3],["haoyann",8],["chuntaojun",9],["TrReMix",3],["paderlol",7],["xuande",4],["youhere99",3],["IanZqf",3],["KomachiSion",22],["Cocowwy",3],["freshgeek",5],["wanpeng19",3],["coolbeevip",4],["qyhjoystick",3],["mingjliu9",3],["onexuan",3],["wangweizZZ",6],["CLAassistant",4],["liangyuanpeng",4],["dengxixian008",3],["monkeyAlwaysWin",3],["Sakuramaomao",3],["luoos",4],["wggy",3],["501956430",3],["horizonzy",15],["zhu1227",3],["MajorHe1",3],["christophe-liwei",5],["15010904599",4],["1061691343",3],["lexburner",4],["Xezeloh",4],["pangtuzhou",4],["wanghuigithub",5],["KeRan213539",5],["duanjiex",3],["2YSP",3],["cch-wh",3],["474420502",3],["shiyiyue1102",6],["malversation",3],["zhansang",3],["lianX820",3],["dqxfz",3],["roadToit",3],["dancer-lxp",3],["robotLJW",4],["11xiaochou",3],["xr2117",3],["Maijh97",7],["wjm0729",7],["zongtanghu",3],["weihai4099",3],["ljhrot",3],["wszpwsren",3]],"2021-01":[["Slahser",2],["stalary",2],["chengkai666",2],["lixiaojie09",2],["christophe-liwei",2],["iwfun",3],["ttttangzhen",4],["ailongIdo",2],["liaomengge",2],["Jacky2",2],["beijingzhangwei",2],["cloudZwj",2],["joakapp",2],["zhujunjieit",3],["wltj920",2],["shenzlly",2],["onewe",5],["a5618555",4],["wangwenchi",2],["zrlw",2],["ldh7",2],["wjm0729",5],["yanlinly",3],["JiangWenJie",2],["wshzp12345",2],["HSPCode",2],["HelloHaiNG",2],["shalk",3],["KomachiSion",20],["zhu1227",2],["RobberPhex",2],["wang-hello",2],["tujun126",2],["Chunghwa-2018",3],["985391294",2],["simake2017",2],["dyiwen",3],["lx308033262",2],["CherishCai",4],["sunrdd",2],["Mararesliu",2],["HyattJobs",2],["Jacobs7",2],["shiyiyue1102",7],["KeRan213539",10],["seanything",3],["Reminisd",2],["ryuhi",2],["xr2117",2],["jerrychern",2],["coffeehb",2],["kangkai9432",3],["reminisences",2],["Xezeloh",3],["VincentCh01",2],["LiHanGod",2],["Maijh97",3],["fakejson",2],["65487123",3],["yangzheng0",2],["k3mlol",2],["wangzhenxyz1",2],["yylstudy",2],["zlygit",3],["GTWONDER",2],["SoulBreath",2],["aiyunxixi",2],["gundam26",2],["aswl8225",2],["wangdejian163",3],["qiupan123",3],["ldbfpiaoran",2],["liangyuanpeng",2],["childewuque",3],["sky-dail",2],["bxvs888",2],["Lee27149",3],["mysunstar",2],["admintertar",3],["dandanheng",2],["feixia5712",4],["apple987",2],["threedr3am",4],["sanxun0325",3],["txlaijava",2],["bigfacewo",2],["weiguangzhou",2],["waidinsamkeit",2],["CaiJiHuzhuo",2],["MrGGGGGG",2],["Zheaoli",3],["robotLJW",2],["Conmi-WhiteJoker",2],["PizerLiu",4],["QiAnXinCodeSafe",3],["gzxright",2],["pig-stdv",3],["jast90",3],["BillWuSQL",3],["dzh6699",4],["catcherwong",4],["Akitata",2],["370569218",2],["Uetty",3],["hjjoe1213123",2],["zredMonkey",2],["zhilaohu32",2],["ParkourLiu",2],["wzh900521",2],["chuntaojun",4],["QuantumGhost",2],["ZhuoSir",2],["huan415",2],["skyobin",3],["dark9958",2],["zhangluyang1995",2],["xfengfeng",2],["CLAassistant",4],["wangweizZZ",4],["lesyfly",2],["RongXiong2016",2],["jinshengyong",2],["yugtao",2],["a13237009879",2],["neo-shirley",2],["wangjia2016",2],["siaron",2],["xiezhongren",3],["jiangliuhong",2],["gaoxiang9457",2],["yylfqj",2],["lovelyprogrammer",2],["BlackBAKA",3],["jzdayz",4],["jiushizyj",2],["qinmou",2],["lidaoyang",2],["xiangwanli",3],["fengliu0401",2],["cdmaji",2],["zml123456",2],["oilqw",2],["whatkind",2],["XiaoZiShan",3],["fy741698256",2],["a7217107",4],["horizonzy",12],["adminSxs",5],["ZjieHU",2],["shijianwei",2],["lzp0412",3],["niejian",3],["ShawnZhang9420",2],["zhangcly",4],["hduwyz",2],["haoyann",8],["DemoMoon",2],["LeePui",2],["starskys",2],["David-wu91",3],["sawyerwu",2],["qq31715879",4],["peiqianggao",2],["vickerx",2],["zhangguilong",2],["wanghuigithub",2],["xuanbg",2],["chensp0668",3]],"2021-02":[["JackSun-Developer",7],["ruanwenjun",2],["summer9989",2],["wanghuigithub",3],["Rmond",3],["KeRan213539",4],["jianyun",2],["370569218",2],["xiangwanli",3],["pangyandong",3],["qinmou",2],["Ewelkin",2],["superstarchenxin",3],["248808194",2],["Uetty",2],["newsouther",2],["yezhengdong",2],["mysunstar",2],["admintertar",3],["saxingz",3],["dianxiaopao",2],["kitten639",2],["weiweigaoshan",2],["HOPE-LUO",2],["bravelionet",3],["284263380",4],["lcl2233",2],["simv87",2],["linsword20",2],["jiangxiaochuan",3],["mingleLoL",2],["jacksonrick",2],["westcows00481",3],["RobberPhex",3],["shiyiyue1102",7],["CherishCai",3],["2276089666",2],["HSPCode",2],["whiteHeisenberg",2],["CLAassistant",3],["chq1024",2],["souzens",3],["tudan110",3],["chuntaojun",3],["wanming001",2],["zhangyu-think",2],["startan",2],["MHL97",2],["89333367",2],["xiaobin00",2],["iamhuzl",2],["starfounder",2],["HPxianliru",3],["xiaoshun007",2],["wltj920",3],["Xezeloh",2],["lazy2panda",2],["yuanyunchu",2],["chenquanyu",2],["haoyann",7],["Caoyuewin",2],["kangqing",3],["QKChen1994",2],["EvanLai0819",2],["HaojunRen",2],["baiyuechu-123",3],["sina-ma",2],["SimonVampire",2],["laizuan",2],["KomachiSion",14],["imarkofu",2],["xczzmn",2],["rengx",2],["xqnode",2],["liutao841204",2],["Chunghwa-2018",3],["hegphegp",2],["catalpa-tree",2],["pantianying",2],["Maijh97",3],["wangyuanfeng2018",2],["Yanwenhui0",2],["dlzht",2],["siaron",2],["xuhui54",2],["muranjack",3],["horizonzy",5],["wushuaiping",2],["MajorHe1",5],["xny838754132",2],["505831001",3],["JarvisPongSky",2],["yyt701",2],["planwk",3],["18256086350",3],["sundong1982",2],["liaomengge",2],["niejian",2]],"2021-03":[["MajorHe1",3],["LeePui",3],["horizonzy",7],["li-xiao-shuang",6],["KeRan213539",3],["sourirer",3],["hongye1114",3],["RobberPhex",3],["haoyann",10],["warthur1214",3],["woshishitou",5],["shenkonghui",3],["shiyiyue1102",7],["FengJinghHua",3],["ShawnSiao",5],["libinglong",4],["jackwang-wangcb",5],["lzp0412",3],["YoundGib",3],["zhengtu8080",3],["JackSun-Developer",10],["EvilDrag0n",3],["hanzhen1989",3],["KomachiSion",20],["zrlw",9],["ly3299297",5],["magdsnail",3],["daifang-code",3],["Jayice-zjw",3],["pixystone",9],["ctlove0523",4],["liuyunlong1229",3],["CLAassistant",4],["xiebin2015",3],["TouchZZZ",3],["imba-tjd",3],["wangweizZZ",3],["huie2018",3],["sunwenT",3],["isegon",3],["wanghuigithub",5],["MumfordSons",3],["shalk",15],["missfmaster",3],["lualeslie",4],["HumorChen",3],["zhangcly",3],["pc-xie",3],["Maijh97",3]],"2021-04":[["Akitata",3],["brothelul",11],["LanceHuang",4],["RobberPhex",5],["mingrn97",3],["kevinw66",3],["waidinsamkeit",4],["pig-stdv",5],["FlyingLambrog",3],["erioe-m",4],["yankunsam",3],["batizhao",3],["seekerrc",4],["pixystone",3],["luoxiner",3],["shiyiyue1102",3],["haoyann",10],["lualeslie",3],["Fangzhongpeng",3],["leikun3163",3],["JackSun-Developer",14],["tyhqiushen",4],["SunJiFengPlus",5],["xhsky",4],["xiaomo-23",3],["evaxiang",4],["zqr95518",3],["goodjava",3],["liyanglin",3],["cutiechi",6],["julingpu",3],["li-xiao-shuang",4],["lingdu990130556",3],["SANDUO421",4],["CherishCai",5],["Jisfeng",4],["heavymetal5",4],["xiaoheng1",8],["CLAassistant",5],["hegphegp",4],["zhenlanzhuang",3],["AllenJol",3],["Langze6",3],["KomachiSion",20],["spacewander",3],["Maijh97",3],["zxdposter",4],["zrlw",3],["crystal-lee",3],["bestpayAmes",4],["horizonzy",7],["drgnchan",4],["iaoongin",3],["ShawnSiao",3],["lovemianhuatang",3],["QBH-insist",3],["plusmancn",4],["1019822077",4],["985391294",3],["TreasureJade",3],["KeRan213539",3],["a386572631",4],["huhudiedie",3],["whalecold",4],["purekeeper",3],["TyCode-Tommy",3],["DillonPu",3],["dzh6699",3],["MajorHe1",8],["shalk",4],["haby0",3],["jinshengyong",3]],"2021-05":[["wytjiayou",3],["xiaoheng1",11],["ChunMengLu",3],["FlyingLambrog",5],["HaoLi-Rainbow",3],["KeRan213539",5],["KomachiSion",18],["zhangtingshu",3],["jiangguilong2000",3],["a852203465",3],["fakISPdesigner",3],["weissxu",4],["shalk",5],["KYAW1256",3],["evaxiang",3],["7will10",3],["Leoking78",7],["liaozan",3],["anryHan",4],["SunJiFengPlus",8],["qzy-joe",3],["MajorHe1",3],["pixystone",9],["tian-qingzhao",6],["pptfz",3],["haoyann",4],["li-xiao-shuang",9],["zrlw",4],["tonyfud",3],["MisterChangRay",5],["brotherlu-xcq",14],["CLAassistant",4],["erdengzhazha",4],["bird-man04",3],["wuwen5",3],["CherishCai",4],["zyzyzy523",3],["xiaoqunge",4],["CoderPoet",4],["MrZhangisGood",3],["woshishitou",3],["zcz3313",5],["JackSun-Developer",11],["plusmancn",8],["Maijh97",4],["horizonzy",3],["zhenlanzhuang",3],["lilei0527",3],["shiyiyue1102",3],["heyangang",4],["wuwu955",3],["damian-cell",3],["mask616",5]],"2021-06":[["py199541",2],["bigbugbean",2],["videomonster",3],["lzp0412",3],["JackieChan007",3],["beijixing1745",2],["shmily2038",2],["liaoshiwei",2],["ijustyce",2],["SunJiFengPlus",5],["pixystone",7],["Yvan0329",4],["MaybenYi",2],["MajorHe1",8],["mayouzi",3],["SheridonMarie",2],["zrlw",2],["kody1025",2],["shaohaikkk",2],["xrwang8",2],["xuguoqi302",2],["65487123",3],["zx0zx9zx1zx9",3],["gfgfggf1988",2],["Dayugu",2],["Demetrius1111",2],["moruikang",2],["luodong918",2],["Jv0id",2],["forfuns",2],["quhailong",2],["f1558",3],["plusmancn",2],["lnsane",2],["panpengfei21",3],["MeSilence",2],["MI-cool",4],["yang-xinfu",2],["fengjian1993",3],["xixiyuguang",2],["westcows00481",5],["KYAW1256",3],["CNWangTy",3],["caomingjie-code",2],["wnn1029",2],["Roger3581321",4],["xiaoheng1",5],["woshishitou",3],["James-JavaBaby",2],["kevin518",2],["weissxu",2],["JansenChang",2],["horizonzy",5],["wyx-98",2],["gjen1996",2],["Ger21W",2],["lihanfei-dev",2],["KomachiSion",22],["AliRAMADA",2],["WilliamChen-luckbob",3],["changsa65",2],["jiangshubian",2],["hjki456789",3],["laxiangxiang",2],["zzf1208",2],["bingju328",2],["Orange486",2],["hyang214",2],["erioe-m",2],["zhongxiongzeng",4],["ShameWoo",3],["hzh18580624796",2],["gitzhoujw",2],["AYue-94",2],["qovd520",3],["ZhangLaibao",2],["GuoHyan",2],["fengyaocheng",2],["brotherlu-xcq",13],["kimmie569",2],["andotorg",4],["liyin37",2],["CLAassistant",4],["eric-5512",2],["mentoswang",3],["pengten",2],["zzq1314zll",9],["Sajadali4330",2],["liaodn",2],["supery-chen",2],["yumin5723",3],["caojiele",6],["UnseemlyCloud",2],["nongwenze",2],["savvyray",2],["li-xiao-shuang",9],["FinalVersion",3],["tian-qingzhao",2],["polandeme",3],["78051301012",2],["joshryan8",2],["hakiGithub",2],["termuxterminalindonesia",2],["mask616",4],["alexisbelcher40",2],["roxannboatman",2],["fungoddd",2],["123Sayhi",3],["wangwei-ying",2],["hunjipo",2],["EarthChen",2],["vuong3230",2],["Ifdevil",2],["crazyCodeMh",3],["linzaihui",2],["syapollo",2],["cchenqiang",2],["UniversalGatekeeper",2],["ToBeIronMan",2],["samunbest",2],["ModnRay",2],["shiyiyue1102",6],["KeRan213539",4],["tenduts",2],["Moskalnazar",4],["shalk",7],["carl0804",2],["feixia5712",2],["Hptux",2],["realJackSun",13],["wytjiayou",3],["orange4573",2],["sqskg",4],["CherishCai",7],["Dduanduan",2],["NPFDamon",2],["huanghuaquan",2],["WywTed",2],["MrBling",2],["MrNiebit",2],["water040501212",2],["percy-circle",2],["yujun110",2],["lzhpo",2],["lanyuange",2],["radishT",3],["keweiLv",4],["wangweizZZ",2],["BlankOfPi",2],["gongjiang1",3],["gangxie112",2],["SageX1",2],["backqwe",2],["zrsatgz",2],["zxn-git",3],["yangliu817",2],["adpw001",2],["wuwu955",2],["wenbiao2019",3],["fenght",2],["bdqfork",2],["jxwuqingyan",2],["RobberPhex",2],["hanbing5210",3],["wangkepermit",2],["HaojunRen",2],["tuofenggit",2],["chitdayaung",2]],"2021-07":[["Wadyasafslsa",3],["zrlw",3],["zlygit",3],["MajorHe1",6],["jasonhewg",3],["rmzf9192",3],["SiouWang",4],["xuancd25",6],["realJackSun",8],["ycyxuehan",3],["catcherwong",3],["Roger3581321",3],["xiaoheng1",4],["KomachiSion",20],["GuoHyan",4],["mask616",5],["liangxianjin",3],["bnyte9",4],["mmm0171",5],["Orliucase",4],["brotherlu-xcq",12],["keyRewrite",3],["ding-ding666",3],["longzhihun",3],["CherishCai",4],["CLAassistant",4],["shalk",5],["onlymate918",3],["xaoyur",3],["hunjipo",3],["henpangpang",3],["mloine",3],["WindyGao",4],["iuv",3],["zhangwenliang012",3],["JeremyHJ",3],["haoyann",3],["li-xiao-shuang",3],["heguanming",3],["kuaile-zc",3],["MuJianxuan",4],["yuzhaopeng",3],["jeceldx",3],["SunJiFengPlus",8],["spurtAndy",3],["Phoebus888",4],["vivikcat",3],["muyuto",3],["zzq1314zll",15],["ManuRodgers",3],["andotorg",3],["chenjianhao66",3],["gotoworld",3],["pixystone",6],["Tanky-Zhang",4],["wuwen5",5],["robotLJW",3],["shiyi-ly",4],["nameLeeHui",3],["ijustyce",3],["bdqfork",3],["sundong1982",4],["Style1002",3],["flmelody",3],["HaoLi-Rainbow",3],["xigpz",3],["zarkzheng",5]],"2021-08":[["c5p0",2],["wangzhenxyz1",2],["Futub67",2],["ld000",3],["Wuyunfan-BUPT",5],["yangkangwei",2],["panpengfei21",3],["IvesQing",2],["li-xiao-shuang",7],["pinxiong",2],["yangbo1987",3],["QGprogrammer",2],["zrlw",8],["inkinworld",2],["gaojunhuiBS",2],["xiaobeibeinihao",2],["moyu-jun",2],["ijustyce",2],["hicker-kin",2],["1952998569",2],["beijixing1745",2],["hegphegp",2],["zhusaidong",2],["WindyGao",4],["yylhbb",2],["gang0713",3],["jiangham18",2],["gaoli19921225",2],["qinjay519",2],["houbinghao",2],["leanderli",2],["Tmac007",2],["Cczzzz",2],["gfgfggf1988",3],["JingYueZheng",2],["zivmc",2],["YangHuiFor",2],["shaohaikkk",3],["shadow-lyvee",2],["xianlinyi",3],["yongnights",2],["aLLLba",2],["VAEAZE",2],["SunJiFengPlus",7],["youbl",2],["yuwenle520",2],["CLAassistant",5],["WanYanSiR",2],["brotherlu-xcq",13],["uniorder",2],["AgentZh0u",2],["MajorHe1",8],["myifeng",4],["nanfangyoumeng-an",2],["zerowise",2],["haoyann",6],["hero5460",2],["fanqinghui",2],["kangarooking",3],["602297770",3],["startjava",3],["sundong1982",3],["lxc18642153381",3],["BlackBAKA",3],["jzdayz",2],["Arlmls",2],["kobe-2020",3],["paopaoshimeng",2],["xyohn",2],["zuihou",2],["wy1689979008",2],["AoeSyL",2],["kingkong187211",2],["korbanr",2],["Tom-python0121",3],["StarsHung2099",2],["dingli985",3],["xiaomiusa87",3],["SpecialYang",3],["Simon-FG",3],["huie2018",3],["xiaopangzhi795",2],["nopol",2],["yanlinly",3],["welpeng",2],["ShingmoYeung",2],["muyuto",2],["Throb571",3],["nagaradipa",2],["lpaz010",3],["kangzemin",2],["RedStone365",2],["mrxlh",2],["yxm9264",3],["Roger3581321",4],["139446702556",3],["zhangaijing",2],["379464828",3],["VivienZhai",2],["long-jie",2],["newJimmyChu",4],["secbr",6],["gclsoft",2],["MBANKm",3],["PTTLuis",2],["HaoLi-Rainbow",4],["mmm0171",2],["zarkzheng",5],["yuzhaopeng",2],["macey888",2],["mosaicwang",2],["z787804918",2],["jiangguilong2000",4],["474420502",3],["C-Gausse",2],["water040501212",2],["VitZhou",2],["zhangle910522",2],["abood640",2],["weiyue888999",3],["zusrsoft",2],["NahNick",5],["zhangzhiwei-163",2],["ch-ningyi",3],["yipixiaofeiyang",4],["tengfeineu",2],["LBJWt",3],["zzq1314zll",7],["seeger12138",2],["andotorg",6],["realJackSun",6],["tyhqiushen",3],["g0123",2],["ingla9988",3],["superhu",2],["paruza89",3],["comeking",2],["samz406",2],["GitHub42096",2],["jinxilongjxl",2],["liuyunlong1229",2],["LonePheasantWarrior",2],["jsercom",2],["AmyYuan555",3],["childewuque",2],["JavaAjust",2],["tooleek",2],["Holdonbei",6],["kevinw66",2],["csxiaoshang",2],["illeagalName",2],["handdong",2],["woshishitou",3],["zhuziying",2],["xswby",2],["KomachiSion",17],["horizonzy",5],["numbpad1",2],["wolf8334",2],["lisyfun",2],["xiebin2015",2],["pirateskipper",7],["shixinghong",2],["tangtaotao2021",2],["KingSirLee",2],["CherishCai",3],["gzwxh",2],["zhaofengcumt",2],["ztgoto",2],["liyin37",2],["MEIIT",2]],"2021-09":[["zyzyzy523",2],["andotorg",4],["fatash89",2],["pinxiong",3],["VitZhou",2],["chenhao18242373036",2],["complone",2],["vfzh",2],["henpangpang",3],["JavaAjust",2],["WowYouCanReallyDance",2],["itwoods",2],["Wuyunfan-BUPT",11],["angeltping",2],["MajorHe1",3],["wzhj2326",2],["zhangle910522",2],["li-xiao-shuang",10],["qq346434990",2],["IllusionOops",2],["WilliamChen-luckbob",2],["Kesling515",3],["youdang123",2],["bluesecret",2],["yujun-8848",2],["westcows00481",4],["KomachiSion",14],["JyenZhou",2],["bamboo2017",2],["githubcheng2978",2],["Chris0408",2],["siaron",3],["wenlincheng",2],["CLAassistant",3],["ai641843909",3],["masteryourself",2],["wangdongyun",4],["DoctChen",3],["sucaiji",3],["blank-1",3],["thinkersOne",2],["waidinsamkeit",3],["DaveWang-CN",2],["eddielishan",2],["brotherlu-xcq",9],["laohuihui178",2],["iPush",3],["Holdonbei",6],["liruishan",2],["bigfacewo",2],["RainbowSorcery",2],["shiyangyang",3],["yangyang122",3],["SamaDream",2],["SunJiFengPlus",3],["lmabbe-lm",3],["allenjol",3],["zjg1993",2],["liugh1974",2],["newJimmyChu",6],["xudan180",2],["qb0221",2],["Shopons",2],["976595496",2],["wy1689979008",2],["kangarooking",2],["haoyann",5],["tenduts",2],["Hello-Linux",3],["little-motor",2],["yuhaowin",4],["bastphp",2],["Jnoee",2],["Roger3581321",3],["korbanr",2],["esky-tech",2],["whb611",2],["fenglibin",2],["Comven",2],["lucifer0x1",2],["GeorgeAnson",2],["TFdream",3],["catcherwong",3],["jiangqs3",2],["LBJWt",2],["yylstudy",2],["wangzhenxyz1",2],["longxiuzhai",2],["realJackSun",9],["zhupengfeivip",3],["zfy68",2],["wanglin0413",2],["wushengju",2],["zhourong119",5],["cielswift",2],["LeagueZhou",2],["602297770",2],["houever",2],["shlsky",2],["lpaz010",2],["Foodtoinvincible",2],["1327681842",3],["huazai0803",2],["wangjiandev",2],["saiyujs",2],["zxcvbnm3057",2],["secbr",2],["ZM-BAD",2],["DickensTone",2],["lyred193",2],["HTFX-Cloud",3],["lecysky",2],["kevinw66",7],["tangshifeng",3],["zhaozhiguang",2],["chuntaojun",2],["hjc970414",2],["bound482",2],["408484409",2],["fl061157",2],["SpecialYang",4],["PEIYANGXINQU",2],["malin18280496983",2],["horizonzy",3],["Cczzzz",3],["neilxxx",4],["winer77444",4],["ruirui9",4],["joyeekk",3],["malversation",2],["shiyiyue1102",4],["DeBruyne2020",2],["beijing-penguin",2],["hjon649236729",2],["piaohailin",2],["aluneed",2],["Rehno1",2],["ingle-j",3]],"2021-10":[["ypforever0719",2],["marchi1986",2],["banmajio",2],["MajorHe1",2],["Cczzzz",2],["jktimmer",2],["CherishCai",2],["complone",2],["Jennyfriel",2],["aliujb",2],["Raka-Andrian",2],["ageovb",2],["xufan518",2],["JEFF23121",2],["loveTtt",2],["yu5056561661",2],["17722626616",2],["amazCode",2],["KomachiSion",3],["gaichenghao",2],["liujiling1",2],["illeagalName",2],["Roger3581321",2],["lcosmos",2],["weiweili666",2],["AlyssaBetty",2],["gdlbl",2],["brotherlu-xcq",2],["admlke",2],["Comven",2],["jacknotes",2],["kuaile-zc",2],["onewe",2],["m7adf7d",3],["pptfz",2],["Lee27149",2],["Amiraliinz",2],["Yunus0731",2],["917390823",2],["CLAassistant",2],["realJackSun",2],["haohai2212",2],["zml123456",2],["aa1155665",2],["samunbest",2],["esky-tech",2],["geertjanw",2],["klay-xin",2],["cdx7779",2],["Dedimiswar",2],["zouyingkai",2],["sunwuxiang",2],["AArenxiaoming",2]],"2021-11":[["z7210073",2],["L0adinggg",2],["iJIAJIA",2],["moruikang",2],["jccc187",2],["anryHan",3],["yb2020",2],["Kesling515",2],["CherishCai",7],["siaron",5],["triThirty",2],["SpecialYang",7],["caomingjie-code",2],["KomachiSion",9],["Angelpoor",2],["liujiling1",2],["jettjia",2],["suanyi001",3],["ethanlawrence",4],["Chaos-coder",2],["william-xu",2],["ShengRang",3],["bizhenchao1201",2],["Jennyfriel",2],["hcsir",2],["shunfan-shao",3],["bigfacewo",2],["guochunxing",2],["xiaozhahu",2],["CLAassistant",3],["kuaile-zc",5],["FrankChen021",4],["li-xiao-shuang",7],["Xezeloh",2],["welldo2017",3],["GreatWriter",2],["yangyshdan",2],["MajorHe1",10],["torna-group",2],["thirteen13Floor",2],["lpaz010",5],["wangxiaofan777",2],["15057196735",2],["Mexking89",2],["qinglong001",2],["zhaoyanwenqi",4],["onlymate918",3],["luolei100",2],["arjenzhou",2],["jiangtianyou",2],["404988672",2],["jackieonway",2],["Fcscanf",2],["TannnnnnnnnnnnnnnnK",2],["dimiduhezi",2],["salamAbbass",2],["likeEverything",2],["zhangchaoyanggit",2],["stone-98",2],["SteafanMrZhou",4],["hy0619",3],["samirliu",2],["LVicBlack",3],["cccfs",2],["kevinw66",3],["chuntaojun",2],["wangjianblue",2],["yaojingguo",2],["onewe",12],["gaogao-glj",2],["tanranv5",3],["richwxd",2],["Endwas",3],["resetmylife",2],["wanghwtaiji",2],["ArthurMograbi",4],["Barbacraft",2],["YishuiLi",2],["602297770",2],["horizonzy",5],["kginglam",2],["ijustyce",2],["paul4156",2],["xiangyunup",2],["pangziwudi",2],["879913935",2],["sibaiabis",2],["ZzuMrW",2],["iQuanhe",2],["damh1205",2],["panpengfei21",3],["hsoftxl",3],["fanyanming2016",2],["Jefeway",2],["usechant",2],["FrameWorkHome",2],["linxiangqian",2],["jerrychern",2],["WilliamShoww",3],["jiaxs-dev",2],["chenshun00",2],["ingla9988",4],["zhangyunan1994",2],["Keegan-y",2],["shy-stone",2],["550372746",3],["shallwxin",2],["zcz3313",2],["soulerror",3],["schooljenry",2],["realray",2],["maxufengboss",2],["z6165039",2],["DickensTone",2],["MIRACLE43",2],["sucaiji",2],["myyyfth",2],["mvpbang",2],["liuxusuifeng",2],["belonace",2],["Ruby6789",2],["realJackSun",5],["brotherlu-xcq",3],["MisterChangRay",3]],"2021-12":[["pangziwudi",2],["370019421",2],["zxcvbnm3057",4],["tiger822",3],["HoneyYan",2],["RuanChenYi",2],["vividfish",2],["Felix200521",2],["lpaz010",5],["aiden-liu413",2],["pengten",2],["Du9r1",2],["wangwei-ying",4],["gang0713",3],["xiongwu1",2],["zhupengfeivip",2],["admlke",2],["694303720",2],["weihubeats",2],["myifeng",3],["MajorHe1",10],["horizonzy",4],["banzuizuui",2],["Reactor-777",2],["usechant",2],["li-xiao-shuang",9],["wamdy",2],["inkinworld",2],["jerrychern",2],["danieLkin2",2],["moil-xm",2],["zcz3313",2],["FreeAndLight",2],["550372746",2],["iwfun",2],["shy-stone",2],["yusufarslanalp",2],["onlymate918",2],["shiyezheng",2],["zhangfangfei",2],["SvenNJ",2],["hcraderGH",2],["eddielishan",2],["katelei6",2],["Liubey",4],["wyx1280",2],["MCommand",2],["codinger2020",2],["L-GROSS",2],["magicgw0928",2],["elvislou",2],["caochenlei",2],["Doomwatcher2004",2],["dhais-rs",2],["zzx769394358",3],["qngl",2],["siaron",2],["ZuoGuocai",2],["Gsssyp",2],["GitTigers",2],["xiongchaogithub",2],["scltiankong",2],["caomingjie-code",7],["Chaos-coder",2],["Minam0",3],["iigx",2],["warriorg",2],["WindyGao",2],["Thavi021",2],["13226633937",2],["cn-src",2],["muyu66",2],["CherishCai",7],["fatetop",2],["onlinechild",3],["xwszwd",3],["catcherwong",3],["andotorg",4],["klong970730",2],["XW512",2],["wagnx",3],["MisterChangRay",3],["brotherlu-xcq",2],["huie2018",3],["charnet1019",2],["bolukezz",2],["guozhongkui",5],["bingo982426",2],["Master-Jack",4],["yoyo837",3],["realJackSun",3],["JasonFCN",2],["zhangpeibisha",2],["x-lambda",2],["CLAassistant",5],["zrlw",10],["alfredodiego",2],["lizhou828",2],["ArthurMograbi",3],["xiaohaibaba",2],["SuperEdison",2],["Brian415",2],["Zonestc18",2],["pccai",2],["501956430",2],["mSpringJackson",2],["237035848",2],["hayderx",2],["coffeeo",3],["kuaile-zc",3],["liulipengju",2],["luolili",2],["KomachiSion",4],["zhangchaoyanggit",2],["cxxwl96",2],["chickenlj",2],["kolema-tech",2],["kevinYuan2017",2],["xiaowt1123",3],["ToryZhou",2],["buffge",2],["onewe",9],["00513651",2],["pxzxj",2],["xiaochangbai",3],["hujun-w-2",8],["triThirty",2],["541538356",2],["JingmoXi",2],["Comven",3],["bangbang2333",2],["youyong1979",2],["Johor03",2],["ingla9988",2],["diqiutasuo123",2],["kealdishx",2],["hsoftxl",2],["wzhj2326",2],["jack-steven-root",3],["896938034",2],["dislazy",3],["wowArthas",3],["karsonto",5],["YunWZ",3],["SteafanMrZhou",6]],"2022-01":[["sohskd",2],["wjkaola123",2],["dengyongqiang",2],["karsonto",2],["sapreen555",2],["jiangshubian",2],["rmzf9192",3],["smm113522",2],["896938034",2],["Charlotte3240",2],["hujun-w-2",8],["Benjamin-Yim",2],["sss6672",2],["CLAassistant",7],["lichuangjian1994",4],["thanks-git",2],["851091009",2],["txlaijava",2],["shunfan-shao",2],["wangchengming666",2],["Belyenochi",6],["zuo-xie",2],["li-xiao-shuang",8],["caochengxiang",2],["andotorg",2],["pansong291",2],["Sivyer9303",3],["zz630",2],["lijing-21",2],["shiyiyue1102",2],["dzygoon",2],["flmelody",3],["realJackSun",6],["caomingjie-code",5],["ijustyce",3],["jinshengyong",2],["wanna280",2],["lehongthong",2],["G-Aaron",4],["myifeng",5],["MajorHe1",7],["Relucent",2],["samuel072",2],["icodening",2],["cutelitchi",2],["tianyu8969",2],["dislazy",2],["leoxhj",2],["zzq1314zll",2],["kuaile-zc",3],["developers-youcong",3],["eternalsilencer",2],["hudsontrius80A",2],["mx189",3],["adeng-wc",3],["KomachiSion",8],["whathell1943",2],["horizonzy",3],["onlyGuo",2],["BillWuSQL",2],["a726832180",2],["blueoo",2],["fatcatmaster",2],["laozj-pineapple",2],["xiaoniuqiu",2],["ksc666",2],["onewe",9],["besile",2],["tansuoboy",2],["gaoliang",3],["xiaoaiseeing",2],["Chaos-coder",4],["wearybird",3],["zhoachenIt",2],["catcherwong",2],["CherishCai",2],["abolfazl3",3],["TEHTIANBOON",2],["wendell-dev",2],["drgnchan",2],["koy1619",2],["dbses",2],["codexinfeng",3],["Ellendumpa",3],["ChannD",2],["iacker",2],["zzx769394358",4],["AnkerCheng",2],["kenboro",2],["rola0411",2],["yangyanqing",2],["GOODBOY008",2],["bestRiven",2],["mali11111",2],["wolfyg",3],["Andac3838",2],["kealdishx",2],["Comven",2],["heyuqiang",2],["Clark2002",2],["jxl4650152",2],["wethura",2],["onlymate918",2],["f5cs",2],["anuserin",2],["brotherlu-xcq",3],["YunWZ",5],["Hello-Linux",2],["chenpengyu119",2],["Liubey",3],["penghuazhou",2],["yvkm",2],["Aweak18",2],["anAtCloudfall",3],["MiracleDx",3],["Jake-ZJ-Tan",2],["zywj",2],["Cherry-Ran",2],["ccoke",3],["xcf007",2],["seedscoder",2],["LijiahaoGit",3],["Davion2017",2],["pengkai242",2],["lpaz010",3],["pengten",2],["vividfish",4],["Vain-vayne",2],["syapollo",2],["christ258",2],["ray5123",2],["zhangle910522",2],["zrlw",7],["hsapphire",2],["sibaiabis",2],["maofangyun",2],["hanxiaop",2],["ChlZhYa",3]],"2022-02":[["martin-g",3],["KomachiSion",8],["Chaos-coder",5],["Shu-001",3],["kuaile-zc",4],["asimplepeople",3],["caomingjie-code",4],["SpecialYang",4],["Starlabtler",3],["lualeslie",3],["Naylor55",3],["SteafanMrZhou",3],["caorong",3],["zhu121",3],["vividfish",3],["wendao8469759",4],["li-xiao-shuang",5],["liqipeng",3],["hujun-w-2",10],["Kicey",3],["limejuiceOwO",4],["YunWZ",4],["gyxbuaa",3],["lwx57280",3],["Roger3581321",3],["myifeng",4],["MajorHe1",6],["realJackSun",6],["zrlw",10],["Sivyer9303",5],["Nailcui",4],["dot-comxtremereboot77",3],["onewe",7],["CLAassistant",3],["fyeeme",3],["tubushitu",3],["zp19890228",3]],"2022-03":[["1262135749",2],["zhengziw",2],["karsonto",3],["woodmanwumeng",2],["sapreen555",2],["kaomianjin",2],["SUJAYJHORA",2],["KevinClair",2],["hujun-w-2",8],["hadoop835",2],["1339811979",2],["CLAassistant",5],["xzxing4143",2],["ytqiao3",3],["tubushitu",4],["zhongxiongzeng",2],["dazuimao1990",2],["banjinbaijiu",2],["vinsonzou",2],["rockit-ba",2],["li-xiao-shuang",7],["StandardStudent",5],["zhouquanbao",2],["ningmengwork",2],["clcc2019",2],["lvhejin",2],["kiddingbaby",2],["zz630",3],["evolution232634",2],["youjunyi",2],["realJackSun",5],["SpecialYang",3],["N1ce759",2],["song-xl",3],["xuzhiguang",4],["chensiyu123456",2],["qngl",3],["dming",2],["xcmonline",2],["shaoglory1",2],["MajorHe1",5],["myifeng",5],["fzxwan",2],["fengxuexiaoyao",2],["MAR722",2],["lingroid",3],["Moneybagbd",2],["kuaile-zc",2],["zhuweimin1994",2],["KomachiSion",14],["jiangjialiang918",3],["JJBoy1995",2],["horizonzy",3],["515445681",2],["luohua13",2],["Armankhan3",3],["ruansheng8",4],["luguoqi",2],["PhilosophyYuan",3],["Loser-XiaoZhi",2],["Fourcks",2],["hieastz",2],["GPL1",4],["qhyjoe",2],["onewe",7],["five111",3],["JemyXiao",2],["tydhot",2],["banzhiyuan",2],["cpj555",2],["lyuangg",3],["ye213",3],["V-yw",2],["w182757427",2],["Piotr2115",2],["huie2018",2],["cydazm",2],["maozuoyun",2],["Adnanfir14",2],["Chaos-coder",9],["Qutianyawangyue",2],["hundanLi",2],["catcherwong",2],["yx928",2],["CherishCai",3],["martin-g",2],["wendell-dev",2],["zrfan2016",3],["yuuagoo",3],["lovelyx",2],["peterAndzeze",2],["bangbang2333",2],["Kicey",5],["adminSxs",2],["skyjilygao",2],["junshi975",2],["heyuan996",2],["foreverloveali",2],["ziminghua",3],["iQuanhe",3],["yumendedao",3],["RealMuDao",3],["choconana",2],["lmw0509",5],["xiaoproject",2],["comeking",2],["YunWZ",2],["shado56",2],["tuyongjian1991",2],["AaronCarrier",2],["worldofchu",2],["liqipeng",4],["1228181394",2],["Maijh97",9],["pixystone",3],["coderTbag",2],["gaofeihang",7],["vividfish",4],["Oliverwqcwrw",7],["PRAHAL2004",2],["DanielLiu1123",3],["Mikecarbon",3],["zhangwenliang012",2],["git-ruoshui",2],["startjava",2],["gfhjkmrf",2],["PUTInHUIL0",2],["apfeldieb",2],["Patricknunn1985",2],["zrlw",9],["529466096",2],["lxlhz",3],["hais1992",2],["KeithTt",4],["Harolder",2],["dach-wh",5],["hnxyhcz",2],["Xsvhii",2]],"2022-04":[["Master-Jack",3],["wyt",3],["nomatterfine",4],["karsonto",4],["Yungestbillionaire",3],["GoGOGORS",3],["hujun-w-2",6],["CLAassistant",4],["Layfolk-zcy",3],["li-xiao-shuang",5],["shiyiyue1102",4],["nuo010",3],["yu5056561661",3],["realJackSun",3],["ShepherdZFJ",3],["shalk",3],["whl12345",4],["MajorHe1",4],["jefferson-chern",5],["andyhewenhui",3],["ZhengBing520",3],["niezhiliang",3],["KomachiSion",14],["zhangpeibisha",3],["lingyalong",3],["onewe",13],["Roger3581321",3],["sandubuhan",3],["qiugongzi",5],["chenhao26-nineteen",8],["Deweywilliams",3],["CherishCai",7],["shineabel",3],["drgnchan",4],["bjxiaojian",4],["bangbang2333",3],["shangjunshang",3],["lmw0509",4],["wangdongyun",7],["liqipeng",9],["Davion2017",3],["gaofeihang",4],["Oliverwqcwrw",9],["tiger822",3],["forxiu",3],["zrlw",5],["KeithTt",4],["panjhgit",3],["bnyte",3],["mengyingsunshi",3]],"2022-05":[["xunluzhe",2],["lpaz010",4],["Amber-Wish",2],["scienceZ",2],["MRGUOKING",2],["Endwas",2],["chenhao26-nineteen",7],["joseshiang",2],["DeBruyne2020",3],["sampou",2],["zhwaaaaaa",4],["lyh200",4],["fengnv17",2],["zhangwang3611",2],["david6969xin",7],["zhengmx1993",2],["wangdongyun",4],["changs0115",3],["DemoMoon",4],["shubham-cmyk",3],["tianxiakeji",2],["junechouiscoming",2],["CLAassistant",3],["luoniyanglan",2],["codecov-commenter",6],["ZH379411584",2],["liauraljl",2],["farhad663",2],["aojiaobaba",3],["mroccyen",4],["wangqingchengsg",2],["airstring",2],["MisterChangRay",4],["brotherlu-xcq",2],["missfmaster",2],["lrh15983478476",2],["Oliverwqcwrw",8],["ChenXueSong99",3],["Morton-Freer",2],["payephyoeaung87",3],["jefferson-chern",2],["shineabel",2],["drgnchan",2],["chrvip",2],["The-Gamer-01",2],["dwj1979",2],["sunzhonghui",3],["pkaq",4],["karsonto",5],["wonkp",3],["maguanyu",2],["ZhengBing520",6],["SmallGaoX",2],["Denielliu",3],["onewe",9],["KomachiSion",17],["lecysky",2],["Vain-vayne",2],["chaihairui",2],["Ryder-yao",2],["mrtr9",3],["Dxcyc9",2],["Orisland",2],["johnyannj",2],["wanliwanli",3],["realJackSun",6],["gMan1990",2],["shiyiyue1102",5],["VINO42",2],["lx308033262",2],["adminSxs",2],["bangbang2333",6],["jimzhke",2],["18205097282",2],["HotSince91",3],["Joy1024",2],["sungenping",2],["qiugongzi",2],["shixitong",2],["CherishCai",10],["libra1010",2],["alex8224",2],["ding11110991",2],["Roger3581321",3],["dph5199278",2],["liyanzu0926",4],["CharlotteZeng",2],["zhushiyang",2],["li-xiao-shuang",5],["XzBuleSky",2],["cnlinjie",2],["PheakTracg",2],["NetRainn",2],["VitZhou",2],["nomatterfine",2],["chensir9811007",2],["Escobar1121",2],["qq31715879",2],["tiger822",2],["mengyingsunshi",2],["Sivyer9303",2],["hujun-w-2",3],["java-aodeng",2],["liqipeng",9],["tonglin96",2],["whl12345",2],["MajorHe1",3],["modebo2611",2],["Johnson-Jia",4],["yaoliu108",3],["JasonMing",2],["duckyduck",2],["xjlgod",2],["wanyy15083",2],["js20166098",2],["Jesus-cl",2],["LeonardoEzio",2],["jasonpyf",2],["zhangpan-soft",3],["lianglituan",3],["Osusushue",2],["imjcoder",2],["KeithTt",3],["ITdawang",2],["thinkerFenglm",2],["jsczrangel",3],["xiaoniuqiu",2],["ysypnbh",2],["longlizl",2],["zhizuntop",2],["xiaobailh",2],["leechliao",2],["shouziws",2],["zengziqiang",2],["ziminghua",2]],"2022-06":[["guoerpang",2],["yydzxz",3],["rottenmu",2],["onewe",10],["five111",4],["CherishCai",6],["actliboy",2],["s614053620",2],["The-Gamer-01",3],["china-enoch",2],["shanjia-sdu",2],["CLAassistant",4],["MrWY",2],["wytjiayou",4],["david6969xin",6],["xiangyunup",2],["startan",2],["jefferson-chern",2],["ymwfish",3],["shiyiyue1102",3],["54853315",2],["Gavinluo",2],["zhangpan-soft",2],["BrooksJoshua",2],["dixtdf",2],["Roger3581321",4],["gefufeng",2],["rechardwang",2],["bangbang2333",3],["Sivyer9303",2],["Oliverwqcwrw",5],["youlvlv",2],["scienceZ",3],["MRGUOKING",2],["qq494679975",2],["chensir9811007",2],["ayifeng",2],["zrlw",2],["xiaochangbai",3],["hujun-w-2",6],["legendmyth",2],["scientificCommunity",2],["chaoyoung",2],["mengyingsunshi",3],["Jamel-jun",3],["KomachiSion",15],["dengdalue",2],["JavaLionLi",3],["shubham-cmyk",3],["SuYapeng",2],["leblancvn",2],["YunWZ",3],["HFEzreal",2],["Arvinzhu",3],["pyongj",2],["chenhao26-nineteen",9],["pinpindao",3],["zhangYuanTaoxx",2],["ZebulonFeng",5],["yangshangzeng",2],["lpaz010",2],["zyjhellohi",3],["codelearner1024",2],["draco1023",3],["kingblw",2],["HuashengJi",2],["codecov-commenter",6],["Master-Jack",3],["ChangYunQing",2],["mlogKey",2],["leego86",2],["woshiqiuxiaoyan",2],["liudechao1",2],["lianglinhuan",2],["ipanocloud",2],["Joy1024",2],["MisterChangRay",2],["hyw520110",3],["MajorHe1",4],["view6view",2],["shouziws",2],["horizonzy",3],["shaoyujiang",2],["gityuany",2],["trestea",2],["zhujiebing",2],["shalk",2],["qinhaiqinshui",2],["kyvli",2],["ZHBlue5",2],["410853222",2],["zhwaaaaaa",2],["liqi19950722",2],["Shing20",2],["huangsanyeah",2],["wangshengji",3],["ZhangShenao",3],["karsonto",5],["liqipeng",9],["wangshiwen226",2],["ZhaoGZzzzzzzz",2],["riane2",2],["as3324",2],["MentosL",3],["17810257325",2],["RoanFan",2],["CaiJiHuzhuo",5],["caozhiyuan",2],["nuo010",3],["LWHark",2],["likicese",2],["wuchubuzai2018",4],["M3235",2],["li-xiao-shuang",6],["pkaq",3],["kinggm520",3],["yhm-amber",2],["drgnchan",3],["liyixi",2],["chuntaojun",2],["Wujxxxx",2],["hhfdna",2],["realJackSun",4],["517227989",2],["htwdjqr",2],["tianj456",2]],"2022-07":[["zz630",4],["hxz123",2],["wangdongyun",2],["fufk2022",2],["marksugar",2],["lsh1358046425",2],["yulinfeng1024",2],["CherishCai",5],["IcebergXTY",2],["RocketEngine26",2],["docdav66",2],["wentfar",2],["zqq90",3],["MaoMiMao",2],["w13259889276",2],["Ax-For",2],["jiajiangnan",5],["Yurunsoft",4],["dixtdf",2],["li-xiao-shuang",4],["wuchubuzai2018",6],["sunyanghah",2],["hzauitdog",2],["iszhangsc",2],["GithubGey",2],["zhanghan2585",3],["mengyingsunshi",2],["marvinpan8",2],["onewe",9],["jsagittary",2],["zrfan2016",2],["hedu00",2],["moonciki",2],["somta",2],["ImproveSalaryProgrammer",3],["YunWZ",6],["The-Gamer-01",3],["windswu",2],["Master-Jack",3],["DickensTone",2],["chenhao26-nineteen",6],["stone-98",5],["MRGUOKING",2],["scienceZ",3],["hh13516117509",3],["heimanba",2],["The-Plumber101",2],["weiwuduzui",2],["dennissky",2],["shining-stars-lk",2],["varGengYang",2],["KomachiSion",17],["PG9V09QP",2],["leeroy-code",2],["lossend",2],["xhans",2],["beijixing1745",2],["ZhangShenao",6],["evin0329",3],["HuashengJi",2],["tonglin96",2],["wushuaiping",3],["whl12345",5],["MajorHe1",4],["isysc1",2],["freedom-all",2],["wangwenpeng1",2],["elvislou",2],["CLAassistant",3],["lyf712",3],["Yasin4040",2],["SupoorMan",2],["skippyb1",3],["QiaoGen",3],["SpecialYang",2],["Satyampandey637",2],["realJackSun",2],["luyunhua",2],["mingtiao13",2],["zhangyong-java",2],["caden518",2],["LiJunYi2",3],["cdk8s-zelda",3],["renjiangyang",2],["doufum",2],["Oliverwqcwrw",6],["yydzxz",4],["beyondLi71",2],["1em0n9527",3],["Xieyuhang1992",2],["17091982",3],["jjluUp",3],["five111",4],["pixystone",6],["wytjiayou",2],["Rexoen",2],["intfish123",2],["NingZhenPeng",2],["kewei93",2],["vergilyn",2],["hepan",2],["min1854",2],["huyouba1",2],["wscxyey",2],["2296032269",2],["hujun-w-2",6],["xiaochangbai",2],["tubushitu",2],["kqbi",3],["YuanFY",2],["1137661952",2],["gitchong",2],["sky942",2],["lyiyl",3],["BeautifulMary",2],["lvhejin",2],["shiyiyue1102",2],["cantevenl",2],["Ellis1990",2],["yichouchou",4],["john1337",2],["MentosL",2],["zzb980881",2],["tianyu8969",3],["choice",2],["codecov-commenter",5],["storm-blue",2],["springcloudconf",2],["GravityMatrix",2],["yangzhongj",2],["15637942788",2],["ppshinebl",2],["flyleixin",2],["gefufeng",2],["liqipeng",3],["hs354355279",2]],"2022-08":[["wuwen5",3],["yichouchou",4],["jjluUp",3],["l1141806406",3],["five111",3],["heimanba",3],["yyuyitian",3],["Fansoubadiane",3],["HotSince91",3],["123liuziming",3],["wuchubuzai2018",5],["li-xiao-shuang",5],["lewis-wu",3],["LWHark",3],["codecov-commenter",5],["openonx",7],["moonciki",5],["mark8s",3],["lyf712",6],["gaoguofan",3],["li-zheng-hao",3],["yjqg6666",4],["MajorHe1",4],["whl12345",6],["tangyuxiaoyao",3],["CLAassistant",4],["RocketEngine26",3],["caozhiyuan",3],["onewe",9],["stone-98",5],["Qutianyawangyue",3],["chenhao26-nineteen",10],["zhu121",3],["karsonto",7],["testnet0",3],["zhangjundong1992",3],["fejay",3],["brotherlu-xcq",6],["aliuql",3],["The-Gamer-01",4],["MRGUOKING",3],["hh13516117509",6],["codelearner1024",3],["cws1981",3],["Ax-For",5],["talentwing",3],["Daydreamer-ia",3],["jefferson-chern",3],["tobeng",3],["KomachiSion",19],["godhth",3],["12973796",3],["YunWZ",6],["xiaochangbai",3],["hujun-w-2",6],["CherishCai",3],["shiherua",3]],"2022-09":[["catalpa-tree",3],["lyf712",3],["lphx",3],["ZhongJinHacker",3],["xiaojiazu",3],["CLAassistant",3],["hujun-w-2",3],["Jason-Yu-RD",3],["lizhibo0914",3],["hillbun",5],["ldkkkkk",3],["YunWZ",3],["3721518",3],["sashashura",3],["chenhao26-nineteen",4],["EmanuelGi",3],["taxus1",3],["Roger3581321",3],["MonaLisaFineHair",3],["zh-Aispaly",3],["wuchubuzai2018",5],["rickyEI",3],["DickensTone",3],["rookie-ricardo",5],["nomatterfine",5],["wangk-c",3],["goto456",3],["Layfolk-zcy",5],["ruansheng8",3],["five111",3],["qhyjoe",3],["onewe",6],["cjy1731896459",3],["karsonto",7],["The-Gamer-01",8],["hoErYu",5],["KomachiSion",17],["brotherlu-xcq",4],["Cocowwy",3],["FightForBigData",3],["fiuty",3],["stone-98",7],["Ax-For",6],["HappyDoyourself",3],["quan8888",3],["realJackSun",5],["codecov-commenter",6],["heidaodageshiwo",4],["ypp614925919",3],["augustazz",3],["zhouchunhai",4],["jjastan",6],["XiLuoJun",3],["MRGUOKING",3],["pixystone",5],["wangzz-a",3],["AJFMBL",3],["Daydreamer-ia",3]],"2022-10":[["SpecialYang",4],["karsonto",8],["yann9",3],["liulei08",3],["ijustyce",4],["godhth",7],["Sphairis",3],["RapperCL",6],["ruansheng8",3],["liuchen6",3],["Maksim-lk",3],["wxjin",3],["pixystone",3],["22GNUs",3],["Daydreamer-ia",5],["YunWZ",4],["The-Gamer-01",4],["JavaLionLi",3],["dennissky",3],["chenhao26-nineteen",6],["CLAassistant",4],["SirMin",3],["yimao",3],["BoyuLi4",3],["hujun-w-2",5],["UnderwearDark",3],["David-wu91",3],["lyf712",4],["zhouchunhai",3],["john1337",3],["Linuxxia",3],["RuicyWu",3],["503612012",3],["presenth7s",3],["Roger3581321",4],["CherishCai",4],["zyy1161623489",3],["RocketEngine26",4],["shiyiyue1102",5],["KomachiSion",18],["onewe",3],["zgqq",3],["realJackSun",3],["wh88725",3],["caqhy",3],["codecov-commenter",6],["kunl",3],["wuchubuzai2018",7],["li-xiao-shuang",5],["dingzx3",4],["zzl14273119",3],["MajorHe1",3]],"2022-11":[["Maksim-lk",3],["godhth",7],["drgnchan",3],["HACKED-need-HELP",7],["hujun-w-2",5],["mltneal",3],["kirklin",3],["zyy1161623489",3],["dahai9594",3],["CLAassistant",5],["985492783",5],["MangerLe",3],["realJackSun",3],["zhantiao",3],["YunWZ",6],["dc-orz",3],["zfpromise",3],["KomachiSion",14],["The-Gamer-01",6],["jiangjunliu",4],["npk191954",3],["karsonto",6],["dennissky",4],["nonpool",3],["Layfolk-zcy",3],["bmk15897",3],["zz630",4],["shihui-tang",4],["David-wu91",4],["wuchubuzai2018",6],["li-xiao-shuang",14],["zume0127",4],["codecov-commenter",7],["liuxiong21",3],["l12i7n19",4],["shiyiyue1102",3],["ruansheng8",3],["chengyj1986xxx",3],["brotherlu-xcq",3],["ZhongJinHacker",3],["RongXiong2016",3],["atzq1234",3],["onewe",5],["tonglin96",3],["CherishCai",4],["Salhazry",3],["RapperCL",4],["Rigavinil201",3]],"2022-12":[["samaert",2],["lucumt",2],["badx",2],["rookie-ricardo",2],["littleJK-sys",2],["jkxbest",3],["leizq",2],["daanhan",2],["xiaoymin",2],["yinweiliaojie08",2],["InGramViking",4],["npk191954",3],["shiyiyue1102",4],["Prometheusxiao",2],["DaiYuanchuan",2],["hsiong",2],["gushoucang",2],["licheng1013",2],["SpecialYang",3],["bodhili",2],["zcz3313",2],["chndzcl",2],["xzxiaoshan",4],["luohua13",2],["xuechaos",3],["realJackSun",2],["winer632",3],["985492783",6],["MangerLe",3],["karsonto",4],["a25017012",2],["maosi",2],["vividfish",3],["MrLiuFang",2],["ikhtearalamshawonmollah54321",2],["c3b2a7",2],["chingjustwe",2],["hwsmithhuangwu",2],["xuxiaowei-com-cn",2],["qiguisen",3],["ZHANNARaykh",2],["yfgcq",2],["guozongkang",2],["ZenkieBear",2],["yanyixin1993",2],["TC-wang",2],["km11221122",3],["hillbun",3],["stone-98",2],["yoga-hc",2],["paderlol",3],["lwx57280",4],["justinlau0118",3],["drgnchan",3],["shunfengli",2],["qumj123",2],["Daydreamer-ia",4],["shining-stars-lk",3],["chengyouling",2],["bingyang001",2],["afeiluo",2],["dylan-tao",2],["hutou-workhouse",2],["wenbin-usr",3],["godhth",2],["mayl0415",2],["myoss",2],["waterrr",2],["Aeizzz",2],["hsming",2],["zhuyou1234",2],["codecov-commenter",5],["cavellpotter",3],["MoyaiTing",2],["wenxuan70",2],["bad-pear",2],["hqgordon",2],["blurmemo",3],["q6527127",3],["MOONYANYI",2],["yidaiweiren",2],["pigping88",2],["xiangtianyu",2],["chenhao26-nineteen",5],["Accelerator96",2],["hujun-w-2",2],["byMoWen",2],["whaiq",2],["keep-learning-hub",3],["ilbcj",2],["673885125",2],["francis-xjl",2],["BerlinA4real",2],["KomachiSion",12],["cloorc",3],["YunWZ",5],["wuchubuzai2018",2],["li-xiao-shuang",5],["zz630",4],["sixsixsix516",3],["cjy1731896459",2],["PRANRAVEE",2],["caominhua",2],["XW512",3],["qq1042016038",2],["CLAassistant",3],["wilsonwu",2],["llussy",2],["shouldsee",2],["a1156698162",3],["MajorHe1",2],["twelvet-s",4]],"2023-01":[["JavaAjust",2],["lyf712",3],["pengkang1991",2],["shunfengli",2],["feixia5712",3],["CLAassistant",4],["gnmsss",2],["hujun-w-2",3],["ForLina",3],["15057196735",2],["Westbrookadmin",2],["YunWZ",8],["cinling",2],["InGramViking",2],["xingdong015",5],["rola0411",2],["lujiefsi",2],["mxsm",2],["YeJiaL",2],["MajorHe1",4],["withbluebell",2],["JRU1",2],["Vain-vayne",4],["Mnnuzhy",2],["fusiming",2],["liu-xg",3],["jaimyjie",2],["ylq5126",2],["wilsonwu",4],["wuchubuzai2018",2],["pengxudie",2],["PRANRAVEE",3],["myoss",2],["githubcheng2978",3],["Bin1993",2],["Korov",3],["wallyf1972",2],["zhaoxinhu",3],["lidaoyang",2],["mygithubzh123",3],["985492783",2],["WuGuozhi",2],["qhyjoe",2],["zhangdejin-tom",2],["cjy1731896459",2],["sixsixsix516",5],["frankywen",3],["zhanjunjie2019",2],["karsonto",6],["AllianceTing",2],["The-Gamer-01",4],["alvhui0914",2],["sunyanqing01",2],["CherishCai",2],["AlbumenJ",3],["KomachiSion",14],["zhuyou1234",2],["65725738",2],["leocache",2],["zhaobingss",2],["wuyad",2],["keep-learning-hub",2],["huayangchan",3],["ikhtearalamshawonmollah54321",2],["zgqq",3],["luohua13",2],["xzxiaoshan",7],["zijianlee",2],["codecov-commenter",4],["liuen0110",2],["WormholeChina",2],["shiyiyue1102",2],["zz630",2],["qq303579750",3],["liruhui",2],["javaoffers",2],["elvislou",2],["beijixing1745",2],["GOODBOY008",3],["hsiong",2],["Rigavinil201",2],["0utman1",2],["wenxuan70",2],["beanlks",2],["yuluo-yx",2],["redscarfz",4],["saiyujs",2],["sunlifang90",2],["Aeizzz",3],["mroldx",2],["aomsir",2],["Daydreamer-ia",2],["tian-qingzhao",2]],"2023-02":[["YunWZ",9],["FengJinghHua",3],["Daydreamer-ia",4],["IJiaPu",5],["godhth",3],["KomachiSion",16],["CherishCai",3],["985492783",3],["zt9788",3],["wangliang181230",5],["vividfish",3],["isgbuddy",3],["4yDX3906",4],["shiyiyue1102",7],["ijustyce",3],["hujun-w-2",4],["guozongkang",5],["MajorHe1",6],["tianhanjun",3],["karsonto",5],["duhongx",3],["githubcheng2978",5],["15637942788",3],["JaneYork",3],["ZhangShenao",5],["tonycody",4],["onewe",3],["gaspire",4],["lpaz010",3],["PRANRAVEE",5],["chenhao26-nineteen",4],["Jedore",3],["chenws1012",3],["codecov-commenter",5],["dongduang",3],["xuziyang",3],["onexuan",3],["ruansheng8",4],["CLAassistant",4],["xzqqqcom",3],["huayangchan",4],["frank-zsy",3],["Rigavinil201",3],["The-Gamer-01",3]],"2023-03":[["lambdaxs",2],["r023875206",2],["a9-zheren",2],["lyon121024",2],["WenstAlanni",2],["sixsixsix516",2],["wuai1024",3],["youngledo",2],["huayangchan",2],["LLLWD",5],["wuwen5",2],["caixiaomao",3],["jinanxiaolaohu",2],["quan7u",2],["LiamLea",3],["wangluoxiaozhazha",2],["miaoyahong",2],["4yDX3906",2],["MI-cool",4],["369zxc9",2],["superdevops-cn",2],["onewe",5],["SonicBrother",3],["InsaneLighter",3],["sniper-xx",3],["wuchubuzai2018",2],["David-wu91",3],["wilsonwu",6],["dinobot71",3],["pupupupu1",2],["MentosL",4],["985492783",6],["wlkfec",2],["zz630",2],["varyuan",6],["gaspire",2],["opencmit2",2],["mylixiangxiang",2],["guozongkang",4],["zonghay",3],["XW512",2],["Tan-Pchan",2],["huzhonglu1",2],["BigBigFeiFei",4],["tian-qingzhao",2],["amendgit",2],["hujun-w-2",2],["lijianxc",3],["bambooToxic",2],["MingYangT",2],["LeePui",3],["yugezuishuai",2],["podigua",2],["qisongsl",2],["RTGMS",2],["llaqq10000",2],["wxywizard",2],["yuluo-yx",3],["gaoxuliang",4],["xingcong1991",2],["YunWZ",7],["Liang-Dongxing",2],["xiangtianyu",2],["songbogit",2],["liubao68",2],["lr2999256",2],["rechardwang",2],["moonciki",2],["Kiddo-scf",4],["kamner",2],["kvhuang",2],["Daydreamer-ia",8],["iamlinzihao",2],["shiyiyue1102",6],["lbq972149981",2],["secret1base",3],["coder-xiaomo",3],["wsw136",2],["vnjohn",2],["skywalkerfy",2],["CLAassistant",4],["wonkp",2],["karsonto",4],["suozq1",2],["laohuan12138",2],["yuhaowin",2],["dspo",3],["romanticmj",2],["coolbeevip",2],["KANLON",3],["nsdsb123",2],["sukai-cheng",2],["silent-night-no-trace",3],["IJiaPu",2],["fyuan1316",2],["rushwing",2],["yunweidage",2],["mroldx",3],["yangxj96",2],["PRANRAVEE",2],["lovlyhao",3],["yuyijq",6],["KomachiSion",21],["Zhaodayebk",2],["gaorun588",2],["ohmybabydoll",2],["ArdenCHan",3],["paderlol",3],["chinameok",2],["BR-Liu",2],["hudingwen",2],["LonePheasantWarrior",2],["karl-chanel",2],["dbgee",2],["qq253498229",2],["liu1015",2],["tzsc",2],["codecov-commenter",6],["cavellpotter",3],["qfengj",2],["githubcheng2978",5],["jxplus",3],["Lin-1997",3],["chenglutao",3],["Lctiv",2],["wenerme",2],["Silocean",2],["cwxiaoc",2],["IvanWhisper",2],["zhaoxuguang",3],["ccx1",2],["ghairui",4],["liukefu2050",2],["dadadaguyue",2],["lululu-sir",2],["3139487747",3],["DaoDone",2],["xjf740114031",2],["youngcle",2],["MajorHe1",3],["qinghuozhang",3],["jC8WbQ2cH4ymFBk",2],["Chise1",2],["luankun88",3],["xl-0909",3],["RoyWong0220",3],["pixystone",3],["xiaoyonghaoe",2],["LordMaduz",2],["309283175",4],["CherishCai",3],["parchk",2],["WhoisX",2],["bigdou666",2],["clcc2019",2],["vividfish",4],["zhangdejin-tom",2],["ZhangShenao",2],["lpaz010",2],["Accelerator96",3],["wangdongyun",2],["n1x0l4s",3],["zcz3313",2],["wangliang181230",7],["r-rhythm",2],["202020100879",2]]}