{"2018-07":[["126.com","2"],["alibaba-inc.com","1"],["gmail.com","1"],["163.com","1"]],"2018-08":[["163.com","3"],["alibaba-inc.com","2"],["users.noreply.github.com","2"],["126.com","1"],["gmail.com","1"]],"2018-09":[["alibaba-inc.com","7"],["126.com","3"],["gmail.com","3"],["ele.me","1"]],"2018-10":[["gmail.com","12"],["alibaba-inc.com","3"],["163.com","2"],["taovip.com","2"],["users.noreply.github.com","2"],["ele.me","1"],["qq.com","1"]],"2018-11":[["gmail.com","8"],["126.com","3"],["alibaba-inc.com","3"],["163.com","3"],["ele.me","2"],["pguodeMacBook-Pro.local","1"],["togetu.in","1"],["qq.com","1"],["nkorange.com","1"]],"2018-12":[["gmail.com","8"],["ele.me","4"],["alibaba-inc.com","3"],["163.com","3"],["126.com","1"],["qq.com","1"]],"2019-01":[["gmail.com","9"],["163.com","7"],["ele.me","5"],["126.com","3"],["alibaba-inc.com","3"],["nkorange.com","1"],["ushareit.com","1"]],"2019-02":[["gmail.com","9"],["126.com","7"],["alibaba-inc.com","4"],["qq.com","3"],["163.com","3"],["nkorange.com","2"]],"2019-03":[["126.com","12"],["gmail.com","8"],["qq.com","2"],["163.com","2"],["xiaochunxxcdeMacBook-Pro.local","1"]],"2019-04":[["gmail.com","11"],["nkorange.com","3"],["126.com","2"],["alibaba-inc.com","2"],["163.com","2"],["live.com","1"],["qq.com","1"]],"2019-05":[["163.com","5"],["gmail.com","3"],["alibaba-inc.com","3"],["qq.com","2"],["users.noreply.github.com","1"],["126.com","1"],["nkorange.com","1"],["ddatsh.com","1"],["live.com","1"]],"2019-06":[["gmail.com","13"],["163.com","6"],["qq.com","4"],["live.com","2"],["apache.org","1"],["outlook.com","1"]],"2019-07":[["gmail.com","7"],["qq.com","5"],["163.com","3"],["alibaba-inc.com","2"],["aikin.me","1"]],"2019-08":[["apache.org","9"],["qq.com","2"],["gmail.com","2"],["126.com","1"]],"2019-09":[["qq.com","8"],["gmail.com","8"],["163.com","5"],["live.com","1"],["alibaba-inc.com","1"],["apache.org","1"]],"2019-10":[["qq.com","5"],["gmail.com","4"],["alibaba-inc.com","2"],["users.noreply.github.com","1"]],"2019-11":[["163.com","12"],["qq.com","6"],["gmail.com","5"],["aliyun.com","2"],["foxmail.com","2"],["zhfish.net","1"],["users.noreply.github.com","1"]],"2019-12":[["qq.com","6"],["gmail.com","3"],["gongdao.com","1"],["aliyun.com","1"],["users.noreply.github.com","1"]],"2020-01":[["gmail.com","4"],["qq.com","3"],["163.com","3"],["hotmail.com","2"],["eques.com.cn","1"]],"2020-02":[["gmail.com","5"],["qq.com","1"]],"2020-03":[["gmail.com","10"],["163.com","6"],["126.com","1"],["qq.com","1"],["live.com","1"],["alibaba-inc.com","1"],["outlook.com","1"]],"2020-04":[["gmail.com","3"],["live.com","2"],["126.com","1"],["qq.com","1"],["zenlayer.com","1"]],"2020-05":[["live.com","11"],["gmail.com","5"],["qq.com","4"],["zenlayer.com","1"]],"2020-06":[["qq.com","10"],["live.com","7"],["gmail.com","5"],["users.noreply.github.com","4"],["163.com","4"],["tutorabc.com.cn","2"],["alibaba-inc.com","2"],["hotmail.com","1"],["aliyun.com","1"],["foxmail.com","1"],["cmss.chinamobile.com","1"]],"2020-07":[["gmail.com","15"],["qq.com","3"],["users.noreply.github.com","1"],["jcod3r.com","1"],["hotmail.com","1"],["sina.com","1"],["cmss.chinamobile.com","1"]],"2020-08":[["gmail.com","9"],["users.noreply.github.com","4"],["live.com","3"],["qq.com","2"],["hotmail.com","1"],["163.com","1"],["aliyun.com","1"],["foxmail.com","1"]],"2020-09":[["qq.com","13"],["yeah.net","1"],["gmail.com","1"],["163.com","1"]],"2020-10":[["qq.com","11"],["live.com","5"],["gmail.com","4"],["users.noreply.github.com","2"],["apache.org","1"]],"2020-11":[["qq.com","7"],["live.com","5"],["gmail.com","5"],["163.com","1"],["outlook.com","1"]],"2020-12":[["qq.com","13"],["gmail.com","3"],["users.noreply.github.com","2"],["inspur.com","1"],["163.com","1"],["aliyun.com","1"]],"2021-01":[["qq.com","24"],["users.noreply.github.com","2"],["163.com","1"]],"2021-02":[["qq.com","8"],["gmail.com","2"],["163.com","1"]],"2021-03":[["qq.com","13"],["gmail.com","4"],["users.noreply.github.com","2"],["163.com","1"]],"2021-04":[["qq.com","30"],["gmail.com","2"],["users.noreply.github.com","2"],["163.com","1"]],"2021-05":[["qq.com","13"],["gmail.com","4"],["users.noreply.github.com","3"],["163.com","2"],["sfmail.sf-express.com","1"],["hotmail.com","1"],["aliyun.com","1"],["outlook.com","1"]],"2021-06":[["qq.com","9"],["gmail.com","3"],["users.noreply.github.com","3"],["163.com","2"],["126.com","1"],["sfmail.sf-express.com","1"],["antgroup.com","1"],["outlook.com","1"]],"2021-07":[["qq.com","12"],["users.noreply.github.com","5"],["163.com","2"],["aliyun.com","2"],["outlook.com","2"],["sfmail.sf-express.com","1"],["vip.qq.com","1"],["gmail.com","1"]],"2021-08":[["users.noreply.github.com","8"],["qq.com","4"],["gmail.com","2"],["163.com","2"],["aliyun.com","2"],["126.com","1"],["sina.com","1"]],"2021-09":[["qq.com","10"],["users.noreply.github.com","3"],["126.com","2"],["outlook.com","2"],["startdt.com","1"],["163.com","1"],["aliyun.com","1"],["sfmail.sf-express.com","1"]],"2021-10":[["qq.com","2"],["alibaba-inc.com","1"],["apache.org","1"],["aliyun.com","1"]],"2021-11":[["qq.com","4"],["users.noreply.github.com","3"],["gmail.com","2"],["startdt.com","1"],["hotmail.com","1"],["antgroup.com","1"],["onew.me","1"]],"2021-12":[["qq.com","7"],["gmail.com","3"],["users.noreply.github.com","3"],["outlook.com","2"],["alibaba-inc.com","1"],["hotmail.com","1"],["onew.me","1"]],"2022-01":[["users.noreply.github.com","11"],["qq.com","8"],["alibaba-inc.com","2"],["gmail.com","2"],["163.com","1"],["aliyun.com","1"],["sina.com","1"]],"2022-02":[["qq.com","4"],["alibaba-inc.com","4"],["users.noreply.github.com","4"],["gmail.com","1"],["aliyun.com","1"],["sina.com","1"]],"2022-03":[["qq.com","6"],["163.com","5"],["alibaba-inc.com","3"],["gmail.com","3"],["users.noreply.github.com","3"],["onew.me","1"],["sina.com","1"]],"2022-04":[["users.noreply.github.com","5"],["qq.com","4"],["alibaba-inc.com","3"],["163.com","3"],["gmail.com","2"],["hotmail.com","1"],["aliyun.com","1"],["onew.me","1"],["foxmail.com","1"]],"2022-05":[["users.noreply.github.com","9"],["qq.com","6"],["alibaba-inc.com","3"],["hotmail.com","2"],["163.com","1"],["aliyun.com","1"],["onew.me","1"]],"2022-06":[["users.noreply.github.com","6"],["qq.com","4"],["163.com","3"],["hotmail.com","2"],["gmail.com","1"],["sina.com","1"],["alibaba-inc.com","1"],["aliyun.com","1"],["onew.me","1"]],"2022-07":[["qq.com","5"],["alibaba-inc.com","5"],["users.noreply.github.com","5"],["163.com","2"],["gmail.com","1"],["onew.me","1"]],"2022-08":[["qq.com","19"],["onew.me","11"],["users.noreply.github.com","6"],["xiaomi.com","3"],["gmail.com","2"],["alibaba-inc.com","2"],["hotmail.com","1"],["aliyun.com","1"],["163.com","1"]],"2022-09":[["users.noreply.github.com","9"],["qq.com","4"],["alibaba-inc.com","3"],["gmail.com","3"],["hotmail.com","2"],["aliyun.com","1"],["onew.me","1"]],"2022-10":[["users.noreply.github.com","23"],["qq.com","9"],["gmail.com","5"],["alibaba-inc.com","4"],["aliyun.com","1"]],"2022-11":[["users.noreply.github.com","12"],["qq.com","6"],["hotmail.com","2"],["gmail.com","1"],["xiaomi.com","1"],["163.com","1"],["onew.me","1"]],"2022-12":[["qq.com","6"],["alibaba-inc.com","4"],["gmail.com","2"],["126.com","1"],["users.noreply.github.com","1"]],"2023-01":[["qq.com","4"],["gmail.com","3"],["163.com","2"],["users.noreply.github.com","2"],["alibaba-inc.com","1"],["hotmail.com","1"],["xiaomi.com","1"]],"2023-02":[["users.noreply.github.com","5"],["qq.com","5"],["gmail.com","2"],["126.com","1"],["hotmail.com","1"],["xiaomi.com","1"],["alibaba-inc.com","1"],["onew.me","1"],["163.com","1"]],"2023-03":[["gmail.com","13"],["qq.com","8"],["alibaba-inc.com","6"],["users.noreply.github.com","4"],["163.com","2"],["126.com","1"],["hotmail.com","1"],["onew.me","1"]]}