{"2018-08":["hxy1991","qingyun-wyx","crystonesc"],"2018-09":["nkorange","wyp12","loadchange","xuechaos"],"2018-10":["mercyblitz","RojerAlone","javartisan","UfukOzcelik","0xflotus","jameslcj","yanlinly","aCoder2013","mingyixu"],"2018-11":["ethonchen","nanamikon","paderlol","wfnuser","yangyshdan","jun1st","liaozan","pguo65535"],"2018-12":["anjia0532","gqxie","TsingLiang","foamfish"],"2019-01":["lostcharlie","FrankBian","universefeeler","fudali113","wuyoushan","ankeway"],"2019-02":["systp","huangyunbin","luoxn28","jifengnan","pbting","darkness463"],"2019-03":["fluffywar","peachyy"],"2019-04":["Summerslyb","Albert-Hugo","Fanzaijun","neatlife","sheiy","paulzhangcc"],"2019-05":["ddatsh","justlive1","XCXCXCXCX","rushsky518","chuntaojun","Braavos96"],"2019-06":["zhaoyuguang","Nicholas2015","IanCao","dupengcheng","yongchao9","iHelin","slievrly"],"2019-07":["KeRan213539","aikin","ly641921791","xianlaioy"],"2019-08":["beldon","xkcoding"],"2019-09":["stackisok","freekry","finalcola","brucelwl","EZLippi","ThomasPerkins1123"],"2019-10":["vettal-wu","Veryfirefly","satjd"],"2019-11":["zhfish","MistRay","lzf971107","huangdx0726","ZhZGod","lcosmos","xilipilige"],"2019-12":["hykjtt","zhenxianyimeng","easyhaloo","WG-Roy","codeimport"],"2020-01":["langghaha","lidaoyang","jzdayz","JerryChin"],"2020-02":["zhixiangyuan","ZShUn"],"2020-03":["lkxiaolou","theonefx","Maijh97"],"2020-04":["wangweizZZ","wolfgangzhu"],"2020-05":["KomachiSion","showkawa","yfh0918","jiangcaijun","ObserverYu","wolfdriver","zongtanghu"],"2020-06":["kekerzzZ","liwen2555376","wu-sheng","pengzhengfa","horizonzy","jintonghuoya","zhouhailin","J-Cod3r","alloevil","pigxcloud","lin-mt","baolongcheng"],"2020-07":["shiyiyue1102","zhangjidi2016","ljhrot","CsyDesign","18964198046","markhuyong","yanjunnf"],"2020-08":["sanxun0325","linqunhui","Xarrow","zzq1314zll","qm0123","syapollo","CodeDiggerSuzl","corey89757"],"2020-09":["shizhengxing","mark4z","Technoboy-"],"2020-10":["realJackSun","geertjanw","jzhishu","Gitwangpin","zilongTong","hoswey","xdshent"],"2020-11":["SunJiFengPlus","iochenlei"],"2020-12":["neighbor-uncleWang","lexburner","christophe-liwei","freshgeek","haoyann","wjm0729","luoos","xuande"],"2021-01":["catcherwong","onewe","ttttangzhen","shalk","a7217107","lzp0412"],"2021-03":["zhangcly","MajorHe1","li-xiao-shuang","pixystone","imba-tjd"],"2021-04":["ShawnSiao","brotherlu-xcq","xiaoheng1","TouchZZZ","CherishCai","pig-stdv","FlyingLambrog","seekerrc","drgnchan","goodjava","Jisfeng","kevinw66","iaoongin","RobberPhex","whalecold","cutiechi"],"2021-05":["MisterChangRay","wuwen5","CoderPoet","tian-qingzhao","ChunMengLu","mask616","bird-man04","plusmancn"],"2021-06":["andotorg","MI-cool","zhongxiongzeng","caojiele"],"2021-07":["hunjipo","GuoHyan","Roger3581321","bdqfork","zarkzheng","iuv"],"2021-08":["myifeng","SpecialYang","newJimmyChu","zrlw","secbr","Wuyunfan-BUPT","BlackBAKA","Holdonbei"],"2021-11":["soulerror","ethanlawrence","lpaz010","siaron"],"2021-12":["YunWZ","guozhongkui","hujun-w-2","xiaochangbai","caomingjie-code","onlinechild","karsonto","dislazy"],"2022-01":["kealdishx","MiracleDx","pengten","shunfan-shao","ccoke"],"2022-02":["SteafanMrZhou","chenhao26-nineteen"],"2022-03":["lmw0509","gaofeihang","DanielLiu1123","ruansheng8","Oliverwqcwrw","ye213"],"2022-04":["qiugongzi","bjxiaojian","jefferson-chern","Nailcui","liqipeng"],"2022-05":["ziminghua","david6969xin","bangbang2333","HotSince91","Endwas","lyh200","ZhengBing520"],"2022-06":["scienceZ","ZhangShenao","draco1023","Sivyer9303","The-Gamer-01","wangshengji"],"2022-07":["yydzxz","mengyingsunshi","wuchubuzai2018","lyf712"],"2022-08":["Ax-For","yjqg6666","stone-98","openonx","shiherua","MRGUOKING","heimanba"],"2022-09":["zhouchunhai","jjastan","rookie-ricardo","EmanuelGi","lphx","sashashura","hoErYu"],"2022-10":["RapperCL","beet233","Maksim-lk","yann9","liuchen6","RocketEngine26","BoyuLi4"],"2022-11":["ZhongJinHacker","godhth","dc-orz","zz630","bmk15897","chengyj1986xxx","David-wu91","kirklin","l12i7n19","zume0127","kunl"],"2022-12":["vividfish","npk191954","985492783","twelvet-s"],"2023-01":["GOODBOY008","sixsixsix516","myoss","Korov","zhuyou1234","wenxuan70","xzxiaoshan"],"2023-02":["IJiaPu","liu-xg","githubcheng2978","frank-zsy","4yDX3906","tonycody"],"2023-03":["KANLON","wangliang181230","dspo","gaoxuliang","Daydreamer-ia","caixiaomao","3139487747","mroldx","wilsonwu","varyuan","LeePui"]}