{"2017-08":[["cyongli",8.06],["chenhao7253886",7.94],["morningman",6.78],["imay",6.63],["crcc",4.12],["interma",3],["zlcnju",2.83],["maruyue",2.65],["Aegeaner",2.65],["Kerafan",2.45],["lidinghao",2.24],["Giant1",2],["luyee",1.41],["jbapple-cloudera",1.41],["yingfeng",1.41],["7c00",1.41],["hadoop835",1.41],["yuyunliuhen",1.41],["buchongyu",1.41],["kolinwei",1.41],["hzxjtx",1.41],["wormhole1026",1.41],["SunGuo",1.41],["zhangxinyu1",1.41],["marcohsy5",1.41],["yubingpeng",1],["bigdata86",1]],"2017-09":[["morningman",10.15],["lingbin",9],["imay",8],["chenhao7253886",5.83],["liuzx32",3.61],["Knuth1989",3.46],["alexliu5678",3.16],["yubingpeng",3.16],["zepazhao",2.65],["Chustmilan",2.65],["zuyu",2.24],["niuAlex",2.24],["cyongli",2.24],["chenzx",1.73],["daiqimeng",1.41],["chenhuaying",1]],"2017-10":[["morningman",3.16],["yubingpeng",3.16],["lingbin",2.65],["cyongli",2.24],["stg825",2.24],["yingfeng",1.41],["Knuth1989",1]],"2017-11":[["chenhao7253886",5.29],["morningman",5.2],["yiguolei",2.24],["lonly197",2.24],["mingtu",2],["kouxianglong",1.41],["wuyunfeng",1.41],["Leehom001",1]],"2017-12":[["morningman",5.66],["chenhao7253886",4.47],["yubingpeng",4.47],["lingbin",3.87],["gdmmx",1.41],["will0815",1.41],["oyuleo",1.41]],"2018-01":[["morningman",4.69],["yubingpeng",3.87],["413331861",2.45],["KaiwenWang",1.41],["fengnex",1.41],["Cyrus414",1.41]],"2018-02":[["yubingpeng",2.24],["morningman",2],["lichaojacobs",1.41]],"2018-03":[["chenhao7253886",3],["morningman",2.45]],"2018-04":[["morningman",3.32],["yuanfeng0905",1.41]],"2018-05":[["morningman",3.46],["jungle-zh",1.41],["cyongli",1.41]],"2018-06":[["morningman",3.74],["cyongli",3.32],["yuanfeng0905",2.83],["saga1015",2.65],["peiss",2.24],["imay",1.41],["chenhao7253886",1],["interma",1]],"2018-07":[["morningman",4.24],["elfring",2.45],["HappenLee",1.73],["melin",1.41],["hiswalker",1.41],["aherain",1]],"2018-08":[["ws2823147532",3.87],["morningman",3.87],["imay",2.65],["xiangtao",1.73],["SpeechlessMan",1.73],["freedomme",1.73],["yuanfeng0905",1.41],["chengshao1987",1.41],["zjfGit",1],["chenhao7253886",1]],"2018-09":[["bigtreeliujie",4],["morningman",3.74],["freedomme",3.46],["gunli",2],["413331861",1.73],["yuanfeng0905",1.41],["dave2wave",1.41],["HappenLee",1.41],["imay",1],["kangkaisen",1]],"2018-10":[["imay",6.48],["kangkaisen",6.08],["morningman",3.32],["lide-reed",2.83],["kangpinghuang",2.45],["liuerfire",1.73],["Super-Alan",1.41],["palo-ci",1.41],["924060929",1]],"2018-11":[["morningman",18.3],["imay",17.44],["kangkaisen",11.66],["chenhao7253886",10.49],["EmmyMiao87",10.05],["chaoyli",9.9],["kangpinghuang",7.81],["lide-reed",7.62],["wuyunfeng",6.63],["uestctxq",5.57],["chalsliu",4.24],["yiguolei",4],["lichaojacobs",3.16],["gitter-badger",2.45],["doris-ci",2.24],["zhaidongbo",1.73],["palo-ci",1.73],["413331861",1.41],["Liunus",1.41]],"2018-12":[["chaoyli",14.83],["imay",14],["morningman",13.08],["kangpinghuang",10.63],["yiguolei",9.7],["EmmyMiao87",8.19],["lide-reed",5.83],["chenhao7253886",5.2],["kangkaisen",4.58],["uestctxq",4.24],["yuanfeng0905",3],["wuyunfeng",2.83],["zhaidongbo",2.45],["chalsliu",2.45],["Salieri1969",2],["fireofsun",1.41],["crystaldust",1.41],["lenmom",1.41],["413331861",1.41],["lubaolei161",1.41]],"2019-01":[["chaoyli",20.49],["kangpinghuang",15.43],["morningman",14.04],["imay",13.04],["chenhao7253886",11.75],["yiguolei",10.34],["kangkaisen",9.95],["lide-reed",4.9],["EmmyMiao87",4.47],["lingbin",2.45],["ikingnet",2],["lenmom",2],["bauerctu",1.41],["doris-ci",1.41],["Salieri1969",1.41]],"2019-02":[["chaoyli",13.64],["kangpinghuang",13.04],["morningman",8.72],["EmmyMiao87",6.63],["imay",5.66],["chenhao7253886",4.9],["yiguolei",4.9],["lide-reed",4.69],["kangkaisen",3.46],["Salieri1969",1.73],["wuyunfeng",1.73]],"2019-03":[["imay",17.32],["kangpinghuang",16.79],["chaoyli",16.09],["yiguolei",14.83],["morningman",14.18],["EmmyMiao87",9.8],["lide-reed",9.06],["chenhao7253886",8.43],["kangkaisen",7.87],["wuyunfeng",6.24],["zhaidongbo",3.16],["linoclapton",2.83],["litao91",2.65],["maruyue",2.24],["qdore",2.24],["dlooss",2],["karllolee",1.41],["luanmacidian",1.41],["Salieri1969",1.41],["HangyuanLiu",1.41]],"2019-04":[["imay",17.41],["kangpinghuang",16.7],["morningman",15.94],["lide-reed",14.93],["yiguolei",14.56],["EmmyMiao87",12.65],["chaoyli",12.61],["chenhao7253886",11.92],["kangkaisen",11.27],["wuyunfeng",9.59],["HangyuanLiu",7.07],["lingbin",3.46],["zhaidongbo",3],["lvdelu",2.24],["weiqxu",2.24],["vkingnew",2],["songzhandong",2],["zhoufwind",1.73],["XiaoqianQin",1.73]],"2019-05":[["imay",20.27],["morningman",14.49],["kangpinghuang",12.88],["chaoyli",11.22],["kangkaisen",10.15],["worker24h",9.54],["EmmyMiao87",9.27],["yiguolei",9.06],["HangyuanLiu",6.63],["chenhao7253886",5.48],["mengqinghuan",4.36],["qdore",4.12],["wuyunfeng",3.61],["ykPrograWorld",3.46],["KevinLinGit",2.83],["lide-reed",2.65],["lenmom",2.24],["gaodayue",1.73],["wengad82",1.73],["skyler-tao",1.73],["XiaoqianQin",1.41],["elfring",1]],"2019-06":[["imay",21.91],["morningman",18.14],["kangpinghuang",16.22],["EmmyMiao87",13.67],["chaoyli",12.21],["yiguolei",10.3],["kangkaisen",10.05],["wuyunfeng",8.89],["chenhao7253886",7.14],["worker24h",7.07],["LiangchangZ",5.57],["HangyuanLiu",4.58],["stczwd",4.47],["gaodayue",3.74],["DDDDDDouble",3.46],["luoyafei",3.32],["KevinLinGit",2.83],["qdore",2.65],["liuchengshishabi",2.45],["lide-reed",1.73],["lshmouse",1.41],["zhaomingzhu",1.41],["mccoding",1.41],["ltylty",1.41],["yanchaoguo",1]],"2019-07":[["imay",27.39],["morningman",17.49],["kangpinghuang",13.3],["chaoyli",11.27],["chenhao7253886",11],["EmmyMiao87",10.82],["gaodayue",8],["yiguolei",7.81],["HangyuanLiu",6.93],["wuyunfeng",5.48],["WingsGo",4.12],["worker24h",4.12],["zhangy5",3.32],["zttaotao2013",3],["Xuxue1",3],["acelyc111",2.65],["ltylty",2.65],["zhongyun2019",2.65],["kangkaisen",2.45],["zhaomingzhu",2.45],["zhuyuncheng",2.45],["Youngwb",2.24],["wang-ye",2.24],["yuanlihan",1.73],["un-knower",1.73],["bd7ce",1.73],["Zerotoone",1.41],["shgxwxl",1.41],["manannan2017",1.41],["bigtreeliujie",1]],"2019-08":[["imay",32.45],["kangpinghuang",21.63],["morningman",19.95],["gaodayue",17.61],["kangkaisen",15.46],["yiguolei",14.49],["chaoyli",10.95],["EmmyMiao87",10.77],["wangbo",8.94],["worker24h",8.25],["HangyuanLiu",7.42],["yuanlihan",6.16],["xy720",5.2],["manannan2017",4.9],["chenhao7253886",4.8],["wuyunfeng",4.47],["jiangshouzhuang",3.74],["wkhappy1",3.46],["thimoonxy",2.65],["DDDDDDouble",2.65],["liutang123",2.45],["Youngwb",2.24],["lenmom",2.24],["cquptEthan",2.24],["wutiangan",2],["xonze",1.73],["zhaidongbo",1.41],["zhangy5",1.41],["Aegeaner",1],["ltylty",1],["HawickMason",1]],"2019-09":[["imay",27.26],["kangkaisen",18.6],["morningman",17.35],["gaodayue",14.83],["kangpinghuang",13.53],["wangbo",12.73],["yiguolei",9.75],["chaoyli",9.38],["EmmyMiao87",8.54],["HangyuanLiu",7],["xionglei0",6.24],["wubiaoi",6],["nick-yangg",5.57],["yangzhg",5.29],["lxqfy",3.61],["worker24h",3.46],["wuyunfeng",3.16],["xy720",3],["shgxwxl",2.83],["yuanlihan",2.65],["fengzhizi2005",2.45],["WingsGo",2.24],["yan-yunfeng",1.73],["chenhao7253886",1.41],["xuejingfu",1.41],["yilangshi",1.41],["jaynblue",1.41],["Wsyzxxn",1.41],["xonze",1.41],["liutang123",1.41],["italyfiori",1.41],["DarrenChanChenChi",1.41]],"2019-10":[["imay",23],["morningman",17.78],["kangpinghuang",14.59],["EmmyMiao87",11.75],["wangbo",11.49],["chaoyli",11.18],["gaodayue",11.14],["yiguolei",10.91],["kangkaisen",9.33],["xy720",8.12],["shengyunyao",7.75],["yangzhg",5.66],["Seaven",5.2],["wuyunfeng",4.69],["liutang123",3.74],["HangyuanLiu",3.46],["zhouhaibing089",3.32],["zhongyun2019",3.16],["WingsGo",3.16],["xionglei0",2.83],["wubiaoi",2.45],["zhangy5",2.45],["dependabot[bot]",2.45],["worker24h",2.45],["yuanlihan",2.24],["Youngwb",2.24],["manannan2017",2],["pangjianfei",2],["HiwayChe",1.73],["XShun",1.73],["jinyishu",1.41],["KevinLinGit",1.41],["littleeleventhwolf",1.41],["jmk1011",1.41],["blackfox1983",1]],"2019-11":[["imay",27.75],["morningman",18.22],["kangkaisen",14.25],["kangpinghuang",13.3],["wuyunfeng",11.87],["vinson0526",10.86],["lingbin",10.39],["chaoyli",9.95],["gaodayue",8.72],["EmmyMiao87",8.19],["caiconghui",8],["Seaven",7.35],["WingsGo",6.93],["xy720",5.92],["HangyuanLiu",5.83],["vagetablechicken",5.1],["wangbo",4.24],["zhangy5",3.87],["jiangshouzhuang",3.87],["blackfox1983",3.46],["manannan2017",3.32],["dependabot[bot]",3.32],["yangzhg",3.16],["marising",2.83],["XShun",2.83],["lordk911",2.45],["Youngwb",2.24],["wkhappy1",2.24],["JustinTsui",2.24],["lenmom",2],["heiyu123",2],["shengyunyao",2],["yuanlihan",1.73],["lixiaopeng11",1.41],["stayHF",1.41],["jmk1011",1.41],["sxiangs",1.41],["wubiaoi",1]],"2019-12":[["imay",31.98],["morningman",21.45],["kangkaisen",17.52],["kangpinghuang",17.35],["WingsGo",15],["yangzhg",10.54],["lingbin",10.44],["chaoyli",9.9],["HangyuanLiu",9.17],["gaodayue",8.94],["EmmyMiao87",8.72],["wuyunfeng",7.68],["Youngwb",7.48],["Seaven",7.14],["xy720",6.48],["infearOnTheWay",5.39],["caiconghui",4.69],["marising",4.58],["wangbo",4],["blackfox1983",3.87],["jmk1011",3.87],["liutang123",3.74],["landon-dai",3.16],["LENAMYY",3],["yuanfeng0905",3],["frwrdt",3],["wkhappy1",2.83],["vagetablechicken",2.83],["vinson0526",2.65],["zhangy5",2.45],["manannan2017",2.45],["ty1972873004",2.45],["firetree01",2.24],["wutiangan",2.24],["Lishi-hub",2.24],["fansichao",2],["Wsyzxxn",2],["xinyi-Z",2],["yyuuttaaoo",1.41],["worker24h",1.41],["AllenXL",1.41],["IanWatsons",1.41],["KevinLinGit",1.41],["power225",1.41],["vkingnew",1.41],["FANLONGFANLONG",1]],"2020-01":[["imay",20.81],["morningman",16.37],["kangkaisen",14.53],["gaodayue",10.82],["yangzhg",10.49],["kangpinghuang",9.85],["caiconghui",9.7],["lingbin",9.38],["wangbo",7.75],["xy720",7.21],["WingsGo",6.86],["HangyuanLiu",6.78],["DanyBin",6],["chaoyli",5.74],["EmmyMiao87",5.66],["vagetablechicken",5.29],["liutang123",4.9],["jmk1011",4.8],["Youngwb",4.24],["infearOnTheWay",4],["blackfox1983",3.87],["xhg-tech",3.61],["wenbronk",3.46],["zhangy5",3.46],["IanWatsons",3],["worker24h",3],["Lishi-hub",3],["Wsyzxxn",2.83],["lshmouse",2.65],["vinson0526",2.65],["blueChild",2.45],["HappenLee",2.24],["frwrdt",2.24],["JackyYangPassion",2.24],["wuyunfeng",2],["chorylee001",2],["fansichao",1.41],["crazyleeyang",1.41],["wkhappy1",1.41],["XShun",1.41],["wsjz",1.41],["itzzy",1.41],["10wang",1],["dependabot[bot]",1]],"2020-02":[["morningman",20.49],["kangkaisen",16.94],["imay",14.46],["lingbin",14.35],["wangbo",12.57],["kangpinghuang",11.53],["yangzhg",10.68],["EmmyMiao87",10.15],["chaoyli",8.25],["HangyuanLiu",8.12],["trueeyu",6.93],["gaodayue",6.86],["worker24h",6.08],["WingsGo",5.1],["wuyunfeng",5],["vagetablechicken",4.9],["caiconghui",4.9],["Lishi-hub",4.69],["frwrdt",4.24],["blackfox1983",4.24],["wutiangan",4],["acelyc111",3.87],["Seaven",3.87],["wyb",3.16],["crazyleeyang",2.83],["hexian55",2.65],["Youngwb",2.65],["liutang123",2.45],["jmpaaak",2.24],["tianshanxuepiao",2],["shellmeng",2],["tianxdcx",1.41],["clay4444",1.41],["IanWatsons",1.41],["ShowMeYourHammar",1.41],["XShun",1]],"2020-03":[["morningman",25.08],["kangkaisen",15.78],["imay",14.04],["kangpinghuang",11.49],["yangzhg",11.31],["WingsGo",11.14],["Seaven",11.14],["EmmyMiao87",10.91],["wutiangan",10.49],["chaoyli",10.34],["wangbo",9.54],["HangyuanLiu",8.6],["vagetablechicken",8.37],["caiconghui",7.55],["Youngwb",6.71],["acelyc111",6.48],["liutang123",6.16],["stalary",6.08],["gaodayue",6],["gengjun-git",5.74],["lingbin",4.69],["wyb",4.24],["z-Dapor",4.12],["trueeyu",3.87],["frwrdt",3.87],["HappenLee",3.87],["worker24h",3.74],["XShun",3.16],["vinson0526",2.83],["ShowMeYourHammar",2.45],["ighack",2.45],["xy720",2.24],["wuyunfeng",2.24],["wkhapy123",2],["blackfox1983",1.73],["yangbiao121",1.73],["yan-yunfeng",1.41],["hww123",1.41],["shipengAlan",1.41],["bookeezhou",1.41],["michaelzqw",1.41],["chaiyuan2046",1.41],["Lishi-hub",1.41],["xiaoyeblue",1.41]],"2020-04":[["morningman",23.75],["imay",15.62],["kangkaisen",13.53],["worker24h",9.59],["xy720",9.54],["WingsGo",9.43],["chaoyli",9.38],["HangyuanLiu",9.17],["yangzhg",9.17],["caiconghui",9.06],["vagetablechicken",9],["kangpinghuang",8.6],["wuyunfeng",8.54],["acelyc111",8.06],["wangbo",7.81],["EmmyMiao87",7.62],["HappenLee",6.93],["hffariel",6.63],["wutiangan",6.63],["Youngwb",5.83],["gaodayue",5.83],["stalary",5.2],["liutang123",5],["decster",4.8],["blackfox1983",4.69],["Seaven",4.47],["wyb",4.36],["frwrdt",3.61],["xbyang18",2.83],["XShun",2.65],["sduzh",2.65],["ighack",2.65],["rongyousu",2.24],["jmk1011",2.24],["jevic",1.73],["zougengwei",1.73],["xwj924195077",1.73],["gengjun-git",1.73],["Loongel",1.73],["zzr1000",1.73],["elfring",1.41],["coalchan",1.41],["michaelzqw",1.41],["mo-avatar",1.41],["yangbiao121",1.41],["fanlongmengjd",1.41],["yiguolei",1],["cleverpig",1],["dependabot[bot]",1]],"2020-05":[["morningman",31.22],["imay",19.67],["decster",17.49],["kangkaisen",16.03],["yangzhg",13.64],["kangpinghuang",12.57],["WingsGo",12.53],["EmmyMiao87",11.66],["chaoyli",10.49],["wutiangan",10.3],["wuyunfeng",10.1],["worker24h",9.22],["wyb",8.94],["hffariel",8.94],["acelyc111",8.49],["sduzh",7.48],["gaodayue",7.21],["stalary",7.07],["blackfox1983",6.93],["caiconghui",6.78],["HappenLee",6.71],["wangbo",6.56],["vagetablechicken",6],["HangyuanLiu",5.74],["Youngwb",5.1],["songenjie",3.61],["liutang123",3.46],["Seaven",3.46],["marising",3.46],["xy720",3.16],["ZengRL",3],["sebbASF",2.65],["fanlongmengjd",2.65],["xbyang18",2],["YalanLuo",2],["zhangy5",2],["hww123",2],["sking0089",2],["wenbronk",1.73],["ZhangHuirui",1.73],["codeofdave",1.41],["qmgeng",1.41],["lcldragon",1.41],["sceneryback",1.41],["wkhapy123",1.41],["mdianjun",1.41],["sadlll",1.41],["crazyleeyang",1.41],["GavinYaoer",1.41],["pei-open",1],["yiguolei",1]],"2020-06":[["morningman",26.34],["kangkaisen",14.42],["wuyunfeng",13.71],["EmmyMiao87",13.19],["chaoyli",12.77],["wyb",11.58],["xy720",11.27],["wutiangan",11.18],["caiconghui",9.7],["WingsGo",9.33],["wangbo",8.49],["yangzhg",8.49],["imay",8.19],["acelyc111",8],["HappenLee",7.62],["vagetablechicken",7.42],["HangyuanLiu",7.35],["blackfox1983",7.21],["spaces-X",6.56],["stalary",6],["decster",5.2],["gaodayue",5],["hf200012",4.8],["sduzh",4.8],["hffariel",4.47],["marising",4.12],["Youngwb",3.32],["wfjcmcb",2.65],["hxianshun",2.45],["wanpengfei-git",2.45],["skyduy",2.24],["ZhangYu0123",2.24],["sdgshawn",2.24],["yiguolei",2.24],["liyuance",2.24],["Fay0529",2],["liutang123",2],["lxxstc",2],["greeenSY",1.73],["phenixmzy",1.73],["francisoliverlee",1.73],["lmalds",1.41],["godcat950081",1.41],["fanlongmengjd",1],["lfyzjck",1],["ColinVon",1]],"2020-07":[["morningman",22.61],["caiconghui",13.86],["yangzhg",12.53],["wutiangan",11.66],["WingsGo",10.72],["EmmyMiao87",10.3],["kangkaisen",9.59],["chaoyli",9.27],["xy720",9.11],["acelyc111",9.11],["wuyunfeng",9],["HappenLee",8.06],["HangyuanLiu",7.81],["worker24h",7],["liutang123",6.93],["vagetablechicken",6.86],["wangbo",5.92],["imay",5.83],["ZhangYu0123",5.66],["marising",5.66],["blackfox1983",5.66],["hffariel",4.12],["francisoliverlee",4],["spaces-X",3.61],["zhbinbin",3.32],["sduzh",3.16],["Youngwb",2.83],["hxianshun",2.83],["funyeah",2.45],["zhangchangwei",2.24],["amosbird",2.24],["Pslydhh",2.24],["stalary",1.73],["Level1Accelerator",1.73],["xieyiyi",1.73],["lovecatchuan",1.73],["creatstar",1.73],["hexian55",1.73],["YalanLuo",1.41],["keyuquan",1.41],["yuanfeng0905",1.41],["gcnote",1.41],["mnloveyx",1.41],["adams1985",1.41],["gaodayue",1.41],["yangjun616",1.41],["xinghuayu007",1.41],["66coder66",1.41],["yanchao891012",1.41],["fanlongmengjd",1.41],["phenixmzy",1]],"2020-08":[["morningman",21.63],["yangzhg",14.28],["EmmyMiao87",13.75],["kangkaisen",13.45],["ZhangYu0123",11.79],["wutiangan",9.43],["HappenLee",8.49],["wuyunfeng",8.37],["marising",8.31],["xy720",8.25],["chaoyli",8.06],["acelyc111",7.87],["caiconghui",7.21],["xinghuayu007",7.21],["HangyuanLiu",7],["imay",6.63],["Astralidea",6.08],["gengjun-git",6.08],["WingsGo",6.08],["WuZixing",5.83],["wyb",5.83],["Youngwb",5.66],["blackfox1983",5.39],["weizuo93",5.1],["stalary",4.9],["Fullstop000",4.8],["songenjie",4.58],["liutang123",4.58],["vagetablechicken",4.47],["francisoliverlee",4.36],["WillemJiang",4],["sduzh",3.87],["hf200012",3.74],["caoyang10",3.74],["hexian55",2.83],["yiguolei",2.65],["wangbo",2.65],["shuaijinchao",2.65],["satanson",2.65],["db18Zhang",2.45],["bigdataplumber",2.24],["chxfantasy",2.24],["kongqiu",2.24],["peterchen859",2],["wyndia",1.73],["macong",1.73],["zhbinbin",1.41],["sober-weifeng",1.41],["tigerxn",1.41],["lambgong",1.41],["zhangy5",1.41],["7itrees",1.41],["colordove",1.41],["softdzx",1.41],["rongyousu",1.41],["apophise",1],["hffariel",1],["ColinVon",1],["wguangliang",1]],"2020-09":[["morningman",16.61],["yangzhg",10.39],["HappenLee",9.27],["xy720",9.22],["EmmyMiao87",8.12],["ZhangYu0123",8.06],["acelyc111",7.81],["kangkaisen",6.93],["zhaojintaozhao",6.56],["chaoyli",6.24],["Astralidea",6.16],["wangbo",5.57],["wutiangan",5.57],["vagetablechicken",5.57],["weizuo93",5.57],["xinghuayu007",5.48],["ccoffline",5],["caiconghui",4.8],["caoyang10",4.47],["Youngwb",4.47],["wyb",4],["marising",3.46],["li-ang-666",3.32],["HangyuanLiu",3.32],["blackfox1983",3.16],["stalary",2.83],["liutang123",2.83],["qidaye",2.45],["sduzh",2.45],["Nivane",2.24],["px-l",2.24],["taotaoge",2.24],["hf200012",2.24],["songenjie",2],["francisoliverlee",2],["pangjianfei",2],["DanyBin",1.73],["gengjun-git",1.73],["fengfangqian",1.73],["Pslydhh",1.41],["cooper-zhzhang",1.41],["oiupoiupga1",1.41],["Cr1t-GYM",1.41],["mmuru",1.41],["yw-felix1016",1.41],["vkingnew",1],["wguangliang",1],["aa1608450902",1]],"2020-10":[["morningman",13.93],["yangzhg",11.14],["HappenLee",8.89],["xinghuayu007",7.42],["kangkaisen",7.42],["acelyc111",6.08],["caiconghui",5.92],["wuyunfeng",5.74],["EmmyMiao87",5.74],["xy720",5.39],["imay",5.29],["pengxiangyu",5.2],["vagetablechicken",5],["chaoyli",4.47],["francisoliverlee",4.36],["vergilchiu",4.12],["Youngwb",3.87],["ccoffline",3.74],["Astralidea",3.61],["HangyuanLiu",3.61],["WingsGo",3.61],["weizuo93",3.61],["songenjie",3.46],["Yao-MR",3.32],["coalchan",3.16],["xinyiZzz",3],["hffariel",2.83],["blackfox1983",2.83],["nimuyuhan",2.65],["wangbo",2.45],["Karl-WangSK",2.45],["gengjun-git",2.24],["mmuru",2.24],["keyuquan",2],["dcy652701",2],["chxfantasy",2],["arjenzhou",1.73],["li-ang-666",1.73],["harveyyue",1.73],["stalary",1.73],["yiguolei",1.41],["mqiang",1.41],["wyndia",1.41],["xbthink",1.41],["niaoUncle",1.41],["cooper-zhzhang",1.41],["ucasFL",1.41],["wkhapy123",1.41],["penfree",1],["hli191",1]],"2020-11":[["morningman",14.39],["caiconghui",10.77],["HappenLee",9],["xinghuayu007",8.31],["weizuo93",7.75],["kangkaisen",7.68],["EmmyMiao87",7.14],["yangzhg",6.56],["liutang123",6.56],["wangbo",6.4],["acelyc111",6.4],["sduzh",6.24],["ccoffline",5.2],["xinyiZzz",5.2],["chaoyli",5],["e0c9",4.36],["HangyuanLiu",3.87],["luozenglin",3.87],["gengjun-git",3.61],["stalary",3.61],["CrazyJugger",3.32],["petermenglei",3.32],["wuyunfeng",3.32],["vagetablechicken",3],["ningyanhui",3],["zh0122",2.65],["francisoliverlee",2.65],["bingfeng2004",2.65],["wyndia",2.65],["liuzhizu",2.45],["caoyang10",2.45],["id4alexsu",2.24],["sunzhangbin",2.24],["px-l",2.24],["yxqweasd",2.24],["4396clearlove7",2.24],["PeterGZW",2.24],["dcy652701",2],["li-ang-666",2],["xy720",2],["imay",2],["gilemagigi",2],["demon-gu",1.73],["zhaojintaozhao",1.73],["xiangtao",1.73],["andotorg",1.41],["rongyousu",1.41],["Karl-WangSK",1.41],["soufunlab",1.41],["LutzWeischerFujitsu",1.41],["Yao-MR",1.41],["exialym",1.41],["blueChild",1],["Kate605690919",1],["hf200012",1],["gowuliao",1],["iamnotgay",1],["WingsGo",1]],"2020-12":[["morningman",12.61],["acelyc111",11.87],["vagetablechicken",10.91],["caiconghui",10.34],["yangzhg",10.05],["kangkaisen",9.43],["HappenLee",8.25],["EmmyMiao87",7.94],["xinghuayu007",7.48],["weizuo93",7.14],["Skysheepwang",6.4],["wuyunfeng",6.4],["sduzh",5.83],["Dam1029",5.2],["wangbo",5.2],["liutang123",5.1],["stdpain",5],["gengjun-git",4.8],["blackfox1983",4.69],["blueChild",4.69],["924060929",4.58],["lihuigang",4.36],["chaoyli",3.87],["zhaojintaozhao",3.74],["qidaye",3.46],["killxdcj",3.32],["ccoffline",3.16],["e0c9",3],["xinyiZzz",3],["ZhaoBQ",2.65],["francisoliverlee",2.45],["Youngwb",2.45],["Xpray",2.24],["pengxiangyu",2.24],["songchuangyuan",2.24],["petermenglei",2.24],["imay",2.24],["hf200012",2],["josh7",2],["hwwxg",2],["shgxwxl",2],["vergilchiu",1.73],["GiftLee",1.73],["demon-gu",1.73],["spihiker",1.73],["stalary",1.73],["marising",1.73],["chaegumi",1.73],["caoyang10",1.73],["li-ang-666",1.73],["sunzhangbin",1.41],["4396clearlove7",1.41],["jxxfxkp",1.41],["whatsgh",1.41],["tempbottle",1.41],["damonlinn",1.41],["hyytt",1.41],["shiyi23",1.41],["yyuuttaaoo",1],["waywtd",1],["li215065046",1],["bingfeng2004",1]],"2021-01":[["morningman",13.67],["yangzhg",9.64],["caiconghui",8.83],["wangbo",8.25],["weizuo93",8],["HappenLee",8],["Sunt-ing",8],["acelyc111",6.86],["stdpain",6.86],["EmmyMiao87",6.24],["vagetablechicken",4.36],["gengjun-git",4],["xinghuayu007",3.87],["kangkaisen",3.87],["jollykingCN",3.61],["Dam1029",3.61],["liutang123",3.46],["zh0122",3.32],["andotorg",3.32],["ccoffline",3.16],["zjd-melo",2.65],["blueChild",2.65],["xinyiZzz",2.65],["Xpray",2.65],["benbiti",2.65],["francisoliverlee",2.45],["stalary",2.45],["triump2020",2.45],["EAHITechnology",2.45],["wangxiaobaidu11",2.24],["copperybean",2.24],["chaoyli",2.24],["lbship",2.24],["mengqinghuan",2.24],["itonway",2],["wyb",2],["Skysheepwang",2],["bigdatabase33",2],["hf200012",1.73],["obobj",1.73],["StevenTangJian",1.73],["XKange",1.73],["caoyang10",1.41],["luozenglin",1.41],["baisui1981",1.41],["killxdcj",1.41],["sileiH",1.41],["hwwxg",1.41],["yuanfeng0905",1.41],["josh7",1.41],["demon-gu",1.41],["lihuigang",1.41],["nimuyuhan",1.41],["powersam",1.41],["shiyi23",1.41],["blackfox1983",1],["dzzgml",1],["haoyixin",1],["yiguolei",1],["pangjianfei",1],["Hackeruncle",1],["LutzWeischerFujitsu",1],["imay",1]],"2021-02":[["morningman",8.77],["HappenLee",7.62],["EmmyMiao87",6.78],["yangzhg",6.4],["wuyunfeng",6.16],["acelyc111",5.1],["caiconghui",4.8],["xxiao2018",4.47],["hf200012",4.47],["stdpain",4.36],["924060929",4.12],["stalary",4],["liutang123",3.87],["weizuo93",3.74],["e0c9",3.46],["spaces-X",3.16],["qidaye",3.16],["pengxiangyu",2.83],["peng-xin",2.83],["nimuyuhan",2.83],["Sunt-ing",2.65],["copperybean",2.65],["zh0122",2.65],["killxdcj",2.65],["francisoliverlee",2.65],["andotorg",2.45],["wangbo",2.45],["demon-gu",2.45],["ccoffline",2.45],["kangkaisen",2.24],["yuliangwan",2.24],["liuooo",2.24],["wyb",2.24],["xy720",2.24],["harveyyue",2.24],["bookeezhou",2.24],["listenLearning",2],["sebbASF",2],["JNSimba",1.73],["vinson0526",1.73],["Semon120",1.73],["PeterGZW",1.41],["qiulin",1.41],["zhangxinjian123",1.41],["Userwhite",1.41],["F-SLoong",1.41],["taoscode",1.41],["chaoyli",1.41],["moonming",1.41],["xlz926",1.41],["hwwxg",1.41],["zjd-melo",1.41],["baisui1981",1],["qinlodestar",1],["ICEMAN-CN",1],["xinghuayu007",1],["li215065046",1],["marising",1]],"2021-03":[["morningman",15.07],["yangzhg",12.08],["EmmyMiao87",11.96],["stdpain",10.44],["HappenLee",10.39],["acelyc111",10.05],["weizuo93",8.83],["caiconghui",8.6],["xinghuayu007",8.37],["kangkaisen",7.48],["wuyunfeng",6.16],["924060929",5.1],["xxiao2018",4.58],["hf200012",4.47],["shiyi23",4],["zhangboya1",4],["qidaye",3.87],["wangbo",3.87],["weihongkai2008",3.87],["pan3793",3.61],["killxdcj",3.61],["xy720",3],["zhangxinjian123",3],["Sunt-ing",2.83],["gaodayue",2.65],["darionyaphet",2.65],["amosbird",2.65],["androidMake",2.45],["spaces-X",2.45],["JNSimba",2.45],["francisoliverlee",2.45],["Aimiyoo",2.24],["yangmingjie2018",2.24],["demon-gu",2.24],["PatrickNicholas",2],["nimuyuhan",2],["ZhaoBQ",2],["Youngwb",2],["playboyi",1.73],["Feral-Jas",1.73],["liuooo",1.73],["13671653088",1.73],["huazhanghui007",1.73],["carlziess",1.73],["sebbASF",1.73],["JinLiOnline",1.73],["koeycanga",1.41],["jxxfxkp",1.41],["songenjie",1.41],["copperybean",1.41],["e0c9",1.41],["Userwhite",1.41],["whatsgh",1.41],["LYuang",1.41],["liutang123",1.41],["Xpray",1.41],["josh7",1.41],["dongxl6",1.41],["pigdance",1.41],["hxianshun",1],["tongwei",1],["ccoffline",1],["xlz926",1],["insanebeast",1]],"2021-04":[["morningman",15.36],["weizuo93",14.11],["acelyc111",13],["EmmyMiao87",11.66],["xinghuayu007",9.7],["yangzhg",9.27],["caiconghui",8.25],["HappenLee",6.71],["hf200012",6.63],["JNSimba",6.08],["stdpain",6],["qidaye",5.2],["yangmingjie2018",4.9],["wuyunfeng",4.24],["wangbo",4.24],["killxdcj",3.87],["pigdance",3.87],["zh0122",3.87],["Userwhite",3.74],["liutang123",3.74],["luozenglin",3.61],["hxianshun",3],["WindyGao",3],["pan3793",2.83],["stalary",2.83],["ccoffline",2.65],["sebbASF",2.65],["pengxiangyu",2.65],["liuxiahuiyi",2.65],["Edon-Du",2.45],["e0c9",2.24],["Keysluomo",2.24],["Learner-ym",2.24],["xxiao2018",2.24],["htyoung",2],["liuxiaoxiong",2],["spaces-X",2],["r-asou",1.73],["rtttech",1.73],["812406210",1.73],["compasses",1.73],["GreatThan365",1.41],["xy720",1.41],["PatrickNicholas",1.41],["japper96",1.41],["gaodayue",1.41],["arjenzhou",1.41],["Gensiss",1.41],["huashen",1.41],["lixiaopeng11",1.41],["taoxu123",1.41],["francisoliverlee",1.41],["zhipeng-zhao",1.41],["hlherbert",1.41],["taoxu1234",1.41],["noisytao",1.41],["abothli",1]],"2021-05":[["morningman",16.28],["EmmyMiao87",10.1],["stdpain",10],["hf200012",8.25],["HappenLee",8.12],["xy720",8],["yangzhg",7.68],["xinghuayu007",7.55],["acelyc111",6.56],["xinyiZzz",6.4],["yangmingjie2018",5.2],["caiconghui",5.2],["WindyGao",4.8],["e0c9",4.12],["luozenglin",4.12],["weizuo93",4],["DinoZhang",3.74],["DongTL",3.61],["killxdcj",3.32],["zh0122",3.32],["JNSimba",3.32],["QiAnXinCodeSafe",3.16],["CesarChoy",2.83],["liutang123",2.65],["wuyunfeng",2.45],["zhangboya1",2.45],["MarsXDM",2.24],["copperybean",2.24],["qidaye",2.24],["msj100f",2.24],["812406210",2.24],["Keysluomo",2],["JinLiOnline",2],["zhoufn",2],["roanhe-ts",1.73],["yaowanli",1.73],["xxiao2018",1.73],["ddjoker",1.73],["xqinghu",1.73],["Qyokizzzz",1.73],["ikaruga4600",1.73],["pigdance",1.73],["yuebli",1.41],["mmjj",1.41],["yeohx",1.41],["16xbshi",1.41],["xiyueliuyun",1.41],["SuperHeroBigData",1.41],["sebbASF",1.41],["ZhangMingxu",1.41],["zeropc",1.41],["vortual",1.41],["MatioYoshitoki",1.41],["eyewire",1.41],["crazyleeyang",1.41],["643251132",1.41],["blueChild",1.41],["cha1Yi",1.41],["geekxingyun",1.41],["HungryPt",1.41],["spaces-X",1.41],["JavaMagicCode",1.41],["tongwei",1.41],["1984man",1.41],["playboyi",1],["ximengyun",1],["francisoliverlee",1]],"2021-06":[["morningman",16.55],["EmmyMiao87",13.53],["yangzhg",9.38],["HappenLee",7.48],["stalary",7.28],["stdpain",6.63],["hf200012",6.63],["caiconghui",6.63],["liutang123",6.32],["xinghuayu007",6.24],["qidaye",5.92],["weizuo93",5.57],["e0c9",5.48],["wangbo",5.2],["ucasFL",5.1],["wuyunfeng",5],["Userwhite",4.58],["ChPi",4.47],["xinyiZzz",4.47],["huangmengbin",4.47],["WindyGao",4.36],["DinoZhang",3.87],["harveyyue",3.74],["luozenglin",3.74],["crazyleeyang",3.61],["Henry2SS",3.46],["zhangboya1",3.32],["BiteTheDDDDt",3.16],["GoGoWen",3.16],["JNSimba",3.16],["acelyc111",3],["huzk8",3],["vinson0526",3],["tarepanda1024",2.83],["jinyuanlu",2.83],["AndyChang521",2.65],["345362231",2.45],["zeropc",2.45],["zh0122",2.24],["JameyWoo",2.24],["rzechen",2],["littleeleventhwolf",2],["1272870698",2],["yangjun616",2],["lqjack",2],["banjin",2],["frankhepeng",1.73],["zzk167",1.73],["gooqhy",1.73],["killxdcj",1.73],["ccoffline",1.73],["ddsr-ops",1.73],["huozhanfeng",1.73],["xy720",1.41],["gengjun-git",1.41],["ikaruga4600",1.41],["frankcfx",1.41],["zhaojintaozhao",1.41],["xqinghu",1.41],["superspeedone",1.41],["LegendaryFlutist",1.41],["Albus001",1.41],["knightchong",1.41],["643251132",1],["zjd-melo",1],["simuhunluo",1],["sniperxing",1],["LinhaoZhu",1],["Thysinner",1],["msj100f",1],["lklkxcxc",1]],"2021-07":[["morningman",21.75],["EmmyMiao87",13],["qidaye",10.25],["yangzhg",9.95],["stalary",9.43],["stdpain",9.17],["BiteTheDDDDt",9.17],["hf200012",8.83],["pengxiangyu",8.83],["xinyiZzz",8.49],["xy720",8.37],["caiconghui",8.12],["HappenLee",7.94],["JNSimba",6.63],["DinoZhang",6.24],["acelyc111",6],["github-actions[bot]",5.83],["weizuo93",5.29],["huangmengbin",5.2],["xinghuayu007",4.9],["liutang123",4.69],["WindyGao",4.47],["luozenglin",4.12],["arthur-zhang",4.12],["lijinwang-web",3.87],["wangbo",3.74],["ucasfl",3.61],["caneGuy",3.61],["huozhanfeng",3.61],["Userwhite",3.46],["spaces-X",3.46],["banjin",3],["Henry2SS",3],["wangshuo128",2.83],["TobKed",2.65],["kuncle",2.65],["eyewire",2.45],["IVitamin-C",2.45],["xhmz",2.24],["huzk8",2.24],["Stephen-Robin",2.24],["GoGoWen",2.24],["yx91490",2.24],["JinLiOnline",2.24],["nimuyuhan",2.24],["tinkerrrr",2],["xiaozhiliaoo",2],["francisoliverlee",2],["boboyunz",2],["maydayd2",1.73],["ccoffline",1.73],["pp85224",1.73],["tjlygdx",1.73],["yedajiang44",1.73],["showfuture",1.41],["harveyyue",1.41],["wenbaoup",1.41],["m1zzx2",1.41],["mocowo",1.41],["vergilchiu",1.41],["usedssl",1.41],["jinyuanlu",1.41],["342963711",1.41],["yaowanli",1.41],["ColdZoo",1.41],["taoistwar",1.41],["sword0307",1],["gooqhy",1],["13264494701",1],["qide666",1],["yiguolei",1],["sniperxing",1],["lovemylover042",1],["Albus001",1],["zbtzbtzbt",1],["zhaojintaozhao",1]],"2021-08":[["morningman",20.12],["github-actions[bot]",13.23],["EmmyMiao87",11.45],["caiconghui",9],["ccoffline",8.66],["hf200012",7.55],["xy720",7.07],["luozenglin",6.63],["BiteTheDDDDt",6.56],["weizuo93",6.48],["yangzhg",6],["wunan1210",5.74],["spaces-X",5.74],["e0c9",5.48],["wangbo",5.29],["liutang123",4.9],["stdpain",4.69],["zbtzbtzbt",4.69],["qidaye",4.58],["stalary",4.58],["xinyiZzz",4.24],["WindyGao",3.87],["qzsee",3.74],["yx91490",3.61],["zenoyang",3.61],["zhangboya1",3.46],["dixingxing0",3.46],["rufeng97",3.32],["huangmengbin",3.32],["weajun",3.16],["songchuangyuan",3],["caoliang-web",3],["zhangstar333",2.83],["killxdcj",2.83],["nimuyuhan",2.65],["HappenLee",2.65],["eyesmoons",2.65],["wuyunfeng",2.45],["xiaoxiaopan118",2.45],["huozhanfeng",2.45],["hanson2021",2.45],["Henry2SS",2.24],["tinkerrrr",2.24],["Taaang",2.24],["vergilchiu",2.24],["GoGoWen",2.24],["ajistyle",2],["SpenserZC",2],["DongTL",2],["zhao447131724",1.73],["97090576",1.73],["dykw",1.73],["francisoliverlee",1.73],["penfree",1.73],["ikaruga4600",1.73],["JNSimba",1.73],["wangshuo128",1.73],["xinghuayu007",1.73],["roanhe-ts",1.41],["yangjun616",1.41],["lide-reed",1.41],["yangmingjie",1.41],["D-YuLin",1.41],["JinLiOnline",1.41],["crazy2323",1.41],["JusticeGong",1.41],["cordova2009",1.41],["zyw8136",1.41],["huzk8",1.41],["yangmingjie2018",1.41],["xw0810",1],["hk53315",1],["812406210",1],["wbgentleman",1],["flyrae",1],["aws0me",1],["stiga-huang",1],["leafgodgood",1]],"2021-09":[["morningman",14.97],["github-actions[bot]",12.92],["yangzhg",11.49],["EmmyMiao87",8.25],["xy720",7.75],["hf200012",7.35],["zuochunwei",7.14],["caiconghui",6.78],["zbtzbtzbt",6.78],["qidaye",6.24],["JNSimba",6.24],["ccoffline",5.1],["pengxiangyu",5],["qzsee",4.9],["weizuo93",4.8],["dh-cloud",4.69],["wangshuo128",4.47],["zenoyang",4.47],["xiaoxiaopan118",4.24],["WindyGao",4.24],["stdpain",4.24],["stalary",4.12],["mincwang",4],["SophiaBaby",4],["xhmz",3.74],["Jennifer88huang",3.74],["BiteTheDDDDt",3.74],["HappenLee",3.61],["Henry2SS",3.46],["imay",3.32],["ChPi",3.32],["345362231",3],["boboyunz",3],["nimuyuhan",3],["liutang123",2.83],["chaplinthink",2.83],["srikker",2.65],["azurenake",2.65],["luozenglin",2.65],["zhujiwen",2.65],["xinghuayu007",2.65],["wuyunfeng",2.65],["Gabriel39",2.45],["smallhibiscus",2.45],["li-keguo",2.45],["chovy-3012",2.45],["924060929",2.24],["mk8310",2.24],["crazy2323",2.24],["DinoZhang",2.24],["yangmingjie",2.24],["wangliansong",2.24],["pierre94",2.24],["coderjiang",2],["g-zhongchong",1.73],["arthur-zhang",1.73],["ggggujqw",1.73],["hlh5",1.73],["sduzh",1.73],["rufeng97",1.73],["huzk8",1.73],["zhangchunsheng",1.73],["yaowanli",1.41],["lizhanyang505",1.41],["tarepanda1024",1.41],["ikaruga4600",1.41],["zhangstar333",1.41],["xiaoqingzhang-huan",1.41],["fengcharles",1.41],["spaces-X",1.41],["ZCChow",1.41],["GeorgeHon",1.41],["Skysheepwang",1.41],["xinyiZzz",1.41],["wangbo",1.41],["haboshara1",1],["sincere0104",1],["obobj",1],["rzechen",1],["CraftLCL",1],["cooltnt",1],["zhxiaofan",1],["wwm2333",1],["wl3207601",1],["gj-zhang",1],["jyz0309",1],["jkryanchou",1],["yiguolei",1]],"2021-10":[["morningman",8],["github-actions[bot]",7.94],["chovy-3012",4.24],["Gabriel39",4],["EmmyMiao87",2.83],["HappenLee",2.83],["dohongdayi",2.65],["qzsee",2.65],["xy720",2.24],["yangzhg",2],["GoGoWen",2],["liu391447823",2],["zbtzbtzbt",2],["xinyiZzz",2],["caiconghui",1.73],["ucasfl",1.73],["liutang123",1.73],["zuochunwei",1.41],["pengxiangyu",1.41],["tianhui5",1.41],["jztian",1.41],["ChPi",1.41],["sunjavaer",1.41],["hf200012",1.41],["nimuyuhan",1.41],["arjenzhou",1],["lipeng562837199",1],["wentaotang0",1],["JNSimba",1],["kuncle",1],["stdpain",1],["zhoyo21th",1],["xhmz",1],["ZhikaiZuo",1]],"2021-11":[["morningman",25.46],["github-actions[bot]",16.03],["xinyiZzz",13.23],["yangzhg",12.12],["hf200012",10.2],["EmmyMiao87",9.59],["xinghuayu007",8.37],["xy720",8.19],["HappenLee",8.06],["BiteTheDDDDt",6.78],["zuochunwei",6.78],["killxdcj",6.63],["Gabriel39",6.08],["tianhui5",5.92],["caiconghui",5.92],["GoGoWen",5.2],["chovy-3012",5.2],["JNSimba",5.2],["luzhijing",5.1],["qidaye",5.1],["wayofeng",4.8],["littleeleventhwolf",4.69],["renzhimin7",4.69],["aihai",4.24],["pengxiangyu",4.12],["Userwhite",4],["songchuangyuan",3.61],["jackwener",3.61],["zbtzbtzbt",3.61],["391518331",3.32],["wuyunfeng",3.32],["spaces-X",3.32],["tinkerrrr",3.16],["weajun",3.16],["ans76",3],["ChPi",3],["wangshuo128",2.83],["zhengshengjun",2.83],["e0c9",2.65],["weizuo93",2.65],["dh-cloud",2.65],["xu20160924",2.65],["stdpain",2.45],["yiguolei",2.24],["hnwkz",2.24],["zh0122",2.24],["dongweizhao",2.24],["THUMarkLau",2.24],["tarepanda1024",2.24],["drgnchan",2.24],["wangxingsen666",2.24],["minghong",2.24],["zenoyang",2.24],["ZhikaiZuo",2],["doudianer",2],["anneji-dev",2],["ccoffline",2],["lihuigang",2],["htyoung",2],["wangbo",2],["ddsr-ops",2],["924060929",1.73],["KKtwo",1.73],["zhangstar333",1.73],["zhengshiJ",1.73],["power1628",1.73],["sparklezzz",1.73],["dadahelloworld",1.73],["666chaoge666",1.73],["chaplinthink",1.73],["marvinron",1.73],["Likes123",1.41],["xuliuzhe",1.41],["huyangg",1.41],["zcdJason",1.41],["liutang123",1.41],["ucasfl",1.41],["ztgoto",1.41],["LangYuanzh",1.41],["code81192",1.41],["banjin",1.41],["JustinMars1",1.41],["luozenglin",1.41],["sebbASF",1.41],["Henry2SS",1.41],["renyuankun",1.41],["coderjiang",1],["archongum",1],["silentxingtian",1],["LiaoShulong",1],["WindyGao",1],["slowmoon",1],["yaojinghai",1],["lovemylover042",1],["mie-hei",1],["dhpyyy820",1],["jztian",1]],"2021-12":[["morningman",20.95],["github-actions[bot]",15.59],["EmmyMiao87",14.04],["yangzhg",12.69],["xinyiZzz",10.95],["jackwener",10.63],["wangshuo128",9.22],["caiconghui",8.37],["hf200012",8.25],["zhengshiJ",7.55],["tinkerrrr",7.21],["whutpencil",6.86],["aihai",6.71],["Henry2SS",6.48],["xuzifu666",6],["zuochunwei",5.83],["JNSimba",5.48],["BiteTheDDDDt",5.39],["GoGoWen",5.39],["zenoyang",5.2],["qidaye",5.1],["HappenLee",5],["weizuo93",4.58],["MeiontheTop",4.12],["pengxiangyu",4.12],["tianhui5",4],["xtr1993",4],["yiguolei",3.87],["chovy-3012",3.61],["zbtzbtzbt",3.61],["littleeleventhwolf",3.46],["dh-cloud",3.46],["spaces-X",3.32],["liutang123",3.32],["luzhijing",3.32],["zhangstar333",3.16],["gj-zhang",3.16],["wayofeng",3.16],["lordk911",3.16],["weajun",3.16],["gaodayue",2.83],["wangxiaobaidu11",2.83],["xy720",2.83],["qzsee",2.83],["JackFzy",2.65],["luozenglin",2.65],["wuqiao",2.45],["zhouhoo",2.45],["xiedeyantu",2.45],["kezhenxu94",2.45],["924060929",2.45],["wgzhxy",2.24],["yjant",2.24],["CalvinKirs",2.24],["SleepyBear96",2.24],["wangqiuhao0912",2.24],["songchuangyuan",2.24],["1sunhanya",2],["yhp353134",2],["WindyGao",2],["DamonChow",2],["yx91490",2],["dearMOMO",1.73],["wangbo",1.73],["renzhimin7",1.73],["littleforce163",1.73],["Aiden-Dong",1.73],["Mlilion",1.73],["woxidadiaosi",1.73],["darionyaphet",1.73],["itonway",1.73],["weilianchang",1.41],["xinghuayu007",1.41],["13671653088",1.41],["hlh5",1.41],["chaplinthink",1.41],["sparklezzz",1.41],["finishne",1.41],["steadyBoy",1.41],["sundy-li",1.41],["sunbc996",1.41],["xiangtao",1.41],["sodamnsure",1.41],["taoxu1234",1.41],["yiluoya",1.41],["mhyeagle",1],["tuigerphkeeper",1],["xu20160924",1],["kuangye098",1],["caoliang-web",1],["tarepanda1024",1],["SeaAndHillMe",1],["mychaow",1],["swq-github",1],["hugengyong",1],["believeyourself",1],["DouglasJun",1],["MrGreen1024",1],["ChPi",1],["silentxingtian",1]],"2022-01":[["morningman",22.43],["github-actions[bot]",16.82],["zuochunwei",14.04],["HappenLee",14.04],["BiteTheDDDDt",11.75],["EmmyMiao87",10.86],["wangbo",10.49],["hf200012",10.34],["jackwener",9.95],["caiconghui",9.38],["amosbird",8.72],["924060929",8.37],["adonis0147",8.31],["yangzhg",8.12],["zenoyang",7.87],["qidaye",7.55],["zhangstar333",7.07],["weizuo93",6.4],["Henry2SS",5.2],["luzhijing",4.9],["JNSimba",4.8],["yiguolei",4.8],["spaces-X",4.69],["anneji-dev",4.36],["zhengshiJ",3.74],["zbtzbtzbt",3.74],["zhengshengjun",3.61],["wangshuo128",3.46],["littleeleventhwolf",3.46],["stalary",3.46],["Aiden-Dong",3.32],["GoGoWen",3.32],["qzsee",3.16],["weajun",3.16],["dataroaring",3.16],["WindyGao",3.16],["smallhibiscus",3],["xinyiZzz",3],["blackstar-baba",3],["vinson0526",3],["xy720",2.83],["tianhui5",2.83],["luozenglin",2.83],["Userwhite",2.65],["liutang123",2.65],["cooldwind",2.65],["freemandealer",2.65],["obobj",2.45],["bingzxy",2.24],["lordk911",2.24],["wayofeng",2.24],["lovingfeel",2.24],["xuzifu666",2.24],["eyesmoons",2.24],["htyoung",2.24],["dongweizhao",2],["diaowentao",2],["caoliang-web",2],["MRYOG",2],["chovy-3012",2],["qingyu-github",1.73],["i7xh",1.73],["liangyongz",1.73],["biohazard4321",1.73],["xiangtao",1.73],["aiwenmo",1.73],["ljmat",1.73],["HackToday",1.73],["LT519",1.41],["hqisog",1.41],["chenxianxu",1.41],["liuxiahuiyi",1.41],["xinxingi",1.41],["jollykingCN",1.41],["steadyBoy",1.41],["qiyongbo",1.41],["ans76",1.41],["wwek",1.41],["ucasfl",1.41],["freshsun",1.41],["tzssangglass",1],["awakeljw",1],["abcchen2",1],["huligong1234",1],["databoyliu",1],["yiluoya",1],["TobKed",1],["arthuryangcs",1],["FireFreedomK",1]],"2022-02":[["morningman",22.16],["HappenLee",19.77],["github-actions[bot]",18],["yiguolei",12.57],["yangzhg",12.49],["BiteTheDDDDt",11.92],["zuochunwei",11.31],["caiconghui",10.72],["stalary",8.49],["adonis0147",7.75],["EmmyMiao87",7.75],["zhangstar333",7.35],["wangbo",7.28],["awakeljw",6.93],["hf200012",6.78],["qidaye",6.4],["spaces-X",5.92],["dataroaring",5.29],["Henry2SS",5.2],["jackwener",5],["arthuryangcs",4.9],["cambyzju",4.8],["zbtzbtzbt",4.12],["weizuo93",4],["aopangzi",3.87],["steadyBoy",3.74],["liteng2430",3.61],["GoGoWen",3.46],["zyw8136",3.46],["ChPi",3.46],["Wahno",3.32],["yinzhijian",3.16],["zhannngchen",3.16],["tianhui5",3.16],["littleeleventhwolf",3.16],["qzsee",3],["gwdgithubnom",3],["smallhibiscus",2.83],["wunan1210",2.83],["zenoyang",2.83],["ztgoto",2.83],["westgatepark",2.65],["xingtanzjr",2.65],["daikon12",2.65],["924060929",2.45],["dataalive",2.45],["rinkydevi",2.45],["Keysluomo",2.45],["wangshuo128",2.24],["sodamnsure",2.24],["wayofeng",2.24],["Royce33",2.24],["Gongruixiao",2.24],["DarvenDuan",2.24],["liuzhuang2017",2.24],["jacktengg",2.24],["Alibaba-HZY",2.24],["caoliang-web",2.24],["lonre",2.24],["lihuigang",2.24],["aubdiy",2],["luzhijing",2],["pengxiangyu",2],["dingjing0604",2],["liutang123",2],["feiver",1.73],["junjie4585",1.73],["stgztsw",1.73],["Nivane",1.73],["amosbird",1.73],["WhiskeyShang",1.41],["xiangtao",1.41],["bluemasion",1.41],["liuyaolin",1.41],["xiebanggui777",1.41],["JNSimba",1.41],["lahok",1.41],["xinghuayu007",1.41],["boboyunz",1.41],["larryju",1.41],["cheng66551",1.41],["lljqy",1.41],["254288935",1.41],["englefly",1.41],["Userwhite",1],["crazy2323",1],["dongweizhao",1],["obobj",1],["kylinmac",1],["ccoffline",1],["Doris-Extras",1],["awsl-dbq",1],["xy720",1],["Abhishekthakur2545",1]],"2022-03":[["morningman",24],["github-actions[bot]",21.49],["HappenLee",18.76],["xinyiZzz",18.08],["EmmyMiao87",16.25],["yangzhg",15.81],["caiconghui",15.59],["BiteTheDDDDt",15.33],["dataroaring",14.46],["yiguolei",14.46],["adonis0147",14.39],["wangbo",14.21],["zbtzbtzbt",12.41],["zenoyang",12.29],["cambyzju",12.08],["Gabriel39",9.49],["pengxiangyu",9.33],["morrySnow",9.17],["hf200012",7.94],["spaces-X",7.81],["zhangstar333",7.81],["jackwener",7.48],["wangshuo128",7.14],["zhengte",7.07],["dataalive",6.63],["levy5307",6.56],["weizuo93",5.92],["chenlinzhong",5.66],["yangjun616",5.39],["mrhhsg",5.2],["whutpencil",5.2],["zhannngchen",5.1],["emerkfu",5],["steadyBoy",4.69],["hello-stephen",4.47],["zuochunwei",4.24],["kangshisen",4.24],["xiaokang",4.24],["DarvenDuan",4.24],["yinzhijian",4],["taberylyang",4],["qidaye",4],["luzhijing",4],["englefly",3.87],["carlvinhust2012",3.74],["xlwh",3.74],["ChPi",3.74],["platoneko",3.46],["GoGoWen",3.46],["wunan1210",3.46],["Henry2SS",3.32],["huangyuansheng",3.32],["airborne12",3.32],["JusticeGong",3.16],["liaoxin01",3.16],["starocean999",3.16],["qzsee",3.16],["awakeljw",3.16],["Tanya-W",3],["zxm17863626761",2.83],["924060929",2.83],["jacktengg",2.65],["mklzl",2.65],["hewei-nju",2.65],["xiepengcheng01",2.65],["yym12",2.65],["Userwhite",2.65],["liutang123",2.65],["SleepyBear96",2.65],["dp0304",2.45],["stalary",2.45],["daikon12",2.45],["HackToday",2.45],["Lchangliang",2.45],["arthuryangcs",2.45],["emmataobao",2.45],["bridgeDream",2.45],["kylinmac",2.24],["tianhui5",2.24],["Jibing-Li",2.24],["SWJTU-ZhangLei",2.24],["lovingfeel",2.24],["zhangyifan27",2.24],["wangyf0555",2.24],["Yankee24",2],["DarvenDuanXJ",2]],"2022-04":[["github-actions[bot]",23.04],["morningman",22.18],["EmmyMiao87",20.78],["yiguolei",17.2],["HappenLee",14.83],["hf200012",14.53],["BiteTheDDDDt",14.42],["xinyiZzz",13.86],["morrySnow",13.78],["yangzhg",13.67],["jackwener",13.19],["924060929",13.11],["weizhengte",12.77],["zhengshiJ",12.25],["wangbo",12.12],["caiconghui",10.91],["dataroaring",10.44],["zenoyang",10.34],["stalary",9.9],["cambyzju",9.85],["zbtzbtzbt",9.33],["JNSimba",9.11],["chenlinzhong",8.49],["smallhibiscus",7.94],["qidaye",7.81],["Gabriel39",7.75],["Henry2SS",7.48],["starocean999",7.14],["pengxiangyu",7.07],["Kikyou1997",6.71],["adonis0147",6.56],["zhangstar333",6.4],["zhannngchen",6.16],["mrhhsg",5.92],["yinzhijian",5.83],["caoliang-web",5.66],["dependabot[bot]",5.66],["SleepyBear96",5.66],["qzsee",5.66],["luwei16",5.2],["xy720",5.1],["wangshuo128",5.1],["zingdle",4.9],["leo65535",4.69],["Lchangliang",4.69],["kkfnui",4.58],["liuzhuang2017",4.58],["Jibing-Li",4.36],["spaces-X",4.24],["FreeOnePlus",4.12],["platoneko",4],["lide-reed",4],["liaoxin01",4],["Toms1999",4],["zhangy5",3.87],["xlwh",3.74],["pingchunzhang",3.61],["englefly",3.61],["carlvinhust2012",3.46],["littleeleventhwolf",3.46],["jacktengg",3.32],["ChPi",3.16],["GoGoWen",3.16],["luzhijing",3],["liutang123",3],["SWJTU-ZhangLei",3],["zhengshengjun",3],["ruyliu",2.83],["zhengte",2.83],["dataalive",2.83],["dh-cloud",2.83],["emerkfu",2.65],["hello-stephen",2.65],["qimumu9406",2.65],["weilai201",2.45],["Userwhite",2.45],["mklzl",2.24],["lightghli",2.24],["gj-zhang",2.24],["amosbird",2.24],["wucheng",2.24],["CalvinKirs",2.24],["cody195",2.24],["wang1xinai",2.24],["DarvenDuan",2.24],["NoFearInMyHeart-G",2],["lonre",2],["gtchaos",2],["fjyulu",2],["Level1Accelerator",2]],"2022-05":[["github-actions[bot]",22.54],["morningman",20.12],["HappenLee",19.34],["yiguolei",18.41],["morrySnow",17.18],["Gabriel39",15.75],["stalary",13.75],["xinyiZzz",13.75],["EmmyMiao87",13.6],["cambyzju",13.19],["BiteTheDDDDt",13],["hf200012",12.12],["yangzhg",11.75],["jackwener",11.62],["carlvinhust2012",10.91],["adonis0147",9.75],["pengxiangyu",8.77],["qidaye",8.72],["chenlinzhong",8],["dataroaring",7.87],["liaoxin01",7.81],["SaintBacchus",7.14],["yinzhijian",7.07],["zy-kkk",6.78],["dujl",6.56],["dataalive",6.56],["jacktengg",6.4],["deardeng",6.4],["924060929",6.32],["yixiutt",6.24],["xy720",6.24],["Jibing-Li",6.08],["gtchaos",6],["spaces-X",5.92],["wangshuo128",5.83],["ConeyLiu",5.83],["xiaokang",5.83],["BePPPower",5.74],["JNSimba",5.74],["leo65535",5.66],["smallhibiscus",5.57],["xiepengcheng01",5.57],["gaodayue",5.39],["hello-stephen",5.1],["zhangstar333",5],["caoliang-web",4.9],["mrhhsg",4.69],["tianhui5",4.58],["caiconghui",4.36],["Vikasss7663",4.36],["liuzhuang2017",4.12],["Kikyou1997",4],["wangbo",4],["nextdreamblue",4],["lihuigang",3.87],["zhengshengjun",3.87],["luozenglin",3.87],["platoneko",3.74],["zhengshiJ",3.74],["ccoffline",3.74],["englefly",3.74],["Yulv-git",3.61],["LOVEGISER",3.46],["qimumu9406",3.46],["xlwh",3.46],["Lchangliang",3.46],["zenoyang",3.32],["amosbird",3.32],["emerkfu",3.16],["zxealous",3.16],["weizhengte",3.16],["starocean999",3.16],["compiletheworld",3],["sumtumn",3],["qzsee",3],["lide-reed",2.83],["htyoung",2.83],["whutpencil",2.65],["long2ice",2.65],["yym12",2.45],["19932537671",2.24],["lit2430",2.24],["cxzl25",2.24],["Toms1999",2.24],["shaqf",2.24],["gj-zhang",2.24],["nvguiyachuang",2.24],["luzhijing",2.24],["hanfengcan",2.24],["sparklezzz",2.24],["hddong",2.24],["FreeOnePlus",2.24],["dependabot[bot]",2],["luwei16",2],["GoGoWen",2]],"2022-06":[["github-actions[bot]",23.87],["morrySnow",23.37],["yiguolei",20],["morningman",19.44],["Gabriel39",18.33],["HappenLee",18.06],["BiteTheDDDDt",16.16],["Kikyou1997",14.07],["cambyzju",13.56],["adonis0147",13.42],["yinzhijian",12.92],["924060929",12.65],["xinyiZzz",12.33],["yangzhg",11.22],["englefly",10.68],["zhengshiJ",10.49],["EmmyMiao87",10.44],["qzsee",9.49],["stalary",9.43],["mrhhsg",9.27],["carlvinhust2012",9.27],["yixiutt",8.89],["jackwener",8.77],["hf200012",8.66],["AshinGau",8.49],["dataroaring",8.19],["wangyf0555",7.48],["eldenmoon",7.21],["zy-kkk",7.07],["pengxiangyu",6.93],["SWJTU-ZhangLei",6.71],["caiconghui",6.56],["dujl",6.4],["wangbo",6.32],["wangshuo128",6.32],["SaintBacchus",6.16],["Jibing-Li",6.08],["xiaokang",6],["zhannngchen",5.92],["smallhibiscus",5.92],["zenoyang",5.83],["FreeOnePlus",5.74],["dependabot[bot]",5.74],["zhangstar333",5.57],["starocean999",5.48],["compiletheworld",5.48],["k-i-d-d",5.29],["jacktengg",5.1],["wuyunfeng",5],["wsjz",4.9],["xy720",4.8],["chenlinzhong",4.47],["BePPPower",4.47],["Hisoka-X",4.24],["Yankee24",4.24],["compasses",4.24],["kpfly",4.12],["caoliang-web",4],["zxealous",3.87],["sumtumn",3.74],["hello-stephen",3.74],["qidaye",3.61],["whutpencil",3.46],["spaces-X",3.46],["qimumu9406",3.46],["Userwhite",3.32],["simon824",3.32],["nextdreamblue",3.16],["PragmaTwice",3.16],["TurboWay",3.16],["jialiangCHOU",3.16],["liuzhuang2017",3.16],["platoneko",3],["lide-reed",3],["ChPi",2.83],["freesinger",2.83],["whyy7777",2.83],["JNSimba",2.83],["zhengshengjun",2.83],["husterdjx",2.65],["liutang123",2.65],["lllwan",2.65],["zhanghaicheng1",2.65],["liaoxin01",2.65],["pingchunzhang",2.65],["luozenglin",2.65],["smallx",2.45],["deardeng",2.45],["SleepyBear96",2.24],["xlwh",2.24],["aihai",2.24],["xiepengcheng01",2.24],["Lchangliang",2.24],["caomingjie-code",2.24],["gitbbrid",2],["lcs559",2],["lordk911",2],["zengwenjie128",2],["Henry2SS",2],["shiningbyte",2],["LOVEGISER",2],["jztian",2]],"2022-07":[["github-actions[bot]",27.24],["morningman",23.15],["morrySnow",22.67],["yiguolei",20.69],["cambyzju",17.61],["jackwener",17.09],["Gabriel39",16.03],["924060929",15.94],["xiaokang",15.56],["wangshuo128",14.97],["englefly",14.32],["BiteTheDDDDt",14.25],["HappenLee",13.71],["adonis0147",12.77],["Kikyou1997",12.57],["EmmyMiao87",12.49],["mrhhsg",11.87],["carlvinhust2012",11.53],["xy720",11.31],["xinyiZzz",10.91],["hf200012",10.86],["platoneko",10.86],["zhannngchen",10.82],["jacktengg",10.1],["stalary",9.54],["zhengshiJ",9.43],["hello-stephen",9.17],["SaintBacchus",9.17],["caiconghui",9],["yangzhg",8.94],["dataroaring",8.89],["starocean999",8.83],["Lchangliang",8.77],["yinzhijian",8.66],["liaoxin01",8.6],["deardeng",8.31],["pengxiangyu",8.31],["sohardforaname",8.19],["compiletheworld",8.06],["qzsee",7.81],["freesinger",7.81],["weizuo93",7.81],["JNSimba",7.75],["yixiutt",7.35],["AshinGau",7.35],["wangbo",7.21],["luozenglin",7.14],["zxealous",6.71],["SWJTU-ZhangLei",6.63],["smallhibiscus",6.48],["eldenmoon",6.08],["compasses",6],["wsjz",5.74],["k-i-d-d",5.74],["ByteYue",5.57],["caoliang-web",5.48],["Jibing-Li",5.48],["kpfly",5.39],["weizhengte",5.39],["chenlinzhong",5.39],["FreeOnePlus",5.1],["Henry2SS",4.69],["spaces-X",4.58],["wolfboys",4.36],["YangShaw",4.36],["luwei16",4.36],["dependabot[bot]",4.12],["BePPPower",4],["yuanyuan8983",4],["emerkfu",4],["zhangstar333",4],["Toms1999",4],["zhengshengjun",3.74],["Wilson-BT",3.61],["dataalive",3.46],["shutao917",3.32],["zy-kkk",3.16],["qidaye",3.16],["mymeiyi",3.16],["kkfnui",3.16],["siriume",3],["liuzhuang2017",3],["miswujian",2.83],["shenxingwuying",2.65],["LOVEGISER",2.65],["Im-Manshushu",2.65],["icchux",2.65],["sunhao-db",2.65],["zyzAndMz",2.45],["codeAntg",2.45],["elvestar",2.24],["luzhijing",2.24],["wangyf0555",2.24],["TsukiokaKogane",2.24],["GoGoWen",2.24],["zhengshubin",2.24],["LemonLiTree",2.24],["liutang123",2.24],["King0513",2]],"2022-08":[["morrySnow",31.86],["github-actions[bot]",26.76],["morningman",21.89],["englefly",19.62],["Gabriel39",17.03],["yiguolei",16.22],["Kikyou1997",15.49],["stalary",15.49],["924060929",15.36],["xinyiZzz",14.49],["HappenLee",14.49],["jackwener",13.96],["BiteTheDDDDt",13.67],["cambyzju",13.67],["adonis0147",13.49],["yangzhg",12.17],["dataroaring",12.12],["hf200012",12],["zhannngchen",11.45],["starocean999",11.36],["yixiutt",11.09],["carlvinhust2012",10.86],["liaoxin01",9.9],["wangshuo128",9.59],["platoneko",9.43],["mrhhsg",9.06],["luozenglin",8.94],["caiconghui",8.83],["xy720",8.49],["jacktengg",8.43],["wsjz",8.37],["pengxiangyu",8.37],["zxealous",8.12],["chenlinzhong",7.94],["YangShaw",7.62],["hello-stephen",7.55],["AshinGau",7.48],["Henry2SS",7.21],["Jibing-Li",7.07],["spaces-X",7],["wangbo",6.86],["sohardforaname",6.71],["eldenmoon",6.56],["nextdreamblue",6.24],["LemonLiTree",6.24],["Lchangliang",6],["Userwhite",5.83],["compasses",5.83],["caoliang-web",5.83],["weizhengte",5.66],["yinzhijian",5.57],["xiaokang",5.57],["luzhijing",5.29],["SWJTU-ZhangLei",5.29],["Toms1999",5.2],["BePPPower",5.1],["bin41215",5.1],["JNSimba",5.1],["wuyunfeng",4.9],["hqx871",4.9],["ByteYue",4.8],["catpineapple",4.58],["Yukang-LIAN",4.47],["weizuo93",4.24],["SaintBacchus",4.12],["siriume",4],["zhangy5",4],["dataalive",4],["smallhibiscus",4],["geniusjoe",3.87],["zhangstar333",3.87],["zy-kkk",3.87],["dujl",3.87],["ChPi",3.74],["zenoyang",3.61],["gavinchou",3.61],["MRYOG",3.46],["zuochunwei",3.46],["GoGoWen",3.32],["qidaye",3.32],["cun8cun8",3.32],["muyizi",3.32],["chovy-3012",3.32],["yuanyuan8983",3.16],["freemandealer",3.16],["kpfly",3.16],["xiaojunjie",3.16],["whutpencil",3],["a19920714liou",2.83],["qinchaofeng",2.83],["zhengshiJ",2.65],["hou-rong",2.65],["yew1eb",2.65],["guiyanakuang",2.45],["amosbird",2.45],["qzsee",2.24],["arcyda",2.24],["wsg96321",2.24],["pingchunzhang",2.24],["BenjaminWenqiYu",2.24],["FreeOnePlus",2.24],["aopangzi",2.24],["link3280",2.24],["zhangshuocn",2.24],["LizZhang315",2.24],["zhoulong0517",2.24],["iceqing",2.24],["wangyf0555",2.24],["forrestnie",2.24],["fchenxi",2.24],["daikon12",2.24],["icedrugs89",2.24],["yongjinhou",2.24],["tk047",2.24],["suyanhanx",2.24],["lihuigang",2.24],["ccoffline",2.24],["freesinger",2],["wangruin",2],["wolfboys",2],["ucasfl",2],["emerkfu",2],["TaoZex",2],["dinggege1024",2]],"2022-09":[["github-actions[bot]",25.88],["morrySnow",25.46],["Gabriel39",19.18],["HappenLee",16.4],["morningman",16.31],["Kikyou1997",15.78],["dataroaring",15.46],["xinyiZzz",14.73],["zhannngchen",13.78],["jackwener",13.3],["adonis0147",13.23],["BiteTheDDDDt",11.92],["cambyzju",11.62],["zhengshiJ",11.45],["starocean999",10.77],["weizhengte",10.25],["englefly",10.1],["stalary",9.54],["yixiutt",9.49],["wangshuo128",9.38],["hf200012",9.22],["luozenglin",8.94],["eldenmoon",8.89],["mrhhsg",8.83],["jacktengg",8.54],["zy-kkk",8.54],["Jibing-Li",8.12],["qzsee",8.12],["yiguolei",7.94],["carlvinhust2012",7.62],["yangzhg",7.55],["924060929",7.35],["nextdreamblue",7],["Henry2SS",7],["AshinGau",6.93],["freemandealer",6.78],["wsjz",6.71],["xy720",6.71],["liaoxin01",6.56],["zhangstar333",6.48],["dutyu",6.4],["yinzhijian",6.4],["sohardforaname",6.4],["TaoZex",6.24],["zenoyang",6],["yongjinhou",5.83],["BePPPower",5.83],["lsy3993",5.74],["JNSimba",5.74],["zxealous",5.66],["pengxiangyu",5.57],["chenlinzhong",5.57],["dinggege1024",5.57],["Yukang-LIAN",5.29],["Lchangliang",5.29],["LemonLiTree",5],["ByteYue",5],["xiaokang",5],["dataalive",4.8],["spaces-X",4.8],["catpineapple",4.69],["luzhijing",4.69],["weizuo93",4.58],["ChPi",4.58],["BenjaminWenqiYu",4.47],["caoliang-web",4.24],["hello-stephen",4.12],["caiconghui",4.12],["FreeOnePlus",4],["levy5307",3.87],["deardeng",3.61],["freesinger",3.61],["Wilson-BT",3.46],["lihuigang",3.32],["wangbo",3.32],["wslkxup",3.16],["siriume",3.16],["yuanyuan8983",3.16],["gavinchou",3.16],["ningbing",3],["smallhibiscus",2.83],["superhanliu2",2.83],["spihiker",2.65],["dujl",2.65],["dependabot[bot]",2.65],["SWJTU-ZhangLei",2.65],["liujinhui1994",2.45],["BigdataGit",2.45],["lide-reed",2.45],["hopepanwei",2.45],["qidaye",2.45],["jeffreys-cat",2.24],["zhoulong0517",2.24],["whutpencil",2.24],["Xiaoccer",2.24],["lixiaobing-fabulous",2.24],["biandou1313",2.24],["luwei16",2.24],["geniusjoe",2.24],["liwenqi1996",2.24],["lit2430",2],["gongzexin",2],["qf8505",2],["isHuangXin",2],["Cai-Yao",2],["tarepanda1024",2],["leafgodgood",2]],"2022-10":[["github-actions[bot]",25.14],["hello-stephen",20],["morningman",19.36],["dataroaring",17.38],["morrySnow",16.12],["Gabriel39",14.87],["xinyiZzz",14.73],["HappenLee",14.25],["englefly",13.6],["yiguolei",12.81],["hf200012",12.04],["luozenglin",11.62],["adonis0147",11.09],["BiteTheDDDDt",10.95],["jackwener",10.44],["nextdreamblue",9.85],["starocean999",9.22],["yangzhg",8.94],["zhannngchen",8.6],["lsy3993",8.19],["zhangstar333",8.19],["Kikyou1997",8.12],["Yukang-Lian",8.12],["cambyzju",7.94],["liaoxin01",7.81],["xy720",7.62],["jacktengg",7.62],["yixiutt",7.35],["weizhengte",7.35],["wangshuo128",7.28],["carlvinhust2012",7.07],["stalary",6.93],["BePPPower",6.4],["freemandealer",6.4],["mrhhsg",6.24],["AshinGau",6.24],["Jibing-Li",6.24],["pengxiangyu",6.24],["xiaokang",5.83],["dataalive",5.83],["FreeOnePlus",5.74],["yuanyuan8983",5.57],["ByteYue",5.39],["DongLiang-0",5.39],["ChPi",5.29],["LemonLiTree",5.2],["liujinhui1994",5.2],["smallhibiscus",5.2],["caiconghui",5.1],["zy-kkk",5],["SaintBacchus",5],["gavinchou",4.9],["caoliang-web",4.58],["dependabot[bot]",4.36],["pingchunzhang",4.36],["XieJiann",4.36],["dutyu",4.12],["Ray-Eldath",4],["eldenmoon",3.87],["zhouaoe",3.87],["Toms1999",3.61],["924060929",3.61],["sohardforaname",3.61],["catpineapple",3.61],["levy5307",3.46],["zhanghengdashuaibi",3.46],["zhengshiJ",3.32],["TsubameKoyasu",3.32],["lide-reed",3.16],["wsjz",3.16],["xiaojunjie",3],["liyipingbest",3],["qidaye",2.83],["MRYOG",2.83],["Wilson-BT",2.83],["siriume",2.83],["chenlinzhong",2.83],["awakeljw",2.83],["SpringHuBiWei",2.65],["dinggege1024",2.65],["Yulei-Yang",2.65],["ccoffline",2.65],["spihiker",2.65],["mmuuuua",2.65],["Lchangliang",2.65],["weizuo93",2.65],["deardeng",2.65],["Cyb315966632",2.65],["wlxkl",2.45],["huangkaiyan10",2.45],["LOVEGISER",2.45],["qqIsAProgrammer",2.45],["zxealous",2.45],["zhoumengyks",2.45],["wwek",2.24],["wangtianyi2004",2.24],["azaleaFang",2.24],["JNSimba",2.24],["SeekingYang",2.24],["wangbo",2.24],["fisher997",2.24],["zhang91466",2.24],["platoneko",2.24],["SWJTU-ZhangLei",2.24],["zenyanggongmian1995",2],["biohazard4321",2],["melin",2],["Wang857857",2],["GoGim1",2],["guomm",2],["etcZYP",2],["hhaiben123",2],["gongpibin",2]],"2022-11":[["github-actions[bot]",27.6],["morningman",26.04],["morrySnow",25.38],["hello-stephen",21.95],["yiguolei",18.47],["englefly",16.28],["924060929",15.03],["HappenLee",15],["Gabriel39",14.97],["Kikyou1997",12.53],["nextdreamblue",12.41],["eldenmoon",12.08],["dataroaring",11.53],["freemandealer",11.27],["adonis0147",11.22],["yixiutt",11.09],["liaoxin01",10.68],["BiteTheDDDDt",10.58],["starocean999",10.49],["xiaokang",10.49],["xinyiZzz",10.44],["XieJiann",10.15],["jackwener",10.15],["BePPPower",10],["zhannngchen",9.9],["luozenglin",9.54],["lsy3993",9.43],["cambyzju",9.27],["ByteYue",8.89],["zhangstar333",8.77],["sohardforaname",8.37],["Yukang-Lian",8.31],["dutyu",8.19],["FreeOnePlus",7.62],["jacktengg",7.55],["Jibing-Li",7.42],["mrhhsg",7.42],["AshinGau",7.42],["hf200012",7.07],["Yulei-Yang",6.4],["zy-kkk",6.4],["qzsee",6],["yangzhg",5.92],["pengxiangyu",5.74],["catpineapple",5.66],["xy720",5.48],["wangshuo128",5.29],["yuanyuan8983",5.2],["platoneko",5.1],["zhengshiJ",5],["caiconghui",4.9],["LemonLiTree",4.58],["stalary",4.58],["wsjz",4.58],["lide-reed",4.47],["Toms1999",4.36],["xiaojunjie",4.36],["yongjinhou",4.36],["yinzhijian",4.36],["qidaye",4.24],["smallhibiscus",4.24],["gnehil",4.24],["carlvinhust2012",4],["spaces-X",3.87],["zhouaoe",3.61],["xiaoDjun",3.61],["amosbird",3.32],["zenoyang",3.32],["wangbo",3.32],["YangShaw",3.32],["xutaoustc",3.16],["luzhijing",3.16],["TaoZex",3],["Accelarator",2.83],["pingchunzhang",2.83],["Lchangliang",2.83],["SaintBacchus",2.83],["htyoung",2.65],["caoliang-web",2.65],["dependabot[bot]",2.65],["lit2430",2.65],["vkingnew",2.45],["GoGoWen",2.45],["ZhangGuoqiang666",2.45],["kpfly",2.24],["gaogao110",2.24],["b19mud",2.24],["wanghuan2054",2.24],["zhengshengjun",2.24],["weizuo93",2.24],["ChPi",2.24],["luwei16",2.24],["zhoumengyks",2.24],["meredith620",2.24],["Raven888888",2.24],["jeffreys-cat",2.24],["JNSimba",2.24],["ZhangYiXi-dev",2.24],["dataalive",2.24],["gaojunjie03",2],["liqing-coder",2],["Pace2Car",2],["zhangguichuan",2],["ccoffline",2],["Zijun-Git",2],["cp7719",2],["siriume",2],["lverson3",2],["k-i-d-d",2]],"2022-12":[["github-actions[bot]",46.74],["morrySnow",21.77],["hello-stephen",20.88],["morningman",20.15],["Gabriel39",17.72],["HappenLee",15.62],["englefly",15.46],["luozenglin",13.93],["Tanya-W",13.56],["xiaokang",11.83],["Kikyou1997",11.53],["nextdreamblue",11.45],["starocean999",10.77],["Yulei-Yang",10.49],["yiguolei",10.49],["BiteTheDDDDt",10.39],["adonis0147",10.25],["liaoxin01",9.7],["jackwener",9.59],["hf200012",9.38],["zhannngchen",9.17],["BePPPower",9.06],["xinyiZzz",9],["AshinGau",8.94],["yixiutt",8.77],["ByteYue",8.77],["zhangstar333",8.72],["yangzhg",8.25],["jacktengg",7.75],["sohardforaname",7.48],["wsjz",7.42],["wangshuo128",7.35],["Jibing-Li",7.28],["chenlinzhong",7],["mrhhsg",6.71],["cambyzju",6.56],["dataroaring",6.56],["XieJiann",6.48],["924060929",6.4],["JackDrogon",6.32],["platoneko",5.92],["zy-kkk",5.83],["Henry2SS",5.74],["spaces-X",5.74],["weizhengte",5.57],["dutyu",5.48],["xutaoustc",5.48],["wangbo",5.39],["lsy3993",5.2],["pengxiangyu",5.1],["LemonLiTree",5.1],["qzsee",5],["luzhijing",4.9],["compasses",4.69],["liutang123",4.69],["freemandealer",4.69],["gnehil",4.47],["gojumprope",4.24],["zhengshiJ",4.24],["stalary",4.24],["yuxuan-luo",4.12],["maochongxin",4],["smallhibiscus",3.74],["allenwod",3.74],["weizuo93",3.74],["xy720",3.46],["JNSimba",3.46],["caoliang-web",3.32],["zxealous",3.32],["httpshirley",3.16],["zhengshengjun",3.16],["Yukang-Lian",3.16],["qidaye",3],["etcZYP",3],["TangSiyang2001",3],["DongLiang-0",3],["catpineapple",2.83],["carlvinhust2012",2.83],["deardeng",2.83],["eldenmoon",2.83],["dependabot[bot]",2.65],["ZhangGuoqiang666",2.65],["zenoyang",2.65],["ikiler",2.45],["xiaojunjie",2.24],["dujl",2.24],["whutpencil",2.24],["Wilson-BT",2.24],["hou-rong",2.24],["FreeOnePlus",2.24],["caiconghui",2.24],["15374604475",2.24],["lexluo09",2.24],["MRYOG",2.24],["zbtzbtzbt",2.24],["lide-reed",2],["Myasuka",2],["meredith620",2],["gavinchou",2],["Flyraty",2],["vkingnew",2]],"2023-01":[["github-actions[bot]",48.44],["morningman",20.88],["hello-stephen",20.4],["morrySnow",18.79],["xiaokang",18.14],["Gabriel39",16.28],["yiguolei",15],["eldenmoon",14.73],["adonis0147",14.14],["amorynan",13.38],["HappenLee",12.65],["jackwener",12.17],["XieJiann",12],["englefly",11.96],["Tanya-W",11.49],["cambyzju",10.72],["Kikyou1997",10.2],["xinyiZzz",10],["ByteYue",9.64],["BePPPower",9.59],["BiteTheDDDDt",9.59],["sohardforaname",9.11],["airborne12",9.06],["Yukang-Lian",8.89],["starocean999",8.89],["yangzhg",8.12],["platoneko",8],["dutyu",7.87],["xy720",7.75],["AshinGau",7.55],["luozenglin",7.35],["wsjz",7.21],["zhannngchen",7.14],["SaintBacchus",7.07],["yixiutt",7],["carlvinhust2012",6.86],["zy-kkk",6.78],["hf200012",6.56],["caiconghui",6.56],["dataroaring",6.56],["chenlinzhong",6.4],["zddr",6.24],["zbtzbtzbt",6.16],["Jibing-Li",6],["jacktengg",5.92],["HackToday",5.92],["TangSiyang2001",5.92],["nextdreamblue",5.92],["spaces-X",5.83],["pengxiangyu",5.74],["gnehil",5.48],["stalary",5.48],["mrhhsg",5.29],["caoliang-web",5.29],["Henry2SS",5.2],["kaka11chen",5],["Zmaul04",4.9],["qidaye",4.8],["zhangstar333",4.8],["zclllyybb",4.8],["lsy3993",4.69],["924060929",4.69],["weizhengte",4.24],["zhengshengjun",4.12],["xiebanggui777",4],["UnicornLee",4],["wangbo",4],["smallhibiscus",3.87],["LemonLiTree",3.74],["freemandealer",3.74],["zhengshiJ",3.61],["httpshirley",3.61],["wangshuo128",3.32],["liwei9902",3.32],["zhangy5",3],["htyoung",3],["yuanyuan8983",3],["Lchangliang",3],["Cai-Yao",3],["qzsee",2.83],["MRYOG",2.83],["isHuangXin",2.83],["liaoxin01",2.83],["yuxuan-luo",2.83],["luzhijing",2.65],["yongjinhou",2.65],["deardeng",2.65],["EvanTheBoy",2.65],["zhouhoo",2.65],["WinkerDu",2.45],["dependabot[bot]",2.45],["enterwhat",2.45],["magicxf",2.45],["xuqinghuang",2.24],["fracly",2.24],["beijita",2.24],["ZhangGuoqiang666",2.24],["TDL11111122222",2.24],["liugddx",2.24],["pingchunzhang",2.24],["catpineapple",2.24],["youtNa",2.24],["weizuo93",2.24],["tempestLXC",2.24],["jeffreys-cat",2],["Alexxigang",2],["xiongzegang",2],["kk467415728",2],["413331861",2]],"2023-02":[["github-actions[bot]",55.21],["morningman",25.36],["morrySnow",22.2],["HappenLee",17.18],["yiguolei",17.09],["hello-stephen",17.06],["xiaokang",17.06],["TangSiyang2001",15.65],["xy720",15.23],["eldenmoon",14.93],["SaintBacchus",13.82],["Tanya-W",13.6],["Gabriel39",13.53],["BiteTheDDDDt",13.3],["nextdreamblue",11.96],["platoneko",11.87],["zhannngchen",11.7],["xinyiZzz",11],["XieJiann",10.91],["jacktengg",10.86],["AshinGau",10.63],["liaoxin01",10.34],["ZhangGuoqiang666",10.34],["jackwener",10.25],["englefly",10.2],["yixiutt",10.15],["dataroaring",9.95],["zhangstar333",9.8],["starocean999",9.7],["cambyzju",9.43],["BePPPower",9.43],["Yukang-Lian",9.22],["zddr",9.11],["luzhijing",9.11],["amorynan",9.11],["stalary",9.11],["gavinchou",9],["wsjz",8.89],["zy-kkk",8.6],["pengxiangyu",8.54],["carlvinhust2012",8.43],["YangShaw",8.31],["freemandealer",8.12],["chenlinzhong",8.12],["yongjinhou",8.06],["luozenglin",7.94],["sohardforaname",7.87],["Jibing-Li",7.81],["FreeOnePlus",7.68],["adonis0147",7.55],["yagagagaga",7.21],["Kikyou1997",7.14],["mrhhsg",7.07],["zclllyybb",7],["ByteYue",6.71],["airborne12",6.56],["yangzhg",6.48],["WinkerDu",6.48],["Cai-Yao",6.16],["Yulei-Yang",6.08],["ZhangYu0123",6.08],["yinzhijian",5.92],["wangbo",5.66],["qidaye",5.48],["zxealous",5.48],["caoliang-web",5.39],["bowenliang123",5.39],["weizhengte",5.39],["xiaojunjie",5.29],["JackDrogon",5.29],["caiconghui",5.1],["zhengshengjun",4.9],["catpineapple",4.9],["kaka11chen",4.8],["dutyu",4.8],["DongLiang-0",4.58],["1330571",4.58],["lsy3993",4.24],["JNSimba",4.12],["zhangy5",4],["weizuo93",3.74],["Lchangliang",3.61],["LemonLiTree",3.61],["Henry2SS",3.46],["ucasfl",3.32],["zhengshiJ",3.32],["hf200012",3.16],["wangtianyi2004",3.16],["lide-reed",3.16],["Jenson97",3.16],["luguangming",3],["smallhibiscus",3],["gojumprope",3],["liutang123",3],["jeffreys-cat",2.83],["cnwyc",2.83],["qzsee",2.83],["GoGoWen",2.83],["924060929",2.83],["DarvenDuan",2.65],["gitccl",2.45],["ya-dao",2.45],["liujinhui1994",2.45],["hechao-ustc",2.45],["cjq9458",2.24],["xutaoustc",2.24],["uniorder",2.24],["Dazhuwei",2.24],["TsukiokaKogane",2.24],["pingchunzhang",2.24],["zenoyang",2.24],["Shoothzj",2.24],["maochongxin",2.24],["wanghuan2054",2.24],["tarepanda1024",2.24],["dependabot[bot]",2],["dinggege1024",2],["Accelarator",2],["liwei9902",2],["zhangguichuan",2],["wanqiang2046",2],["wangmiao1002",2],["mmx1960",2],["lexluo09",2],["LizZhang315",2]],"2023-03":[["github-actions[bot]",56.09],["morningman",27.75],["yiguolei",21.86],["morrySnow",19.95],["HappenLee",19.57],["BiteTheDDDDt",18.87],["englefly",18],["hello-stephen",17.55],["Kikyou1997",17.12],["eldenmoon",16.52],["jackwener",16.16],["ZhangYu0123",15.68],["nextdreamblue",15.59],["sohardforaname",15.39],["Gabriel39",15.26],["xinyiZzz",15.23],["SaintBacchus",14.28],["zhangstar333",14.21],["Yulei-Yang",13.86],["Yukang-Lian",13.56],["xiaokang",12.57],["TangSiyang2001",12.33],["jacktengg",10.86],["starocean999",10.72],["zddr",10.72],["zhengshiJ",10.58],["amorynan",10.39],["gitccl",9.75],["BePPPower",9.7],["lexluo09",9.54],["mrhhsg",9.54],["AshinGau",9.54],["ByteYue",9.49],["Tanya-W",9.49],["luozenglin",9.38],["XieJiann",9.33],["adonis0147",9.17],["zhannngchen",9.11],["liaoxin01",9.11],["freemandealer",9.06],["pengxiangyu",8.89],["yixiutt",8.66],["weizhengte",8.66],["caiconghui",8.54],["kaka11chen",8.54],["dataroaring",8.37],["924060929",8.31],["luzhijing",8.25],["zclllyybb",8.25],["SWJTU-ZhangLei",8.12],["dutyu",8.12],["wangbo",8.06],["zy-kkk",7.94],["qidaye",7.81],["wsjz",7.75],["platoneko",7.68],["yinzhijian",7.62],["bobhan1",7.62],["Jibing-Li",7.55],["liutang123",7.28],["xiaojunjie",7.14],["zhangguoqiang666",7.07],["Cai-Yao",7],["xy720",6.93],["yongjinhou",6.93],["levy5307",6.71],["yangzhg",6.71],["CalvinKirs",6.63],["mymeiyi",6.48],["yagagagaga",6.48],["stalary",6.4],["cambyzju",6.4],["carlvinhust2012",6.16],["zxealous",6.08],["BBB-source",6],["yuxuan-luo",6],["LemonLiTree",5.92],["chenlinzhong",5.83],["airborne12",5.74],["Bingandbing",5.39],["Mellorsssss",5.29],["GoGoWen",5.1],["xutaoustc",5],["hf200012",4.8],["WinkerDu",4.69],["reswqa",4.69],["wangshuo128",4.58],["1330571",4.58],["caoliang-web",4.58],["liujiwen-up",4.47],["hanyisong",4.47],["q763562998",4.47],["WuWQ98",4.12],["JackDrogon",4.12],["pingchunzhang",4.12],["herry2038",4],["xxiao2018",4],["ChaseHuangxu",3.87],["spaces-X",3.87],["hust-hhb",3.87],["zenoyang",3.74],["hqx871",3.74],["LizZhang315",3.61],["hechao-ustc",3.61],["bowenliang123",3.61],["bin41215",3.32],["luwei16",3.16],["zhbinbin",3.16],["Mryange",3.16],["NetShrimp06",3.16],["smallhibiscus",3.16],["DarvenDuan",3],["brody715",3],["ZashJie",3],["htyoung",3],["DongLiang-0",3],["Lchangliang",3],["liujinhui1994",2.83],["raspberry-hu",2.83],["UnicornLee",2.83],["siriume",2.83],["gavinchou",2.83],["Bingchen1512",2.83],["lsy3993",2.65],["lide-reed",2.65],["tarepanda1024",2.65],["liugs0213",2.65],["JabariMao",2.45],["coderappee",2.45],["dependabot[bot]",2.45],["Johnnyssc",2.45],["sepastian",2.45],["starudream",2.45],["nikam14",2.45],["httpshirley",2.24],["SilasKenneth",2.24],["zhengshengjun",2.24],["zhangy5",2.24],["stevqin",2.24],["jeffreys-cat",2.24],["sangetang",2.24],["FoyunW",2.24],["mano233",2],["alisanguo",2],["Xiaoccer",2],["kezhenxu94",2],["lvshaokang",2],["sky1229329146",2],["Attackingwhale",2],["wzymumon",2],["gojumprope",2]]}