{"2017-08":[["morningman",7],["zlcnju",3],["Aegeaner",3],["Kerafan",3],["maruyue",3],["interma",3],["cyongli",9],["lidinghao",3],["imay",7],["crcc",5],["chenhao7253886",8]],"2017-09":[["Knuth1989",4],["chenhao7253886",6],["morningman",11],["imay",8],["lingbin",9],["alexliu5678",4],["yubingpeng",4],["liuzx32",4]],"2017-10":[["morningman",4],["lingbin",3],["cyongli",3],["stg825",3],["yubingpeng",4]],"2017-11":[["chenhao7253886",6],["morningman",6],["yiguolei",3],["lonly197",3]],"2017-12":[["chenhao7253886",5],["morningman",6],["yubingpeng",5]],"2018-01":[["yubingpeng",4],["morningman",5],["413331861",3]],"2018-02":[["yubingpeng",3],["lichaojacobs",2],["morningman",2]],"2018-03":[["chenhao7253886",3],["morningman",3]],"2018-04":[["morningman",4]],"2018-05":[["morningman",4],["jungle-zh",2],["cyongli",2]],"2018-06":[["cyongli",4],["peiss",3],["morningman",4],["saga1015",3],["yuanfeng0905",3]],"2018-07":[["morningman",5],["elfring",3]],"2018-08":[["ws2823147532",4],["freedomme",2],["SpeechlessMan",2],["yuanfeng0905",2],["xiangtao",2],["imay",3],["morningman",4],["chengshao1987",2]],"2018-09":[["gunli",2],["dave2wave",2],["morningman",4],["freedomme",4],["HappenLee",2],["bigtreeliujie",4],["413331861",2],["yuanfeng0905",2]],"2018-10":[["kangkaisen",7],["morningman",4],["imay",7]],"2018-11":[["morningman",19],["imay",18],["chenhao7253886",11],["EmmyMiao87",11],["kangkaisen",12]],"2018-12":[["kangpinghuang",11],["morningman",14],["chaoyli",15],["imay",14],["yiguolei",10]],"2019-01":[["imay",14],["chaoyli",21],["morningman",15],["kangpinghuang",16]],"2019-02":[["chaoyli",14],["morningman",9],["kangpinghuang",14]],"2019-03":[["chaoyli",17],["imay",18],["yiguolei",15],["kangpinghuang",17],["morningman",15]],"2019-04":[["imay",18],["kangpinghuang",17],["morningman",16],["chaoyli",13],["yiguolei",15],["EmmyMiao87",13],["lide-reed",15]],"2019-05":[["worker24h",10],["yiguolei",10],["imay",21],["morningman",15],["kangkaisen",11],["EmmyMiao87",10],["kangpinghuang",13],["chaoyli",12]],"2019-06":[["kangpinghuang",17],["morningman",19],["yiguolei",11],["chaoyli",13],["imay",22],["kangkaisen",11],["EmmyMiao87",14]],"2019-07":[["chaoyli",12],["imay",28],["EmmyMiao87",11],["kangpinghuang",14],["morningman",18],["chenhao7253886",11]],"2019-08":[["kangkaisen",16],["yiguolei",15],["imay",33],["gaodayue",18],["kangpinghuang",22],["morningman",20]],"2019-09":[["yiguolei",10],["morningman",18],["chaoyli",10],["gaodayue",15],["kangpinghuang",14],["wangbo",13],["kangkaisen",19],["imay",28]],"2019-10":[["gaodayue",12],["kangpinghuang",15],["imay",23],["wangbo",12],["chaoyli",12],["yiguolei",11],["morningman",18],["EmmyMiao87",12]],"2019-11":[["vinson0526",11],["kangpinghuang",14],["wuyunfeng",12],["kangkaisen",15],["imay",28],["morningman",19],["lingbin",11],["chaoyli",10]],"2019-12":[["WingsGo",15],["kangkaisen",18],["lingbin",11],["chaoyli",10],["morningman",22],["kangpinghuang",18],["imay",32],["HangyuanLiu",10],["yangzhg",11]],"2020-01":[["yangzhg",11],["xy720",8],["gaodayue",11],["imay",21],["lingbin",10],["morningman",17],["wangbo",8],["kangkaisen",15],["kangpinghuang",10],["caiconghui",10]],"2020-02":[["wangbo",13],["imay",15],["yangzhg",11],["EmmyMiao87",11],["morningman",21],["chaoyli",9],["HangyuanLiu",9],["kangkaisen",17],["lingbin",15],["kangpinghuang",12]],"2020-03":[["wangbo",10],["Seaven",12],["imay",15],["yangzhg",12],["EmmyMiao87",11],["morningman",26],["WingsGo",12],["wutiangan",11],["chaoyli",11],["kangkaisen",16],["kangpinghuang",12]],"2020-04":[["yangzhg",10],["xy720",10],["HangyuanLiu",10],["imay",16],["vagetablechicken",9],["WingsGo",10],["wuyunfeng",9],["acelyc111",9],["worker24h",10],["morningman",24],["kangkaisen",14],["kangpinghuang",9],["caiconghui",10],["chaoyli",10]],"2020-05":[["wuyunfeng",11],["imay",20],["yangzhg",14],["EmmyMiao87",12],["morningman",32],["decster",18],["WingsGo",13],["wutiangan",11],["chaoyli",11],["kangkaisen",17],["kangpinghuang",13]],"2020-06":[["WingsGo",10],["wyb",12],["xy720",12],["wuyunfeng",14],["wangbo",9],["EmmyMiao87",14],["yangzhg",9],["kangkaisen",15],["imay",9],["wutiangan",12],["chaoyli",13],["morningman",27],["caiconghui",10]],"2020-07":[["xy720",10],["wuyunfeng",9],["yangzhg",13],["EmmyMiao87",11],["HappenLee",9],["morningman",23],["WingsGo",11],["acelyc111",10],["wutiangan",12],["chaoyli",10],["caiconghui",14],["kangkaisen",10]],"2020-08":[["xinghuayu007",8],["WingsGo",7],["kangkaisen",14],["imay",7],["chaoyli",9],["Astralidea",7],["HappenLee",9],["morningman",22],["yangzhg",15],["caiconghui",8],["wuyunfeng",9],["ZhangYu0123",12],["gengjun-git",7],["marising",9],["HangyuanLiu",7],["EmmyMiao87",14],["xy720",9],["acelyc111",8],["wutiangan",10]],"2020-09":[["morningman",17],["zhaojintaozhao",7],["yangzhg",11],["HappenLee",10],["vagetablechicken",6],["weizuo93",6],["xy720",10],["wangbo",6],["EmmyMiao87",9],["xinghuayu007",6],["kangkaisen",7],["acelyc111",8],["wutiangan",6],["ZhangYu0123",9],["Astralidea",7],["chaoyli",7]],"2020-10":[["xy720",6],["francisoliverlee",5],["acelyc111",7],["EmmyMiao87",6],["yangzhg",12],["xinghuayu007",8],["wuyunfeng",6],["HappenLee",9],["vagetablechicken",5],["morningman",14],["chaoyli",5],["imay",6],["kangkaisen",8],["pengxiangyu",6],["vergilchiu",5],["caiconghui",6]],"2020-11":[["weizuo93",8],["wangbo",7],["caiconghui",11],["ccoffline",6],["acelyc111",7],["kangkaisen",8],["xinghuayu007",9],["morningman",15],["xinyiZzz",6],["EmmyMiao87",8],["HappenLee",9],["e0c9",5],["sduzh",7],["liutang123",7],["yangzhg",7],["chaoyli",5]],"2020-12":[["Skysheepwang",7],["acelyc111",12],["kangkaisen",10],["EmmyMiao87",8],["xinghuayu007",8],["sduzh",6],["liutang123",6],["weizuo93",8],["wangbo",6],["caiconghui",11],["Dam1029",6],["HappenLee",9],["morningman",13],["yangzhg",11],["vagetablechicken",11],["wuyunfeng",7]],"2021-01":[["morningman",14],["HappenLee",8],["caiconghui",9],["jollykingCN",4],["Sunt-ing",8],["vagetablechicken",5],["yangzhg",10],["andotorg",4],["acelyc111",7],["kangkaisen",4],["zh0122",4],["xinghuayu007",4],["Dam1029",4],["gengjun-git",4],["wangbo",9],["liutang123",4],["weizuo93",8],["EmmyMiao87",7],["stdpain",7],["ccoffline",4]],"2021-02":[["weizuo93",4],["bookeezhou",3],["andotorg",3],["kangkaisen",3],["peng-xin",3],["e0c9",4],["killxdcj",3],["demon-gu",3],["nimuyuhan",3],["wyb",3],["yuliangwan",3],["924060929",5],["pengxiangyu",3],["zh0122",3],["EmmyMiao87",7],["stdpain",5],["copperybean",3],["caiconghui",5],["Sunt-ing",3],["francisoliverlee",3],["wuyunfeng",7],["ccoffline",3],["spaces-X",4],["xxiao2018",5],["xy720",3],["stalary",4],["hf200012",5],["liuooo",3],["qidaye",4],["yangzhg",7],["acelyc111",6],["morningman",9],["liutang123",4],["harveyyue",3],["HappenLee",8],["wangbo",3]],"2021-03":[["yangzhg",13],["kangkaisen",8],["morningman",16],["caiconghui",9],["hf200012",5],["924060929",6],["stdpain",11],["xxiao2018",5],["EmmyMiao87",12],["wuyunfeng",7],["xinghuayu007",9],["acelyc111",11],["HappenLee",11],["weizuo93",9]],"2021-04":[["JNSimba",7],["wangbo",5],["acelyc111",13],["yangmingjie2018",5],["xinghuayu007",10],["qidaye",6],["stdpain",6],["yangzhg",10],["morningman",16],["caiconghui",9],["hf200012",7],["HappenLee",7],["wuyunfeng",5],["EmmyMiao87",12],["weizuo93",15]],"2021-05":[["zh0122",4],["morningman",17],["caiconghui",6],["stdpain",10],["xy720",8],["xinghuayu007",8],["yangmingjie2018",6],["QiAnXinCodeSafe",4],["DinoZhang",4],["WindyGao",5],["e0c9",5],["hf200012",9],["DongTL",4],["yangzhg",8],["xinyiZzz",7],["weizuo93",4],["EmmyMiao87",11],["acelyc111",7],["JNSimba",4],["killxdcj",4],["HappenLee",9],["luozenglin",5]],"2021-06":[["stdpain",7],["hf200012",7],["xinyiZzz",5],["huangmengbin",5],["Userwhite",5],["wangbo",6],["wuyunfeng",5],["HappenLee",8],["WindyGao",5],["xinghuayu007",7],["e0c9",6],["yangzhg",10],["ucasFL",6],["EmmyMiao87",14],["qidaye",6],["ChPi",5],["caiconghui",7],["weizuo93",6],["liutang123",7],["stalary",8],["morningman",17]],"2021-07":[["HappenLee",8],["acelyc111",6],["xinyiZzz",9],["pengxiangyu",9],["xy720",9],["huangmengbin",6],["DinoZhang",7],["hf200012",9],["morningman",22],["yangzhg",10],["qidaye",11],["BiteTheDDDDt",10],["stalary",10],["caiconghui",9],["stdpain",10],["JNSimba",7],["EmmyMiao87",13],["weizuo93",6]],"2021-08":[["zbtzbtzbt",5],["qidaye",5],["liutang123",5],["weizuo93",7],["hf200012",8],["xinyiZzz",5],["yangzhg",6],["stalary",5],["ccoffline",9],["EmmyMiao87",12],["morningman",21],["caiconghui",9],["spaces-X",6],["luozenglin",7],["xy720",8],["e0c9",6],["stdpain",5],["wangbo",6],["BiteTheDDDDt",7],["wunan1210",6]],"2021-09":[["yangzhg",12],["EmmyMiao87",9],["morningman",15],["qzsee",5],["ccoffline",6],["HappenLee",4],["Jennifer88huang",4],["pengxiangyu",5],["zbtzbtzbt",7],["ChPi",4],["weizuo93",5],["qidaye",7],["BiteTheDDDDt",4],["imay",4],["stalary",5],["WindyGao",5],["zuochunwei",8],["xy720",8],["stdpain",5],["SophiaBaby",4],["xhmz",4],["dh-cloud",5],["JNSimba",7],["zenoyang",5],["hf200012",8],["Henry2SS",4],["caiconghui",7],["wangshuo128",5],["xiaoxiaopan118",5],["mincwang",4]],"2021-10":[["HappenLee",3],["zbtzbtzbt",2],["nimuyuhan",2],["liutang123",2],["morningman",8],["tianhui5",2],["GoGoWen",2],["caiconghui",2],["yangzhg",2],["EmmyMiao87",3],["ucasfl",2],["sunjavaer",2],["chovy-3012",5],["hf200012",2],["liu391447823",2],["zuochunwei",2],["dohongdayi",3],["qzsee",3],["pengxiangyu",2],["jztian",2],["Gabriel39",4],["xy720",3],["ChPi",2],["xinyiZzz",2]],"2021-11":[["yangzhg",13],["wayofeng",5],["GoGoWen",6],["xy720",9],["caiconghui",6],["zuochunwei",7],["morningman",26],["littleeleventhwolf",5],["qidaye",6],["aihai",5],["BiteTheDDDDt",7],["luzhijing",6],["JNSimba",6],["EmmyMiao87",10],["HappenLee",9],["chovy-3012",6],["hf200012",11],["tianhui5",6],["killxdcj",7],["xinyiZzz",14],["renzhimin7",5],["xinghuayu007",9],["Gabriel39",7],["pengxiangyu",5]],"2021-12":[["HappenLee",5],["zhengshiJ",8],["weizuo93",5],["yangzhg",13],["zuochunwei",6],["qidaye",6],["morningman",21],["EmmyMiao87",15],["jackwener",11],["GoGoWen",6],["xinyiZzz",11],["JNSimba",6],["MeiontheTop",5],["xuzifu666",6],["whutpencil",7],["aihai",7],["caiconghui",9],["BiteTheDDDDt",6],["wangshuo128",10],["tinkerrrr",8],["Henry2SS",7],["hf200012",9],["zenoyang",6],["pengxiangyu",5]],"2022-01":[["morningman",23],["924060929",9],["yangzhg",9],["adonis0147",9],["EmmyMiao87",11],["wangbo",11],["amosbird",9],["hf200012",11],["zenoyang",8],["jackwener",10],["qidaye",8],["BiteTheDDDDt",12],["zuochunwei",15],["weizuo93",7],["caiconghui",10],["Henry2SS",6],["HappenLee",15],["zhangstar333",8]],"2022-02":[["jackwener",5],["zuochunwei",12],["zbtzbtzbt",5],["arthuryangcs",5],["hf200012",7],["caiconghui",11],["HappenLee",20],["stalary",9],["morningman",23],["Henry2SS",6],["qidaye",7],["adonis0147",8],["zhangstar333",8],["yiguolei",13],["BiteTheDDDDt",12],["wangbo",8],["awakeljw",7],["yangzhg",13],["cambyzju",5],["spaces-X",6],["EmmyMiao87",8],["dataroaring",6]],"2022-03":[["morningman",24],["zhengte",8],["yangzhg",16],["adonis0147",15],["levy5307",7],["spaces-X",8],["zbtzbtzbt",13],["EmmyMiao87",17],["wangbo",15],["zenoyang",13],["hf200012",8],["jackwener",8],["yiguolei",15],["morrySnow",10],["BiteTheDDDDt",16],["cambyzju",13],["dataalive",7],["wangshuo128",8],["xinyiZzz",19],["caiconghui",16],["dataroaring",15],["HappenLee",19],["Gabriel39",10],["zhangstar333",8],["pengxiangyu",10]],"2022-04":[["morningman",23],["924060929",14],["yangzhg",14],["zbtzbtzbt",10],["EmmyMiao87",21],["wangbo",13],["hf200012",15],["zenoyang",11],["jackwener",14],["yiguolei",18],["morrySnow",14],["chenlinzhong",9],["qidaye",8],["starocean999",8],["BiteTheDDDDt",15],["smallhibiscus",8],["cambyzju",10],["weizhengte",13],["zhengshiJ",13],["JNSimba",10],["stalary",10],["xinyiZzz",14],["caiconghui",11],["dataroaring",11],["Henry2SS",8],["HappenLee",15],["Gabriel39",8],["pengxiangyu",8]],"2022-05":[["Gabriel39",16],["yinzhijian",8],["jackwener",12],["hf200012",13],["xy720",7],["carlvinhust2012",11],["yiguolei",19],["dataalive",7],["qidaye",9],["Jibing-Li",7],["liaoxin01",8],["dataroaring",8],["zy-kkk",7],["chenlinzhong",8],["924060929",7],["adonis0147",10],["morningman",21],["dujl",7],["pengxiangyu",9],["jacktengg",7],["yixiutt",7],["yangzhg",12],["EmmyMiao87",14],["BiteTheDDDDt",13],["HappenLee",20],["morrySnow",18],["SaintBacchus",8],["stalary",14],["cambyzju",14],["xinyiZzz",14],["deardeng",7]],"2022-06":[["wangshuo128",7],["morningman",20],["yiguolei",20],["AshinGau",9],["cambyzju",14],["EmmyMiao87",11],["Gabriel39",19],["englefly",11],["xinyiZzz",13],["stalary",10],["jackwener",9],["Kikyou1997",15],["carlvinhust2012",10],["adonis0147",14],["zhengshiJ",11],["wangyf0555",8],["hf200012",9],["Jibing-Li",7],["pengxiangyu",7],["BiteTheDDDDt",17],["caiconghui",7],["HappenLee",19],["SWJTU-ZhangLei",7],["zy-kkk",8],["yixiutt",9],["wangbo",7],["dataroaring",9],["eldenmoon",8],["morrySnow",24],["924060929",13],["yinzhijian",13],["yangzhg",12],["qzsee",10],["dujl",7],["mrhhsg",10],["SaintBacchus",7]],"2022-07":[["carlvinhust2012",12],["deardeng",9],["zhannngchen",11],["xiaokang",16],["Gabriel39",17],["EmmyMiao87",13],["BiteTheDDDDt",15],["starocean999",9],["adonis0147",13],["Kikyou1997",13],["morningman",24],["pengxiangyu",9],["Lchangliang",9],["SaintBacchus",10],["caiconghui",9],["sohardforaname",9],["jackwener",18],["HappenLee",14],["hf200012",11],["yiguolei",21],["dataroaring",9],["stalary",10],["xinyiZzz",11],["platoneko",11],["yangzhg",9],["xy720",12],["mrhhsg",12],["morrySnow",23],["liaoxin01",9],["zhengshiJ",10],["cambyzju",18],["924060929",16],["englefly",15],["jacktengg",11],["wangshuo128",15],["compiletheworld",9],["hello-stephen",10],["yinzhijian",9]],"2022-08":[["englefly",20],["wsjz",9],["xy720",9],["YangShaw",8],["zhannngchen",12],["liaoxin01",10],["stalary",16],["Henry2SS",8],["Gabriel39",18],["carlvinhust2012",11],["starocean999",12],["BiteTheDDDDt",14],["hf200012",12],["caiconghui",9],["yangzhg",13],["AshinGau",8],["morrySnow",32],["mrhhsg",10],["yiguolei",17],["adonis0147",14],["platoneko",10],["luozenglin",9],["dataroaring",13],["pengxiangyu",9],["yixiutt",12],["morningman",22],["jacktengg",9],["hello-stephen",8],["924060929",16],["HappenLee",15],["jackwener",14],["cambyzju",14],["Kikyou1997",16],["Jibing-Li",8],["zxealous",9],["wangshuo128",10],["xinyiZzz",15],["chenlinzhong",8]],"2022-09":[["cambyzju",12],["zy-kkk",9],["AshinGau",7],["qzsee",9],["carlvinhust2012",8],["Jibing-Li",9],["TaoZex",7],["freemandealer",7],["Henry2SS",7],["weizhengte",11],["morningman",17],["englefly",11],["HappenLee",17],["yiguolei",8],["924060929",8],["yixiutt",10],["xinyiZzz",15],["Gabriel39",20],["xy720",7],["zhannngchen",14],["zhangstar333",7],["wsjz",7],["jackwener",14],["wangshuo128",10],["liaoxin01",7],["luozenglin",9],["sohardforaname",7],["stalary",10],["zhengshiJ",12],["jacktengg",9],["dataroaring",16],["eldenmoon",9],["adonis0147",14],["Kikyou1997",16],["starocean999",11],["BiteTheDDDDt",12],["hf200012",10],["mrhhsg",9],["dutyu",7],["yangzhg",8],["nextdreamblue",7],["yinzhijian",7],["morrySnow",26]],"2022-10":[["morningman",20],["englefly",14],["stalary",7],["xy720",8],["pengxiangyu",7],["zhangstar333",9],["carlvinhust2012",8],["BePPPower",7],["adonis0147",12],["liaoxin01",8],["yixiutt",8],["jacktengg",8],["cambyzju",8],["morrySnow",17],["dataroaring",18],["lsy3993",9],["nextdreamblue",10],["BiteTheDDDDt",11],["starocean999",10],["yangzhg",9],["wangshuo128",8],["zhannngchen",9],["xinyiZzz",15],["HappenLee",15],["hello-stephen",20],["Gabriel39",15],["hf200012",13],["weizhengte",8],["mrhhsg",7],["jackwener",11],["Kikyou1997",9],["Yukang-Lian",9],["luozenglin",12],["yiguolei",13],["Jibing-Li",7],["AshinGau",7],["freemandealer",7]],"2022-11":[["yixiutt",12],["jackwener",11],["924060929",16],["mrhhsg",8],["zhangstar333",9],["HappenLee",15],["BePPPower",10],["hf200012",8],["yiguolei",19],["Jibing-Li",8],["englefly",17],["starocean999",11],["BiteTheDDDDt",11],["dataroaring",12],["eldenmoon",13],["sohardforaname",9],["jacktengg",8],["zhannngchen",10],["cambyzju",10],["XieJiann",11],["xinyiZzz",11],["lsy3993",10],["nextdreamblue",13],["Gabriel39",15],["dutyu",9],["AshinGau",8],["liaoxin01",11],["Kikyou1997",13],["adonis0147",12],["Yukang-Lian",9],["FreeOnePlus",8],["ByteYue",9],["morningman",27],["hello-stephen",22],["xiaokang",11],["luozenglin",10],["morrySnow",26],["freemandealer",12]],"2022-12":[["Jibing-Li",8],["jackwener",10],["wangshuo128",8],["wsjz",8],["AshinGau",9],["hello-stephen",21],["zhannngchen",10],["ByteYue",9],["Kikyou1997",12],["Yulei-Yang",11],["morrySnow",22],["mrhhsg",7],["luozenglin",14],["adonis0147",11],["liaoxin01",10],["cambyzju",7],["Tanya-W",14],["zhangstar333",9],["dataroaring",7],["nextdreamblue",12],["yixiutt",9],["jacktengg",8],["sohardforaname",8],["BePPPower",10],["Gabriel39",18],["yangzhg",9],["morningman",21],["yiguolei",11],["starocean999",11],["BiteTheDDDDt",11],["XieJiann",7],["xinyiZzz",9],["924060929",7],["JackDrogon",7],["chenlinzhong",7],["hf200012",10],["englefly",16],["HappenLee",16],["xiaokang",12]],"2023-01":[["amorynan",14],["cambyzju",11],["zy-kkk",7],["xiaokang",19],["AshinGau",8],["hello-stephen",21],["carlvinhust2012",7],["platoneko",8],["morningman",21],["englefly",12],["HappenLee",13],["yiguolei",15],["yixiutt",7],["xinyiZzz",10],["XieJiann",12],["Gabriel39",17],["zbtzbtzbt",7],["xy720",8],["zhannngchen",8],["wsjz",8],["jackwener",13],["Yukang-Lian",9],["luozenglin",8],["sohardforaname",10],["BePPPower",10],["caiconghui",7],["ByteYue",10],["dataroaring",7],["eldenmoon",15],["airborne12",10],["adonis0147",15],["Tanya-W",12],["chenlinzhong",7],["Kikyou1997",11],["starocean999",9],["BiteTheDDDDt",10],["hf200012",7],["dutyu",8],["zddr",7],["yangzhg",9],["SaintBacchus",8],["morrySnow",19]],"2023-02":[["BePPPower",10],["gavinchou",9],["Tanya-W",14],["HappenLee",18],["zy-kkk",9],["Yukang-Lian",10],["cambyzju",10],["Gabriel39",14],["zhannngchen",12],["yixiutt",11],["yongjinhou",9],["platoneko",12],["TangSiyang2001",16],["englefly",11],["dataroaring",10],["eldenmoon",15],["liaoxin01",11],["carlvinhust2012",9],["xinyiZzz",11],["XieJiann",11],["pengxiangyu",9],["zhangstar333",10],["jacktengg",11],["stalary",10],["zddr",10],["morrySnow",23],["morningman",26],["freemandealer",9],["xiaokang",18],["hello-stephen",18],["yiguolei",18],["AshinGau",11],["SaintBacchus",14],["nextdreamblue",12],["amorynan",10],["YangShaw",9],["chenlinzhong",9],["wsjz",9],["luzhijing",10],["ZhangGuoqiang666",11],["xy720",16],["BiteTheDDDDt",14],["starocean999",10],["jackwener",11]],"2023-03":[["yixiutt",9],["kaka11chen",9],["AshinGau",10],["xiaokang",13],["adonis0147",10],["weizhengte",9],["freemandealer",10],["eldenmoon",17],["dataroaring",9],["ZhangYu0123",16],["ByteYue",10],["caiconghui",9],["zhannngchen",10],["morningman",28],["luozenglin",10],["BePPPower",10],["jacktengg",11],["924060929",9],["xinyiZzz",16],["XieJiann",10],["Kikyou1997",18],["zclllyybb",9],["zhengshiJ",11],["yiguolei",22],["dutyu",9],["SWJTU-ZhangLei",9],["luzhijing",9],["gitccl",10],["Gabriel39",16],["amorynan",11],["Yukang-Lian",14],["Tanya-W",10],["Yulei-Yang",14],["liaoxin01",10],["morrySnow",20],["zddr",11],["nextdreamblue",16],["SaintBacchus",15],["englefly",18],["BiteTheDDDDt",19],["starocean999",11],["mrhhsg",10],["lexluo09",10],["sohardforaname",16],["jackwener",17],["hello-stephen",18],["TangSiyang2001",13],["zhangstar333",15],["pengxiangyu",9],["wangbo",9],["HappenLee",20]]}