{"2017-08":[["qq.com","3"],["gmail.com","3"],["users.noreply.github.com","2"],["163.com","2"],["baidu.com","2"],["outlook.com","1"],["baidudeMacBook-Pro.local","1"]],"2017-09":[["gmail.com","3"],["qq.com","2"],["163.com","2"],["users.noreply.github.com","1"]],"2017-10":[["163.com","3"],["qq.com","1"],["gmail.com","1"]],"2017-11":[["qq.com","2"],["163.com","1"]],"2017-12":[["163.com","2"],["qq.com","1"],["gmail.com","1"],["sina.com","1"]],"2018-01":[["163.com","2"],["sina.com","1"]],"2018-02":[["163.com","2"]],"2018-03":[["qq.com","1"],["163.com","1"]],"2018-04":[["163.com","1"]],"2018-05":[["163.com","1"]],"2018-06":[["qq.com","1"],["163.com","1"],["sina.com","1"]],"2018-07":[["163.com","1"]],"2018-08":[["163.com","1"]],"2018-09":[["hotmail.com","2"],["gmail.com","1"]],"2018-10":[["gmail.com","2"],["apache.org","2"],["163.com","1"],["baidu.com","1"]],"2018-11":[["qq.com","3"],["gmail.com","3"],["163.com","3"],["users.noreply.github.com","2"],["tju.edu.cn","1"],["sina.com","1"],["baidu.com","1"]],"2018-12":[["qq.com","3"],["gmail.com","3"],["163.com","2"],["baidu.com","2"],["users.noreply.github.com","2"],["126.com","1"],["sina.com","1"]],"2019-01":[["qq.com","3"],["163.com","3"],["gmail.com","2"],["sina.com","1"],["baidu.com","1"],["users.noreply.github.com","1"]],"2019-02":[["qq.com","3"],["gmail.com","1"],["163.com","1"],["apache.org","1"],["sina.com","1"],["baidu.com","1"],["users.noreply.github.com","1"]],"2019-03":[["qq.com","4"],["gmail.com","4"],["126.com","2"],["163.com","2"],["apache.org","2"],["baidu.com","2"],["sina.com","1"],["users.noreply.github.com","1"]],"2019-04":[["163.com","9"],["qq.com","3"],["126.com","2"],["gmail.com","1"],["apache.org","1"],["sina.com","1"],["baidu.com","1"],["users.noreply.github.com","1"]],"2019-05":[["qq.com","7"],["gmail.com","6"],["163.com","3"],["baidu.com","2"],["126.com","1"],["apache.org","1"],["users.noreply.github.com","1"]],"2019-06":[["gmail.com","5"],["qq.com","4"],["163.com","3"],["baidu.com","3"],["126.com","1"],["users.noreply.github.com","1"]],"2019-07":[["qq.com","8"],["163.com","5"],["baidu.com","2"],["users.noreply.github.com","2"],["126.com","1"],["meituan.com","1"],["gmail.com","1"]],"2019-08":[["users.noreply.github.com","4"],["qq.com","4"],["163.com","3"],["baidu.com","3"],["126.com","2"],["gmail.com","2"],["yeah.net","1"],["meituan.com","1"],["apache.org","1"]],"2019-09":[["qq.com","6"],["users.noreply.github.com","3"],["baidu.com","3"],["126.com","2"],["gmail.com","2"],["163.com","2"],["meituan.com","1"],["apache.org","1"],["aliyun.com","1"]],"2019-10":[["qq.com","8"],["baidu.com","5"],["163.com","4"],["users.noreply.github.com","3"],["126.com","2"],["gmail.com","2"],["meituan.com","1"],["apache.org","1"],["aliyun.com","1"]],"2019-11":[["163.com","6"],["users.noreply.github.com","4"],["qq.com","4"],["gmail.com","3"],["baidu.com","2"],["126.com","1"],["meituan.com","1"],["xiaomi.com","1"],["apache.org","1"]],"2019-12":[["users.noreply.github.com","6"],["qq.com","6"],["gmail.com","5"],["163.com","4"],["baidu.com","2"],["yeah.net","1"],["meituan.com","1"],["vip.126.com","1"],["xiaomi.com","1"],["apache.org","1"],["sina.com","1"]],"2020-01":[["users.noreply.github.com","6"],["gmail.com","6"],["163.com","6"],["qq.com","5"],["hotmail.com","2"],["xiaomi.com","2"],["yeah.net","1"],["meituan.com","1"],["apache.org","1"],["baidu.com","1"]],"2020-02":[["qq.com","8"],["gmail.com","6"],["163.com","4"],["baidu.com","2"],["meituan.com","1"],["apache.org","1"],["xiaomi.com","1"],["users.noreply.github.com","1"]],"2020-03":[["qq.com","7"],["163.com","5"],["gmail.com","4"],["users.noreply.github.com","3"],["meituan.com","1"],["hotmail.com","1"],["xiaomi.com","1"],["apache.org","1"],["baidu.com","1"]],"2020-04":[["qq.com","11"],["gmail.com","4"],["163.com","3"],["baidu.com","3"],["users.noreply.github.com","2"],["yeah.net","1"],["hotmail.com","1"],["xiaomi.com","1"],["apache.org","1"]],"2020-05":[["qq.com","9"],["gmail.com","7"],["163.com","4"],["users.noreply.github.com","2"],["xiaomi.com","2"],["yeah.net","1"],["meituan.com","1"],["vip.126.com","1"],["hotmail.com","1"],["apache.org","1"],["jd.com","1"]],"2020-06":[["gmail.com","7"],["qq.com","7"],["users.noreply.github.com","4"],["baidu.com","3"],["meituan.com","1"],["hotmail.com","1"],["xiaomi.com","1"],["apache.org","1"],["outlook.com","1"],["aliyun.com","1"],["163.com","1"]],"2020-07":[["qq.com","10"],["users.noreply.github.com","4"],["gmail.com","4"],["yeah.net","1"],["vip.126.com","1"],["meituan.com","1"],["hotmail.com","1"],["apache.org","1"],["163.com","1"],["baidu.com","1"]],"2020-08":[["gmail.com","13"],["qq.com","9"],["users.noreply.github.com","6"],["163.com","2"],["yeah.net","1"],["hotmail.com","1"],["apache.org","1"],["baidu.com","1"]],"2020-09":[["qq.com","10"],["users.noreply.github.com","6"],["gmail.com","5"],["163.com","3"],["baidu.com","3"],["yeah.net","2"],["vip.126.com","1"],["hotmail.com","1"],["apache.org","1"]],"2020-10":[["qq.com","7"],["users.noreply.github.com","4"],["gmail.com","3"],["163.com","3"],["apache.org","2"],["foxmail.com","2"],["hotmail.com","1"],["outlook.com","1"],["baidu.com","1"]],"2020-11":[["users.noreply.github.com","10"],["qq.com","7"],["gmail.com","3"],["163.com","2"],["yeah.net","1"],["hotmail.com","1"],["xiaomi.com","1"],["apache.org","1"],["baidu.com","1"]],"2020-12":[["users.noreply.github.com","10"],["qq.com","7"],["gmail.com","4"],["163.com","3"],["yeah.net","1"],["hotmail.com","1"],["apache.org","1"],["foxmail.com","1"],["killxdcj.com","1"]],"2021-01":[["users.noreply.github.com","7"],["qq.com","5"],["gmail.com","4"],["hotmail.com","2"],["apache.org","2"],["163.com","2"],["yeah.net","1"],["bytedance.com","1"],["mail.sustech.edu.cn","1"],["foxmail.com","1"]],"2021-02":[["gmail.com","11"],["163.com","6"],["qq.com","2"],["mail.sustech.edu.cn","1"],["outlook.com","1"],["users.noreply.github.com","1"]],"2021-03":[["gmail.com","8"],["qq.com","7"],["users.noreply.github.com","6"],["hotmail.com","2"],["bytedance.com","1"],["yeah.net","1"],["mail.sustech.edu.cn","1"],["jd.com","1"]],"2021-04":[["users.noreply.github.com","9"],["gmail.com","6"],["qq.com","6"],["yeah.net","1"],["bytedance.com","1"],["meituan.com","1"],["hotmail.com","1"],["foxmail.com","1"],["163.com","1"]],"2021-05":[["gmail.com","8"],["users.noreply.github.com","7"],["qq.com","3"],["yeah.net","1"],["hotmail.com","1"],["foxmail.com","1"],["bytedance.com","1"]],"2021-06":[["users.noreply.github.com","12"],["gmail.com","8"],["qq.com","7"],["jinyuanlu.net","1"],["yeah.net","1"],["bytedance.com","1"],["hotmail.com","1"],["foxmail.com","1"]],"2021-07":[["users.noreply.github.com","9"],["gmail.com","8"],["qq.com","8"],["jinyuanlu.net","1"],["yeah.net","1"],["126.com","1"],["hotmail.com","1"],["apache.org","1"],["foxmail.com","1"],["mails.ucas.ac.cn","1"],["163.com","1"]],"2021-08":[["users.noreply.github.com","16"],["gmail.com","10"],["qq.com","6"],["yeah.net","2"],["hotmail.com","1"],["apache.org","1"],["foxmail.com","1"]],"2021-09":[["users.noreply.github.com","14"],["qq.com","10"],["gmail.com","9"],["163.com","3"],["yeah.net","1"],["hotmail.com","1"],["apache.org","1"],["baidu.com","1"]],"2021-10":[["gmail.com","10"],["users.noreply.github.com","8"],["qq.com","3"],["126.com","1"],["hotmail.com","1"],["163.com","1"]],"2021-11":[["gmail.com","16"],["users.noreply.github.com","15"],["qq.com","8"],["163.com","3"],["bytedance.com","1"],["hotmail.com","1"],["foxmail.com","1"],["tencent.com","1"],["baidu.com","1"]],"2021-12":[["users.noreply.github.com","15"],["qq.com","11"],["gmail.com","9"],["163.com","5"],["apache.org","2"],["yeah.net","1"],["meituan.com","1"],["hotmail.com","1"],["live.cn","1"],["zepp.com","1"]],"2022-01":[["users.noreply.github.com","22"],["gmail.com","18"],["qq.com","8"],["hotmail.com","2"],["mails.ucas.ac.cn","1"],["yeah.net","1"],["apache.org","1"]],"2022-02":[["qq.com","17"],["users.noreply.github.com","15"],["gmail.com","8"],["163.com","2"],["apache.org","2"],["tencent.com","1"],["hotmail.com","1"]],"2022-03":[["users.noreply.github.com","31"],["gmail.com","19"],["qq.com","7"],["hotmail.com","3"],["163.com","2"],["yeah.net","1"],["meituan.com","1"],["xiaomi.com","1"],["apache.org","1"],["baidu.com","1"]],"2022-04":[["users.noreply.github.com","21"],["gmail.com","16"],["qq.com","14"],["hotmail.com","9"],["foxmail.com","3"],["126.com","2"],["163.com","2"],["apache.org","1"],["outlook.com","1"],["live.cn","1"]],"2022-05":[["users.noreply.github.com","32"],["gmail.com","20"],["qq.com","17"],["163.com","6"],["hotmail.com","2"],["bytedance.com","1"],["meituan.com","1"],["126.com","1"],["outlook.com","1"]],"2022-06":[["users.noreply.github.com","31"],["gmail.com","15"],["qq.com","15"],["163.com","5"],["bytedance.com","3"],["apache.org","2"],["yeah.net","1"],["twice.moe","1"],["126.com","1"],["hotmail.com","1"],["live.cn","1"]],"2022-07":[["users.noreply.github.com","32"],["qq.com","18"],["gmail.com","15"],["163.com","6"],["bytedance.com","2"],["126.com","2"],["apache.org","2"],["outlook.com","2"],["yeah.net","1"],["hotmail.com","1"]],"2022-08":[["users.noreply.github.com","33"],["gmail.com","22"],["qq.com","21"],["163.com","9"],["126.com","2"],["bytedance.com","2"],["apache.org","2"],["hotmail.com","1"],["pku.edu.cn","1"],["outlook.com","1"],["corp.netease.com","1"]],"2022-09":[["users.noreply.github.com","36"],["gmail.com","20"],["qq.com","13"],["163.com","7"],["126.com","3"],["apache.org","2"],["vip.qq.com","1"],["bytedance.com","1"],["hotmail.com","1"],["outlook.com","1"],["corp.netease.com","1"]],"2022-10":[["users.noreply.github.com","36"],["gmail.com","29"],["qq.com","9"],["163.com","4"],["126.com","2"],["apache.org","1"]],"2022-11":[["users.noreply.github.com","38"],["qq.com","22"],["gmail.com","19"],["163.com","7"],["126.com","1"]],"2022-12":[["users.noreply.github.com","36"],["gmail.com","27"],["qq.com","8"],["163.com","8"],["126.com","3"],["apache.org","3"],["yeah.net","1"],["bytedance.com","1"],["hotmail.com","1"],["outlook.com","1"]],"2023-01":[["gmail.com","34"],["users.noreply.github.com","32"],["qq.com","12"],["163.com","10"],["126.com","2"],["apache.org","2"],["yeah.net","1"],["vip.qq.com","1"],["outlook.com","1"],["selectdb.com","1"]],"2023-02":[["users.noreply.github.com","44"],["gmail.com","30"],["qq.com","13"],["163.com","9"],["apache.org","3"],["126.com","2"],["outlook.com","2"],["selectdb.com","2"],["yeah.net","1"],["hotmail.com","1"],["pku.edu.cn","1"],["gf.com.cn","1"],["live.com","1"]],"2023-03":[["users.noreply.github.com","39"],["gmail.com","39"],["qq.com","15"],["163.com","12"],["hotmail.com","2"],["selectdb.com","2"],["yeah.net","1"],["126.com","1"],["xiaomi.com","1"],["apache.org","1"],["outlook.com","1"],["baidu.com","1"]]}