{"2017-08":["lidinghao","cyongli","interma","imay","Aegeaner","morningman","chenhao7253886"],"2017-09":["lingbin","zuyu","yubingpeng"],"2017-10":["stg825"],"2017-11":["yiguolei"],"2018-09":["HappenLee"],"2018-10":["morningman","imay","lide-reed"],"2018-11":["chalsliu","chaoyli","uestctxq","kangkaisen","kangpinghuang","chenhao7253886","lichaojacobs","EmmyMiao87"],"2018-12":["yiguolei","yuanfeng0905","zhaidongbo"],"2019-01":["lingbin","Salieri1969"],"2019-03":["wuyunfeng","maruyue","HangyuanLiu","litao91"],"2019-04":["weiqxu"],"2019-05":["KevinLinGit","XiaoqianQin","worker24h","mengqinghuan","lenmom"],"2019-06":["liuchengshishabi","DDDDDDouble","gaodayue"],"2019-07":["Xuxue1","acelyc111","Youngwb","WingsGo","zhongyun2019","wang-ye"],"2019-08":["manannan2017","yuanlihan","wangbo","cquptEthan","xy720","liutang123","wkhappy1"],"2019-09":["xionglei0","shgxwxl","yangzhg","lxqfy","wubiaoi"],"2019-10":["shengyunyao","zhouhaibing089","Seaven"],"2019-11":["blackfox1983","vinson0526","vagetablechicken","caiconghui","jiangshouzhuang","JustinTsui"],"2019-12":["marising","Lishi-hub","firetree01","landon-dai","frwrdt","wutiangan"],"2020-01":["lshmouse","xhg-tech","infearOnTheWay","IanWatsons","jmk1011","songenjie","wenbronk","DanyBin"],"2020-02":["trueeyu","wyb","jmpaaak"],"2020-03":["gengjun-git","stalary"],"2020-04":["hffariel","sduzh"],"2020-05":["xbyang18","decster"],"2020-06":["liyuance","wfjcmcb","ZhangYu0123","sdgshawn","hf200012","skyduy","spaces-X"],"2020-07":["funyeah"],"2020-08":["zhbinbin","xinghuayu007","weizuo93","caoyang10","Fullstop000","shuaijinchao","Astralidea","hexian55","satanson","bigdataplumber"],"2020-09":["Nivane","taotaoge","px-l","zhaojintaozhao","qidaye","ccoffline"],"2020-10":["coalchan","chovy-3012","nimuyuhan","francisoliverlee","pengxiangyu"],"2020-11":["e0c9","wyndia","luozenglin","id4alexsu","xinyiZzz","yxqweasd","zh0122"],"2020-12":["Dam1029","924060929","Skysheepwang","songchuangyuan","blueChild","killxdcj","stdpain","Xpray"],"2021-01":["Sunt-ing","jollykingCN","wangxiaobaidu11","benbiti","lihuigang"],"2021-02":["bookeezhou","copperybean","xxiao2018","yuliangwan","liuooo"],"2021-03":["shiyi23","weihongkai2008","amosbird","pan3793","Aimiyoo","zhangboya1"],"2021-04":["Userwhite","JNSimba","PatrickNicholas","hxianshun"],"2021-05":["DinoZhang","MarsXDM"],"2021-06":["tarepanda1024","crazyleeyang","ChPi","huzk8","WindyGao","GoGoWen","ikaruga4600","JameyWoo","jinyuanlu"],"2021-07":["Henry2SS","BiteTheDDDDt","arthur-zhang","Stephen-Robin","harveyyue","huangmengbin","caneGuy","kuncle","ucasfl","TobKed"],"2021-08":["weajun","wangshuo128","wunan1210","JinLiOnline","zenoyang","zhangstar333","tinkerrrr","huozhanfeng","zbtzbtzbt","Taaang","yx91490","dixingxing0","qzsee"],"2021-09":["zuochunwei","pierre94","wangliansong","azurenake","mk8310","smallhibiscus","Gabriel39","xhmz","Jennifer88huang","xiaoxiaopan118","dh-cloud"],"2021-11":["dongweizhao","tianhui5","drgnchan","zhengshengjun","THUMarkLau","renzhimin7","luzhijing","xuliuzhe","littleeleventhwolf","ZhikaiZuo","wangyf0555"],"2021-12":["SleepyBear96","jackwener","zhengshiJ","whutpencil","xuzifu666","aihai","sparklezzz","CalvinKirs","chaplinthink","MeiontheTop","yjant","xtr1993","kezhenxu94","xiedeyantu"],"2022-01":["lovingfeel","htyoung","bingzxy","freemandealer","dataroaring","anneji-dev","eyesmoons","blackstar-baba","adonis0147","Aiden-Dong","steadyBoy","obobj"],"2022-02":["Keysluomo","gwdgithubnom","Royce33","Gongruixiao","lit2430","arthuryangcs","yinzhijian","sodamnsure","awakeljw","zhannngchen","Alibaba-HZY","DarvenDuan","dataalive","lonre","liuzhuang2017","xingtanzjr","jacktengg","daikon12","caoliang-web","ztgoto"],"2022-03":["kylinmac","levy5307","kangshisen","Jibing-Li","morrySnow","liaoxin01","JusticeGong","mklzl","airborne12","zxm17863626761","aopangzi","cambyzju","zhangyifan27","yangjun616","englefly","platoneko","hello-stephen","mrhhsg","SWJTU-ZhangLei","xiaokang","bridgeDream","Tanya-W","hewei-nju","emerkfu","xlwh"],"2022-04":["weizhengte","Yankee24","FreeOnePlus","jaingmengmeng","lightghli","ruyliu","Lchangliang","wucheng","leo65535","zingdle","kkfnui","pingchunzhang","Mini256","luwei16","zhangy5","chenlinzhong","long2ice","Toms1999"],"2022-05":["zy-kkk","shaqf","hanfengcan","nvguiyachuang","LOVEGISER","sumtumn","SaintBacchus","zxealous","BePPPower","yixiutt","carlvinhust2012","cxzl25","gtchaos","compiletheworld","Yulv-git","nextdreamblue","dujl","xiepengcheng01","deardeng","qimumu9406","hddong"],"2022-06":["AshinGau","Vikasss7663","starocean999","k-i-d-d","simon824","Kikyou1997","wsjz","eldenmoon","PragmaTwice","smallx","Hisoka-X"],"2022-07":["elvestar","icchux","zyzAndMz","miswujian","husterdjx","KaimingWan","codeAntg","mymeiyi","LemonLiTree","freesinger","yuanyuan8983","ByteYue","compasses"],"2022-08":["muyizi","0xez","cun8cun8","link3280","suyanhanx","bin41215","yew1eb","iceqing","geniusjoe","guiyanakuang","zhangshuocn","LizZhang315","sohardforaname","hou-rong","tk047","a19920714liou","YangShaw","siriume","qinchaofeng","arcyda","catpineapple","xiaojunjie"],"2022-09":["yongjinhou","liwenqi1996","pangzhili","Wilson-BT","Yukang-Lian","BenjaminWenqiYu","TaoZex","lixiaobing-fabulous","dinggege1024","dutyu","Xiaoccer","lsy3993","mychaow","jeffreys-cat"],"2022-10":["gavinchou","XieJiann","TsubameKoyasu","SeekingYang","liujinhui1994","liyipingbest","DongLiang-0"],"2022-11":["wanghuan2054","xiaoDjun","xutaoustc","zhoumengyks","Cai-Yao","gnehil","Yulei-Yang","zhouaoe","qqIsAProgrammer","ZhangYiXi-dev","b19mud"],"2022-12":["httpshirley","yuxuan-luo","lexluo09","15374604475","etcZYP","allenwod","liqing-coder"],"2023-01":["liugddx","JackDrogon","MRYOG","xuqinghuang","kaka11chen","HackToday","zhangguoqiang666","beijita","zclllyybb","TangSiyang2001","liwei9902","0xflotus","youtNa","fracly","zddr","isHuangXin","EvanTheBoy"],"2023-02":["yagagagaga","maochongxin","bowenliang123","Dazhuwei","meredith620","Jenson97","amorynan","alissa-tung","cjq9458","WinkerDu","wangtianyi2004","1330571","Shoothzj","UnicornLee","Myasuka","hechao-ustc"],"2023-03":["WuWQ98","ya-dao","gitccl","nikam14","Johnnyssc","liujiwen-up","hust-hhb","JoverZhang","hqx871","hanyisong","SilasKenneth","Bingandbing","herry2038","BBB-source","haohuaijin","ChaseHuangxu","bobhan1","reswqa","NetShrimp06","ZashJie"]}