{"2015-01":[["timrae",13.96],["hssm",5.92],["agrueneberg",5.1],["chajadan",3],["nicolas-raoul",2.24],["federvieh",2],["flerda",1],["tomzx",1]],"2015-02":[["timrae",13.49],["hssm",8.19],["federvieh",7.94],["tomac120",4],["ospalh",3.87],["svofski",3.61],["kerrickstaley",2.24],["agrueneberg",1.41],["chajadan",1],["flerda",1]],"2015-03":[["timrae",17.06],["flerda",14.93],["federvieh",14.59],["hssm",10.2],["jshevek",5.66],["eginhard",4.8],["abvanpelt",4.69],["nobnago",4.24],["agrueneberg",2.45],["TAstylex",2],["nicolas-raoul",1.73],["ospalh",1.73],["tomzx",1],["negue",1]],"2015-04":[["hssm",9.9],["timrae",9.75],["brunodea",7.28],["eginhard",4],["kerrickstaley",3.32],["jshevek",2.65],["pi2te4",2.24],["jyotidas",1.73],["ospalh",1.73],["fmap",1.41],["nicolas-raoul",1.41],["tomzx",1]],"2015-05":[["hssm",8.19],["federvieh",5.92],["wlky",5.29],["timrae",4.9],["sdoward",4.24],["ospalh",2.45],["jshevek",1.73],["Unode",1],["RunasSudo",1],["gniewkos",1],["givhug",1]],"2015-06":[["timrae",15.3],["hssm",7.07],["ospalh",6.93],["wlky",6.4],["brunodea",5.74],["federvieh",2.45],["agrueneberg",2.24],["greyhillman",1.73],["nicolas-raoul",1],["jshevek",1]],"2015-07":[["timrae",12.88],["hssm",7.48],["x-ji",6.63],["ospalh",6],["stream101",4],["curiousdannii",3],["wlky",2],["cameel",1.73],["federvieh",1.73],["flerda",1.73],["dburt",1.73],["snowtimeglass",1.41],["raphaelLacerda",1],["TheShadowKnows55",1],["MatthiasKauer",1],["gajewsk2",1],["lizzgilmore",1]],"2015-08":[["hssm",12.96],["timrae",10.25],["ospalh",6.4],["John0079",5.48],["flerda",4.12],["cameel",3.46],["mx3214",2.65],["pizzamx",2.65],["sabrinemoumni",2.65],["gregreen",2.45],["snowtimeglass",2.24],["dae",2.24],["Squeenix",2.24],["lizzgilmore",2],["chiizujin",2],["ivanhg",1.73],["Hans-N",1.73],["aktok-com",1.73],["RossRogers",1.73],["Steven-Hou",1.41],["jadios101",1.41],["kcroker",1.41],["wlky",1.41],["nicolas-raoul",1.41],["eliptus",1.41],["edebeat",1],["x-ji",1],["agrueneberg",1],["shirts",1],["gajewsk2",1],["petkahl",1],["dburt",1],["okejokej",1]],"2015-09":[["timrae",15.1],["flerda",9.59],["hssm",5.48],["lizzgilmore",4.36],["Juddd",4],["ospalh",4],["snowtimeglass",3.46],["cameel",3.32],["daikazoku",2.45],["wlky",2.45],["lahootian313",2.24],["KKS161994",2.24],["Huguet57",2.24],["jondo",2],["iamsunbun",1.73],["peervalhoegen",1.73],["SprickW",1.73],["wujek-srujek",1.73],["mmasaeli",1.73],["Snillsparv",1.73],["fergald",1.41],["EmilRehnberg",1.41],["chiizujin",1.41],["Glutanimate",1.41],["andishehkis",1.41],["Xeranor",1.41],["Squeenix",1],["Antiec",1],["george84",1],["gregreen",1],["curiousdannii",1],["Hvalfisk",1],["rgamici",1],["afollestad",1],["RawToast",1],["dpmm99",1]],"2015-10":[["timrae",17.18],["hssm",9],["ospalh",7.21],["snowtimeglass",6.78],["eginhard",5.66],["kcroker",4.12],["wujek-srujek",3.74],["wchristian",2.83],["gregreen",2.83],["Juddd",2.65],["Tomalak",2.45],["kwokhin",2.45],["kazuoteramoto",2.24],["mila6452",2.24],["Glutanimate",2.24],["madnik7",2],["pe224",2],["Erraclau",2],["maggiev123",1.73],["KLOP5",1.73],["matejdro",1.73],["sollunaastro",1.73],["jsalatiel",1.73],["NoobPsyBot",1.41],["bogdanteleaga",1.41],["nobitavn89",1.41],["MIJOTHY",1.41],["peervalhoegen",1.41],["am-shb",1.41],["testforata",1.41],["x1704e",1.41],["mzasuwik",1.41],["AABatteries",1.41],["lizzgilmore",1.41],["flimzy",1],["aegray",1],["stepelu",1],["jshevek",1],["wlky",1],["baitisj",1],["mmasaeli",1],["barrynauta",1],["agrueneberg",1],["pducrocq",1]],"2015-11":[["timrae",18.38],["hssm",10.44],["snowtimeglass",6.78],["lizzgilmore",4.24],["eginhard",4.24],["ospalh",3.46],["zecoder",3.32],["bogdanteleaga",3.32],["agrueneberg",2.65],["sigkell",2.65],["MarcoSchicke",2.45],["wchristian",2.45],["kmthinkingrock",2.24],["nobitavn89",2.24],["tsudoko",2.24],["street62",2.24],["martinjos",2.24],["mawis",2.24],["kabutar111",2.24],["madnik7",2.24],["rpgrca",2],["kazuoteramoto",2],["pblomsma",1.73],["peervalhoegen",1.73],["gbriel-almeida-santos",1.73],["dcampezano",1.73],["waldens",1.73],["flerda",1.73],["av2k",1.73],["shippy",1.73],["Juddd",1.73],["ayokev",1.73],["kcroker",1.41],["HairyPhil",1.41],["nicolas-raoul",1.41],["algakzru",1.41],["ceribik",1.41],["Pepe-Jose",1.41],["gajewsk2",1.41],["Poppyt",1.41],["dper",1],["RossRogers",1],["110229048",1],["adelq",1],["alireza001",1],["dae",1]],"2015-12":[["timrae",18.52],["hssm",13.42],["eginhard",6.78],["ospalh",4.8],["vi",3.87],["snowtimeglass",3.74],["lukeaus",3.61],["martinjos",3.32],["Musashi1986",3.16],["julienbaley",3.16],["tesoke",3.16],["madnik7",3],["Gregyski",2.83],["ambioct",2.83],["flimzy",2.65],["AgarwalPragy",2.45],["Pepe-Jose",2.45],["bogdanteleaga",2.45],["HairyPhil",2.45],["robflye",2.45],["m0ndra",2.45],["jvanprehn",2.24],["Egmorn",2.24],["lizzgilmore",2.24],["kelciour",2.24],["EmilRehnberg",2],["Remco32",2],["mdpatrick",2],["M-M-Rezaee",2],["RuslanPrimak",2],["dae",2],["johndem",1.73],["uu5hwkxx",1.73],["homerdough",1.73],["giletvin",1.73],["johanrhodin",1.73],["WildAngel365",1.73],["Steph1444",1.73],["gajewsk2",1.73],["cyclohexanamine",1.73],["tsudoko",1.73],["RamsesDeNorre",1.73],["ManuelAcas",1.73],["kieranclancy",1.41],["Zarxrax",1.41],["thatdude624",1.41],["mmbradle",1.41],["simgunz",1.41],["callumgare",1.41],["insyte",1.41],["nicolas-raoul",1.41],["cgogolin",1.41],["jsalatiel",1.41],["jkhooker",1.41],["flerda",1.41],["ekimd",1.41],["Nexen23",1.41],["BertrandsBallot",1.41],["mrwashu",1.41],["maneshmistry",1.41],["Agireso",1.41],["kcroker",1.41],["catalinapre2",1],["Minoru",1],["mikegillan",1],["lovasoa",1]],"2016-01":[["timrae",13.45],["hssm",12.65],["arooooon",6],["eginhard",5.48],["johndem",3.74],["snowtimeglass",3.46],["jvanprehn",3.32],["carlseverson",3],["zecoder",3],["brok85",2.65],["ReneSac",2.65],["jytou",2.65],["rvanprehn",2.65],["lahootian313",2.24],["kabutar111",2.24],["aphirst",2.24],["robflye",2.24],["lizzgilmore",2.24],["seniorivn",2],["wlhunag",2],["chrischmo",1.73],["Astronach",1.73],["pascalwhoop",1.73],["peervalhoegen",1.41],["bogdanteleaga",1.41],["krt16s",1.41],["Akendo",1.41],["jjh42",1.41],["jkadlubo",1.41],["thatdude624",1.41],["wujek-srujek",1.41],["hinb",1.41],["maddin25",1.41],["Yendis9",1.41],["jhegedus42",1.41],["RossRogers",1.41],["kelciour",1.41],["madnik7",1.41],["Inconditus",1.41],["MarcoSchicke",1.41],["one-star-one",1.41],["evanstachowiak",1],["algakzru",1],["agrueneberg",1],["okejokej",1],["nicolas-raoul",1],["ospalh",1],["Musashi1986",1],["kcroker",1],["federvieh",1],["cameel",1],["mvdan",1],["hryanjones",1]],"2016-02":[["timrae",9.17],["hssm",8.54],["jvanprehn",3.87],["snowtimeglass",3.32],["gwildor28",2.65],["brok85",2.45],["jytou",2.24],["johndem",2],["arooooon",2],["zxcpoiu",1.73],["domingos86",1.73],["ospalh",1.73],["onerror",1.73],["eginhard",1.73],["daikazoku",1.41],["Glutanimate",1.41],["wgjohnson",1.41],["HentaiIsPower",1.41],["jsalatiel",1.41],["maddin25",1],["ray-pixar",1],["musilto7",1],["bretzel15",1],["Astronach",1],["cameel",1],["lizzgilmore",1],["mijascuric",1],["jhegedus42",1]],"2016-03":[["marcardar",32.37],["timrae",29.02],["hssm",10.49],["johnjohndoe",5.39],["ospalh",3.87],["PSeitz",3.87],["snowtimeglass",3.61],["musilto7",3.46],["rubyu",2.83],["gotofritz",2.65],["Glutanimate",2.65],["matshch",2.45],["kelciour",2.45],["eginhard",2.45],["GAumala",2.24],["jkl1337",2.24],["swagardson",2.24],["John0079",2.24],["llakssz",2],["gerich-home",2],["flerda",2],["agrueneberg",2],["doingitgood",1.73],["PanderMusubi",1.73],["kabutar111",1.73],["SG5",1.73],["AradorasXeon",1.73],["tartsi",1.41],["Steph1444",1.41],["IlianP",1.41],["gstieglitz",1.41],["Kaskazaraku",1.41],["ivant",1.41],["arooooon",1.41],["guciek",1.41],["jsalatiel",1.41],["andrewsanchez",1],["Ruckamongus",1],["langug",1],["ray-pixar",1],["HentaiIsPower",1],["jeffreyj100",1],["maiaftv",1],["petkahl",1],["erikamit",1]],"2016-04":[["timrae",15.59],["marcardar",14.32],["hssm",8.49],["snowtimeglass",8.25],["rubyu",3.16],["stouf",3.16],["katrinleinweber",2.83],["arooooon",2.45],["AngledLuffa",2.45],["leezu",2.24],["michalpravda",2.24],["littlemuyer",2.24],["sigkell",2],["muellert",1.73],["mteske",1.73],["PSeitz",1.73],["stefaneidelloth",1.73],["ourlaw",1.73],["Hapoofesgeli",1.41],["jsalatiel",1.41],["flerda",1.41],["HairyPhil",1.41],["llweifall",1.41],["edupuis",1.41],["rogerwilco86",1.41],["AradorasXeon",1],["gajewsk2",1],["maurimo",1],["IlianP",1],["eginhard",1],["ceribik",1]],"2016-05":[["hssm",10.95],["timrae",10.91],["jvanprehn",5.66],["snowtimeglass",5.57],["bigsmile01",3],["PSeitz",3],["kuklinistvan",2.45],["arooooon",2.24],["rabinv",2.24],["sigkell",2],["JeopardyTempest",1.73],["Glutanimate",1.73],["ozarux",1.73],["cameel",1.73],["doonst",1.73],["Fantasya",1.41],["jsalatiel",1.41],["cladsam",1.41],["arvinpan",1.41],["lucnbernier",1.41],["Iwander",1.41],["gstieglitz",1],["gregreen",1],["eginhard",1],["flerda",1],["marcardar",1],["gajewsk2",1]],"2016-06":[["hssm",10],["timrae",7.14],["snowtimeglass",5],["madhead",4.69],["jvanprehn",3.46],["sibilek",3.16],["dwcheng",2.83],["eginhard",2.65],["Juddd",2.24],["Glutanimate",2],["iiLaurens",2],["fbrubbo",2],["otvenharom",2],["sarefo",1.73],["kohanyirobert",1.73],["p2635",1.73],["dcampezano",1.73],["zenmonkey760",1.41],["AlexioXela",1.41],["GraefinZahl",1.41],["spookylukey",1.41],["140619",1.41],["kazialinoor",1.41],["AngledLuffa",1],["kcroker",1],["rajasiman",1],["stooone",1],["JaysonH91",1],["brunobeltran",1],["arvinpan",1],["xandep",1],["elnoxvie",1],["kfowlks",1],["Ooglogput",1],["gj12",1],["sigkell",1]],"2016-07":[["hssm",9.75],["timrae",6.16],["madhead",6.16],["snowtimeglass",3.87],["lahootian313",3],["Juddd",2.65],["sibilek",2.65],["limitted",2.45],["giancarloandroid",2.24],["leoliu1313",2],["wareya",2],["rgamici",2],["AngledLuffa",2],["jo91",2],["dae",2],["eginhard",2],["SpacePhoton",1.73],["shard2001",1.73],["carlos-hoyos",1.41],["scd4j",1.41],["ihajat",1.41],["akiratee",1.41],["sevenkel",1.41],["ivostoykov",1.41],["tylerstraub",1],["studentjunk",1],["kuklinistvan",1],["Ooglogput",1],["dotancohen",1],["jvanprehn",1],["peervalhoegen",1]],"2016-08":[["hssm",5.29],["eginhard",3.16],["lahootian313",3.16],["timrae",3],["Gloria-Li",2.45],["DonCN",2.24],["ihajat",2],["moshpirit",2],["flerda",1.73],["Kutubuddin",1.73],["ClearedFram3",1.73],["seniorandre",1.73],["Mornon",1.73],["Quaser",1.41],["boloing22",1.41],["chrisar15",1.41],["Nexen23",1.41],["SimonLammer",1.41],["bluesleex",1.41],["p0ooo0ya",1.41],["dotancohen",1.41],["SRGOM",1],["usernope",1],["madnik7",1],["leoliu1313",1],["AMDsn",1],["petkahl",1],["gajewsk2",1],["rlpowell",1]],"2016-09":[["timrae",5.74],["hssm",4],["lahootian313",3.46],["william301",2.83],["orolle",2.83],["jazzeps",2.45],["snowtimeglass",2.24],["elkmovie",2.24],["jiboiafc",1.73],["RaphaBarros",1.73],["eginhard",1.73],["ryantimjohn",1.73],["Nexen23",1.73],["seniorandre",1.73],["jasonmbechtel",1.73],["Grngo550",1.73],["gavenkoa",1.41],["MrDjango1976",1.41],["t0suj4",1.41],["Ruckamongus",1.41],["tbeachglobal",1.41],["rsuhada",1.41],["chap126",1.41],["gwpl",1.41],["NyhteAngel13",1.41],["dmitry-timofeev",1],["nick926",1],["srvds",1],["tek68213",1],["agrueneberg",1],["Mornon",1],["KhaledTo",1],["guyemerson",1],["elgalu",1]],"2016-10":[["hssm",9.22],["timrae",8.25],["eginhard",5.2],["madhead",4.9],["dmitry-timofeev",4.36],["danielb2",3.87],["steph643",3.46],["camparijet",3],["ian-kelling",2.83],["lucwastiaux",2.45],["jytou",2.45],["Ruckamongus",2.24],["gajewsk2",2.24],["gkirilov",2.24],["Mornon",2],["zaz",2],["BarbaraKaterina",2],["tbeachglobal",2],["Twoearle",2],["oleg-savoskin",2],["snoyes",2],["mx3214",1.73],["tttdribble",1.73],["ODemidenko",1.73],["shiramtositeton",1.73],["albel727",1.73],["Juddd",1.73],["wanwu",1.41],["rathsky",1.41],["Nexen23",1.41],["bigsmile01",1.41],["snowtimeglass",1.41],["nicolas-raoul",1.41],["OoDeLally",1.41],["amalekh",1.41],["lahootian313",1.41],["orolle",1],["wareya",1],["LucasCoder",1],["SimonLammer",1],["ospalh",1],["spookylukey",1],["Icntaann",1],["weakedsick03",1],["seniorandre",1],["lovasoa",1]],"2016-11":[["hssm",4.8],["timrae",4.36],["eginhard",3.32],["alexander255",2.65],["Juddd",2.65],["Balti92",2.45],["dae",2.24],["nixingizgood",2.24],["madhead",2.24],["TheShadowKnows55",2],["dejj",1.73],["nodje",1.73],["woj-tek",1.73],["lostasock",1.73],["chante77",1.73],["conrad-heimbold",1.73],["cipri-tom",1.73],["ccfontes",1.73],["mohammad1990",1.73],["ashleypt",1.41],["dmitry-timofeev",1.41],["gavenkoa",1.41],["ferrouswheel",1.41],["snowtimeglass",1.41],["william301",1.41],["Satans-Kruemelmonster",1.41],["duyang0627",1.41],["porfirio1830",1.41],["camparijet",1],["flerda",1],["ian-kelling",1],["lucwastiaux",1]],"2016-12":[["timrae",6],["dae",4],["reinert",3],["ian-kelling",2.83],["hssm",2.45],["eginhard",2.24],["MarekHappy",2.24],["kimsuarez",2],["kdmaas",2],["TotheMoonAlice",2],["zygimantus",1.73],["unoexperto",1.73],["alvmunoz",1.73],["bscottyoung",1.41],["gadamiak",1.41],["alireza001",1.41],["tbeachglobal",1.41],["mmjang",1.41],["gajewsk2",1],["andrewsanchez",1],["ccfontes",1],["dag",1],["Ruckamongus",1],["lahootian313",1],["abers",1]],"2017-01":[["timrae",7.42],["hssm",5],["dae",4.24],["snowtimeglass",4.12],["dimm0k",3.32],["eginhard",3],["Alphalpha007",2.83],["nolala",2.65],["benbassist",2.45],["madhead",2.24],["longpu",2.24],["artemb123",2],["vintotal",1.73],["pheochromocytoma",1.73],["bigsmile01",1.73],["mvysny",1.73],["ochsner",1.73],["ChristianKleineidam",1.41],["ostearn",1.41],["HarvestMooner",1.41],["Jpcomben",1.41],["MarekHappy",1.41],["loveAnkisomuch",1.41],["finalion",1.41],["asierrayk",1.41],["ttempe",1.41],["wujek-srujek",1.41],["afshar62",1.41],["nicolas-raoul",1],["Juanjbb",1],["lizzgilmore",1],["jabobian",1],["wouterstevens",1],["nodje",1]],"2017-02":[["timrae",10.2],["snowtimeglass",5.92],["eginhard",3.87],["takanuva15",3],["fi3te",2.83],["bjornmartensson",2.45],["Faecie",2.45],["stu40",2.24],["Ana06",2.24],["benbassist",2.24],["artsakenos",2.24],["pixeldrama",2],["filipeon",2],["hssm",1.73],["luofeiyu",1.73],["music-ismath",1.73],["nicolas-raoul",1.73],["TxBase",1.41],["DreamFlasher",1.41],["st603",1.41],["antgel",1.41],["barghest",1.41],["dktch1",1.41],["ByteHamster",1.41],["DinnerBuffet",1.41],["daniel-light",1.41],["dae",1.41],["SebastianGrzymala",1.41],["Acmine",1.41],["vackosar",1],["Two-Finger",1],["woj-tek",1],["jimmitt",1],["darvag",1]],"2017-03":[["timrae",6.4],["bexsadirov",4.69],["mooingcat",4],["snowtimeglass",3],["aPaci95",2.83],["Wabuo",2.24],["hssm",2.24],["rathsky",2],["eginhard",2],["richardKafati",2],["hopperkremer",2],["polyglot0027",1.73],["Enkidu6",1.41],["aemethyst",1.41],["orolle",1.41],["antigonos44",1.41],["lali123456",1.41],["fi3te",1.41],["Glutanimate",1.41],["music-ismath",1],["DinnerBuffet",1],["ajm949",1],["dequis",1]],"2017-04":[["timrae",3.87],["wlky",3.16],["rlpowell",2.45],["mmjang",1.73],["Olifair",1.73],["Andrewkp1",1.73],["loewexy",1.73],["camparijet",1.73],["Pcsl",1.73],["bgx90",1.41],["eginhard",1.41],["scuentkd",1.41],["snakecase",1],["mado0705",1],["Nutomic",1],["natemiller82",1],["TheKiteRunning",1],["Magneticdud",1],["gilamori",1],["bexsadirov",1],["glo-fi",1],["tf0054",1],["madhead",1],["stu40",1],["scuen",1],["TotheMoonAlice",1],["onezhou",1],["moshpirit",1]],"2017-05":[["timrae",4.24],["eginhard",2.83],["mado0705",2.65],["gajewsk2",2.65],["aus-wanderer",2.24],["castlereagh",1.73],["CNG",1.41],["tbo1",1.41],["dejj",1.41],["omega3",1.41],["david-gpu",1.41],["ByteHamster",1.41],["matteocoder",1.41],["chap126",1.41],["Tj20",1.41],["Kelsey1B",1.41],["scuen",1.41],["Plagioclase",1],["ferrouswheel",1],["JLRishe",1],["MatMoore",1],["lukazumi",1],["hssm",1],["bgx90",1],["snowtimeglass",1],["mcallisterjp",1],["docmarionum1",1],["Muhd",1],["kathane",1]],"2017-06":[["timrae",4.9],["eginhard",4.36],["enrico200165",2.45],["gobater",2.45],["malshiyyy",2.45],["mrbryce",2.24],["MastanYuvi",2.24],["anki2017",2],["snowtimeglass",2],["lingua0815",1.73],["cydia2020",1.73],["anrew123",1.41],["laosamayor2010",1.41],["Olivasayana",1.41],["andisheh01",1.41],["RichardHoOoOo",1.41],["thbj93",1.41],["srzh",1.41],["andishehkis",1.41],["Solarlark",1],["pixeldrama",1],["Kelsey1B",1],["dae",1],["dancinglightning",1],["agrueneberg",1],["aus-wanderer",1]],"2017-07":[["timrae",4.58],["snowtimeglass",3.87],["nbeaver",2.24],["dequis",2.24],["dotancohen",2],["cydia2020",2],["wsmigaj",1.73],["aphirst",1.73],["jkennethcarino",1.73],["bgx90",1.41],["jameskraus",1.41],["Juddd",1.41],["yankl",1.41],["IvanPolyakovyar",1.41],["ferrouswheel",1.41],["egoals",1.41],["chickendude",1.41],["vsdmub",1.41],["ineol",1.41],["popo63301",1.41],["dinorastoder",1],["dejj",1],["live22morrow",1],["Sicaduj",1],["eginhard",1]],"2017-08":[["timrae",6.86],["piotrek1543",3.61],["tuedan",3],["jkennethcarino",2.83],["damccull",2.65],["eginhard",2],["victorsjo",2],["VeloSteve",2],["rillig",1.73],["Zekeriyya",1.73],["Vaanen",1.73],["gajewsk2",1.73],["nicolas-raoul",1.41],["mmjang",1.41],["chickendude",1.41],["wsmigaj",1.41],["Juddd",1.41],["John0079",1.41],["readych",1.41],["SirShadowwolf",1.41],["Ruckamongus",1],["porfirio1830",1],["iaai232",1],["mnhende2",1],["snowtimeglass",1],["langlieb",1],["jvanprehn",1],["RenWenshan",1],["madhead",1]],"2017-09":[["timrae",8.37],["wsmigaj",4.58],["Nutomic",3.61],["isseis",3.32],["nicolas-raoul",3.16],["Profpatsch",2.65],["llunak",2.45],["Vaanen",2.45],["rillig",2.24],["bresan",2.24],["thomasrebele",2],["cjer",1.73],["skangas",1.73],["madhead",1.73],["snowtimeglass",1.73],["homocomputeris",1.73],["nake90",1.73],["John0079",1.73],["readych",1.41],["NoroiKisaragi",1.41],["5hir0kur0",1.41],["rafenciugo",1.41],["charlesoblack",1.41],["st603",1.41],["bkhl",1.41],["StenerFonseca",1.41],["mnmean",1.41],["Jpcomben",1],["xyczero",1],["piotrek1543",1],["jozefwczasy",1],["Royalcows9",1],["shoshber",1],["kuukunen",1],["MathWhiz",1],["okejokej",1]],"2017-10":[["timrae",7.07],["Profpatsch",4.8],["cydia2020",4.36],["tsudoko",2.65],["Ivysauro",2],["rafenciugo",2],["bresan",1.73],["baroonian",1.41],["alexdiassantos",1.41],["Emailnickjohn",1.41],["pcuinty",1.41],["tscheney",1.41],["Worthy7",1.41],["Brambo27",1],["barkdoll",1],["coltongrainger",1],["thomasrebele",1],["4arlinesia",1],["glutanimate",1],["Ambioct",1],["lucwastiaux",1],["SzymonPajzert",1]],"2017-11":[["timrae",6.56],["Arthur-Milchior",3.16],["LePlatos",3],["JLRishe",2.83],["cydia2020",2.65],["LeopoldKellers",2.65],["rlpowell",2.45],["magonreal",2.24],["cristi101",2],["cerry92",1.73],["standarm",1.73],["GithubDG",1.73],["kamillys",1.73],["mo7amed0metwally",1.73],["wsmigaj",1.73],["dae",1.73],["grossy-grossy",1.41],["froman753",1.41],["tsudoko",1.41],["pcuinty",1.41],["chandanch",1.41],["mihaaly",1.41],["Mornon",1.41],["sr030",1.41],["evanherk",1.41],["CowboyEnvy",1.41],["thomasrebele",1.41],["aphirst",1],["javenschuetz",1],["mo271",1],["Profpatsch",1]],"2017-12":[["mikehardy",10.3],["timrae",9.49],["dae",3],["rillig",2.83],["Vaanen",2.45],["Mornon",2.45],["Brambo27",2],["evolverine",2],["JordanCleeve",1.73],["c-oreills",1.73],["mawis",1.73],["Arthur-Milchior",1.73],["LeopoldKellers",1.41],["stephenkwan",1.41],["Towerfree",1.41],["michalpravda",1.41],["Aleks-Ya",1.41],["dkateiva",1.41],["CalebBiddulph",1.41],["torsava",1],["Zerophase",1],["reinert",1],["guillaumebrunerie",1],["elmisback",1],["javenschuetz",1],["Alphyn-gunner",1],["JLRishe",1],["owczyped",1],["Data-Science-Solutions",1]],"2018-01":[["ritikrishu",6.24],["mikehardy",4.47],["camparijet",3.61],["ju-w",3.32],["mikhail-mv",2],["snakecase",2],["sharmas5",2],["hanpingchinese",1.73],["gnomechomp",1.73],["guettli",1.41],["x-ji",1.41],["chickendude",1.41],["dequis",1.41],["st603",1.41],["aphirst",1.41],["ethancrist",1.41],["federvieh",1],["c-oreills",1],["koendv",1],["DazRomance",1],["tobia",1],["poyeya",1],["JohnMurray",1],["Kirikus",1]],"2018-02":[["mikehardy",7.07],["timrae",5.2],["hanpingchinese",2.45],["vrublack",2.24],["snowtimeglass",2.24],["macvalino",2],["jmaatta",2],["baparham",1.73],["ChilliCheezBot",1.73],["cydia2020",1.73],["CasyFel",1.73],["fayej",1.41],["homocomputeris",1.41],["renehamburger",1.41],["p8nted",1.41],["Abbas-509",1.41],["AymaneHrouch",1.41],["MLRmarvin",1.41],["dzida16",1.41],["Alphyn-gunner",1.41],["chriskempson",1],["Phoenix-Brothres",1],["matteocoder",1],["JordanCleeve",1],["smallid",1]],"2018-03":[["mikehardy",7.21],["timrae",6.48],["aportley",2.45],["farshad1880",2.45],["tskzooms",2],["fidiG",2],["vrublack",2],["danielb2",2],["snowtimeglass",1.73],["Key7",1.73],["JordanCleeve",1.73],["cydia2020",1.73],["marcardar",1.73],["gcjuan",1.73],["d0ct0rtrev0r",1.41],["Ana06",1.41],["liowmark",1.41],["aphirst",1.41],["Ekleog",1.41],["forkrul",1.41],["pkubowicz",1.41],["mimi-min",1.41],["5hir0kur0",1.41],["Arthur-Milchior",1],["froman753",1],["LeopoldKellers",1],["ehcatl",1]],"2018-04":[["werkn",4],["timrae",3.61],["mikehardy",3.16],["lucwastiaux",2.45],["Kookosmile",2.24],["tomkahn",2.24],["marcardar",2.24],["AustinHasten",2.24],["kieranclancy",1.73],["Schmoulax",1.73],["armanshahrisa",1.41],["snowtimeglass",1.41],["slane99",1.41],["lokesh-krishna",1.41],["johtso",1],["Ekleog",1],["shiftee",1],["raulfdm",1],["JLRishe",1],["aportley",1],["magonreal",1],["sjleejf",1]],"2018-05":[["timrae",11.09],["mikehardy",9.38],["vrublack",6.4],["cydia2020",3.87],["AustinHasten",3.46],["lokesh-krishna",2.83],["jaller94",2.24],["werkn",2.24],["homocomputeris",2.24],["Xyde",2],["Alyxvance",2],["timor",1.73],["xelloss1012",1.73],["verdulo",1.73],["lucwastiaux",1.73],["TorridCheese",1.73],["hotfair",1.73],["Rubenmp",1.41],["waqasanwar94",1.41],["kieranclancy",1.41],["KursX",1.41],["ibnu-djamil",1.41],["Magneticdud",1.41],["365714",1.41],["miladmmboys",1.41],["tomkahn",1],["mattbenscho",1],["chbdetta",1],["lucainnocenti",1],["nicolas-raoul",1],["paulokow",1],["SvenskNavi",1],["davidaylaian",1],["David-Allison",1],["Compusomnia",1],["oldmud0",1],["wsmigaj",1],["chickendude",1],["Worthy7",1],["mo271",1]],"2018-06":[["mikehardy",13.15],["timrae",12.04],["vrublack",7.35],["MarcinMoskala",4.36],["pigoz",2.83],["tbop",2],["sortega",1.73],["cameel",1.73],["lukasss21",1.73],["hanpingchinese",1.73],["Alyxvance",1.41],["KnIfER",1.41],["snowtimeglass",1.41],["werkn",1.41],["jhennig3",1.41],["JakobEichler",1.41],["Xyde",1.41],["nicolas-raoul",1.41],["Royal2000H",1.41],["federvieh",1],["dangercrow",1],["SvenskNavi",1],["Troyciv",1],["dilersik",1],["aleksejrs",1],["chickendude",1],["alex7kom",1],["jaller94",1],["armanshahrisa",1]],"2018-07":[["mikehardy",9.22],["timrae",7.81],["vrublack",3.32],["MarcinMoskala",2.83],["hanpingchinese",2.24],["Nubbify",2.24],["modene1",1.73],["OnkelTem",1.41],["vi",1.41],["rathsky",1.41],["noamraph",1.41],["jhennig3",1.41],["lhong1987",1.41],["Alphyn-gunner",1.41],["reinert",1.41],["sortega",1.41],["verdulo",1.41],["marcardar",1],["meandmymind",1],["jytou",1],["seltzy",1],["Wiileewaller",1],["alex7kom",1],["snowtimeglass",1],["villesau",1],["dima4p",1]],"2018-08":[["codacy-bot",12.53],["mikehardy",10.15],["timrae",8.72],["epistularum",2.83],["MarcinMoskala",2],["Arthur-Milchior",2],["jalexvig",1.73],["dae",1.73],["kpleines",1.73],["hssm",1.41],["p3l4h0",1.41],["tobia",1.41],["JeroenDeDauw",1.41],["tumcode",1.41],["aportley",1],["xerpi",1],["wuffi",1],["decadent",1],["bandico0t",1],["sashkous",1],["vrublack",1],["tinyhappysteps",1],["tsudoko",1]],"2018-09":[["mikehardy",24.58],["timrae",16.12],["codacy-bot",13.19],["lucwastiaux",3.32],["kryacer",2.83],["Mornon",2.45],["dae",2.24],["thodorisbais",2],["dezorianguy",1.73],["ajkfrye",1.73],["CowboyEnvy",1.73],["wujek-srujek",1.73],["mashinbaz1",1.73],["rodrigoswz",1.41],["agrueneberg",1.41],["ElDonad",1.41],["Worthy7",1.41],["Arthur-Milchior",1.41],["averywjohnson",1.41],["SergioGeeK7",1.41],["noamraph",1.41],["GolamRabbany123",1.41],["alanjustalan",1.41],["snowtimeglass",1.41],["Konotori",1],["eginhard",1],["cydia2020",1],["Hype-Toriyama",1],["xerpi",1],["Alphyn-gunner",1],["cameel",1],["pechyonkin",1],["12people",1]],"2018-10":[["mikehardy",25.98],["timrae",12.73],["codacy-bot",9.38],["jgscherber",5.66],["ps-goog",4.9],["wujek-srujek",3.61],["eginhard",3.16],["oxk4r01",3.16],["lucwastiaux",3.16],["alxmjo",2.24],["dpurge",1.73],["rgamici",1.73],["dchurchward",1.73],["dae",1.73],["goxykzd",1.73],["pigoz",1.41],["reggusdorf",1.41],["Moosehorse123",1.41],["javenschuetz",1.41],["cydia2020",1.41],["dezorianguy",1.41],["Ekleog",1.41],["colorsakura",1.41],["bkhl",1.41],["dqkk",1.41],["marcoslcosta",1.41],["st603",1.41],["kryacer",1],["homocomputeris",1],["SergioGeeK7",1],["mesufesu",1],["Hype-Toriyama",1],["snowtimeglass",1],["boydkelly",1],["sks4903440",1],["nfischer",1],["spookylukey",1],["ferrouswheel",1],["noamraph",1],["rathsky",1],["mnhende2",1],["ChilliCheezBot",1],["palashman",1]],"2018-11":[["mikehardy",20.2],["codacy-bot",10.39],["timrae",8.94],["tico-tico",3.61],["nickdvlpr",3.32],["martindisch",3.16],["JordanCleeve",2.83],["richardKafati",2.45],["vi",2.45],["RubLam",2.45],["ribtoks",2],["lenkazbr",2],["ps-goog",1.73],["noamraph",1.73],["DishKun",1.41],["ShaddyDC",1.41],["snailp4el",1.41],["Moosehorse123",1.41],["jakov",1.41],["dae",1.41],["boolbag",1.41],["surajsau",1.41],["colorsakura",1.41],["hyper-hub",1.41],["JLRishe",1.41],["jgscherber",1.41],["federvieh",1.41],["Abbas-509",1.41],["jottr",1.41],["maxhebditch",1],["januario-hh",1],["eginhard",1],["cydia2020",1],["yankl",1],["pipixiawomen",1],["abdusamed91",1],["telotortium",1],["sks4903440",1]],"2018-12":[["mikehardy",14.83],["codacy-bot",9.9],["timrae",5.66],["Anthropos888",4],["p3l4h0",2.24],["snailp4el",2.24],["adlew44",2.24],["ChrisPWill",2.24],["mighty-cthulhu",2],["LechnerMartin",2],["werkn",1.73],["rmilt7",1.73],["qsantos",1.73],["Arekkkk",1.73],["sergv",1.73],["TesseractCat",1.73],["rathsky",1.41],["1nsp1r3rnzt",1.41],["alexwyl",1.41],["ps-goog",1.41],["sanjayananda",1.41],["mrbryce",1.41],["madmanpierre",1.41],["luane91",1],["jaspercpes",1],["eginhard",1],["mghoug",1],["snowtimeglass",1]],"2019-01":[["mikehardy",10.25],["timrae",4.58],["Anthropos888",4],["andersan",3.46],["tico-tico",3.16],["lucwastiaux",3],["nickdvlpr",3],["unoexperto",2.45],["martindisch",2.45],["qazip",2.24],["sanjayananda",2],["alexwyl",1.73],["rmilt7",1.73],["yoshi314",1.41],["qsantos",1.41],["wujek-srujek",1.41],["Nosudrum",1.41],["dvopalecky",1.41],["rathsky",1.41],["rg-software",1.41],["EGecius",1.41],["Alphyn-gunner",1],["hssm",1],["werkn",1],["n1kl",1],["gajewsk2",1],["p3l4h0",1],["HairyPhil",1],["kanjieater",1]],"2019-02":[["mikehardy",12.12],["codacy-bot",10.54],["timrae",9.43],["hssm",6.78],["Anthropos888",6.24],["Styrke",4.36],["Alphyn-gunner",3.16],["slesniak",2.45],["PieterVanB",2.45],["rathsky",2.45],["oakkitten",2.45],["Brewstr78",2.24],["mvanaltvorst",2],["tobia",2],["ChrisPWill",2],["DJSorg",1.73],["dae",1.73],["jasonsparc",1.73],["lucwastiaux",1.73],["GraefinZahl",1.73],["Xyde",1.73],["snowtimeglass",1.73],["colinpretorius",1.41],["dwalton0",1.41],["HubberGot",1.41],["eginhard",1.41],["sanjayananda",1.41],["HairyPhil",1.41],["wenn",1.41],["robjweiss",1.41],["alxmjo",1],["michalpravda",1],["mesufesu",1],["richardKafati",1],["EGecius",1],["andersan",1],["madmanpierre",1],["p3l4h0",1]],"2019-03":[["mikehardy",8.49],["timrae",8.31],["Anthropos888",5.1],["codacy-bot",4.24],["Vlad-Shcherbina",2.83],["Z1839",2.65],["ykgmfq",2.45],["projectthobunny",2.45],["freMea",2.45],["t0suj4",2.24],["dbrgn",2],["Styrke",1.73],["martindisch",1.73],["malnvenshorn",1.73],["weirdalsuperfan",1.73],["tszynalski",1.73],["tobia",1.73],["kieranclancy",1.41],["beccare",1.41],["nathgilson",1.41],["EGecius",1.41],["ps-goog",1.41],["adlew44",1.41],["Molers",1.41],["sanjayananda",1],["kelciour",1],["fditraglia",1],["LorisB",1],["jgscherber",1],["aphirst",1],["adamwolf",1],["anki0208666",1],["oakkitten",1],["AustinHasten",1],["Vistian",1],["EarthHealer",1]],"2019-04":[["mikehardy",8.37],["adamwolf",5],["timrae",3.87],["Anthropos888",2.83],["NightXlt",2.45],["fajarnuha",2.45],["thiswillbeyourgithub",2.24],["dejiapps",2.24],["jgscherber",2.24],["martindisch",2],["leopard20",2],["dotancohen",2],["zj19zj",2],["snailp4el",1.73],["hssm",1.73],["Zinedine-Socrates",1.41],["lyannn",1.41],["L61",1.41],["freMea",1.41],["ohare93",1.41],["Blauelf",1],["lapo-luchini",1],["aphirst",1],["wujek-srujek",1],["nickdvlpr",1]],"2019-05":[["mikehardy",6.86],["timrae",3.16],["NightXlt",3],["ohare93",2.45],["micah",2.24],["hssm",2.24],["saleemrashid",2.24],["Anthropos888",2.24],["felipecarvalho87",2],["xmatic",1.73],["adamwolf",1.73],["MaddoGokan",1.41],["Minoru",1.41],["Blauelf",1.41],["Raphaelpp",1.41],["dumbleporte",1.41],["arbitrary-dev",1.41],["Tibsun75",1.41],["german-jablo",1.41],["vi",1.41],["rathsky",1.41],["joanbru",1.41],["snoyes",1],["MoJieBlog",1],["valentin-nemcev",1],["kanjieater",1],["kelciour",1],["MonikaJethani",1]],"2019-06":[["mikehardy",14.9],["timrae",9.95],["malnvenshorn",4.9],["adamwolf",4.36],["NightXlt",3.74],["Overflow0xFFFF",3.32],["Ekleog",3.32],["sudomain",2.83],["Anthropos888",2.83],["TanapTheTimid",2.24],["ImCruel",2.24],["hssm",2.24],["lucwastiaux",2],["nvbln",2],["bkahlau",2],["zoliaaz",2],["toninomanzi",1.73],["L-M-Sherlock",1.73],["superpawko",1.41],["throwaway9829658",1.41],["OTRawrior",1.41],["zenogantner",1.41],["tfangz888",1.41],["telotortium",1.41],["EmmanuelMess",1.41],["colorsakura",1.41],["milyukhin",1.41],["dae",1],["tbop",1],["ohare93",1],["homocomputeris",1],["PolymorphismPrince",1],["weirdalsuperfan",1],["snoyes",1]],"2019-07":[["mikehardy",8.06],["timrae",7.55],["adamwolf",7],["maxily",6.48],["Anthropos888",3.32],["aghanki",2.65],["sudomain",2.45],["TomJansen",2.24],["mjuzikfrik",2.24],["rathsky",2.24],["geocarla",2],["ps-goog",2],["Kewell35",2],["ildar",1.73],["choralbari",1.73],["mattdeckard",1.73],["o1516876",1.41],["tjbrn",1.41],["openyrec",1.41],["NightXlt",1.41],["dubovski",1.41],["Heineken",1.41],["jonyMarino",1.41],["ZJha",1.41],["yiufung",1.41],["sw1tchbl4d3r",1.41],["Eido95",1.41],["pishutin84",1.41],["cazizen",1.41],["boydkelly",1.41],["zenogantner",1.41],["ryanoblak-okta",1.41],["ShinobiWPS",1.41],["student2374",1.41],["dae",1.41],["Stahlfisch",1],["ezzra",1],["quentin-moquay",1],["Alyxvance",1],["fogbank",1],["NarniaT",1],["mrbryce",1],["Konotorious",1],["glutanimate",1],["ImCruel",1],["torebre",1],["kelciour",1]],"2019-08":[["mikehardy",8.49],["Kartikkman",5],["timrae",4.69],["AssassinRain",3.16],["hssm",3],["friederbluemle",2.83],["Anthropos888",2.65],["runiq",2.65],["TowelSniffer",2.45],["martindisch",2.24],["chickendude",2.24],["SvenskNavi",2.24],["tomas-hartman",2],["dae",2],["adamwolf",2],["wujek-srujek",1.73],["cuixiaoyiyi",1.73],["leezu",1.73],["lstwn",1.73],["jeffchang5",1.73],["nicolas0p",1.73],["NightXlt",1.41],["mattdeckard",1.41],["sudomain",1.41],["sjl872964789",1.41],["dmyyy",1.41],["JordanCleeve",1],["ohare93",1],["obennon",1],["vi",1],["svenper",1],["nakari123",1],["jagdishrajan",1],["timokau",1]],"2019-09":[["mikehardy",7.87],["timrae",6.32],["adamwolf",4.9],["Kartikkman",4.47],["martindisch",4.12],["johnlawrenceaspden",4.12],["ARR8",2.83],["ByteHamster",2.83],["pablode",2.83],["Heineken",2.65],["james-bay",2.45],["qsantos",2],["SimonHeimberg",2],["voidplayer",1.73],["Anthropos888",1.73],["rgamici",1.73],["PeterPecker",1.73],["TowelSniffer",1.73],["george-peng",1.73],["boydkelly",1.41],["LucasLang",1.41],["student2374",1.41],["junior291492659",1],["sjl872964789",1],["leezu",1],["Magneticdud",1],["MightyPork",1],["YuiTatsumi",1],["bzolka",1]],"2019-10":[["Arthur-Milchior",20.37],["mikehardy",18.65],["timrae",14.25],["snoyes",8.31],["stephankn",5],["adamwolf",4.36],["pkubowicz",4.12],["thoral",3.87],["tomkahn",3.74],["danosl",3.61],["Mornon",3.46],["sudomain",2.83],["Anthropos888",2.65],["rgamici",2.65],["hanpingchinese",2.65],["Ai-rin",2.24],["ByteHamster",2.24],["karlorg",2.24],["mtrevix",2],["chickendude",2],["byteFurnace",1.73],["warzecham",1.73],["EwNeptune",1.73],["mawis",1.73],["goodwins",1.73],["hssm",1.73],["dansanduleac",1.73],["isa79es",1.73],["rg-software",1.73],["johnlawrenceaspden",1.73],["jlitven",1.41],["eginhard",1.41],["Daam10",1.41],["lucwastiaux",1.41],["jarmanso7",1.41],["colorsakura",1.41],["marieness",1.41],["Xyde",1.41],["viivgit",1.41],["sjl872964789",1],["rainbyte",1],["NightXlt",1],["TowelSniffer",1],["sanjayananda",1],["jarofclay",1],["werkn",1],["dae",1],["JonathanLehner",1],["pablode",1],["d-schmidt",1],["ifbizo",1],["ohare93",1],["tomshaffner",1],["sergeant-wizard",1],["tjbrn",1],["tszynalski",1],["junior291492659",1]],"2019-11":[["mikehardy",18.49],["Arthur-Milchior",13.27],["sudomain",6.93],["timrae",6.08],["Anthropos888",3.61],["Overflow0xFFFF",3.61],["jgscherber",3.16],["Mornon",3],["mtrevix",2.83],["HairyPhil",2.83],["dae",2.45],["snoyes",2.24],["dotancohen",2.24],["homocomputeris",2.24],["jaworekmichal",2],["warfarincoumadin",2],["hannesa2",2],["adamwolf",2],["maxily",2],["thoral",2],["joaquintoral",1.73],["hssm",1.73],["lucwastiaux",1.73],["JoaoMarcosCSilva",1.73],["beebeep85",1.73],["WantALongerUserName",1.73],["tda1009",1.73],["ukachi13",1.41],["boolbag",1.41],["SimonHeimberg",1.41],["chrisrollins65",1.41],["armanshahrisa",1.41],["meokey",1.41],["warzecham",1],["AdrienLemaire",1],["xx299x",1],["ByteHamster",1],["anatoliiivashko",1],["timokau",1]],"2019-12":[["timrae",11.18],["mikehardy",10.95],["Arthur-Milchior",4.36],["pablode",3.74],["agentydragon",3.61],["marmistrz",2.65],["anlalalu",2.65],["hssm",2.45],["telotortium",2.45],["Akshittuli",2.45],["Rapptz",2.24],["lipflip010",2.24],["Anthropos888",2.24],["barbeau",2.24],["lightzhan",2],["dotancohen",2],["skyemans",2],["yhrcyt",2],["aplaice",2],["tda1009",2],["chenminken",2],["voidplayer",2],["moralesg",1.73],["L-M-Sherlock",1.73],["bobberb",1.73],["NightXlt",1.41],["adamwolf",1.41],["Erim24",1.41],["boolbag",1.41],["sudomain",1.41],["PandaPowerPaw",1.41],["dae",1.41],["jaworekmichal",1],["fa-repo",1],["Manupedro",1],["runiq",1],["ohare93",1],["wadejnu",1]],"2020-01":[["timrae",14.18],["mikehardy",9.85],["Arthur-Milchior",9.49],["agentydragon",4],["moqi-Git",4],["Cho-jin",3.46],["MuhamHS",3.32],["Diogo-Menezes",3.32],["Ekleog",3.16],["chrisblue",2.83],["hssm",2.83],["ronved",2.65],["Anthropos888",2.45],["snoyes",2.45],["alexanderadam",2.45],["BlueGreenMagick",2.24],["ogassav",2.24],["PBAnkiSandwich",2.24],["michael-angelozzi",2.24],["jgscherber",2.24],["hikerito",2],["syphoxy",2],["emaiannone",2],["ezzick",1.73],["anlalalu",1.73],["voidplayer",1.73],["adamwolf",1.73],["rathsky",1.73],["fjuzs",1.73],["PraveenMuthu22",1.73],["snowtimeglass",1.41],["markhavemann",1.41],["Kamadake",1.41],["yair543210",1.41],["canedio",1.41],["cburroughs",1.41],["Delgathar",1.41],["elgalu",1.41],["NightXlt",1],["ak-il",1],["eschava",1],["slesniak",1],["guyemerson",1],["eiennosihaisya",1],["AustinHasten",1],["armanshahrisa",1]],"2020-02":[["mikehardy",15.84],["timrae",9.8],["Arthur-Milchior",7.81],["correia55",3.74],["MuhamHS",3.32],["Anthropos888",3.16],["Cho-jin",2.45],["johnlawrenceaspden",2.45],["LBX1002",2.45],["draeklae",2.24],["olhybrius",2.24],["viivgit",2.24],["JHerseth",2.24],["dgeranton",2],["mtrevix",2],["tkrajina",2],["hg2581",2],["terrywallwork",1.73],["z1lc",1.73],["PierreQc",1.73],["wsigel",1.73],["leoh79",1.73],["adamwolf",1.73],["jgscherber",1.41],["luo-chuan",1.41],["matiya",1.41],["filipenanclarez",1.41],["Pepegasite239",1.41],["fizzybiz",1.41],["ultraomid",1.41],["lukaszcr",1.41],["Kyrielight",1.41],["woj-tek",1.41],["warzecham",1.41],["agentydragon",1.41],["mjuzikfrik",1],["ohare93",1],["expatc",1],["koendv",1],["ukanuk",1],["atmask",1],["tjbrn",1],["moqi-Git",1],["armanshahrisa",1],["NightXlt",1],["p3l4h0",1],["AncientGeneral",1],["redwarp",1],["ankinoob1991",1],["txx18",1],["dae",1],["maxily",1]],"2020-03":[["mikehardy",28.58],["david-allison-1",23.96],["timrae",16.37],["Arthur-Milchior",8.77],["infinyte7",7.62],["Anthropos888",6.71],["Alyxvance",4.24],["MuhamHS",4.12],["sudomain",3.74],["Kyrielight",2.45],["ZBWXYL",2.24],["JHerseth",2],["Mornon",2],["wsigel",1.73],["jalexstark",1.73],["Ammarking",1.73],["landinggao",1.73],["boloing22",1.73],["dae",1.73],["Rahey94",1.73],["l-g",1.73],["VladamirC",1.73],["agentydragon",1.73],["origamigirl",1.41],["p4nix",1.41],["ijgnd",1.41],["Trevie3",1.41],["jgscherber",1.41],["draeklae",1.41],["dgeranton",1.41],["illialoo99",1.41],["Chrisstar56",1.41],["denghailong123",1.41],["hssm",1],["ukanuk",1],["Kamadake",1],["Tetsuya95",1],["adamwolf",1],["Minoru",1],["atmask",1],["maxily",1],["chickendude",1],["eginhard",1],["midse",1],["dequis",1],["rathsky",1]],"2020-04":[["timrae",41.3],["mikehardy",32.59],["david-allison-1",27.8],["Arthur-Milchior",27.15],["sudomain",5.66],["landinggao",4.36],["dae",3.32],["infinyte7",3],["lervag",2.65],["tingsu",2.65],["Sharkara98",2.45],["ronved",2.45],["agentydragon",2],["Alyxvance",2],["Anthropos888",2],["wujek-srujek",2],["C354R-4",2],["patamat1",1.73],["AliEmn95",1.73],["benstox",1.73],["walttheboss",1.73],["werkn",1.73],["l-g",1.73],["rathsky",1.73],["Cho-jin",1.41],["vosirandr",1.41],["Sagar1537",1.41],["snoyes",1.41],["jgarvin",1.41],["Simontawan",1.41],["boolbag",1.41],["C-Y-Liu",1.41],["Drakedr",1.41],["vintotal",1],["tkv123",1],["bosbyj",1],["BlueGreenMagick",1],["koendv",1],["fabricem1",1],["topherbuckley",1],["DaltonThompson",1],["sjl872964789",1],["p4nix",1]],"2020-05":[["david-allison-1",37.24],["timrae",26.53],["mikehardy",25.77],["Arthur-Milchior",19.34],["infinyte7",11.53],["Arthus",10.15],["RSBat",6.32],["jianersswlq",5.74],["Sc-Weng",4.69],["IcaursMoo",4.24],["dae",4],["matador94",3.87],["C-Y-Liu",3.87],["mrozigor",3.61],["Kubo2",3.16],["sudomain",3],["Khater97",3],["ogassav",3],["wujek-srujek",2.83],["zyIsPig",2.65],["JulyMorning",2.45],["nnbveh",2.45],["JHerseth",2.24],["adrianN",2.24],["MisterYasai",2.24],["rngingold",2],["Mornon",2],["adamwolf",2],["goodwins",2],["Mymaa",2],["bianwenbo",2],["khoramshahi",2],["haroldeous",1.73],["Cliohist",1.73],["AXiSource",1.73],["pihentagy",1.73],["HaiMaiNameIsAni",1.73],["ovilers",1.73],["SimonePols",1.73],["vinillum",1.73],["andrewsanchez",1.73],["NightXlt",1.73],["maxily",1.73],["thiswillbeyourgithub",1.73],["jgscherber",1.73],["BlueGreenMagick",1.73],["vibeeshcv",1.73],["Drrrrr519",1.73],["Zwergkrug",1.73],["zatsuna",1.73],["hugomarins",1.73],["Geremia",1.73],["Dudeusz",1.41],["Anthropos888",1.41],["januario-hh",1.41],["Akshittuli",1.41],["aampere",1.41],["Self-Perfection",1.41],["colin-p-hill",1.41],["RedSoul001",1.41],["sringe",1.41],["thoral",1.41],["Pat32k",1.41],["jondo",1.41],["zyllzy",1.41],["StickerZhang",1.41],["LordGSama",1.41],["tingsu",1.41],["Wiha77",1.41],["matt-snider",1.41],["topherbuckley",1.41],["genedan",1],["canedio",1],["boolbag",1],["ARR8",1],["rage2050a",1],["BossBitch84",1],["DeltraEcho",1]],"2020-06":[["david-allison-1",44.23],["Arthur-Milchior",33.73],["mikehardy",32.31],["github-actions[bot]",21.61],["infinyte7",19.03],["dgeranton",8.89],["timrae",7.81],["tobrie",6.56],["Anthropos888",6.24],["Jennifer202006",5],["kalehmann",4.36],["dae",4.24],["coma123",4],["sudomain",3.87],["nicolas-raoul",3.87],["Codeberg-AsGithubAlternative-buhtz",3.61],["Kubo2",3.32],["dymky",3.16],["rathsky",3],["Nach18",2.83],["Woute",2.65],["adamwolf",2.65],["p4nix",2.45],["lucwastiaux",2.45],["voidplayer",2.45],["kodovanie",2.45],["TomJansen",2.45],["DavidSum47",2.45],["boolbag",2.45],["dristi11",2.45],["Sc-Weng",2.24],["k-slava",2.24],["adlew44",2.24],["aghanki",2.24],["freemedom",2.24],["hanpingchinese",2.24],["gaul",2],["andrea-berling",2],["matoototo",2],["Arthus",2],["Konstantin-Glukhov",2],["mehdi-1980",2],["beefeater7",2],["ohare93",2],["filipenanclarez",2]],"2020-07":[["Arthur-Milchior",36.08],["david-allison-1",35.52],["mikehardy",23.49],["github-actions[bot]",7.75],["infinyte7",7.35],["KieranBrannigan",4],["freemedom",3.87],["Anthropos888",3.61],["Tien0209",3.32],["timrae",3.16],["welcome[bot]",2.83],["colin-p-hill",2.83],["alexanderadam",2.65],["vi",2.65],["idkw",2.45],["danZ4C",2.45],["sudomain",2.45],["sergiocues",2.45],["SergeyLeonov999",2.45],["dotancohen",2.24],["nickkossolapov",2.24],["fosslinux",2.24],["nsmarkop",2.24],["bejarane",2.24],["val59000",2],["Thermospore",2],["hamidietly",2],["PixelGold",1.73],["homocomputeris",1.73],["deadfriendly",1.73],["dae",1.73],["lucaslcode",1.73],["rathsky",1.73],["sjdhome",1.73],["Radorion",1.73],["p4nix",1.73],["elswithers",1.73],["starblade09",1.73],["Arthus",1.73],["lleaff",1.73],["jportoles",1.73],["Kayx23",1.73],["GoldenSnitch9",1.73],["Drrrrr519",1.73],["JhonnySalles",1.73],["BenBergman",1.41],["cburroughs",1.41],["kodovanie",1.41],["abdrau26",1.41],["multilingualmarissa",1.41],["mnhende2",1.41],["HomamShami",1.41],["DavidSum47",1.41],["sareli92",1.41],["pullreq1",1.41],["lpnewey54",1.41],["mat4r",1.41],["ronved",1],["tilusnet",1],["gswebspace",1],["jgarvin",1],["lucwastiaux",1],["IcaursMoo",1],["Kubo2",1],["FearrMe",1],["yashrajverma",1],["GeoffreyMetais",1],["vocabwidget",1],["snoyes",1],["Michael55555",1]],"2020-08":[["Arthur-Milchior",34.6],["david-allison-1",32.53],["mikehardy",27.78],["github-actions[bot]",11.87],["infinyte7",10.2],["unusualstranger",7.14],["KieranBrannigan",5.39],["lukstbit",4.69],["welcome[bot]",4.24],["dae",3.74],["thiswillbeyourgithub",3.61],["Anthropos888",3.46],["boolbag",3.32],["nickkossolapov",3],["freemedom",2.83],["z1lc",2.65],["voidplayer",2.65],["user655362020",2.65],["turbowine",2.45],["lucwastiaux",2.45],["idkw",2.45],["tobia",2.24],["phu54321",2],["asphoden",2],["x41lakazam",2],["nwwt",1.73],["klwemu",1.73],["saarl",1.73],["FelipeDrytven",1.73],["tjthejuggler",1.73],["JakubOkrasa",1.73],["vi",1.73],["mawis",1.73],["kryacer",1.41],["oakkitten",1.41],["toffiexoxo",1.41],["rappa619",1.41],["shnurks",1.41],["alexanderadam",1.41],["TIMOTEO1949",1.41],["mileix",1.41],["TKGZ",1.41],["abdrau26",1.41],["nicolas-raoul",1],["snowtimeglass",1],["Self-Perfection",1],["Birukzex",1],["chr1smorrow",1],["cburroughs",1],["k-slava",1],["dotancohen",1],["TesseractCat",1],["leopard20",1],["juliuscrn",1],["Konstantin-Glukhov",1],["tkrajina",1]],"2020-09":[["david-allison-1",32.39],["Arthur-Milchior",30.2],["mikehardy",22.93],["github-actions[bot]",7.81],["welcome[bot]",4.9],["unusualstranger",4.47],["voidplayer",4.47],["kr1419",4.12],["danZ4C",4],["cristiangreco",3.87],["tda1009",3.61],["balta2ar",3.46],["KieranBrannigan",3],["tbm",2.83],["quarridors",2.83],["Andrej-Adamenko",2.83],["JhonnySalles",2.83],["nwwt",2.65],["adm2d",2.65],["sfhrdfg",2.65],["boolbag",2.45],["Juddd",2.24],["berserkerezio",2.24],["Magneticdud",2.24],["Sofrosyn",2.24],["infinyte7",2.24],["lukstbit",2.24],["julienbaley",2],["cohalex",2],["timrae",2],["liu-hz",2],["adamstrusty",2],["sheodox",2],["tilusnet",2],["ChrisPalko",2],["dotancohen",2],["vintotal",1.73],["szpak",1.73],["rleitzell",1.73],["dae",1.73],["NetherStar64",1.73],["MikeDacre",1.73],["phu54321",1.41],["p4nix",1.41],["Rupestris",1.41],["JasonBaby87",1.41],["achintmaxx",1.41],["anki-o-meter",1.41],["martingrumbt",1.41],["vikmaar",1.41],["lucwastiaux",1.41],["dylandts",1.41],["B1INGO",1.41],["Radorion",1],["AdrienLemaire",1],["alexanderadam",1],["jasonesiegel",1],["dodong29",1],["elswithers",1],["Rapptz",1],["iltempovola",1],["xrishox",1],["jgarvin",1],["mnhende2",1],["mila6452",1],["pantty9",1],["Kayx23",1]],"2020-10":[["Arthur-Milchior",28.11],["david-allison-1",27.77],["mikehardy",21.05],["github-actions[bot]",10.1],["welcome[bot]",5.48],["anadi198",5.29],["Volfee",3.87],["leopard20",3.46],["leotheforth",3.32],["sudomain",3.16],["tda1009",3],["hiacre",3],["jdpopkin",3],["TacoTheDank",2.83],["evilVR6",2.65],["berserkerezio",2.65],["KieranBrannigan",2.65],["benjaminor",2.45],["kotx",2.45],["vosirandr",2.45],["julienbaley",2.45],["SergyOrloff",2.45],["abdnh",2.24],["dms545",2.24],["mare5x",2.24],["oakkitten",2.24],["indexxd",2],["alexanderadam",2],["tpondant",2],["dae",2],["akm0012",1.73],["tbm",1.73],["senorsmile",1.73],["sajith855",1.73],["Acelya-9028",1.73],["voidplayer",1.73],["somnus7",1.73],["excaptor",1.73],["cohalex",1.73],["jgscherber",1.73],["yule0619",1.73],["crantok",1.73],["Bortex19",1.73],["Alex-Kross",1.41],["nwwt",1.41],["adamwolf",1.41],["thiswillbeyourgithub",1.41],["throwaway-debug",1.41],["Anthropos888",1.41],["TowelSniffer",1.41],["ekumlin",1.41],["samjones3",1.41],["sourstripe",1.41],["gaul",1.41],["Mannes1988",1.41],["dumbdreamed",1.41],["atomical",1.41],["lucwastiaux",1.41],["svenmeier",1],["terryneal2",1],["152334H",1],["user655362020",1],["ummmcam",1],["z1lc",1],["ShrikeV",1],["binarin",1],["moksamedia",1],["Self-Perfection",1],["turbowine",1],["rwmpelstilzchen",1],["dotancohen",1]],"2020-11":[["david-allison-1",27.5],["Arthur-Milchior",19.6],["mikehardy",15.68],["github-actions[bot]",9.06],["welcome[bot]",5.2],["hgiesel",5],["sudomain",4],["snowtimeglass",4],["bguneys",3.32],["oakkitten",3.32],["Ayusch",3.16],["julienbaley",3],["Volfee",2.65],["McSpooder",2.65],["vosirandr",2.45],["uoQg1lZlYz",2.24],["leotheforth",2.24],["dae",2.24],["Nabokov86",2.24],["dfliaoyue",2],["andreacantone",2],["dotancohen",2],["tingsu",2],["dallonasnes",2],["MarcelloNastri",2],["TwistedChimera",2],["voidplayer",1.73],["nwwt",1.73],["littlefoodt",1.73],["JSN7777777",1.73],["mariano54",1.73],["djeck1432",1.73],["rwmpelstilzchen",1.73],["thiswillbeyourgithub",1.73],["CrypticToilet",1.73],["igorkudrin",1.73],["kuri7",1.41],["kanjieater",1.41],["z18356842086",1.41],["alexanderadam",1.41],["dima4p",1.41],["kmz123",1.41],["kitambi",1.41],["z1lc",1.41],["MarkusJLechner",1.41],["javiercl2020",1.41],["mila6452",1],["sheodox",1],["thoral",1],["hiacre",1],["StillerHarpo",1],["minijackson",1],["sjl872964789",1],["fireheart2008",1],["federvieh",1],["excaptor",1],["jakabbalint",1],["cjbell630",1],["TowelSniffer",1],["balta2ar",1],["tbm",1],["evilVR6",1]],"2020-12":[["Arthur-Milchior",21.91],["mikehardy",19.39],["david-allison-1",18.71],["github-actions[bot]",7],["infinyte7",6.78],["hgiesel",6.08],["welcome[bot]",5.48],["codecov[bot]",4.69],["hugomarins",4.12],["TKGZ",3.74],["hea7en2",3.61],["thomasalvord",3.32],["Sunt-ing",3.16],["dae",3],["mseh1128",2.83],["oakkitten",2.83],["Rapptz",2.83],["yulo820324",2.45],["tobia",2.45],["nwwt",2.24],["Cashburner",2.24],["donglu",2.24],["AbdullahUQ",2.24],["davidedelvento",2.24],["kunichik",2],["jparta",2],["ji-zh",2],["HannekeM",2],["adamwolf",2],["WraithGlade",2],["KublaiKhan64",1.73],["linguax-gc",1.73],["murphm8",1.73],["ezzieyguywuf",1.73],["telotortium",1.73],["voussoir",1.73],["sudomain",1.73],["Fullchee",1.73],["duydl",1.73],["hssnnkim",1.73],["ScottON",1.73],["FrostKiwi",1.73],["thiswillbeyourgithub",1.73],["SamuelVilz",1.73],["guettli",1.73],["Andrej-Adamenko",1.41],["jaykay-git",1.41],["tbm",1.41],["liu-hz",1.41],["julienbaley",1.41],["FluorineTinOxide",1.41],["freMea",1.41],["McSpooder",1.41],["dotancohen",1.41],["jyant99",1.41],["kylepl",1.41],["thunderblood101",1.41],["andreacantone",1],["kanjieater",1],["Jonta",1],["dnym",1],["OoDeLally",1],["TacoTheDank",1],["darvesh",1],["madhead",1]],"2021-01":[["david-allison-1",15.59],["mikehardy",12.92],["github-actions[bot]",9.75],["Arthur-Milchior",7.75],["welcome[bot]",5.66],["codecov[bot]",5.48],["tbm",3.46],["thiswillbeyourgithub",3.32],["TacoTheDank",3.32],["quentinjs",3.32],["infinyte7",3],["iCarlosCode",2.83],["barthisius",2.83],["zoulja",2.65],["tbop",2.65],["srghma",2.65],["wapiti333",2.45],["clay53",2.45],["HuixingWong",2.24],["dummifiedme",2.24],["MarcoGiovanniF",2.24],["lervag",2.24],["freemedom",2],["jyant99",2],["dae",2],["voidplayer",2],["jparta",2],["i-zanis",2],["kinteryder",2],["noseyposey17",1.73],["SoerenHH",1.73],["nwwt",1.73],["EJBlake409",1.73],["ivan2kh",1.73],["Michael35699",1.73],["mondlicht-und-sterne",1.73],["nxcco",1.73],["nylonee",1.73],["lotard",1.73],["ericsliu",1.41],["mcamtat",1.41],["Derweag",1.41],["Kaiqu2892",1.41],["hea7en2",1.41],["nbrr",1.41],["mytestingsolution",1.41],["abdnh",1.41],["Bat-Ori",1.41],["hgiesel",1.41],["bmcneil81",1.41],["duggalsu",1.41],["ryanp97",1.41],["lucwastiaux",1.41],["oakkitten",1.41],["hssnnkim",1.41],["donglu",1],["boolbag",1],["terryneal2",1],["cristianvasquez",1],["svenmeier",1],["sheodox",1],["mnhende2",1],["balta2ar",1],["Marvinoo",1],["MarcelloNastri",1],["ElnuDev",1],["Self-Perfection",1],["fabricem1",1],["dotancohen",1],["TowelSniffer",1],["sudomain",1]],"2021-02":[["Arthur-Milchior",10.15],["mikehardy",9.75],["github-actions[bot]",7.87],["david-allison-1",6.08],["welcome[bot]",4.47],["codecov[bot]",4],["jparta",3.61],["dae",3.32],["Rafania",3],["Kayminet",2.83],["lucainnocenti",2.45],["svenmeier",2.45],["twisp007",2.45],["mikey-boy",2.45],["ionx711",2.24],["idkw",2.24],["boydkelly",2.24],["infinyte7",2.24],["srghma",2.24],["awesome-rdash",2],["ElModdy",2],["kunichik",2],["iCarlosCode",1.73],["ChrisPalko",1.73],["Cho-jin",1.73],["CloThpb",1.73],["Devamitta",1.73],["edvein-rin",1.41],["hoangvuminhthu",1.41],["jdpreston30",1.41],["smb1987",1.41],["tobia",1.41],["adamwolf",1.41],["HannekeM",1.41],["roysnyderts",1.41],["xangelix",1.41],["nwwt",1.41],["Blargian",1.41],["EJBlake409",1.41],["conman1395",1.41],["msinty",1.41],["diertian",1.41],["moqi-Git",1.41],["zimttat",1.41],["chowhan11",1.41],["TilmanRpk",1.41],["HuixingWong",1.41],["fletchermoore",1.41],["bjornmartensson",1.41],["NicoWeio",1.41],["lifanchu",1.41],["sudomain",1],["henrik",1],["sheharyaar",1],["jbuschtoens",1],["julienbaley",1],["abdnh",1],["ElnuDev",1],["mumeme",1],["fabricem1",1],["kanjieater",1],["acheng-ubc",1],["davidedelvento",1],["hgiesel",1]],"2021-03":[["david-allison-1",43.71],["Arthur-Milchior",30.84],["mikehardy",26.93],["TarekkMA",24.78],["mrudultora",18.63],["Akshay0701",14.35],["IAmJaishree",12.08],["kartikeysaran",11.45],["bhatushar",11.27],["ritvij14",10.3],["imaryandokania",9.85],["haran2248",9.64],["Abanoub-Asaad",9.22],["Ekagra",9],["4D17Y4",8.83],["welcome[bot]",8.77],["2tanayk",8.19],["codecov[bot]",8.06],["infinyte7",7.75],["farjadilyas",7],["github-actions[bot]",6.93],["prateek-singh-3212",6.86],["Arnold2381",6],["aflah02",6],["LittleFish33",5.74],["ChaxuGarg",5.74],["Prashant830",5.1],["AyaanJaved",5.1],["jindalshiva",4.8],["tapish2000",4.69],["almas33",4.36],["dae",4.24],["pree-T",4.24],["4shutosh",4.24],["JG916",4.24],["voidplayer",4.12],["SujyotRaut",3.87],["eginhard",3.87],["Prince-kushwaha",3.74],["NicoWeio",3.61],["HuixingWong",3.46],["VamsiKrishnaCommits",3.46],["jdpopkin",3.46],["tanmayChakrawarty",3.46],["zoulja",3.46],["sakshi-1604",3.32],["the-rebooted-coder",3.32],["jbuschtoens",3.16],["NaiveMe",3.16],["prince-09",3.16],["mohaned-hassan",3],["Vaibhavi1707",3],["AbdelrahmanHamdy1998",3],["irshadmd",2.83],["iamvs-2002",2.83],["shobhi1310",2.65],["MarioRomanDono",2.45],["Koorosh-J",2.45],["irenenserrano",2.45],["kr1419",2.24],["hgiesel",2.24],["riturajjain2000",2.24],["Heineken",2.24],["danishjamal104",2.24],["terrywallwork",2.24],["Andrej-Adamenko",2.24],["abdnh",2.24],["prosperian",2.24],["bitactro",2],["vinishhub",2],["SubhamJena",2],["ElnuDev",2],["sirhand",2],["puelp",2],["Kartoffel0br",2]],"2021-04":[["david-allison-1",52.23],["mikehardy",30.02],["Arthur-Milchior",26.76],["TarekkMA",19.97],["Akshay0701",14.97],["ShridharGoel",12.65],["prateek-singh-3212",11.75],["infinyte7",11.53],["mrudultora",11.31],["kartikeysaran",11.31],["Arnold2381",11.22],["iamvs-2002",10.39],["nicdard",9.64],["vinishhub",9.33],["kuroni",8.89],["github-actions[bot]",8.43],["farjadilyas",8.19],["3mmar7amed",7.28],["Vaibhavi1707",7.21],["shobhi1310",7.21],["welcome[bot]",7.07],["tanmayChakrawarty",6.63],["sumadithya",6.24],["dorrin-sot",5.92],["Paras-Saini",5.66],["Mohaned-Elfeky",5.48],["m4r4c00ch0",5.39],["tapish2000",5.39],["ritvij14",5.2],["dae",5],["Prince-kushwaha",4.58],["mk-94",4.47],["almas33",4.47],["Abanoub-Asaad",4.36],["PANG-hans",4],["niki0712",3.87],["voidplayer",3.74],["eginhard",3.61],["rodrigo-sp17",3.46],["bhatushar",3.46],["asabir123",3.16],["bhamrickatmills",3.16],["oakkitten",3.16],["OCzarnecki",3],["ThoreBor",2.83],["haran2248",2.83],["sakshi-1604",2.83],["atharva20-coder",2.65],["Georgezxh",2.65],["gourish3",2.65],["MrkEstnt",2.65],["lazy-codebear",2.45],["Kolwyntjie",2.45],["Anthropos888",2.45],["Dian-Jiao1031",2.45],["Aarthif-Nawaz",2.45],["VergilWang15",2.24],["mahisharma-cs",2.24],["MarkusJLechner",2.24],["the-rebooted-coder",2],["mvonkessel",2],["Vuenc",2],["grubin30",2],["madelesi",2],["lrorpilla",2],["ANUJAGRAWAL2000",2],["SilentCruzer",2]],"2021-05":[["david-allison-1",28.46],["mikehardy",27.95],["Arthur-Milchior",24.04],["TarekkMA",23.17],["Akshay0701",14.9],["ShridharGoel",12.61],["Abanoub-Asaad",10.91],["dependabot[bot]",8.94],["github-actions[bot]",8.19],["mikunimaru",7.55],["welcome[bot]",7.55],["prateek-singh-3212",6.78],["dorrin-sot",6.63],["kartikeysaran",5.48],["vinishhub",5.1],["AlexApps99",4],["Arnold2381",4],["Andrej-Adamenko",3.61],["farjadilyas",3.46],["dae",3.46],["SilentCruzer",3.32],["3mmar7amed",3.32],["Peyman-hme",3.16],["hjenjeldy",3],["oakkitten",2.83],["lazy-codebear",2.83],["nwelb",2.83],["infinyte7",2.83],["javiercl2020",2.65],["hanpingchinese",2.65],["PANG-hans",2.65],["tomkahn",2.65],["JavaZauber",2.65],["lamvankhoat1",2.65],["bmaupin",2.65],["yasin459",2.65],["Coder2002-MSAdithya",2.45],["U1F357",2.45],["Zwergkrug",2.45],["mikeingerman",2.45],["LinearMomentum",2.45],["AlexeyMalafeev",2.45],["charlesoblack",2.45],["szpak",2.45],["phly95",2.45],["Z233",2.24],["LoganConnor44",2.24],["terryneal2",2.24],["codywahl",2.24],["natfarleydev",2.24],["Dian-Jiao1031",2],["mrudultora",2],["Georgezxh",2],["joshakaw",2],["msw1age",2],["shocklateboy92",2],["KarishmaDixit",2],["OCzarnecki",2],["mwohlbach",2],["linsui",2],["Callum-0",2],["gijshvg",2],["amandatxt",2]],"2021-06":[["david-allison-1",31.89],["mikehardy",23.37],["ShridharGoel",19.29],["Arthur-Milchior",17.89],["Akshay0701",17.09],["farjadilyas",10.58],["github-actions[bot]",9.7],["prateek-singh-3212",9.11],["dependabot[bot]",9.11],["welcome[bot]",5.48],["vinishhub",4.12],["dorrin-sot",3.87],["yasin459",3.74],["infinyte7",3.74],["vbh",3.61],["Arnold2381",3.61],["absoluteinc",3.46],["Paras-Saini",3.16],["dae",3],["TheItsyBitsySpider",3],["cHaLkdusT",3],["TarekkMA",2.83],["mikunimaru",2.83],["kodovanie",2.83],["osavoskin",2.65],["tanmayChakrawarty",2.65],["badchute",2.45],["burbilog",2.45],["levischooley",2.24],["kubaczechowski",2.24],["ppavankumar727",2.24],["huzaifa-shah10",2.24],["terrywallwork",2.24],["makkaroni470",2.24],["Juddd",2.24],["aTr00per",2.24],["ThoreBor",2],["mots",2],["OCzarnecki",2],["AbdelrahmanHamdy1998",2],["payam088",2],["eiluudio",2],["guimcaballero",1.73],["levirs565",1.73],["khanguyenwk",1.73],["wujek-srujek",1.73],["megadix",1.73],["Autonom",1.73],["sudomain",1.73],["caycaycarly",1.73],["moonlight83340",1.73],["vintotal",1.73],["bmaupin",1.73],["Skyron27",1.41],["BrayanDSO",1.41],["MouseAndKeyboard",1.41],["elias6",1.41],["umang-sinha",1.41],["lyaricci",1.41],["ashrafbelim",1.41],["MedicalArk",1.41],["sumadithya",1.41],["bsnodin",1.41],["Selduro",1.41],["nicdard",1.41],["skull591",1.41],["anadi",1.41],["leitz010",1.41],["brainexcerpts",1.41],["iamvs-2002",1.41],["AlexApps99",1.41],["dotancohen",1.41],["joshakaw",1.41],["rukshasivalingam",1.41],["alsanchez",1],["irenenserrano",1],["thiswillbeyourgithub",1],["mrudultora",1],["tapish2000",1],["charlesoblack",1],["JavaZauber",1],["Prince-kushwaha",1],["iCarlosCode",1],["SpikyClip",1],["sheodox",1],["voidplayer",1],["2tanayk",1],["shwnchpl",1],["opiechow",1],["hgiesel",1],["viivgit",1],["Ekagra",1],["the-nilosch",1],["mahisharma-cs",1],["eginhard",1],["SilentCruzer",1],["GulshanAnand",1],["grubin30",1],["Starkly",1]],"2021-07":[["david-allison-1",32.4],["Arthur-Milchior",23.66],["mikehardy",23.3],["ShridharGoel",19.03],["infinyte7",13.93],["Akshay0701",11.09],["dependabot[bot]",10],["nicdard",9.06],["farjadilyas",8.31],["github-actions[bot]",7.55],["dorrin-sot",5.48],["ThoreBor",5.39],["TheItsyBitsySpider",5.2],["prateek-singh-3212",5.1],["welcome[bot]",4.8],["tda1009",4.8],["Mohaned-Elfeky",3.87],["asabir123",3.74],["tomorekoya",3.32],["hydeswag",3.16],["Arnold2381",3],["LemmusLemmus",3],["bobiverse333",2.65],["sankayop",2.45],["lrorpilla",2.45],["SilentCruzer",2.45],["TheOneric",2.45],["jreppnow",2.24],["NinoDLC",2.24],["talenelat-elin",2.24],["leitz010",2],["artkpv",2],["pavreh",2],["Michael35699",2],["ashrafbelim",2],["apiote",2],["cygnetlakes",1.73],["Munzu",1.73],["L3afMe",1.73],["umang-sinha",1.73],["PiotrLrc",1.73],["e-e",1.73],["BilderLoong",1.73],["eskoONE",1.73],["KursX",1.73],["Paras-Saini",1.41],["Thezonegan",1.41],["eu2021",1.41],["oakkitten",1.41],["visakhaav",1.41],["huzaifa-shah10",1.41],["Starkly",1.41],["AlexApps99",1.41],["jacktheripper19",1.41],["user655362020",1.41],["soleera",1.41],["Kayx23",1.41],["dae",1],["bsnodin",1],["kleinerpirat",1],["AbdelrahmanHamdy1998",1],["voidplayer",1],["NicolasMICAUX",1],["ahmadazimi",1],["gjgress",1],["lamvankhoat1",1],["Abanoub-Asaad",1],["Anthropos888",1],["kartikeysaran",1],["kubaczechowski",1],["mikunimaru",1],["inomag",1],["timathon",1],["hgiesel",1],["utzcoz",1],["vgf89",1],["Canato",1],["TarekkMA",1]],"2021-08":[["david-allison-1",28.6],["Arthur-Milchior",16.49],["mikehardy",16.16],["ShridharGoel",15.65],["Akshay0701",13.23],["farjadilyas",9.59],["infinyte7",8.94],["dependabot[bot]",8.89],["prateek-singh-3212",8.19],["github-actions[bot]",7.14],["TarekkMA",6.78],["welcome[bot]",4.58],["VishnuSanal",4.24],["nicdard",3.87],["joshakaw",3.32],["dansynek",3.16],["hanpingchinese",3.16],["huenical",3],["soham4abc",3],["dorrin-sot",2.83],["mindinsomnia",2.65],["henon",2.45],["Feripe-a",2.45],["noahwe145",2.45],["dae",2.45],["mafarkas",2.45],["iamvs-2002",2.24],["titze",2.24],["VladThodo",2.24],["dumbdreamed",2.24],["yasin459",2],["ROOMBON",2],["Sarahirl7",2],["eu2021",2],["LemmusLemmus",1.73],["HarryRen",1.73],["BrentChesny",1.73],["homocomputeris",1.73],["Kk2050",1.41],["JonDous",1.41],["Jonathan-Bonnin",1.41],["nxcco",1.41],["RIzZleR23",1.41],["aadityaguptaa",1.41],["agentjudy",1.41],["Snehgabani",1.41],["vladz0r",1.41],["RealVortexed",1.41],["sudarshbuxyyes",1.41],["BilderLoong",1.41],["sangorys",1.41],["sudomain",1.41],["TheItsyBitsySpider",1.41],["mrudultora",1],["mikunimaru",1],["cafce25",1],["voidplayer",1],["AbdelrahmanHamdy1998",1],["sm18lr88",1],["shreelakshmijoshi",1],["eskoONE",1],["wujek-srujek",1],["Abanoub-Asaad",1],["artkpv",1],["Alphyn-gunner",1],["Rusca8",1],["lamvankhoat1",1],["9004912418",1]],"2021-09":[["david-allison-1",20.27],["mikehardy",15.78],["github-actions[bot]",7.68],["dependabot[bot]",7],["pratik2315",5.83],["ShridharGoel",5],["cdhiraj40",4.9],["titze",4.36],["welcome[bot]",4.36],["prateek-singh-3212",4],["danielelaclac",4],["Arthur-Milchior",3.87],["infinyte7",3.46],["farjadilyas",3.46],["dae",3.16],["Shidouuu",3],["talenelat-elin",2.83],["vbh",2.83],["voidplayer",2.65],["aryanritesh",2.65],["joshakaw",2.45],["Anthropos888",2.45],["markhavemann",2.45],["meepmerp",2.24],["Abanoub-Asaad",2.24],["burbilog",2.24],["ThePieMonster",2.24],["noahwe145",2.24],["WiliTest",2],["shankarpriyank",2],["tomkahn",2],["asereze",2],["homocomputeris",1.73],["sudomain",1.73],["pratyush3000",1.73],["Nanonej",1.73],["bratkartoff",1.73],["eu2021",1.73],["cyphar",1.73],["szpak",1.73],["VladThodo",1.73],["MagTun",1.73],["Lou-0",1.41],["Lizzygg",1.41],["ekalz",1.41],["sangorys",1.41],["huzaifa-shah10",1.41],["milin831",1.41],["dobefore",1.41],["KursX",1.41],["mrudultora",1.41],["achebeleilah",1.41],["Akshay0701",1.41],["szalejot",1.41],["entropyconquers",1.41],["Emsloan",1],["kpdyer16",1],["GypsyAcidQueen",1],["tomorekoya",1],["Jonta",1],["YoungMind1",1],["soleera",1],["JonDous",1],["lionslancer",1],["albsch",1],["LoganConnor44",1],["eginhard",1],["MathewKJ2048",1],["nicdard",1],["Mohaned-Elfeky",1],["abhinav700",1],["ChrisMoinsen",1],["Arnold2381",1]],"2021-10":[["david-allison-1",15.26],["mikehardy",7.94],["infinyte7",5.74],["ShridharGoel",5.57],["Arnold2381",5.1],["codingtosh",5.1],["DeFuex",4.8],["github-actions[bot]",4.47],["farjadilyas",4],["dependabot[bot]",3.87],["welcome[bot]",3.61],["prateek-singh-3212",2.83],["bcroll",2.24],["user1823",2.24],["cmdtstof",2.24],["AnAndroidOne",2.24],["cdhiraj40",2.24],["Arthur-Milchior",2.24],["aarjav24",2],["Tyler-Programs",2],["MagTun",2],["nicdard",2],["MmZy1",2],["GitGondola",1.73],["Kale123456",1.73],["voidplayer",1.73],["Dan-Lukich",1.41],["dimatomp",1.41],["dae",1.41],["shiideyuuki",1.41],["adarrssh",1.41],["thiswillbeyourgithub",1.41],["Golddouble",1.41],["Shidouuu",1.41],["noahwe145",1],["WiliTest",1],["zihanxu3",1],["WPum",1],["chtx",1],["TarekkMA",1],["ElnuDev",1],["Pedrubik",1]],"2021-11":[["david-allison-1",23.56],["codingtosh",20.05],["mikehardy",17.69],["Arnold2381",15.84],["dependabot[bot]",9.8],["Arthur-Milchior",6.48],["github-actions[bot]",6.24],["infinyte7",5.2],["sethbuchinger",4.9],["welcome[bot]",4],["camerooncameroon",3.16],["vp-98",3.16],["MagTun",3.16],["SurajJhaIn",3],["shiideyuuki",2.65],["thevar2002",2.65],["VishnuSanal",2.45],["Anthropos888",2.24],["SpacexerDragon5",2],["davidberg-python",2],["64kramsystem",2],["Aman1131145",1.73],["choralbari",1.73],["KasinaDheeraj",1.73],["balta2ar",1.73],["Cho-jin",1.73],["javiercl2020",1.73],["ThoreBor",1.73],["av223119",1.73],["CaerDallben",1.73],["robertocarta",1.41],["zihanxu3",1.41],["octavo",1.41],["bahamut8591",1.41],["simranBhamra",1.41],["souravmunjal",1.41],["pun33t19",1.41],["TarekkMA",1.41],["ctonnesen",1.41],["serjace",1.41],["exec228",1.41],["MarkusJLechner",1.41],["Kelvets",1.41],["avikkundu",1],["theyashgrover",1],["gautom5987",1],["prateek-singh-3212",1],["lamvankhoat1",1],["divyansh2212",1],["AkechiShiro",1],["voidplayer",1],["alxs",1],["danielmanesku",1],["duanyang25",1],["Peyman-hme",1],["homocomputeris",1],["AbdelrahmanHamdy1998",1],["sangorys",1],["mikunimaru",1]],"2021-12":[["mikehardy",11.22],["david-allison-1",10.34],["codingtosh",9.49],["dependabot[bot]",7.62],["github-actions[bot]",7.42],["ShridharGoel",6.56],["souravmunjal",6.16],["raddi1972",4.8],["SSTG",4.8],["welcome[bot]",4.69],["Akshay0701",4.12],["puranjayK",4],["WiliTest",3.87],["MagTun",3.74],["lowwor",3.46],["dikshamalik2552",3.46],["Arthur-Milchior",3],["AayushSolanki",2.83],["voidplayer",2.65],["Bedaryosif",2.65],["infinyte7",2.45],["nwwt",2.24],["zkl-ai",2.24],["pree-T",2.24],["jimrod942",2.24],["greengekota",2],["Namnodorel",2],["legarspol",2],["fred-sab",2],["camerooncameroon",1.73],["z-alex",1.73],["MarkusJLechner",1.73],["shundred",1.73],["knight-95",1.73],["absoluteinc",1.73],["Arnold2381",1.41],["ma54ik",1.41],["mikunimaru",1.41],["victorpgm",1.41],["fengqlin",1.41],["cburroughs",1.41],["GitGondola",1],["KasinaDheeraj",1],["joaquintoral",1],["sethbuchinger",1],["Lokawn",1],["AkechiShiro",1],["nanoTiO2",1],["ajinendra05",1],["dae",1],["prateek-singh-3212",1],["ninadpchaudhari",1],["TarekkMA",1],["fred042",1],["av223119",1]],"2022-01":[["david-allison-1",28.12],["Akshay0701",22.89],["codingtosh",21.84],["mikehardy",16],["Arthur-Milchior",11.58],["puranjayK",9.11],["ShridharGoel",9.06],["dependabot[bot]",8],["murugu-21",6],["github-actions[bot]",5.48],["krmanik",4.9],["AayushSolanki",4],["welcome[bot]",3.74],["raddi1972",3.32],["pree-T",3.16],["choralbari",3],["jaiakash",2.83],["Anthropos888",2.83],["Ra007hul",2.65],["AkechiShiro",2],["mikemorr",2],["ayushsinha25",2],["balta2ar",2],["Hisham7345",2],["peterj71",2],["NicolasMICAUX",2],["ramanjitsingh-hub",1.73],["fabiozonaleste",1.73],["darkzbaron",1.73],["Pound-Hash",1.73],["Raphael124",1.73],["adammesa",1.41],["TragicLifeHu",1.41],["Goudabroetchen",1.41],["VishnuSanal",1.41],["szalejot",1.41],["Arnold2381",1.41],["user1823",1.41],["kcthrn",1.41],["WiliTest",1.41],["lowwor",1.41],["BrucePlumb",1.41],["VaibhavAher219",1.41],["Gravetide",1.41],["fred-sab",1.41],["nanoTiO2",1.41],["absoluteinc",1.41],["Kritartha1",1],["dae",1],["prateek-singh-3212",1],["voidplayer",1],["shocoman",1],["bishalbar77",1],["SySagar",1],["sudomain",1],["Supriyo9",1],["homocomputeris",1],["abdnh",1]],"2022-02":[["david-allison",29.7],["Arthur-Milchior",19.26],["mikehardy",19.18],["BrayanDSO",11.49],["viciousAegis",10.91],["krmanik",9.54],["Akshay0701",8.43],["ShridharGoel",5.92],["github-actions[bot]",5.74],["puranjayK",5.39],["dependabot[bot]",5.2],["AayushSolanki",3.46],["welcome[bot]",3],["eu2021",2.65],["javiercl2020",2.65],["smasher816",2.45],["murugu-21",2.45],["anewstheart",2.24],["human912",2.24],["SanjaySargam",2.24],["voidplayer",2],["socialpercon",2],["rishavchanda",2],["patarapolw",1.73],["KamWithK",1.73],["ImanCraft",1.73],["Juddd",1.73],["prateek-singh-3212",1.73],["raddi1972",1.73],["sudheerreddy1430",1.73],["jparta",1.73],["andmis",1.41],["Chandra-Sekhar-Bala",1.41],["codingtosh",1.41],["DanielM51",1.41],["nicolas-raoul",1.41],["mikemorr",1.41],["penn5",1.41],["absoluteinc",1],["Pound-Hash",1],["maryammsd",1],["ma54ik",1],["Areeb-510",1],["Tinkidinki",1],["cburroughs",1],["Hxppdv",1],["shreyadenny",1],["chibigit",1],["xidsyed",1],["eskoONE",1],["GuidoFe",1]],"2022-03":[["david-allison",40.01],["mikehardy",26.81],["Arthur-Milchior",23.47],["krmanik",15.72],["ShridharGoel",13],["Akshay0701",12.88],["BrayanDSO",12.85],["Prince-kushwaha",12.21],["divyansh-dxn",10.63],["kilitr",7.87],["BishyanKar",7],["Bhawna1203",6.78],["TarekkMA",6.63],["TheScriptan",6.48],["murugu-21",6.24],["akarsh1263",6.08],["viciousAegis",6],["dependabot[bot]",5.92],["github-actions[bot]",5.83],["welcome[bot]",5.57],["ken1000minus7",5.39],["tharun634",5],["puranjayK",4.8],["justdvnsh",4.8],["snowtimeglass",4.8],["sampath-houde",4.69],["codingtosh",4.47],["DeepanshuPratik",4.36],["lukstbit",3.61],["CheerfulPianissimo",3.61],["jals413",3.46],["anamansari062",3.46],["AayushSolanki",3.46],["Tinkidinki",3.32],["yashsharma81",2.83],["oyeraghib",2.83],["smasher816",2.65],["gugutu",2.45],["ayushsoni916",2.24],["parthn2",2.24],["bstephen1",2.24],["Jatin887",2.24],["KamWithK",2.24],["WPum",2.24],["Valentin-ys",2],["grit780",2],["williamdias",1.73],["shankarpriyank",1.73],["quanta-kt",1.73],["Niraj81",1.73],["islam-yousry",1.73],["sjl872964789",1.73],["xidsyed",1.73],["zyx666666",1.73],["Arthus",1.41],["Sustech-yx",1.41],["Shidouuu",1.41],["SampathHoude",1.41],["PanderMusubi",1.41],["user1823",1.41],["sam-jaques",1.41],["dericbytes",1.41],["Yorwba",1.41],["jimrod942",1.41],["Trungnguye",1.41],["nzarbayezid",1.41],["jparta",1.41],["sharmaaadish",1.41],["s-deepak-kumar",1.41],["souravmunjal",1],["suman-somu",1],["tcaERROR-issues",1],["Satya-Prakash0",1],["RaidenCHEN",1],["dansynek",1],["kartikeysaran",1],["AditiKamath",1],["raddi1972",1],["rskbansal",1],["homocomputeris",1],["pree-T",1],["fireheart2008",1],["WiliTest",1],["HuWeiyy",1],["inomag",1],["nwwt",1],["sudheerreddy1430",1],["A-Deekshith",1],["shubham419",1],["L-keeey",1],["deepanshu731",1],["dae",1],["rajath02",1],["YuvMilo",1]],"2022-04":[["david-allison",53.21],["mikehardy",32.95],["Arthur-Milchior",19.08],["BrayanDSO",18.41],["krmanik",18.36],["oyeraghib",16.28],["lukstbit",15.81],["UvrajSB",14.04],["Prince-kushwaha",13.23],["Jatin887",12.08],["Akshay0701",10.1],["dorrin-sot",9.85],["n1snt",9.38],["raymondwzeng",9.33],["dependabot[bot]",9.06],["Propo41",9],["snowtimeglass",8.89],["codingtosh",8.66],["winstoncooke",8.25],["RogerDTZ",7.87],["Umesh-01",6.56],["ShridharGoel",6.4],["welcome[bot]",6.4],["s-deepak-kumar",6.4],["Kshitij09",6.08],["Sustech-yx",6],["github-actions[bot]",5.2],["Tinkidinki",4.9],["gpauer",4.8],["siddharthsingh025",4.69],["sauravrao637",4.58],["Elizalll",4.47],["L-keeey",4.47],["HuWeiyy",3.74],["TacoTheDank",3.61],["BishyanKar",3.46],["Abhiram-DLVSS",3.32],["divyansh-dxn",3.32],["Shane-Patrick-Roach",3.16],["allisonbickford",3.16],["parthn2",3.16],["THElegend5",3.16],["Ghanem21",3.16],["divye1995",3],["nzarbayezid",3],["shubham419",3],["MagTun",2.83],["SySagar",2.83],["Yugal41735",2.83],["RaidenCHEN",2.83],["puranjayK",2.65],["prateek-singh-3212",2.65],["islam-yousry",2.45],["WiliTest",2.45],["aliffhasf",2.24],["MrPenguins",2.24],["dae",2.24],["arpitmx",2.24],["theHamsta",2.24],["acmd7",2.24],["Calle92",2],["justdvnsh",2],["jaivsh",2],["AayushSolanki",1.73],["SimonHeimberg",1.73],["yoshi314",1.73],["szalejot",1.73],["vinaydeepkaur",1.73],["Stonehomecai",1.73],["oscarmohr",1.73],["adinayyu",1.41],["eu2021",1.41],["SimonSalo",1.41],["javiercl2020",1.41],["Watakun7",1.41],["viciousAegis",1.41],["sudomain",1],["kilitr",1],["A-Deekshith",1],["PanderMusubi",1],["Tritonfc",1],["theWalkingMedico",1],["AbdelrahmanHamdy1998",1],["thevar2002",1],["TimucinPusat",1],["mpPie",1],["smish-hash",1],["DeepanshuPratik",1],["Niraj81",1],["shunyadotzero",1],["suman-somu",1],["briancatraguna",1]],"2022-05":[["Arthur-Milchior",23.49],["david-allison",22.8],["BrayanDSO",20.66],["oyeraghib",18.47],["lukstbit",17.64],["mikehardy",17.15],["n1snt",13.53],["dorrin-sot",12.61],["Prince-kushwaha",8.77],["Jatin887",8.72],["dependabot[bot]",8.25],["Akshay0701",7.55],["krmanik",7],["github-actions[bot]",6.32],["sauravrao637",5.83],["L-keeey",5],["Tinkidinki",4.9],["prateek-singh-3212",4.69],["RaidenCHEN",4.36],["UvrajSB",3.74],["welcome[bot]",3.74],["codingtosh",3.61],["RogerDTZ",3.32],["mikunimaru",3.16],["HuWeiyy",3],["Elizalll",3],["MrPenguins",3],["jimmy-j-r",2.45],["xllhxd",2.24],["puranjayK",2.24],["PetbkA",2],["jaivsh",2],["jyjsunny",2],["snowtimeglass",2],["boydkelly",2],["eu2021",2],["sjl872964789",2],["Abhiram-DLVSS",2],["timrae",2],["MagTun",1.73],["nels",1.73],["siddharthsingh025",1.73],["suman-somu",1.73],["Cedarus777",1.73],["zaz",1.73],["antgel",1.73],["nzarbayezid",1.73],["captain-miao",1.41],["dictdl30",1.41],["ShridharGoel",1.41],["oakkitten",1.41],["rushikeshsuryawanshi",1.41],["seekingmeanings",1.41],["dae",1.41],["divyansh-dxn",1.41],["sheldonc613",1.41],["pat-richter",1.41],["ThoreBor",1.41],["AayushSolanki",1.41],["krishamafia",1.41],["jbuschtoens",1.41],["Gabi457",1.41],["viciousAegis",1.41],["vinaydeepkaur",1],["AbdelrahmanHamdy1998",1],["eginhard",1],["alxs",1],["winstoncooke",1],["wantsomegetsome",1],["homocomputeris",1],["Jdodo45",1],["TragicLifeHu",1],["gsingh93",1],["jimvine",1],["Mereo4",1]],"2022-06":[["david-allison",28.71],["Arthur-Milchior",25.67],["mikehardy",24.74],["BrayanDSO",17.23],["lukstbit",15.97],["dorrin-sot",15.26],["prateek-singh-3212",13.42],["divyansh-dxn",12.69],["oyeraghib",11.49],["dae",11.22],["viciousAegis",10.77],["krmanik",9.27],["github-actions[bot]",9],["ShridharGoel",8.94],["n1snt",7.87],["dependabot[bot]",7.21],["Akshay0701",6.93],["Prince-kushwaha",6.63],["bnknndy",5.92],["Jatin887",5.29],["oakkitten",5.2],["PanderMusubi",3.74],["fred-sab",3.74],["welcome[bot]",3.74],["MagTun",3.61],["pavreh",3],["Rahey94",2.83],["suman-somu",2.65],["shivam-2701",2.45],["SoftSalem",2.45],["homocomputeris",2.24],["nathannaveen",2.24],["lervag",2],["ANKIFETISH",1.73],["doozan",1.73],["vincrichard",1.73],["S-Downes",1.73],["sohilsayed",1.73],["shahrd97",1.73],["TacoTheDank",1.41],["MrPenguins",1.41],["WiliTest",1.41],["Juddd",1.41],["fastcat001",1.41],["sjl872964789",1.41],["LL12138LL",1.41],["sauravrao637",1.41],["aljohnston112",1.41],["ahielg",1.41],["balta2ar",1.41],["snowtimeglass",1],["yashsharma81",1],["captain-miao",1],["parthn2",1],["vishalc0d3r",1],["s204451",1],["MedBooster",1],["IzzySoft",1],["SaranshBaniyal",1],["winstoncooke",1]],"2022-07":[["Arthur-Milchior",19.6],["david-allison",18.71],["mikehardy",18.6],["lukstbit",17.75],["BrayanDSO",16.67],["divyansh-dxn",14.11],["oakkitten",12.73],["prateek-singh-3212",11.62],["oyeraghib",11.45],["dorrin-sot",11.05],["dae",10.15],["ShridharGoel",8.94],["github-actions[bot]",8.31],["dependabot[bot]",8.12],["shaiguelman",7.14],["viciousAegis",6.24],["Prince-kushwaha",6],["pavreh",4.36],["n1snt",4.36],["krmanik",4.36],["bennettj12",3.87],["welcome[bot]",3.46],["shivam-2701",3.16],["Yoannjap",2.83],["prathamsoni11",2.45],["SamarthAsthan",2.24],["Akshay0701",2],["fred-sab",2],["slavistan",1.73],["homocomputeris",1.73],["Throlo",1.73],["WiliTest",1.73],["yshubham8419",1.73],["bernardosulzbach",1.73],["misanthropos",1.41],["aliffhasf",1.41],["MagTun",1.41],["srghma",1.41],["zorandz",1.41],["shocklateboy92",1.41],["jaxxor44",1.41],["shahrd97",1],["Feripe-a",1],["Amandeep404",1],["RSBat",1],["snowtimeglass",1],["nzarbayezid",1],["thevar2002",1],["suman-somu",1],["Pound-Hash",1],["huzaifa-shah10",1],["santiyounger",1],["pierre-amadio",1]],"2022-08":[["david-allison",31.76],["prateek-singh-3212",27.6],["Arthur-Milchior",25.75],["BrayanDSO",24.84],["mikehardy",22.05],["lukstbit",20.05],["dae",17.55],["divyansh-dxn",15.59],["github-actions[bot]",9.85],["ShridharGoel",9.27],["oakkitten",9.11],["viciousAegis",8.66],["dependabot[bot]",7.94],["krmanik",7.81],["oyeraghib",7.42],["pavreh",6.24],["pratyaksh1610",6.24],["n1snt",6.08],["sparkyniner",5.83],["welcome[bot]",5.39],["omsurase",4.9],["raymondwzeng",3.87],["KendallPark",3.74],["adizcode",3.61],["yshubham8419",3.46],["RSBat",3],["escape0707",2.83],["criticalAY",2.65],["snowtimeglass",2.65],["Waterfall2022",2.65],["dorrin-sot",2.45],["ccvbc",2.45],["aghanki",2.24],["SaranshBaniyal",2.24],["reyaz006",2],["twwn",2],["inexplicabro",2],["fred-sab",1.73],["gustavosmendes",1.73],["lervag",1.73],["wlky",1.73],["Myuki",1.73],["louwheesy",1.73],["SnipeAT",1.73],["javiercl2020",1.41],["PinkRay7",1.41],["king129954",1.41],["0x7FFFFFFFFFFFFFFF",1.41],["shivam-2701",1.41],["the-nilosch",1.41],["Vsantarlas",1.41],["abdnh",1.41],["avisgut",1.41],["bennettj12",1.41],["dansynek",1.41],["jaivsh",1.41],["winstoncooke",1.41],["Koudinka",1.41],["kodovanie",1.41],["feuGeneA",1.41],["MrPenguins",1.41],["pqnhan",1.41],["Jose6741",1.41],["balta2ar",1],["TacoTheDank",1],["santiyounger",1],["ahielg",1],["dawmd",1],["doozan",1],["suman-somu",1],["MaroonShaded",1],["rohanshankar",1],["Amandeep404",1],["harshalmittal4",1],["rishav0511",1],["codecov[bot]",1],["TunnelThruTime",1]],"2022-09":[["david-allison",25.9],["Arthur-Milchior",24.54],["BrayanDSO",20.1],["divyansh-dxn",19.57],["mikehardy",18.19],["lukstbit",17.41],["dae",13],["oakkitten",12.96],["ShridharGoel",12.92],["viciousAegis",12.57],["criticalAY",11.45],["dependabot[bot]",10.05],["github-actions[bot]",9.7],["krmanik",8.12],["pratyaksh1610",8.06],["oyeraghib",7.75],["prateek-singh-3212",7.21],["snowtimeglass",6.08],["n1snt",5.29],["sparkyniner",5.2],["dorrin-sot",5.1],["welcome[bot]",4.69],["JalinWang",4.36],["Noxor11",3.74],["pavreh",3.74],["user1823",3.46],["SySagar",3.16],["omsurase",3],["RobozinhoD",2.83],["dobefore",2.83],["MohitGupta121",2.65],["escape0707",2.65],["lonewolf2208",2.65],["RSBat",2.45],["vi",2.45],["ahmedbenarab",2.24],["adizcode",2.24],["mvysny",2.24],["WiliTest",2.24],["andrevaz1",2.24],["kami-leo",2.24],["Aditya8840",2],["Basemz",2],["voidplayer",2],["jjijen",2],["abdnh",2],["Greenactivist",1.73],["lervag",1.73],["luizfepe",1.73],["priyanshuborole",1.73],["Lilalas",1.73],["cindynap",1.73],["santiyounger",1.73],["homocomputeris",1.41],["Avinash071",1.41],["SvitlanaShumilova",1.41],["sumanarlert",1.41],["vinaydeepkaur",1.41],["anatoliibakhtin",1.41],["Yoannjap",1.41],["xmha97",1.41],["Zec69",1.41],["heilil",1.41],["mahmood199",1.41],["yashjani01",1.41],["shmuelsash",1],["MagTun",1],["RasmusRendal",1],["sumanabhi",1],["javiercl2020",1],["dictdl30",1],["SaranshBaniyal",1]],"2022-10":[["Arthur-Milchior",24.23],["mikehardy",22.98],["oakkitten",22.47],["BrayanDSO",15],["divyanshdxn",14.07],["david-allison",13.82],["lukstbit",12.65],["criticalAY",12.04],["ShridharGoel",10.39],["github-actions[bot]",10.3],["dependabot[bot]",8.43],["n1snt",8.37],["pratyaksh1610",7.42],["oyeraghib",6.78],["Prince-kushwaha",6.78],["dae",6.56],["TomerPacific",5.74],["Subhadiptech",5.66],["welcome[bot]",5.57],["snowtimeglass",5.29],["prateek-singh-3212",5],["pavreh",4.69],["sudhanshu1309",4.24],["curche",4],["raehat",3.74],["Kenny50",3.74],["Yoannjap",3.74],["alyoshenka",3.61],["jeremyxarcher",3.46],["viciousAegis",3.32],["Marius1501",3.16],["SySagar",3],["MohitGupta121",2.83],["liutng",2.83],["krmanik",2.65],["user1823",2.65],["indyfromoz",2.65],["doozan",2.45],["ManarMoussawi",2.45],["PotatoPresident",2.45],["KeithSware",2.24],["aap007freak",2.24],["jellybeansenjoyer",2],["dpurge",2],["voidplayer",2],["reyaz006",2],["keen0309",2],["JalinWang",1.73],["lonewolf2208",1.73],["tihong10",1.73],["foldfield",1.73],["camerooncameroon",1.73],["Vitorvlv",1.73],["7avocado",1.41],["NameLessGO",1.41],["Koudinka",1.41],["marcodallagatta",1.41],["mahmood199",1.41],["siju-s",1.41],["s0gar",1.41],["arjundevasi",1.41],["ahielg",1.41],["beattobee",1.41],["qsantos",1],["vikashprajapati",1],["rawrins",1],["Jatin887",1],["freMea",1],["santiyounger",1],["crackwei",1],["Vedant755",1],["driuft",1],["BLannoo",1],["MarkusJLechner",1],["Greenactivist",1],["jaohara",1],["adizcode",1]],"2022-11":[["oakkitten",23.96],["prateek-singh-3212",22],["Arthur-Milchior",20.2],["mikehardy",19.13],["lukstbit",16.37],["criticalAY",15.1],["BrayanDSO",13.86],["SanjaySargam",13.15],["david-allison",11.66],["github-actions[bot]",10.95],["pratyaksh1610",8.89],["dependabot[bot]",8.43],["ShridharGoel",7.07],["oyeraghib",6.48],["snowtimeglass",6.4],["n1snt",6.32],["alyoshenka",6.16],["raehat",6],["Prince-kushwaha",5.92],["dae",5.29],["abhi-kr-2100",5],["Subhadiptech",4.36],["RobozinhoD",4.36],["LBX1002",3.74],["user1823",3.61],["welcome[bot]",3.61],["divyanshdxn",3.46],["fylux",2.45],["beirne",2.45],["mrudultora",2.24],["xmha97",2.24],["jaohara",2.24],["justdvnsh",2],["pavreh",2],["homocomputeris",2],["chenlijun99",2],["DipendraShiwakoti",1.73],["ahmedbenarab",1.73],["fehC",1.73],["Blauelf",1.73],["doozan",1.73],["voidplayer",1.41],["xallllien",1.41],["vudeey",1.41],["anatoliibakhtin",1.41],["Michaelar1",1.41],["dhysuiej",1.41],["Yoannjap",1.41],["eoghanmurray",1.41],["eginhard",1],["fxmarty",1],["davidson16807",1],["SySagar",1],["riotgage",1],["HeadlessAngel",1],["WiliTest",1],["CjiqL",1],["vi",1],["Mehar18",1],["MohitGupta121",1],["MagTun",1]],"2022-12":[["BrayanDSO",15.56],["criticalAY",14.59],["mikehardy",13.96],["lukstbit",11.09],["oakkitten",10.05],["github-actions[bot]",9.49],["snowtimeglass",7.48],["pratyaksh1610",7.42],["dependabot[bot]",6.56],["Prince-kushwaha",6.56],["Sagar0-0",6.16],["dae",6.16],["SanjaySargam",5.66],["RobozinhoD",5.39],["user1823",5.2],["n1snt",5.2],["TimSta82",5.1],["alyoshenka",4.69],["david-allison",4.47],["oyeraghib",4.36],["welcome[bot]",4.24],["LBX1002",4.12],["Subhadiptech",3.87],["Aayush2111",3.87],["MagTun",3.16],["soCallmeAdityaKumar",3.16],["Marius1501",3.16],["xidsyed",3],["Juddd",2.83],["gaul",2.45],["JamesAM86",2.45],["szalejot",2.24],["KeysGilbert",2.24],["pavreh",2],["matejdro",2],["jeremyxarcher",2],["ashlyn-tan",2],["lonewolf2208",1.73],["raehat",1.73],["rishujam",1.73],["daddydave",1.73],["pilgrimlyieu",1.73],["Relevartt",1.73],["KanjiWanji",1.73],["adiityack",1.73],["chenkeao",1.73],["abhi-kr-2100",1.41],["sangorys",1.41],["SB2318",1.41],["Ashdream07",1.41],["Terrible-Tornado",1.41],["roscherk",1.41],["XilinJia",1.41],["divyanshdxn",1.41],["tehami94",1.41],["notpx",1],["Ceynou",1],["parthn2",1],["rotmoss",1],["eginhard",1],["Akshatkamboj14",1],["wonhyeongseo",1],["Vitorvlv",1],["doctorman",1],["Arthur-Milchior",1],["galantra",1],["ChetanaKuruba",1],["balta2ar",1],["xmha97",1],["Blauelf",1],["L-M-Sherlock",1],["in-out",1],["faith-ly6",1],["sidkulkarni11",1],["tanmaySinha16",1]],"2023-01":[["BrayanDSO",17.78],["criticalAY",10.95],["david-allison",10.15],["github-actions[bot]",9.33],["oakkitten",8.6],["lukstbit",8.06],["n1snt",7.21],["dependabot[bot]",6.32],["Arthur-Milchior",5.83],["RobozinhoD",5.66],["ShridharGoel",5.66],["soCallmeAdityaKumar",5.57],["Ash-2k3",5.39],["SanjaySargam",5.39],["pratyaksh1610",5.1],["snowtimeglass",4.8],["ParthTagalpallewar",4.8],["welcome[bot]",4.69],["oyeraghib",4.58],["Sagar0-0",3.87],["lonewolf2208",3.87],["user1823",3.74],["dae",3.74],["PratyushSingh07",3.46],["elliotcathcart",3.32],["Alpaca131",3.32],["karthik-anand",3.32],["abhi-kr-2100",3.16],["raehat",3],["parthn2",3],["daddydave",2.83],["LCB2021029-Badri",2.65],["Benjamin-Watson0",2.65],["narendraanjana09",2.45],["MagTun",2.45],["prabs3257",2.45],["JaziTricks",2.24],["pavreh",2.24],["Aayush2111",2],["tea-create",2],["akp660",2],["Jack8861",2],["jeffchang5",2],["Aditya-gupta99",2],["January3rd",2],["TanmayAgarwal123",2]],"2023-02":[["david-allison",29.07],["mikehardy",17.15],["BrayanDSO",16.09],["oakkitten",14.93],["criticalAY",13.67],["github-actions[bot]",11.79],["dependabot[bot]",9.9],["zaidazaize",7.62],["lukstbit",7.55],["RobozinhoD",7.48],["Arthur-Milchior",7.42],["snowtimeglass",5.66],["dae",5.57],["welcome[bot]",5.29],["n1snt",5],["Prince-kushwaha",5],["LCB2021029-Badri",4.58],["abhi835",4.47],["PalashKohli007",4.12],["ShridharGoel",4],["lonewolf2208",4],["narendraanjana09",3.46],["Marius1501",3.32],["doozan",3.32],["rishujam",3.32],["pratyaksh1610",3.16],["michalrus",2.83],["adityarai004",2.65],["Prosphel5",2.65],["error96num",2.65],["iamryuga",2.45],["Aditya13s",2.45],["Pankaj478",2.45],["Prachi-Jamdade",2.45],["karthik-anand",2.24],["mzietlow",2.24],["AndreHero007",2],["anaisbuser",2],["RSBat",2],["user1823",2],["Wyzmic",2],["Yoannjap",2],["sudomain",2],["cd-FileX",1.73],["deekshatw",1.73],["alizhumagaliev",1.73],["oriooctopus",1.73],["galantra",1.73],["Mornon",1.73],["atakanserifoglu",1.73],["Juddd",1.41],["SanjaySargam",1.41],["LBX1002",1.41],["dipankarupd",1.41],["2pascal",1.41],["Relevartt",1.41],["mmc20520",1.41],["C3tacea",1.41],["alex-pac",1.41],["yamanq",1.41],["Benjamin-Watson0",1.41],["gncs",1.41],["RahulTulsani",1.41],["sakxshi",1.41],["daddydave",1.41],["oyeraghib",1.41],["Ash-2k3",1.41],["Iey4iej3",1.41],["reached01",1.41],["Shaky-Sahil",1.41],["JakeDon005",1.41],["RickyYChan",1.41],["RiShinku",1.41],["Aditya-gupta99",1.41],["tme78",1],["Yourself1011",1],["DerDemystifier",1],["VENKATAKUMARA",1],["adityabarodiya",1],["MagTun",1],["ShubhadeepKarmakar",1],["homocomputeris",1],["vannekariabhiram",1],["Prithvi101",1],["johtso",1],["friendboy1",1],["pavreh",1],["fxmarty",1],["balta2ar",1],["Ohior",1],["dhruvpatidar359",1],["itsAfnanAlam",1]],"2023-03":[["david-allison",16.43],["mikehardy",15.78],["BrayanDSO",14.18],["Arthur-Milchior",12.85],["lukstbit",10.95],["oakkitten",10.63],["github-actions[bot]",10.54],["criticalAY",10.39],["SanjaySargam",9],["pratyaksh1610",8.06],["dependabot[bot]",7.35],["naong",5.92],["RobozinhoD",5.57],["snowtimeglass",5.48],["yellowjello",5.29],["welcome[bot]",4.69],["Prince-kushwaha",4.58],["ShridharGoel",4.47],["oyeraghib",4.36],["n1snt",3.87],["gajwani",3.74],["doozan",3.46],["pavreh",3.16],["dae",3],["LL3006",2.65],["krmanik",2.45],["Aquafina-water-bottle",2.45],["Aditya13s",2.24],["xyzzklk",2.24],["AshiqIbrahim",1.73],["niteshmandall",1.73],["abrasive",1.73],["UdayBenipal",1.73],["SumitSingh2003",1.73],["hai265",1.73],["savitore",1.73],["Prachi-Jamdade",1.73],["tndk323",1.41],["lonewolf2208",1.41],["homocomputeris",1.41],["jgscherber",1.41],["TygerKu",1.41],["Cesuuur",1.41],["rayzchen",1.41],["serpenteagle",1.41],["gaul",1.41],["mg-dev25",1.41],["szalejot",1.41],["boring-yang",1.41],["IamAbhinavSINGH",1],["lervag",1],["sudomain",1],["MagTun",1],["OneSidedPrism",1],["BeBAKE",1],["working-name",1],["Aayush2111",1],["timrae",1],["Sagar0-0",1],["ParthTagalpallewar",1],["sangorys",1],["Shubham-Patel07",1],["Flibbo",1],["muhib-siddique",1]]}