{"2015-01":[["timrae",14],["agrueneberg",6],["hssm",6]],"2015-02":[["timrae",14],["hssm",9],["federvieh",8]],"2015-03":[["federvieh",15],["timrae",18],["flerda",15]],"2015-04":[["brunodea",8],["timrae",10],["hssm",10]],"2015-05":[["wlky",6],["federvieh",6],["hssm",9]],"2015-06":[["timrae",16],["ospalh",7],["hssm",8],["wlky",7]],"2015-07":[["timrae",13],["hssm",8],["x-ji",7],["ospalh",6]],"2015-08":[["cameel",4],["mx3214",3],["Squeenix",3],["timrae",11],["ospalh",7],["sabrinemoumni",3],["snowtimeglass",3],["hssm",13],["pizzamx",3],["gregreen",3],["dae",3],["flerda",5],["John0079",6]],"2015-09":[["hssm",6],["cameel",4],["lizzgilmore",5],["timrae",16],["snowtimeglass",4],["ospalh",4],["flerda",10],["Juddd",4]],"2015-10":[["wujek-srujek",4],["timrae",18],["Glutanimate",3],["eginhard",6],["kcroker",5],["Juddd",3],["Tomalak",3],["gregreen",3],["snowtimeglass",7],["kwokhin",3],["kazuoteramoto",3],["ospalh",8],["mila6452",3],["hssm",9],["wchristian",3]],"2015-11":[["street62",3],["zecoder",4],["tsudoko",3],["snowtimeglass",7],["agrueneberg",3],["madnik7",3],["nobitavn89",3],["eginhard",5],["hssm",11],["timrae",19],["MarcoSchicke",3],["lizzgilmore",5],["bogdanteleaga",4],["ospalh",4],["sigkell",3],["kabutar111",3],["wchristian",3],["kmthinkingrock",3],["mawis",3],["martinjos",3]],"2015-12":[["Musashi1986",4],["lukeaus",4],["robflye",3],["hssm",14],["martinjos",4],["Pepe-Jose",3],["tesoke",4],["bogdanteleaga",3],["lizzgilmore",3],["snowtimeglass",4],["ospalh",5],["Egmorn",3],["timrae",19],["flimzy",3],["Gregyski",3],["jvanprehn",3],["m0ndra",3],["HairyPhil",3],["julienbaley",4],["eginhard",7],["AgarwalPragy",3],["vi",4],["ambioct",3],["kelciour",3],["madnik7",3]],"2016-01":[["arooooon",6],["brok85",3],["ReneSac",3],["carlseverson",3],["jytou",3],["eginhard",6],["rvanprehn",3],["robflye",3],["kabutar111",3],["snowtimeglass",4],["lizzgilmore",3],["johndem",4],["zecoder",3],["hssm",13],["aphirst",3],["jvanprehn",4],["lahootian313",3],["timrae",14]],"2016-02":[["jytou",3],["jvanprehn",4],["hssm",9],["brok85",3],["gwildor28",3],["timrae",10],["snowtimeglass",4]],"2016-03":[["timrae",30],["musilto7",4],["johnjohndoe",6],["snowtimeglass",4],["ospalh",4],["hssm",11],["marcardar",33],["PSeitz",4]],"2016-04":[["rubyu",4],["marcardar",15],["stouf",4],["snowtimeglass",9],["hssm",9],["timrae",16]],"2016-05":[["hssm",11],["rabinv",3],["bigsmile01",3],["arooooon",3],["jvanprehn",6],["kuklinistvan",3],["PSeitz",3],["timrae",11],["snowtimeglass",6]],"2016-06":[["Juddd",3],["sibilek",4],["eginhard",3],["jvanprehn",4],["hssm",10],["dwcheng",3],["timrae",8],["snowtimeglass",5],["madhead",5]],"2016-07":[["timrae",7],["Juddd",3],["limitted",3],["hssm",10],["madhead",7],["lahootian313",3],["sibilek",3],["giancarloandroid",3],["snowtimeglass",4]],"2016-08":[["seniorandre",2],["chrisar15",2],["ihajat",2],["Quaser",2],["Nexen23",2],["Kutubuddin",2],["bluesleex",2],["flerda",2],["timrae",3],["moshpirit",2],["Gloria-Li",3],["hssm",6],["ClearedFram3",2],["p0ooo0ya",2],["dotancohen",2],["DonCN",3],["lahootian313",4],["eginhard",4],["Mornon",2],["SimonLammer",2],["boloing22",2]],"2016-09":[["hssm",4],["gwpl",2],["RaphaBarros",2],["rsuhada",2],["gavenkoa",2],["NyhteAngel13",2],["william301",3],["ryantimjohn",2],["Ruckamongus",2],["orolle",3],["snowtimeglass",3],["jiboiafc",2],["elkmovie",3],["chap126",2],["t0suj4",2],["lahootian313",4],["jazzeps",3],["timrae",6],["seniorandre",2],["eginhard",2],["jasonmbechtel",2],["tbeachglobal",2],["Nexen23",2],["MrDjango1976",2],["Grngo550",2]],"2016-10":[["gkirilov",3],["jytou",3],["Ruckamongus",3],["timrae",9],["camparijet",3],["hssm",10],["gajewsk2",3],["madhead",5],["dmitry-timofeev",5],["eginhard",6],["lucwastiaux",3],["danielb2",4],["steph643",4],["ian-kelling",3]],"2016-11":[["gavenkoa",2],["nodje",2],["lostasock",2],["nixingizgood",3],["dmitry-timofeev",2],["cipri-tom",2],["Balti92",3],["timrae",5],["ashleypt",2],["porfirio1830",2],["conrad-heimbold",2],["alexander255",3],["eginhard",4],["Juddd",3],["madhead",3],["hssm",5],["ccfontes",2],["dejj",2],["ferrouswheel",2],["dae",3],["william301",2],["snowtimeglass",2],["TheShadowKnows55",2],["duyang0627",2],["mohammad1990",2],["woj-tek",2],["Satans-Kruemelmonster",2],["chante77",2]],"2016-12":[["dae",4],["MarekHappy",3],["zygimantus",2],["reinert",3],["alireza001",2],["hssm",3],["ian-kelling",3],["kimsuarez",2],["eginhard",3],["unoexperto",2],["bscottyoung",2],["mmjang",2],["timrae",6],["alvmunoz",2],["TotheMoonAlice",2],["gadamiak",2],["kdmaas",2],["tbeachglobal",2]],"2017-01":[["madhead",3],["snowtimeglass",5],["hssm",5],["benbassist",3],["timrae",8],["dae",5],["dimm0k",4],["longpu",3],["nolala",3],["Alphalpha007",3],["eginhard",3]],"2017-02":[["fi3te",3],["snowtimeglass",6],["artsakenos",3],["eginhard",4],["takanuva15",3],["Faecie",3],["Ana06",3],["bjornmartensson",3],["timrae",11],["stu40",3],["benbassist",3]],"2017-03":[["rathsky",2],["aemethyst",2],["lali123456",2],["hopperkremer",2],["polyglot0027",2],["richardKafati",2],["snowtimeglass",3],["orolle",2],["hssm",3],["Wabuo",3],["mooingcat",4],["eginhard",2],["aPaci95",3],["bexsadirov",5],["Enkidu6",2],["Glutanimate",2],["antigonos44",2],["fi3te",2],["timrae",7]],"2017-04":[["loewexy",2],["bgx90",2],["rlpowell",3],["mmjang",2],["eginhard",2],["timrae",4],["wlky",4],["camparijet",2],["scuentkd",2],["Olifair",2],["Andrewkp1",2],["Pcsl",2]],"2017-05":[["chap126",2],["eginhard",3],["tbo1",2],["gajewsk2",3],["aus-wanderer",3],["scuen",2],["castlereagh",2],["omega3",2],["Kelsey1B",2],["dejj",2],["timrae",5],["david-gpu",2],["mado0705",3],["Tj20",2],["ByteHamster",2],["matteocoder",2],["CNG",2]],"2017-06":[["snowtimeglass",2],["thbj93",2],["andishehkis",2],["cydia2020",2],["anki2017",2],["gobater",3],["mrbryce",3],["enrico200165",3],["RichardHoOoOo",2],["lingua0815",2],["anrew123",2],["MastanYuvi",3],["eginhard",5],["andisheh01",2],["timrae",5],["srzh",2],["Olivasayana",2],["laosamayor2010",2],["malshiyyy",3]],"2017-07":[["jameskraus",2],["ineol",2],["wsmigaj",2],["dotancohen",2],["dequis",3],["chickendude",2],["cydia2020",2],["timrae",5],["yankl",2],["vsdmub",2],["popo63301",2],["ferrouswheel",2],["egoals",2],["aphirst",2],["nbeaver",3],["jkennethcarino",2],["bgx90",2],["Juddd",2],["IvanPolyakovyar",2],["snowtimeglass",4]],"2017-08":[["Zekeriyya",2],["Juddd",2],["wsmigaj",2],["SirShadowwolf",2],["damccull",3],["John0079",2],["chickendude",2],["nicolas-raoul",2],["VeloSteve",2],["victorsjo",2],["Vaanen",2],["readych",2],["tuedan",3],["rillig",2],["jkennethcarino",3],["eginhard",2],["timrae",7],["piotrek1543",4],["gajewsk2",2],["mmjang",2]],"2017-09":[["skangas",2],["homocomputeris",2],["timrae",9],["Vaanen",3],["thomasrebele",2],["bresan",3],["mnmean",2],["StenerFonseca",2],["isseis",4],["nake90",2],["nicolas-raoul",4],["charlesoblack",2],["snowtimeglass",2],["John0079",2],["Nutomic",4],["cjer",2],["NoroiKisaragi",2],["readych",2],["rillig",3],["rafenciugo",2],["wsmigaj",5],["5hir0kur0",2],["llunak",3],["bkhl",2],["st603",2],["Profpatsch",3],["madhead",2]],"2017-10":[["Profpatsch",5],["Worthy7",2],["rafenciugo",2],["pcuinty",2],["tscheney",2],["bresan",2],["cydia2020",5],["Emailnickjohn",2],["Ivysauro",2],["tsudoko",3],["baroonian",2],["alexdiassantos",2],["timrae",8]],"2017-11":[["GithubDG",2],["cristi101",2],["dae",2],["Mornon",2],["rlpowell",3],["sr030",2],["LePlatos",3],["LeopoldKellers",3],["JLRishe",3],["evanherk",2],["chandanch",2],["wsmigaj",2],["grossy-grossy",2],["thomasrebele",2],["mo7amed0metwally",2],["froman753",2],["magonreal",3],["CowboyEnvy",2],["timrae",7],["tsudoko",2],["cydia2020",3],["Arthur-Milchior",4],["cerry92",2],["pcuinty",2],["mihaaly",2],["kamillys",2],["standarm",2]],"2017-12":[["CalebBiddulph",2],["Brambo27",2],["evolverine",2],["mawis",2],["rillig",3],["Towerfree",2],["stephenkwan",2],["michalpravda",2],["JordanCleeve",2],["dae",3],["Mornon",3],["Aleks-Ya",2],["LeopoldKellers",2],["timrae",10],["c-oreills",2],["dkateiva",2],["Arthur-Milchior",2],["Vaanen",3],["mikehardy",11]],"2018-01":[["ju-w",4],["guettli",2],["snakecase",2],["hanpingchinese",2],["mikehardy",5],["ritikrishu",7],["x-ji",2],["st603",2],["camparijet",4],["aphirst",2],["chickendude",2],["ethancrist",2],["gnomechomp",2],["sharmas5",2],["dequis",2],["mikhail-mv",2]],"2018-02":[["cydia2020",2],["dzida16",2],["hanpingchinese",3],["mikehardy",8],["macvalino",2],["renehamburger",2],["jmaatta",2],["Abbas-509",2],["ChilliCheezBot",2],["AymaneHrouch",2],["snowtimeglass",3],["Alphyn-gunner",2],["MLRmarvin",2],["fayej",2],["vrublack",3],["baparham",2],["p8nted",2],["homocomputeris",2],["timrae",6],["CasyFel",2]],"2018-03":[["snowtimeglass",2],["forkrul",2],["aphirst",2],["Key7",2],["aportley",3],["farshad1880",3],["d0ct0rtrev0r",2],["liowmark",2],["Ekleog",2],["danielb2",2],["cydia2020",2],["mimi-min",2],["pkubowicz",2],["JordanCleeve",2],["vrublack",2],["5hir0kur0",2],["fidiG",2],["mikehardy",8],["tskzooms",2],["timrae",7],["Ana06",2],["marcardar",2],["gcjuan",2]],"2018-04":[["marcardar",3],["timrae",4],["Kookosmile",3],["mikehardy",4],["tomkahn",3],["AustinHasten",3],["lucwastiaux",3],["werkn",4]],"2018-05":[["mikehardy",10],["homocomputeris",3],["jaller94",3],["cydia2020",4],["vrublack",7],["werkn",3],["AustinHasten",4],["timrae",12],["lokesh-krishna",3]],"2018-06":[["vrublack",8],["pigoz",3],["MarcinMoskala",5],["mikehardy",14],["timrae",13]],"2018-07":[["Nubbify",3],["verdulo",2],["vrublack",4],["MarcinMoskala",3],["noamraph",2],["OnkelTem",2],["hanpingchinese",3],["Alphyn-gunner",2],["modene1",2],["mikehardy",10],["jhennig3",2],["reinert",2],["timrae",8],["vi",2],["rathsky",2],["sortega",2],["lhong1987",2]],"2018-08":[["mikehardy",11],["codacy-bot",13],["timrae",9]],"2018-09":[["mikehardy",25],["codacy-bot",14],["timrae",17],["lucwastiaux",4]],"2018-10":[["oxk4r01",4],["timrae",13],["eginhard",4],["codacy-bot",10],["lucwastiaux",4],["wujek-srujek",4],["jgscherber",6],["ps-goog",5],["mikehardy",26]],"2018-11":[["richardKafati",3],["timrae",9],["nickdvlpr",4],["tico-tico",4],["codacy-bot",11],["mikehardy",21],["JordanCleeve",3],["vi",3],["RubLam",3],["martindisch",4]],"2018-12":[["snailp4el",3],["Anthropos888",4],["codacy-bot",10],["mikehardy",15],["p3l4h0",3],["adlew44",3],["ChrisPWill",3],["timrae",6]],"2019-01":[["martindisch",3],["mikehardy",11],["lucwastiaux",3],["tico-tico",4],["unoexperto",3],["Anthropos888",4],["andersan",4],["nickdvlpr",3],["timrae",5],["qazip",3]],"2019-02":[["oakkitten",3],["hssm",7],["slesniak",3],["mikehardy",13],["PieterVanB",3],["timrae",10],["rathsky",3],["Brewstr78",3],["codacy-bot",11],["Anthropos888",7],["Alphyn-gunner",4],["Styrke",5]],"2019-03":[["projectthobunny",3],["Z1839",3],["Vlad-Shcherbina",3],["freMea",3],["timrae",9],["ykgmfq",3],["Anthropos888",6],["codacy-bot",5],["mikehardy",9],["t0suj4",3]],"2019-04":[["adamwolf",5],["dejiapps",3],["thiswillbeyourgithub",3],["timrae",4],["fajarnuha",3],["mikehardy",9],["jgscherber",3],["NightXlt",3],["Anthropos888",3]],"2019-05":[["timrae",4],["arbitrary-dev",2],["Anthropos888",3],["Raphaelpp",2],["adamwolf",2],["MaddoGokan",2],["ohare93",3],["NightXlt",3],["xmatic",2],["rathsky",2],["Tibsun75",2],["german-jablo",2],["dumbleporte",2],["saleemrashid",3],["hssm",3],["Blauelf",2],["micah",3],["Minoru",2],["joanbru",2],["mikehardy",7],["felipecarvalho87",2],["vi",2]],"2019-06":[["ImCruel",3],["TanapTheTimid",3],["sudomain",3],["mikehardy",15],["NightXlt",4],["Overflow0xFFFF",4],["Anthropos888",3],["timrae",10],["hssm",3],["malnvenshorn",5],["adamwolf",5],["Ekleog",4]],"2019-07":[["sw1tchbl4d3r",2],["ryanoblak-okta",2],["jonyMarino",2],["ildar",2],["ZJha",2],["pishutin84",2],["mjuzikfrik",3],["Heineken",2],["timrae",8],["o1516876",2],["cazizen",2],["dae",2],["mattdeckard",2],["tjbrn",2],["choralbari",2],["NightXlt",2],["boydkelly",2],["geocarla",2],["student2374",2],["Anthropos888",4],["rathsky",3],["maxily",7],["Eido95",2],["mikehardy",9],["adamwolf",7],["openyrec",2],["dubovski",2],["TomJansen",3],["aghanki",3],["ShinobiWPS",2],["ps-goog",2],["zenogantner",2],["yiufung",2],["Kewell35",2],["sudomain",3]],"2019-08":[["runiq",3],["friederbluemle",3],["chickendude",3],["timrae",5],["TowelSniffer",3],["SvenskNavi",3],["Kartikkman",5],["Anthropos888",3],["hssm",3],["martindisch",3],["mikehardy",9],["AssassinRain",4]],"2019-09":[["mikehardy",8],["pablode",3],["james-bay",3],["ARR8",3],["ByteHamster",3],["martindisch",5],["johnlawrenceaspden",5],["timrae",7],["Heineken",3],["Kartikkman",5],["adamwolf",5]],"2019-10":[["pkubowicz",5],["snoyes",9],["tomkahn",4],["adamwolf",5],["danosl",4],["Arthur-Milchior",21],["timrae",15],["thoral",4],["mikehardy",19],["Mornon",4],["stephankn",5]],"2019-11":[["Arthur-Milchior",14],["jgscherber",4],["snoyes",3],["mikehardy",19],["HairyPhil",3],["sudomain",7],["Anthropos888",4],["dotancohen",3],["dae",3],["Mornon",3],["mtrevix",3],["homocomputeris",3],["Overflow0xFFFF",4],["timrae",7]],"2019-12":[["Arthur-Milchior",5],["mikehardy",11],["Anthropos888",3],["timrae",12],["Akshittuli",3],["Rapptz",3],["barbeau",3],["marmistrz",3],["agentydragon",4],["hssm",3],["pablode",4],["anlalalu",3],["telotortium",3],["lipflip010",3]],"2020-01":[["alexanderadam",3],["Anthropos888",3],["Cho-jin",4],["Ekleog",4],["ronved",3],["Diogo-Menezes",4],["BlueGreenMagick",3],["PBAnkiSandwich",3],["mikehardy",10],["michael-angelozzi",3],["agentydragon",4],["hssm",3],["jgscherber",3],["timrae",15],["MuhamHS",4],["ogassav",3],["Arthur-Milchior",10],["chrisblue",3],["moqi-Git",4],["snoyes",3]],"2020-02":[["LBX1002",3],["olhybrius",3],["mikehardy",16],["viivgit",3],["MuhamHS",4],["Arthur-Milchior",8],["johnlawrenceaspden",3],["timrae",10],["Anthropos888",4],["JHerseth",3],["draeklae",3],["correia55",4],["Cho-jin",3]],"2020-03":[["mikehardy",29],["david-allison-1",24],["Arthur-Milchior",9],["timrae",17],["infinyte7",8]],"2020-04":[["mikehardy",33],["timrae",42],["david-allison-1",28],["Arthur-Milchior",28]],"2020-05":[["RSBat",7],["IcaursMoo",5],["mikehardy",26],["david-allison-1",38],["Arthur-Milchior",20],["timrae",27],["Arthus",11],["jianersswlq",6],["infinyte7",12],["Sc-Weng",5]],"2020-06":[["dymky",4],["nicolas-raoul",4],["Arthur-Milchior",34],["Codeberg-AsGithubAlternative-buhtz",4],["timrae",8],["Jennifer202006",5],["david-allison-1",45],["dgeranton",9],["infinyte7",20],["Anthropos888",7],["dae",5],["sudomain",4],["Kubo2",4],["mikehardy",33],["kalehmann",5],["tobrie",7],["coma123",4]],"2020-07":[["mikehardy",24],["david-allison-1",36],["Arthur-Milchior",37],["timrae",4],["Anthropos888",4],["KieranBrannigan",4],["freemedom",4],["Tien0209",4],["infinyte7",8]],"2020-08":[["infinyte7",11],["unusualstranger",8],["mikehardy",28],["Arthur-Milchior",35],["david-allison-1",33]],"2020-09":[["cristiangreco",4],["mikehardy",23],["danZ4C",4],["david-allison-1",33],["Arthur-Milchior",31],["voidplayer",5],["tda1009",4],["balta2ar",4],["kr1419",5],["unusualstranger",5]],"2020-10":[["julienbaley",3],["berserkerezio",3],["jdpopkin",3],["tda1009",3],["dms545",3],["kotx",3],["benjaminor",3],["Volfee",4],["leopard20",4],["anadi198",6],["KieranBrannigan",3],["hiacre",3],["mikehardy",22],["sudomain",4],["leotheforth",4],["Arthur-Milchior",29],["mare5x",3],["vosirandr",3],["oakkitten",3],["david-allison-1",28],["TacoTheDank",3],["evilVR6",3],["SergyOrloff",3],["abdnh",3]],"2020-11":[["leotheforth",3],["Arthur-Milchior",20],["vosirandr",3],["Nabokov86",3],["bguneys",4],["mikehardy",16],["Ayusch",4],["oakkitten",4],["sudomain",4],["david-allison-1",28],["snowtimeglass",4],["dae",3],["julienbaley",3],["uoQg1lZlYz",3],["Volfee",3],["McSpooder",3],["hgiesel",5]],"2020-12":[["mikehardy",20],["Cashburner",3],["hgiesel",7],["dae",3],["hugomarins",5],["TKGZ",4],["hea7en2",4],["Arthur-Milchior",22],["AbdullahUQ",3],["david-allison-1",19],["oakkitten",3],["tobia",3],["Sunt-ing",4],["yulo820324",3],["thomasalvord",4],["davidedelvento",3],["mseh1128",3],["nwwt",3],["infinyte7",7],["Rapptz",3],["donglu",3]],"2021-01":[["thiswillbeyourgithub",4],["tbop",3],["quentinjs",4],["HuixingWong",3],["dummifiedme",3],["clay53",3],["srghma",3],["lervag",3],["zoulja",3],["infinyte7",3],["wapiti333",3],["MarcoGiovanniF",3],["TacoTheDank",4],["iCarlosCode",3],["mikehardy",13],["david-allison-1",16],["tbm",4],["Arthur-Milchior",8],["barthisius",3]],"2021-02":[["msinty",2],["dae",4],["iCarlosCode",2],["NicoWeio",2],["edvein-rin",2],["jdpreston30",2],["ionx711",3],["conman1395",2],["ElModdy",2],["awesome-rdash",2],["kunichik",2],["srghma",3],["infinyte7",3],["david-allison-1",7],["bjornmartensson",2],["lifanchu",2],["Kayminet",3],["tobia",2],["fletchermoore",2],["HuixingWong",2],["jparta",4],["moqi-Git",2],["mikehardy",10],["mikey-boy",3],["adamwolf",2],["xangelix",2],["chowhan11",2],["HannekeM",2],["idkw",3],["roysnyderts",2],["hoangvuminhthu",2],["Arthur-Milchior",11],["zimttat",2],["Cho-jin",2],["ChrisPalko",2],["lucainnocenti",3],["diertian",2],["TilmanRpk",2],["Rafania",3],["svenmeier",3],["twisp007",3],["Devamitta",2],["Blargian",2],["smb1987",2],["EJBlake409",2],["nwwt",2],["CloThpb",2],["boydkelly",3]],"2021-03":[["Ekagra",9],["Akshay0701",15],["kartikeysaran",12],["Arthur-Milchior",31],["bhatushar",12],["haran2248",10],["TarekkMA",25],["IAmJaishree",13],["david-allison-1",44],["AyaanJaved",6],["mikehardy",27],["ChaxuGarg",6],["LittleFish33",6],["Arnold2381",6],["prateek-singh-3212",7],["imaryandokania",10],["mrudultora",19],["Prashant830",6],["4D17Y4",9],["Abanoub-Asaad",10],["infinyte7",8],["ritvij14",11],["farjadilyas",7],["aflah02",6],["2tanayk",9]],"2021-04":[["Akshay0701",15],["nicdard",10],["prateek-singh-3212",12],["shobhi1310",8],["david-allison-1",53],["kartikeysaran",12],["ShridharGoel",13],["mikehardy",31],["Arthur-Milchior",27],["TarekkMA",20],["iamvs-2002",11],["infinyte7",12],["Vaibhavi1707",8],["kuroni",9],["mrudultora",12],["Arnold2381",12],["farjadilyas",9],["3mmar7amed",8],["vinishhub",10]],"2021-05":[["dae",4],["vinishhub",6],["SilentCruzer",4],["mikunimaru",8],["david-allison-1",29],["Akshay0701",15],["Andrej-Adamenko",4],["Arnold2381",4],["TarekkMA",24],["ShridharGoel",13],["kartikeysaran",6],["3mmar7amed",4],["Peyman-hme",4],["Arthur-Milchior",25],["mikehardy",28],["Abanoub-Asaad",11],["AlexApps99",4],["prateek-singh-3212",7],["farjadilyas",4],["dorrin-sot",7]],"2021-06":[["yasin459",4],["Arthur-Milchior",18],["ShridharGoel",20],["david-allison-1",32],["absoluteinc",4],["infinyte7",4],["vinishhub",5],["Arnold2381",4],["prateek-singh-3212",10],["dorrin-sot",4],["Akshay0701",18],["mikehardy",24],["farjadilyas",11],["vbh",4],["Paras-Saini",4]],"2021-07":[["farjadilyas",9],["ShridharGoel",20],["prateek-singh-3212",6],["Akshay0701",12],["nicdard",10],["infinyte7",14],["Arthur-Milchior",24],["david-allison-1",33],["ThoreBor",6],["dorrin-sot",6],["TheItsyBitsySpider",6],["mikehardy",24]],"2021-08":[["TarekkMA",7],["prateek-singh-3212",9],["Akshay0701",14],["mikehardy",17],["ShridharGoel",16],["Arthur-Milchior",17],["farjadilyas",10],["david-allison-1",29],["infinyte7",9]],"2021-09":[["noahwe145",3],["farjadilyas",4],["david-allison-1",21],["voidplayer",3],["burbilog",3],["joshakaw",3],["ThePieMonster",3],["mikehardy",16],["vbh",3],["talenelat-elin",3],["pratik2315",6],["titze",5],["meepmerp",3],["Arthur-Milchior",4],["prateek-singh-3212",4],["aryanritesh",3],["dae",4],["danielelaclac",4],["ShridharGoel",5],["cdhiraj40",5],["Anthropos888",3],["markhavemann",3],["infinyte7",4],["Shidouuu",3],["Abanoub-Asaad",3]],"2021-10":[["prateek-singh-3212",3],["Arnold2381",6],["david-allison-1",16],["mikehardy",8],["DeFuex",5],["farjadilyas",4],["cmdtstof",3],["user1823",3],["bcroll",3],["Arthur-Milchior",3],["infinyte7",6],["codingtosh",6],["AnAndroidOne",3],["ShridharGoel",6],["cdhiraj40",3]],"2021-11":[["Arthur-Milchior",7],["Arnold2381",16],["david-allison-1",24],["codingtosh",21],["infinyte7",6],["sethbuchinger",5],["mikehardy",18]],"2021-12":[["SSTG",5],["puranjayK",4],["dikshamalik2552",4],["mikehardy",12],["ShridharGoel",7],["raddi1972",5],["david-allison-1",11],["Akshay0701",5],["lowwor",4],["WiliTest",4],["codingtosh",10],["souravmunjal",7],["MagTun",4]],"2022-01":[["ShridharGoel",10],["mikehardy",16],["codingtosh",22],["puranjayK",10],["david-allison-1",29],["Akshay0701",23],["Arthur-Milchior",12]],"2022-02":[["Arthur-Milchior",20],["mikehardy",20],["krmanik",10],["david-allison",30],["viciousAegis",11],["BrayanDSO",12]],"2022-03":[["divyansh-dxn",11],["TheScriptan",7],["BrayanDSO",13],["ShridharGoel",13],["mikehardy",27],["akarsh1263",7],["Bhawna1203",7],["Prince-kushwaha",13],["krmanik",16],["david-allison",41],["murugu-21",7],["BishyanKar",7],["TarekkMA",7],["Akshay0701",13],["kilitr",8],["Arthur-Milchior",24]],"2022-04":[["n1snt",10],["dorrin-sot",10],["BrayanDSO",19],["mikehardy",33],["raymondwzeng",10],["oyeraghib",17],["Jatin887",13],["Prince-kushwaha",14],["krmanik",19],["UvrajSB",15],["david-allison",54],["Akshay0701",11],["lukstbit",16],["Arthur-Milchior",20]],"2022-05":[["Arthur-Milchior",24],["Prince-kushwaha",9],["oyeraghib",19],["lukstbit",18],["david-allison",23],["dorrin-sot",13],["BrayanDSO",21],["Jatin887",9],["n1snt",14],["mikehardy",18]],"2022-06":[["Arthur-Milchior",26],["dae",12],["prateek-singh-3212",14],["lukstbit",16],["mikehardy",25],["dorrin-sot",16],["divyansh-dxn",13],["david-allison",29],["BrayanDSO",18],["oyeraghib",12]],"2022-07":[["Arthur-Milchior",20],["david-allison",19],["oakkitten",13],["prateek-singh-3212",12],["oyeraghib",12],["mikehardy",19],["lukstbit",18],["divyansh-dxn",15],["dorrin-sot",12],["BrayanDSO",17]],"2022-08":[["divyansh-dxn",16],["mikehardy",23],["lukstbit",21],["oakkitten",10],["david-allison",32],["ShridharGoel",10],["prateek-singh-3212",28],["Arthur-Milchior",26],["BrayanDSO",25],["dae",18]],"2022-09":[["criticalAY",12],["david-allison",26],["viciousAegis",13],["ShridharGoel",13],["dae",13],["oakkitten",13],["lukstbit",18],["BrayanDSO",21],["Arthur-Milchior",25],["mikehardy",19],["divyansh-dxn",20]],"2022-10":[["divyanshdxn",15],["oakkitten",23],["mikehardy",23],["pratyaksh1610",8],["david-allison",14],["ShridharGoel",11],["criticalAY",13],["dae",7],["n1snt",9],["lukstbit",13],["Prince-kushwaha",7],["oyeraghib",7],["BrayanDSO",15],["Arthur-Milchior",25]],"2022-11":[["SanjaySargam",14],["criticalAY",16],["mikehardy",20],["BrayanDSO",14],["Arthur-Milchior",21],["oakkitten",24],["david-allison",12],["lukstbit",17],["prateek-singh-3212",22]],"2022-12":[["TimSta82",6],["criticalAY",15],["user1823",6],["Prince-kushwaha",7],["RobozinhoD",6],["snowtimeglass",8],["Sagar0-0",7],["lukstbit",12],["dae",7],["pratyaksh1610",8],["mikehardy",14],["n1snt",6],["BrayanDSO",16],["oakkitten",11],["SanjaySargam",6]],"2023-01":[["oyeraghib",5],["lonewolf2208",4],["criticalAY",11],["user1823",4],["david-allison",11],["soCallmeAdityaKumar",6],["elliotcathcart",4],["Ash-2k3",6],["karthik-anand",4],["PratyushSingh07",4],["abhi-kr-2100",4],["pratyaksh1610",6],["ParthTagalpallewar",5],["SanjaySargam",6],["ShridharGoel",6],["dae",4],["oakkitten",9],["n1snt",8],["lukstbit",9],["BrayanDSO",18],["Alpaca131",4],["RobozinhoD",6],["Sagar0-0",4],["snowtimeglass",5],["Arthur-Milchior",6]],"2023-02":[["LCB2021029-Badri",5],["n1snt",5],["dae",6],["david-allison",30],["criticalAY",14],["Arthur-Milchior",8],["BrayanDSO",17],["abhi835",5],["oakkitten",15],["snowtimeglass",6],["Prince-kushwaha",5],["zaidazaize",8],["lukstbit",8],["mikehardy",18],["PalashKohli007",5],["RobozinhoD",8]],"2023-03":[["lukstbit",11],["mikehardy",16],["yellowjello",6],["pratyaksh1610",9],["david-allison",17],["criticalAY",11],["SanjaySargam",9],["Arthur-Milchior",13],["snowtimeglass",6],["oakkitten",11],["BrayanDSO",15],["naong",6],["RobozinhoD",6]]}