{"2015-01":[["gmail.com","7"]],"2015-02":[["gmail.com","4"],["kerrickstaley.com","1"],["googlemail.com","1"]],"2015-03":[["gmail.com","10"],["googlemail.com","1"],["tcd.ie","1"]],"2015-04":[["gmail.com","5"],["inf.ufsm.br","1"],["xvid.org","1"],["kerrickstaley.com","1"]],"2015-05":[["gmail.com","3"],["waymate.de","1"],["wlk.de","1"],["allryder.com","1"]],"2015-06":[["gmail.com","5"],["inf.ufsm.br","1"],["googlemail.com","1"],["wlk.de","1"]],"2015-07":[["gmail.com","4"],["xiangji.me","1"],["cs.ucsd.edu","1"]],"2015-08":[["gmail.com","4"]],"2015-09":[["gmail.com","4"],["wlk.de","1"]],"2015-10":[["gmail.com","5"]],"2015-11":[["gmail.com","7"],["cloudbasesolutions.com","1"],["googlemail.com","1"],["tthias.eu","1"]],"2015-12":[["gmail.com","6"]],"2016-01":[["gmail.com","7"]],"2016-02":[["gmail.com","5"]],"2016-03":[["gmail.com","7"],["","1"],["johnluebs.com","1"],["googlemail.com","1"],["embermitre.com","1"],["users.noreply.github.com","1"]],"2016-04":[["gmail.com","6"],["embermitre.com","1"],["users.noreply.github.com","1"]],"2016-05":[["gmail.com","6"],["","1"]],"2016-06":[["gmail.com","6"]],"2016-07":[["gmail.com","4"]],"2016-08":[["gmail.com","4"]],"2016-09":[["pleco.com","2"],["gmail.com","1"]],"2016-10":[["gmail.com","6"]],"2016-11":[["gmail.com","3"],["xmine128.tk","1"],["ya.ru","1"]],"2016-12":[["gmail.com","3"],["iankelling.org","1"]],"2017-01":[["gmail.com","5"]],"2017-02":[["gmail.com","4"]],"2017-03":[["gmail.com","8"],["googlemail.com","1"],["web.de","1"]],"2017-04":[["gmail.com","1"]],"2017-06":[["gmail.com","1"]],"2017-07":[["gmail.com","3"],["dxzone.com.ar","1"],["live.cn","1"]],"2017-08":[["gmail.com","3"]],"2017-09":[["gmail.com","3"],["gmx.de","1"],["nutomic.com","1"],["centrum.cz","1"],["users.noreply.github.com","1"]],"2017-10":[["profpatsch.de","1"]],"2017-11":[["gmail.com","3"],["users.noreply.github.com","2"],["flande.re","1"],["protonmail.ch","1"]],"2017-12":[["gmail.com","2"],["users.noreply.github.com","2"],["mikehardy.net","1"]],"2018-01":[["mikehardy.net","1"]],"2018-02":[["mikehardy.net","1"]],"2018-03":[["mikehardy.net","1"],["gmail.com","1"],["outlook.com","1"]],"2018-04":[["mikehardy.net","2"],["gmail.com","2"]],"2018-05":[["gmail.com","3"],["kieranclancy.com","1"],["mikehardy.net","1"],["users.noreply.github.com","1"]],"2018-06":[["mikehardy.net","1"],["gmail.com","1"]],"2018-07":[["gmail.com","3"],["mikehardy.net","1"]],"2018-08":[["mikehardy.net","1"]],"2018-09":[["mikehardy.net","1"],["gmail.com","1"]],"2018-10":[["xsmail.com","1"],["mikehardy.net","1"],["gmail.com","1"]],"2018-11":[["gmail.com","2"],["mikehardy.net","1"],["dependabot.com","1"],["outlook.com","1"]],"2018-12":[["mikehardy.net","1"],["gmail.com","1"]],"2019-01":[["","1"],["xsmail.com","1"],["mikehardy.net","1"],["gmail.com","1"]],"2019-02":[["gmail.com","3"],["mikehardy.net","1"],["dependabot.com","1"]],"2019-03":[["gmail.com","2"],["mikehardy.net","1"],["dm-poepperl.de","1"],["users.noreply.github.com","1"]],"2019-04":[["dependabot.com","2"],["feelslikeburning.com","1"],["gmail.com","1"]],"2019-05":[["gmail.com","2"],["mikehardy.net","1"],["dependabot.com","1"]],"2019-06":[["gmail.com","4"],["mailbox.org","1"],["leo.gaspard.ninja","1"],["protonmail.com","1"],["mikehardy.net","1"],["feelslikeburning.com","1"]],"2019-07":[["gmail.com","6"],["users.noreply.github.com","1"]],"2019-08":[["gmail.com","4"],["mikehardy.net","1"],["live.com","1"]],"2019-09":[["gmail.com","7"],["bytehamster.com","1"],["users.noreply.github.com","1"]],"2019-10":[["gmail.com","6"],["Milchior.fr","2"],["users.noreply.github.com","1"]],"2019-11":[["gmail.com","2"],["mikehardy.net","1"],["protonmail.com","1"],["feelslikeburning.com","1"],["Milchior.fr","1"],["users.noreply.github.com","1"]],"2019-12":[["gmail.com","4"],["users.noreply.github.com","2"],["mikehardy.net","1"],["milchior.fr","1"],["Seratos-MBP.fritz.box","1"],["pablode.com","1"]],"2020-01":[["gmail.com","4"],["users.noreply.github.com","2"],["Milchior.fr","1"]],"2020-02":[["gmail.com","4"],["polsource.com","1"],["mikehardy.net","1"],["Milchior.fr","1"]],"2020-03":[["gmail.com","4"],["users.noreply.github.com","4"],["milchior.fr","2"],["mikehardy.net","1"],["Milchior.fr","1"],["modanese.net","1"]],"2020-04":[["users.noreply.github.com","4"],["gmail.com","2"],["yahoo.com","1"],["mikehardy.net","1"],["Milchior.fr","1"],["xiaomi.com","1"]],"2020-05":[["users.noreply.github.com","5"],["gmail.com","2"],["Milchior.fr","2"],["mikehardy.net","1"],["yandex.ru","1"],["web.de","1"],["orionhealth.com","1"]],"2020-06":[["users.noreply.github.com","8"],["mikehardy.net","2"],["gmail.com","2"],["Milchior.fr","1"],["soprasteria.com","1"],["kalehmann.de","1"]],"2020-07":[["users.noreply.github.com","3"],["gmail.com","2"],["mikehardy.net","1"],["Milchior.fr","1"]],"2020-08":[["Milchior.fr","4"],["users.noreply.github.com","3"],["gmail.com","2"],["mikehardy.net","1"],["ankidroid.org","1"]],"2020-09":[["users.noreply.github.com","6"],["Milchior.fr","3"],["mikehardy.net","1"]],"2020-10":[["users.noreply.github.com","8"],["Milchior.fr","4"],["gmail.com","2"],["google.com","1"]],"2020-11":[["users.noreply.github.com","9"],["vade.io","1"],["mikehardy.net","1"],["Milchior.fr","1"]],"2020-12":[["users.noreply.github.com","4"],["gmail.com","3"],["mikehardy.net","2"],["Milchior.fr","1"],["Michaels-MacBook-Pro.local","1"]],"2021-01":[["Milchior.fr","4"],["gmail.com","1"],["users.noreply.github.com","1"]],"2021-02":[["users.noreply.github.com","4"],["Milchior.fr","1"],["regolo.cc","1"]],"2021-03":[["gmail.com","17"],["users.noreply.github.com","8"],["Milchior.fr","5"],["mikehardy.net","3"],["qq.com","1"],["ankiweb.net","1"],["ankidroid.org","1"]],"2021-04":[["users.noreply.github.com","17"],["gmail.com","11"],["Milchior.fr","8"],["mikehardy.net","2"],["outlook.com","1"]],"2021-05":[["gmail.com","9"],["mikehardy.net","5"],["users.noreply.github.com","3"],["Milchior.fr","2"],["cis.asu.edu.eg","1"]],"2021-06":[["users.noreply.github.com","12"],["Milchior.fr","5"],["ankidroid.org","2"],["gmail.com","1"],["regolo.cc","1"]],"2021-07":[["users.noreply.github.com","15"],["gmail.com","2"]],"2021-08":[["users.noreply.github.com","12"],["gmail.com","5"],["mikehardy.net","1"],["milchior.fr","1"]],"2021-09":[["users.noreply.github.com","7"],["gmail.com","3"],["guardsquare.com","1"]],"2021-10":[["gmail.com","9"],["users.noreply.github.com","7"]],"2021-11":[["users.noreply.github.com","8"],["gmail.com","5"],["regolo.cc","1"],["milchior.fr","1"]],"2021-12":[["gmail.com","10"],["users.noreply.github.com","1"]],"2022-01":[["users.noreply.github.com","9"],["gmail.com","6"]],"2022-02":[["users.noreply.github.com","14"],["gmail.com","4"],["vmware.com","1"]],"2022-03":[["users.noreply.github.com","27"],["gmail.com","5"],["milchior.fr","2"],["gmx.de","1"]],"2022-04":[["users.noreply.github.com","44"],["gmail.com","5"]],"2022-05":[["users.noreply.github.com","27"],["gmail.com","4"],["milchior.fr","1"]],"2022-06":[["users.noreply.github.com","14"],["gmail.com","4"],["hotmail.com","1"],["milchior.fr","1"],["ankiweb.net","1"]],"2022-07":[["users.noreply.github.com","10"],["gmail.com","8"],["ankiweb.net","4"]],"2022-08":[["users.noreply.github.com","17"],["gmail.com","11"],["hotmail.com","1"],["regolo.cc","1"],["milchior.fr","1"],["ankiweb.net","1"]],"2022-09":[["users.noreply.github.com","18"],["gmail.com","7"],["yandex.ru","1"],["ankiweb.net","1"],["outlook.com","1"]],"2022-10":[["gmail.com","16"],["users.noreply.github.com","13"],["milchior.fr","6"]],"2022-11":[["gmail.com","15"],["users.noreply.github.com","6"],["regolo.cc","1"],["milchior.fr","1"]],"2022-12":[["users.noreply.github.com","15"],["gmail.com","9"],["ankiweb.net","2"],["hotmail.com","1"],["mytum.de","1"],["googlemail.com","1"]],"2023-01":[["users.noreply.github.com","17"],["gmail.com","3"],["ankidroid.org","2"],["milchior.fr","1"]],"2023-02":[["users.noreply.github.com","33"],["gmail.com","8"],["mikehardy.net","1"]],"2023-03":[["users.noreply.github.com","25"],["milchior.fr","1"]]}