{"2015-01":["agrueneberg","hssm","chajadan","timrae"],"2015-02":["ospalh","kerrickstaley"],"2015-03":["eginhard","abvanpelt","nobnago","federvieh","jshevek"],"2015-04":["pi2te4","brunodea"],"2015-05":["sdoward","wlky"],"2015-07":["stream101","x-ji"],"2015-11":["bogdanteleaga","mawis"],"2016-01":["rvanprehn","johndem","arooooon"],"2016-02":["jvanprehn"],"2016-03":["musilto7","johnjohndoe","kelciour","jkl1337","Glutanimate","marcardar","rubyu"],"2016-04":["katrinleinweber"],"2016-05":["rabinv","PSeitz"],"2016-06":["madhead"],"2016-09":["elkmovie"],"2016-11":["alexander255","dmitry-timofeev"],"2016-12":["ian-kelling","reinert"],"2017-02":["artsakenos"],"2017-03":["mooingcat","fi3te","orolle","bexsadirov","snowtimeglass"],"2017-07":["dequis","cydia2020"],"2017-08":["jkennethcarino"],"2017-09":["Nutomic","llunak","rillig","isseis","bresan"],"2017-10":["Profpatsch"],"2017-11":["wsmigaj","LePlatos","thomasrebele","tsudoko","JLRishe"],"2017-12":["dae","LeopoldKellers","mikehardy"],"2018-03":["JordanCleeve"],"2018-05":["vrublack","AustinHasten","werkn","kieranclancy"],"2018-07":["Nubbify"],"2018-10":["lucwastiaux"],"2018-11":["jgscherber"],"2019-01":["andersan"],"2019-02":["ChrisPWill"],"2019-03":["ykgmfq","Styrke","Vlad-Shcherbina"],"2019-04":["adamwolf","fajarnuha"],"2019-06":["Overflow0xFFFF","malnvenshorn","Ekleog"],"2019-07":["Anthropos888","maxily"],"2019-08":["Kartikkman","AssassinRain","friederbluemle"],"2019-09":["martindisch","pablode","ByteHamster","ARR8"],"2019-10":["stephankn","snoyes","pkubowicz","danosl","Arthur-Milchior"],"2019-12":["tda1009","Rapptz","agentydragon"],"2020-01":["moqi-Git"],"2020-02":["correia55","warzecham"],"2020-03":["draeklae","Kyrielight","sudomain","krmanik","david-allison"],"2020-04":["Alyxvance","landinggao"],"2020-05":["Kubo2","Arthus","mrozigor","RSBat","jianersswlq"],"2020-06":["tobrie","coma123","kalehmann","Sc-Weng","Jennifer202006","dgeranton"],"2020-08":["lukstbit","unusualstranger"],"2020-09":["cristiangreco"],"2020-10":["abdnh","Volfee","anadi198","mare5x","KieranBrannigan","TacoTheDank","jdpopkin"],"2020-11":["bguneys","oakkitten","alexanderadam","hgiesel"],"2020-12":["TKGZ","mseh1128"],"2021-03":["AyaanJaved","Vaibhavi1707","HuixingWong","mrudultora","imaryandokania","Arnold2381","2tanayk","kartikeysaran","LittleFish33","Abanoub-Asaad","bhatushar","TarekkMA","haran2248","JG916","Ekagra","NicoWeio","almas33","aflah02","prateek-singh-3212","4D17Y4","Akshay0701","ritvij14"],"2021-04":["ShridharGoel","vinishhub","tanmayChakrawarty","farjadilyas","dorrin-sot","Mohaned-Elfeky","bhamrickatmills","nicdard","tapish2000","m4r4c00ch0","kuroni","iamvs-2002","shobhi1310","rodrigo-sp17","mk-94"],"2021-05":["yasin459","Peyman-hme","AlexApps99"],"2021-06":["ThoreBor","vbh","TheItsyBitsySpider"],"2021-07":["bobiverse333","tomorekoya"],"2021-08":["huenical"],"2021-09":["titze","pratik2315"],"2021-10":["codingtosh","AnAndroidOne"],"2021-11":["vp-98","sethbuchinger","thevar2002"],"2021-12":["dikshamalik2552","souravmunjal"],"2022-01":["AayushSolanki","lowwor","fred-sab","raddi1972","puranjayK"],"2022-02":["BrayanDSO","murugu-21","viciousAegis","smasher816"],"2022-03":["divyanshdxn","TheScriptan","justdvnsh","tharun634","kilitr","jimrod942","ken1000minus7","akarsh1263","Prince-kushwaha","DeepanshuPratik","BishyanKar","anamansari062","oyeraghib"],"2022-04":["islam-yousry","Umesh-01","allisonbickford","UvrajSB","gpauer","s-deepak-kumar","RogerDTZ","sauravrao637","Yugal41735","Kshitij09","Jatin887","Tinkidinki","winstoncooke","Propo41","Abhiram-DLVSS","shubham419","Sustech-yx","raymondwzeng"],"2022-05":["n1snt","siddharthsingh025","MrPenguins","Elizalll"],"2022-06":["nathannaveen","suman-somu"],"2022-07":["shaiguelman"],"2022-08":["jaivsh","pratyaksh1610","shivam-2701","KendallPark","adizcode","criticalAY","yshubham8419","bennettj12"],"2022-09":["JalinWang","sparkyniner","RobozinhoD"],"2022-10":["indyfromoz","PotatoPresident","Kenny50","alyoshenka","curche","Marius1501","sudhanshu1309","liutng","TomerPacific","Subhadiptech"],"2022-11":["SanjaySargam","jaohara"],"2022-12":["jeremyxarcher","KeysGilbert","TimSta82"],"2023-01":["parthn2","lonewolf2208","Alpaca131","soCallmeAdityaKumar"],"2023-02":["narendraanjana09","yamanq","zaidazaize","Aditya-gupta99","abhi835","adityarai004","PalashKohli007","Ash-2k3","error96num"],"2023-03":["LL3006","Aditya13s","doozan","naong"]}