{"2015-01":[["vbagirov",11.18],["Alex-302",10.68],["ameshkov",8.19]],"2015-02":[["vbagirov",11.4],["Alex-302",9.27],["ameshkov",3.87],["gshumihin",1.41]],"2015-03":[["vbagirov",10.25],["Alex-302",10.05],["ameshkov",3],["adguard",2.45],["palytsh",2.45]],"2015-04":[["vbagirov",11.96],["Alex-302",11.14],["adguard",8.72]],"2015-05":[["Alex-302",10.63],["vbagirov",9.49],["adguard",9.33],["Fot0n",1.73]],"2015-06":[["Alex-302",8.66],["vbagirov",8.49],["adguard",4.36]],"2015-07":[["Alex-302",8.89],["vbagirov",8.83],["adguard",5.29],["ameshkov",5.1],["Embos",4.58]],"2015-08":[["Alex-302",7.35],["vbagirov",7.28],["ameshkov",4.58],["Embos",3.61],["gshumihin",1.73],["DmitriyYukhanov",1.41]],"2015-09":[["Alex-302",10.54],["Bohdan-SUP",9.38],["ameshkov",7.55],["vbagirov",6.24],["gshumihin",2.83],["Kima0384",1.41],["confessor-adguard",1.41],["delixyr",1],["TPS",1],["Nick-SUP",1]],"2015-10":[["Alex-302",10.3],["ameshkov",8.12],["vbagirov",7.81],["Bohdan-SUP",7.48],["TPS",4],["timbojangles",1.73],["gshumihin",1.73],["Fot0n",1.41],["rxorz",1],["delixyr",1],["Revertron",1]],"2015-11":[["Alex-302",12],["ameshkov",11.36],["vbagirov",8.25],["evgeniy-ADG",7.07],["Bohdan-SUP",6.56],["M-w-N",3],["gshumihin",1.73],["Fot0n",1.73],["Aokromes",1.41],["rxorz",1.41],["TPS",1.41]],"2015-12":[["Alex-302",16.82],["evgeniy-ADG",14.49],["ameshkov",14.25],["vbagirov",9.54],["Bohdan-SUP",7.14],["Embos",5.29],["TPS",4],["Aokromes",3.87],["amourchaleur",3],["corvo7",1.41],["Vincent-Michael",1.41],["rxorz",1]],"2016-01":[["Alex-302",19.8],["evgeniy-ADG",16.28],["ameshkov",9],["Vincent-Michael",7.28],["Bohdan-SUP",7.07],["vbagirov",6.56],["Aokromes",4.58],["drugoisport",2.45],["gshumihin",2.24],["PaulMarkey1",2],["TPS",1.73],["Hrti",1.41],["Fot0n",1.41],["amourchaleur",1.41],["skrivskithar",1.41],["Crash0w3r",1],["corvo7",1]],"2016-02":[["Alex-302",20],["evgeniy-ADG",16.31],["Bohdan-SUP",12.04],["Vincent-Michael",11.4],["ameshkov",7.87],["vbagirov",6.4],["Serzh-SUP",5.48],["Aokromes",2.83],["johnathonm1981",2.24],["Buratino22",2],["Vad1us",1.73],["khalidsmbzu",1.73],["rayman3003",1.73],["dtitbd",1.73],["Ordos-hoka",1.41],["onega",1.41],["vozersky",1.41],["paskardv",1.41],["Dariamag",1.41],["temptestfree",1],["Alex1188",1],["imzod",1]],"2016-03":[["Alex-302",20],["evgeniy-ADG",16.12],["Vincent-Michael",11.27],["Bohdan-SUP",9.54],["Serzh-SUP",5.74],["ameshkov",4.9],["Embos",4.9],["vbagirov",4.9],["vozersky",4.12],["shurmosha",4],["oktaysar16",3.32],["worldsdream",2.45],["gps22",2.24],["a-ladanov",2],["TPS",1.73],["blackzigong",1.41],["teca4ek",1.41],["jo2dan23",1.41],["rxorz",1]],"2016-04":[["Alex-302",16.97],["evgeniy-ADG",13.38],["Bohdan-SUP",11.31],["Vincent-Michael",6.24],["ameshkov",5.74],["vbagirov",5.48],["Serzh-SUP",5.48],["vozersky",5.1],["tjpixes",3.74],["worldsdream",3.16],["a-ladanov",2.45],["dtitbd",2],["crawlingroof",1.73],["TPS",1.73],["dartrax",1.41],["macrovijay",1.41],["28Black",1],["tester031",1],["Revertron",1],["oktaysar16",1]],"2016-05":[["evgeniy-ADG",16.22],["Alex-302",15.59],["Bohdan-SUP",10.2],["ameshkov",4.8],["vozersky",4],["Serzh-SUP",3.87],["aiv3006",3.61],["tiberian83",3.61],["vgavrish",3.16],["Vincent-Michael",2.83],["spectrenik",2.83],["ayratus",2.65],["vbagirov",2.65],["tester031",2.24],["dtitbd",1.73],["Hobbix",1.73],["tjpixes",1.41],["Katakikuto",1.41],["TPS",1.41],["Hawkrus",1.41],["ziandzivan",1.41],["oahon",1.41],["BusterN",1.41],["Revertron",1],["Skychko",1],["YavorAatanasov",1],["a-ladanov",1],["a-talanov",1],["Nanografon",1],["worldsdream",1]],"2016-06":[["Alex-302",21.02],["evgeniy-ADG",13.64],["thislife81",11.83],["Bohdan-SUP",8.77],["vgavrish",8.43],["Serzh-SUP",6.24],["ameshkov",6.08],["vozersky",5.92],["tiberian83",4.9],["worldsdream",4.58],["TPS",3.46],["Vincent-Michael",3.32],["vbagirov",3.16],["Hawkrus",3.16],["Joss",2.45],["a-ladanov",2.45],["tbcam88",2.24],["shaurmanchic",2.24],["Katakikuto",1.41],["PUKALO228",1.41],["Aokromes",1.41],["gvanosch12",1.41],["Alexey71",1.41],["MartinGuayOTT",1.41],["spectrenik",1.41],["Stillness-2",1.41],["ajnao",1.41],["MuneebAhmedZia1",1]],"2016-07":[["Alex-302",19.77],["evgeniy-ADG",18.08],["thislife81",9.8],["vgavrish",8.94],["ameshkov",7.35],["worldsdream",7.07],["vozersky",5.83],["Serzh-SUP",4.36],["cabban",4.12],["Bohdan-SUP",3.74],["gwasz",3.32],["Hawkrus",3.32],["Fridrix",3.16],["shaurmanchic",3.16],["Vincent-Michael",3.16],["tbcam88",3],["vbagirov",2],["al-muftah",2],["Alexeygw",1.73],["zakusko",1.73],["tiberian83",1.73],["mmigi",1.41],["petarster",1.41],["jakop345",1.41],["jlinn75",1],["floam",1],["TPS",1],["ryanbr",1],["ketchup48",1]],"2016-08":[["Alex-302",20.74],["evgeniy-ADG",16.06],["vgavrish",9.27],["thislife81",8.66],["ameshkov",7],["rajatmathurs",6.24],["vozersky",4.8],["worldsdream",4.69],["Serzh-SUP",4.58],["Bohdan-SUP",4.58],["The-Commissioner",4.12],["heru12343",4],["Fridrix",3.61],["vbagirov",3.16],["Hawkrus",2.83],["kaskurkada",2.83],["Aokromes",2.65],["aefimov69",2.45],["Freeglobe",2.24],["aypetrov",2.24],["floam",2],["tbcam88",1.73],["locusathome",1.73],["rayman3003",1.73],["gwarser",1.41],["Vincent-Michael",1.41],["a-ladanov",1.41],["shurmosha",1.41],["gwasz",1.41],["drakulaboy",1.41],["TPS",1.41],["Alexey71",1.41],["mmigi",1],["duvanr",1],["2286",1],["PeterDeKeer",1],["jlinn75",1],["gshumihin",1],["maciboy",1]],"2016-09":[["Alex-302",19.05],["evgeniy-ADG",14.46],["Bohdan-SUP",8.31],["ministr91",7.35],["rajatmathurs",6.24],["thislife81",5.74],["ameshkov",5.39],["GSM789",4.69],["vgavrish",4.69],["Serzh-SUP",4.12],["Fridrix",3.87],["nucle0us",3.46],["vozersky",3.32],["MrTal",3.16],["Hawkrus",3],["heru12343",3],["Vincent-Michael",2],["xxcriticxx",2],["marc134",2],["rayman3003",1.73],["tbcam88",1.73],["astudnev",1.73],["duvanr",1.73],["mksy",1.41],["Fisch231",1.41],["vbagirov",1.41],["dentra",1.41],["Alekseyghub",1.41],["Seko33",1.41],["F4z",1],["worldsdream",1],["gshumihin",1],["Rbuha",1],["mmigi",1],["Lolitka50",1],["Freeglobe",1]],"2016-10":[["Alex-302",19.13],["vgavrish",10.91],["evgeniy-ADG",10.2],["danidoedel",9.7],["Bohdan-SUP",8.31],["Serzh-SUP",6.78],["shurmosha",6.48],["jo2dan23",5.57],["Fridrix",5.57],["ameshkov",3.87],["MrTal",3.74],["paskardv",3.61],["vozersky",3.32],["vbagirov",3],["a-ladanov",2.83],["The-Commissioner",2.65],["MarkoXD",2.65],["ministr91",2.65],["gunners91",2.65],["Yana-SUP",2.24],["rayman3003",2.24],["krzysior78",2],["seanl-adg",2],["onega",2],["southwestvinyl",1.73],["SKAT-Krd",1.73],["Sirse",1.73],["dtitbd",1.73],["Vincent-Michael",1.73],["osxdoc",1.41],["gshumihin",1.41],["bfell",1.41],["Tetiana2020",1.41],["SlowMemory",1.41],["jerryn70",1.41],["Nemo005",1],["Alexeygw",1]],"2016-11":[["Alex-302",20.66],["evgeniy-ADG",13],["danidoedel",12.21],["vgavrish",11.58],["Tetiana2020",6.93],["Serzh-SUP",5.74],["osavranska",5.39],["ayratus",5.29],["ameshkov",5.29],["thislife81",5.2],["vbagirov",4.69],["Bluscream",4.47],["seanl-adg",4.24],["MrTal",4.12],["jo2dan23",3.46],["zebrum",3.32],["odudnyk",3.32],["dzamyshlyayeva",3.16],["Bohdan-SUP",3],["ministr91",2.83],["Pavliknemorozov",2.65],["orgempire",2.65],["str1k3r",2.45],["Vincent-Michael",2.24],["gshumihin",2.24],["Smorvel",2.24],["oxavor",2],["a-ladanov",2],["TPS",1.73],["Autoplayhater5",1.73],["vvgnovanet",1.73],["jerryn70",1.73],["Yana-SUP",1.73],["liangshengzero",1.41],["dtitbd",1.41],["gpioneer",1.41],["Pavluha72",1.41],["XX-J",1.41],["paskardv",1.41],["worldsdream",1.41],["Joss",1.41],["MarkoXD",1.41],["reuveng60",1],["vozersky",1],["spchtr",1],["SBI-boy",1]],"2016-12":[["Alex-302",22.14],["danidoedel",12.57],["evgeniy-ADG",12.04],["vgavrish",11.53],["osavranska",9.75],["Tetiana2020",7.28],["ministr91",6.08],["ameshkov",5.92],["zebrum",5],["Yana-SUP",5],["vbagirov",4.69],["tagataho",4],["jo2dan23",3.74],["seanl-adg",3.61],["Vincent-Michael",3.46],["dzamyshlyayeva",3.46],["Serzh-SUP",3],["Bluscream",3],["Bohdan-SUP",2.83],["HanabishiRecca",2.65],["vozersky",2.65],["rayman3003",2.65],["MarkoXD",2.65],["oxavor",2.45],["taylortracey",2.45],["Usmanov-Alesher",2.45],["a-ladanov",2.45],["XX-J",2.45],["dtitbd",2.45],["flydvorkin",2.45],["acidpiro",2.24],["F4z",2],["GSM789",2],["m-emelchenkov",2],["paskardv",2],["drugoisport",2],["TomCruiseXZ",2],["Mrathe",1.73],["LeshaYulin",1.73],["thislife81",1.73],["docgaurav",1.73],["TommiHynynen",1.73],["Pavliknemorozov",1.73],["odudnyk",1.73],["cabban",1.41],["staryob",1.41],["JayBrown",1.41],["vmalyuta",1.41],["ploum",1.41],["Arnoud-B",1],["Smorvel",1],["rhett121",1],["TPS",1],["jesusc31",1],["Aokromes",1],["juvander",1],["Xophile",1],["mmigi",1]],"2017-01":[["Alex-302",21.63],["danidoedel",15.26],["evgeniy-ADG",13.04],["vgavrish",10.54],["osavranska",8.66],["ameshkov",6.78],["seanl-adg",5.83],["tagataho",5.57],["zebrum",4.24],["Losinsky",4],["ankitkumarbh",4],["vbagirov",3.74],["Tetiana2020",3.61],["vmalyuta",3.32],["Yana-SUP",3.16],["seba2282",2.83],["TomCruiseXZ",2.83],["snhv",2.65],["Bluscream",2.65],["jesusc31",2.65],["Darina655",2.65],["Bubu92",2.65],["MaksymilianWars",2.45],["oprotsyk",2.45],["ministr91",2.45],["MrTal",2.45],["dtitbd",2.45],["Pavluha72",2.45],["vozersky",2.24],["inazarab",2.24],["Smorvel",2],["jo2dan23",2],["Vincent-Michael",2],["xxcriticxx",2],["natalysk",2],["CaesarRulezzz",2],["GigabitEthernet",1.73],["nightmaar",1.73],["sostostg",1.73],["hmage",1.41],["iPlachetka",1.41],["junknunk",1.41],["drugoisport",1],["mmigi",1],["Jessblog",1],["Bohdan-SUP",1],["Fla73",1]],"2017-02":[["Alex-302",18.57],["evgeniy-ADG",13.34],["danidoedel",10.2],["vmalyuta",5.83],["KozelElena",5.66],["Bohdan-SUP",5.57],["Yana-SUP",5.2],["jo2dan23",4.8],["seanl-adg",4.8],["ameshkov",4.47],["zebrum",4.36],["oprotsyk",4.36],["hal109",3.87],["ministr91",3.74],["DopeUnicorn",3.46],["Michael23456",3.46],["Tetiana2020",3.32],["vozersky",3.32],["dzamyshlyayeva",3.16],["koshol",2.83],["kaskurkada",2.83],["uBlock-user",2.65],["maciboy",2.65],["getnaked",2.45],["Smorvel",2.45],["seba2282",2.45],["Darina655",2.24],["githupper",2.24],["MrTal",2.24],["vbagirov",2],["zum348",2],["tagataho",2],["ericmol",1.73],["Losinsky",1.73],["ankitkumarbh",1.73],["heubergen",1.73],["thislife81",1.73],["ghajini",1.73],["sostostg",1.73],["Bushido1",1.73],["davidXire",1.41],["Pavluha72",1.41],["xxcriticxx",1.41],["Davidthatis",1.41],["MarkoXD",1.41],["a-ladanov",1.41],["bfell",1.41],["TomCruiseXZ",1.41],["JohanLlerena",1.41],["F4z",1],["staniki",1],["tbcam88",1],["elaur",1],["vvgnovanet",1],["osxdoc",1]],"2017-03":[["Alex-302",18.65],["evgeniy-ADG",12.04],["OlegSUP",7.75],["jo2dan23",6.56],["dzamyshlyayeva",6.24],["KozelElena",5.66],["vmalyuta",5.66],["Yana-SUP",5.66],["Michael23456",5.29],["seanl-adg",5.2],["ameshkov",5.1],["zebrum",5],["Darina655",4.8],["deLumren",4.12],["Bohdan-SUP",4],["ministr91",3.46],["cicku",3.16],["Bluscream",3.16],["hal109",3.16],["shurmosha",2.83],["mo0424",2.83],["vbagirov",2.83],["ghajini",2.65],["gvanosch12",2.45],["TPS",2.45],["vozersky",2.45],["MaximvsStorm",2.24],["bigdargon",2.24],["holz75",2],["Bubu92",2],["The-Commissioner",2],["odinb",2],["hmage",2],["koshol",2],["sergerosenthaler",2],["jesusc31",1.73],["akidox",1.73],["DopeUnicorn",1.41],["alvussar",1.41],["DanIbba",1.41],["ramitefikov",1.41],["Autoplayhater5",1.41],["nkartyshov",1],["mmigi",1],["tagataho",1],["worstperson",1],["Smorvel",1],["atropnikov",1],["Leethemore",1],["staniki",1],["ArleneDe",1],["JohanLlerena",1],["MarkoXD",1],["F4z",1]],"2017-04":[["Alex-302",17.94],["evgeniy-ADG",8.43],["vmalyuta",7.48],["KozelElena",7.35],["ameshkov",7.07],["ministr91",7.07],["deLumren",5.57],["zebrum",5.39],["Michael23456",5.29],["dzamyshlyayeva",5.2],["seanl-adg",5.1],["OlegSUP",5],["Yana-SUP",4.58],["Darina655",4.47],["danidoedel",4],["vozersky",3.87],["zolpar",3.46],["FireEmerald",3.32],["veronikasav",2.83],["jo2dan23",2.65],["shurmosha",2.45],["tagataho",2.24],["Bohdan-SUP",2.24],["Bluscream",2],["ghajini",2],["gilutu",1.73],["opiumozor",1.73],["Mizzick",1.73],["Ksenija-K",1.41],["Autoplayhater5",1.41],["YoKoGFX",1.41],["sostostg",1.41],["vbagirov",1.41],["juvander",1.41],["Vincent-Michael",1.41],["snhv",1.41],["MacFlurry",1.41],["sergeymakinen",1.41],["JonasNo",1],["Rugesor",1],["heckslam",1],["gotitbro",1],["JohanLlerena",1],["Tomi78",1],["newmediacrew",1],["xhamid",1],["mmigi",1],["bigdargon",1],["F4z",1],["Astuser",1],["sdHfsd3",1]],"2017-05":[["Alex-302",19.54],["danidoedel",12.77],["veronikasav",10],["evgeniy-ADG",7.81],["Michael23456",7],["vmalyuta",6.93],["ameshkov",6.56],["KozelElena",6.4],["aksyonova",5.48],["OlegSUP",5.39],["dzamyshlyayeva",5.2],["seanl-adg",5.1],["zebrum",4.47],["altokarev",4.47],["ministr91",4],["ypetruk",3.87],["gvanosch12",3.32],["zolpar",3.16],["ghajini",3.16],["sonuwip",3.16],["tonino98",2.65],["vbagirov",2.65],["TPS",2.24],["adadimovda",2.24],["Yana-SUP",2.24],["Bluscream",2.24],["vtargonskyi",2],["decouxe",2],["pak1507",2],["hoonkai",2],["jo2dan23",2],["fixitplease",2],["theseba988",2],["vozersky",2],["jkljklhhjkjlhghjgjhghjg",2],["GigabitEthernet",1.73],["dlc2149",1.73],["gorhill",1.73],["F4z",1.73],["MikeKasp",1.73],["uBlock-user",1.73],["carlylemiii",1.41],["sostostg",1.41],["Fot0n",1.41],["Bohdan-SUP",1.41],["iluhin51",1.41],["iregados",1.41],["Tomi78",1.41],["shurmosha",1.41],["zoodkool",1.41],["ImConi",1.41],["opark",1.41],["engelhro",1.41],["9iky6",1.41],["knekrasova",1.41],["MrTal",1.41],["lencc",1.41],["Demonic16",1],["joeb666",1],["Arnoud-B",1],["Wawrzyniec-Pruski",1],["TommiHynynen",1],["IvanIin",1],["AndyFresh",1]],"2017-06":[["Alex-302",18.41],["danidoedel",16.73],["veronikasav",8.72],["AdamWr",8.66],["seanl-adg",8.06],["ministr91",8],["ypetruk",7.48],["Michael23456",6.71],["ameshkov",6.56],["kbahlyk",6.24],["dzamyshlyayeva",5.92],["vmalyuta",5.57],["aksyonova",5.1],["KozelElena",5],["altokarev",4.8],["RobynScore",4],["TPS",3.74],["Juev",3.61],["sandybeachit",3.32],["ProfTimeLord",3.32],["evgeniy-ADG",3.16],["jo2dan23",3.16],["vozersky",3],["Mizzick",2.45],["adbario",2.45],["vbagirov",2.45],["Mav3r1x",2.24],["seba2282",2.24],["zebrum",2],["JayBrown",2],["YOWTechGuy",2],["Andrey168",2],["shuhengtseng",2],["inazarab",2],["latrekc",2],["abejfehr",1.73],["wormax1",1.73],["snufas",1.73],["staniki",1.73],["doctorwizz",1.73],["Janne152",1.41],["Vlazzz",1.41],["fixitplease",1.41],["mmigi",1.41],["zolpar",1.41],["Artemkiin",1.41],["miguedevel",1.41],["gvanosch12",1.41],["KimchaC",1.41],["rbeznosko-sya",1.41],["OlegSUP",1.41],["gorhill",1.41],["kryoz",1.41],["Yana-SUP",1.41],["pguliaiev-syp",1.41],["K-os",1],["Bohdan-SUP",1],["linaspasv",1],["TomCruiseXZ",1],["jus7forfun",1],["gotitbro",1],["Stillness-2",1],["MikeKasp",1],["F4z",1]],"2017-07":[["danidoedel",19.34],["Alex-302",19.24],["AdamWr",13.53],["thislife81",11.31],["ypetruk",9.22],["veronikasav",8],["seanl-adg",7.87],["evgeniy-ADG",7.62],["dzamyshlyayeva",7.55],["kbahlyk",6.08],["ministr91",5.74],["ameshkov",5.57],["altokarev",5.1],["The-Commissioner",5],["vishchakl",4.24],["ghajini",4],["qsoptiker",3.74],["aksyonova",3.46],["MrTal",3.16],["AdguardHelper",3.16],["hal109",3],["OlegSUP",3],["gvanosch12",2.83],["worldsdream",2.83],["bendingtime",2.83],["umetzu",2.45],["Artemkiin",2.45],["ProfTimeLord",2.45],["MisterAugust",2.45],["vozersky",2.45],["JayBrown",2.24],["hoonkai",2.24],["dtitbd",2.24],["seba2282",2],["Mav3r1x",2],["Yana-SUP",2],["a-ladanov",2],["KozelElena",2],["jonbeebe",1.73],["zero77",1.73],["md1986",1.73],["RobynScore",1.73],["libertate",1.73],["AtHoS-HUN",1.73],["BernardL66",1.41],["vitbortnik",1.41],["Anoop2609",1.41],["invictus889",1.41],["heubergen",1.41],["Xottab-DUTY",1.41],["biomednet",1.41],["Rostov114",1.41],["AdsReport",1.41],["TemaZosin",1.41],["jspenguin2017",1.41],["Bohdan-SUP",1],["vbagirov",1],["wormax1",1],["FlamingApelsin",1],["gotitbro",1],["sealucky7",1],["Klimfedyakin",1]],"2017-08":[["Alex-302",22.16],["danidoedel",21.05],["AdamWr",17.61],["thislife81",13.19],["evgeniy-ADG",12.41],["Adguarder",12.41],["veronikasav",11],["FadeMind",10.44],["ypetruk",10.05],["vitbortnik",7.35],["ministr91",7.21],["ameshkov",5.2],["altokarev",5.1],["ghajini",4.58],["GigabitEthernet",4.36],["seanl-adg",4],["vozersky",3.16],["jefrey1f",3.16],["MrTal",3.16],["vbagirov",2.83],["vitalkanev",2.83],["Bohdan-SUP",2.83],["zebrum",2.83],["highglossy",2.83],["seba2282",2.65],["cicku",2.65],["pro100Hub",2.65],["Xophile",2.65],["im3or",2.45],["theBeautifier",2.24],["whynotnow2",2.24],["Madentist",2],["JayBrown",2],["XX-J",2],["anarki999",2],["uysct",2],["Yana-SUP",2],["dreamresh",1.73],["windseery",1.73],["staniki",1.73],["xhamid",1.73],["BioBrayan",1.73],["betterwebleon",1.73],["Snake87r",1.41],["darkulish",1.41],["wolfissimo",1.41],["Anoop2609",1.41],["inna13",1.41],["Alexey71",1.41],["varunyadavalladi",1.41],["florisvlasveld",1.41],["kovalenkoi",1.41],["justinmayer",1.41],["MajkiIT",1.41],["iverkhohliad",1.41],["hmage",1],["dimisa-RUAdList",1],["Senpos",1],["AtHoS-HUN",1],["k1M1zzz",1],["mmigi",1]],"2017-09":[["Alex-302",19.24],["evgeniy-ADG",15.56],["AdamWr",14.66],["danidoedel",13.96],["veronikasav",11.14],["iverkhohliad",10.49],["FadeMind",6.93],["ameshkov",6.24],["Smorvel",5.92],["XX-J",5.39],["darkulish",5],["zero77",4.58],["vitbortnik",4.47],["ministr91",4.24],["ypetruk",4.24],["vitalkanev",3.87],["pjgufqgs",3.74],["mapx-",3.46],["MrTal",3.32],["zebrum",2.83],["lancelot-moon",2.65],["ghajini",2.65],["The-Commissioner",2.45],["adguard-bot",2.45],["vozersky",2.24],["Camis",2.24],["Adguarder",2.24],["altokarev",2.24],["yeahyinhao",2],["wellser",2],["gorhill",2],["Yulia-ADG",2],["vbagirov",2],["Hawkrus",1.73],["whatup7890",1.73],["ForumDyskusyjne",1.73],["seanl-adg",1.73],["syabro",1.73],["Bluscream",1.73],["theBeautifier",1.73],["THEtomaso",1.73],["miguedevel",1.73],["Mizzick",1.73],["Europanda",1.41],["kfur",1.41],["BooBerry",1.41],["Yana-SUP",1.41],["ManGravityR",1.41],["Ezmez",1.41],["PappanDin",1.41],["magnuswd",1.41],["jdpg2",1.41],["aiv3006",1.41],["sdfasdfgawe456h4356",1.41],["thislife81",1.41],["decouxe",1.41],["liyangadsl",1.41],["Artemkiin",1.41],["gurjit420",1.41],["gotitbro",1.41],["Bohdan-SUP",1.41],["mmigi",1],["Coldorak",1],["gmarcher",1],["mikhaelkh",1],["jefrey1f",1],["highglossy",1],["happysurf",1],["rnr222",1],["docgaurav",1],["sergeyvdovareize",1],["marco-sorich",1],["jspenguin2017",1],["uBlock-user",1]],"2017-10":[["Alex-302",16.7],["adguard-bot",14.07],["AdamWr",13.93],["danidoedel",13.3],["evgeniy-ADG",11.18],["iverkhohliad",8.25],["veronikasav",8.19],["Klimfedyakin",7.28],["ashvets-sup",6.48],["ministr91",5.48],["ameshkov",4.8],["XX-J",4.69],["FadeMind",4.36],["seba2282",4.36],["zebrum",4],["vitalkanev",3.74],["vbagirov",3.61],["vitbortnik",3.46],["sergii333",2.83],["Alexey71",2.83],["noorbertt",2.65],["vozersky",2.65],["darkulish",2.45],["aawilson",2.45],["Vincent-Michael",2.24],["catshitz",2],["d7th",2],["Yulia-ADG",2],["altokarev",2],["vardan1988",1.73],["aadguard",1.73],["gagabs",1.73],["ghajini",1.73],["GitCartel",1.73],["theBeautifier",1.73],["TPS",1.73],["ZeroDot1",1.73],["im3or",1.73],["hugobuddel",1.41],["fortmbTV",1.41],["Fot0n",1.41],["Mizzick",1.41],["carlylemiii",1.41],["THEtomaso",1.41],["Smorvel",1.41],["webstudia",1.41],["Yana-SUP",1.41],["adbuker",1.41],["AdKiller",1.41],["mat41997",1.41],["ArnaudB88",1.41],["sxp200422",1.41],["wang8850",1],["Globulopolis",1],["JayBrown",1],["andreastjerry",1],["gvanosch12",1],["Hawkrus",1],["Bohdan-SUP",1]],"2017-11":[["adguard-bot",32.85],["Alex-302",22.09],["AdamWr",15.87],["evgeniy-ADG",9.17],["danidoedel",9.17],["iverkhohliad",7],["FadeMind",6.4],["lancelot-moon",5.83],["ameshkov",4.69],["veronikasav",4.47],["ashvets-sup",4.36],["ministr91",4.12],["vozersky",3.46],["bkrcrc",3.32],["vitalkanev",3.32],["sc0rp10",3.16],["Xellor",3],["vitbortnik",2.83],["vbagirov",2.83],["Noisia12",2.83],["zebrum",2.83],["paskardv",2.65],["YoKoGFX",2.65],["LaxusiC",2.65],["antdude",2.45],["HatsanK",2.45],["JayBrown",2.45],["miraj85s",2.24],["getnaked",2.24],["JasSmiths",2.24],["carlylemiii",2],["Smorvel",2],["Yana-SUP",2],["ElctrShck",1.73],["W-S-K",1.73],["zhene4ka-by",1.73],["theBeautifier",1.73],["bpartridge",1.73],["XX-J",1.73],["Slavka88",1.73],["kao-was-here",1.73],["dkalive2017",1.73],["alvussar",1.41],["ckaracaoglu",1.41],["xapdkop",1.41],["GollyJer",1.41],["kavehch",1.41],["dtitbd",1.41],["Superkloton",1.41],["saravanakumar1",1.41],["biomednet",1.41],["miguedevel",1.41],["im3or",1.41],["jccall80",1.41],["yous",1.41],["seanl-adg",1.41],["zloyden",1],["altokarev",1],["bigdargon",1],["zovihuxij",1],["Bobby-BG",1],["opav",1],["lazyb5",1],["justforadblock",1],["gvanosch12",1],["BooBerry",1]],"2017-12":[["adguard-bot",47.07],["Alex-302",24.17],["AdamWr",18.08],["BlazDT",14.63],["Nzzyme",12.77],["danidoedel",6.16],["zovihuxij",6],["evgeniy-ADG",5.74],["lancelot-moon",5.74],["PentagramTr",5.1],["ameshkov",5.1],["zloyden",5],["iverkhohliad",4.69],["Big-U-Boss",4.58],["bkrucarci",4.36],["vozersky",4.24],["Uralets",4.24],["zhene4ka-by",3.74],["FadeMind",3.61],["bigdargon",3.46],["Noisia12",3.46],["athek",3.32],["LaxusiC",3.32],["ministr91",3.16],["Nile2020",3.16],["Smorvel",3.16],["akmAa",3.16],["veronikasav",3],["bconskri",3],["seanl-adg",2.83],["miraj85s",2.83],["Superkloton",2.65],["Fantom1010",2.65],["dzamyshlyayeva",2.65],["vitalkanev",2.65],["Vitalik93",2.65],["zebrum",2.65],["Uralets",2.45],["sergunchik25",2.45],["altokarev",2.45],["moraks",2.45],["TomCruiseXZ",2.24],["pasharm",2.24],["worldsdream",2],["XX-J",2],["mat41997",2],["miguedevel",2],["Lexx3",2]],"2018-01":[["adguard-bot",57.25],["Alex-302",21.68],["BlazDT",20.49],["AdamWr",20],["Nzzyme",7.62],["evgeniy-ADG",6.32],["danidoedel",5.74],["akmLaVx",5.66],["ameshkov",5],["Asssaaa",4.47],["FadeMind",4.24],["XX-J",4],["Big-U-Boss",3.87],["ministr91",3.87],["worldsdream",3.61],["Shapsuo",3.61],["densik3799",3.61],["lancelot-moon",3.61],["PentagramTr",3.46],["bkrucarci",3.46],["zebrum",3.32],["cemasri",3.16],["missyoselin1",3.16],["max33es",2.83],["gvanosch12",2.83],["Noisia12",2.83],["zero77",2.65],["veronikasav",2.65],["vitalkanev",2.65],["Smorvel",2.65],["vozersky",2.45],["testrow2",2.45],["cabban",2.45],["moraks",2.45],["anewuser",2.24],["carlylemiii",2.24],["lost2020",2.24],["ogpvp",2.24],["TesterMan247",2.24],["fireincairo00",2],["KonoromiHimaries",2],["enes92",2],["Tariqzm",2],["ClassicUA",2],["zloyden",2],["LaxusiC",2],["Snake87r",2]],"2018-02":[["adguard-bot",61.73],["Alex-302",25.94],["BlazDT",21.66],["AdamWr",16.22],["zebrum",9.11],["Nzzyme",8],["danidoedel",6.71],["akmLaVx",6.32],["ameshkov",5.39],["XX-J",5.1],["evgeniy-ADG",4.69],["adreporter01",4.69],["missyoselin1",4.24],["Big-U-Boss",4],["JayBrown",3.74],["cemasri",3.74],["PentagramTr",3.61],["ScochRu",3.61],["densik3799",3.61],["kamso5499",3.61],["syokkendesuyo",3.46],["InvestmasterGroup",3.32],["worldsdream",2.83],["jayvdb",2.83],["cardi7",2.83],["Zodxes",2.83],["fireincairo00",2.65],["razzor1984",2.65],["diomed",2.65],["Fantom1010",2.65],["jineshpatel30",2.65],["alpfrog",2.45],["oleedd",2.45],["kujibka1",2.45],["ORI123456",2.24],["gvanosch12",2.24],["Donbass-Group",2.24],["Smorvel",2.24],["ferym",2],["Tariqzm",2],["hant0508",2],["AlexWolf77",2],["FadeMind",2]],"2018-03":[["adguard-bot",63.51],["Alex-302",30.27],["BlazDT",17.94],["AdamWr",17.92],["Nzzyme",9.33],["zebrum",8],["akmLaVx",6.48],["ameshkov",4.8],["lancelot-moon",4.8],["Vasya317",4.69],["evgeniy-ADG",4.58],["danidoedel",4.36],["PentagramTr",4.24],["aiv3006",4.24],["oleedd",4.12],["Emberquake",4],["THEtomaso",3.74],["Bushido1",3.61],["Noisia12",3.32],["XX-J",3.16],["OpenBSD-Neurotik",3.16],["estevanearmando",3.16],["ministr91",3],["bigdargon",3],["InvestmasterGroup",3],["DragoSk",2.83],["vozersky",2.65],["foogauzie",2.45],["GuardianMajor",2.45],["Kucyc",2.45],["sam20e",2.45],["Andrew-SPb",2.24],["dreamresh",2.24],["Tariqzm",2.24],["onewhowalkedalone",2.24],["Raavizz",2.24],["adreporter01",2.24],["Big-U-Boss",2.24],["TesterMan247",2.24],["SeriousHoax",2],["Basic-income",2],["planet0",2],["KonoromiHimaries",2],["zloyden",2],["sergunchik25",2],["Nampdth",2],["alan-gor",2],["yng12",2],["milano331",2],["missyoselin1",2],["a-ladanov",2],["JayBrown",2]],"2018-04":[["adguard-bot",54.59],["Alex-302",24.9],["BlazDT",20.37],["AdamWr",16.19],["Nzzyme",8.89],["Eugene-Savenko",4.8],["ILikePlayingGames",4.36],["gvanosch12",4.24],["TesterMan247",3.87],["Big-U-Boss",3.61],["lancelot-moon",3.61],["adreporter01",3.32],["PentagramTr",3.32],["oleedd",3.16],["ameshkov",3.16],["densik3799",3.16],["TheHasagi",3],["beeshyams",3],["XX-J",3],["carlylemiii",2.65],["worldsdream",2.45],["COOLak",2.45],["VicktoriaF",2.45],["lost2020",2.45],["Fantom1010",2.45],["Nampdth",2.45],["LASuspect",2.45],["gotitbro",2.45],["SheepKid12",2.45],["akmLaVx",2.45],["vozersky",2.24],["ScochRu",2.24],["ozzzzzy",2.24],["planet0",2.24],["danidoedel",2.24],["FadeMind",2.24],["bjm234",2],["dokdotexe",2],["leninalbertolp",2],["HanabishiRecca",2],["zebrum",2],["maxxx",2]],"2018-05":[["adguard-bot",61.64],["Alex-302",25.4],["BlazDT",22.07],["AdamWr",15.56],["TheHasagi",8.54],["Big-U-Boss",8.37],["Nzzyme",6.16],["PentagramTr",5],["IronDadTX",4.12],["Standad",4],["oleedd",3.74],["accountforadg",3.61],["Rakleed",3.46],["adreporter01",3.46],["them1212",3.46],["danidoedel",3.16],["ameshkov",3.16],["lancelot-moon",3],["pratomoastan",2.83],["vozersky",2.83],["Eugene-Savenko",2.83],["davidhedlund",2.83],["lost2020",2.83],["susanin39",2.65],["zebrum",2.65],["costashu",2.45],["morgenstern72",2.45],["FadeMind",2.45],["v0te",2.45],["ReyCobin",2.45],["SheepKid12",2.24],["Fabian42",2.24],["mrtarlan",2.24],["beeshyams",2.24],["Noisia12",2.24],["zloyden",2.24],["Magicdwarf",2.24],["gvanosch12",2.24],["TesterMan247",2],["ozzzzzy",2],["Konecos",2],["yochananmarqos",2],["superlex",2],["sers88",2],["Vov-etc",2],["Bo98",2],["PoRtvine",2]],"2018-06":[["adguard-bot",61.73],["Alex-302",25.69],["BlazDT",22.02],["AdamWr",13.75],["Big-U-Boss",6.24],["TheHasagi",6.24],["Nzzyme",6.08],["ameshkov",5],["them1212",4.69],["Standad",4.58],["zebrum",4],["mrtarlan",3.87],["umaxx83",3.46],["Satarasiel",3.46],["TesterMan247",3.46],["lancelot-moon",3.32],["worldsdream",3.32],["Sorrovv",3.32],["danidoedel",3.32],["zefwef",3.16],["PentagramTr",3.16],["shinshineboy",3.16],["XX-J",3],["proy87",3],["sergunchik25",3],["SheepKid12",2.65],["mercadanteus",2.65],["morgenstern72",2.65],["AivaLight",2.45],["Eugene-Savenko",2.45],["paskardv",2.45],["RichRatsch",2.24],["sewahohlik",2.24],["xpy22",2.24],["Alexey71",2.24],["andreapx",2.24],["Xophile",2.24],["vozersky",2.24],["Rakleed",2.24],["lost2020",2.24],["GitCartel",2.24],["dnmTX",2],["ORI123456",2],["Alatau",2],["zovihuxij",2]],"2018-07":[["adguard-bot",58.38],["Alex-302",24.33],["BlazDT",21.4],["AdamWr",13.38],["Nzzyme",9],["Big-U-Boss",7],["PentagramTr",5.48],["TheHasagi",5.48],["danidoedel",5.48],["XX-J",4.9],["zebrum",4.24],["them1212",4.12],["lost2020",3.61],["metaxaos",3.46],["Standad",3.32],["lancelot-moon",3.16],["ministr91",3],["adranger",3],["oleedd",2.83],["SheepKid12",2.65],["ameshkov",2.65],["JonnyRedHed",2.65],["Jasontech100",2.65],["seba2282",2.45],["ImIthiliel",2.45],["Will0376",2.45],["THEtomaso",2.24],["levonder",2.24],["Zyxelman",2.24],["bug-killer",2.24],["4-life",2.24],["Eugene-Savenko",2.24],["ozzzzzy",2.24],["nikanorov",2.24],["SioGabx",2.24],["Feralspower",2],["zefwef",2],["MatzFan",2],["16437801",2],["max33es",2],["paul970005",2],["AlexMarken",2],["TesterMan247",2],["Badi993",2]],"2018-08":[["adguard-bot",54.13],["Alex-302",23.32],["BlazDT",21.21],["AdamWr",13.49],["Nzzyme",9.8],["TheHasagi",8.25],["rajatmathurs",7.75],["oleedd",6.78],["lancelot-moon",6.08],["THEtomaso",4.58],["danidoedel",4.12],["PentagramTr",3.87],["aiv3006",3.32],["adranger",3.16],["MrTal",3],["Adelina7",3],["Djek3",2.83],["ORI123456",2.83],["Myosin-X",2.45],["TheToolGuy",2.45],["kadirgun",2.45],["linuxpng",2.45],["OnTheRocksBrew",2.24],["TesterMan247",2.24],["cesiumaurum",2.24],["ishkval",2.24],["Big-U-Boss",2.24],["XX-J",2],["sergunchik25",2],["toroboro9",2],["spodermenpls",2],["MHzsz",2],["ialexsilva",2],["dollhouserules",2],["qweered",2],["FadeMind",2],["Eugene-Savenko",2]],"2018-09":[["adguard-bot",56.77],["Alex-302",21.91],["BlazDT",19.05],["AdamWr",16.28],["TheHasagi",6.93],["Nzzyme",6.24],["oleedd",6.08],["Tariqzm",4.8],["lancelot-moon",3.87],["lost2020",3.61],["Big-U-Boss",3.61],["ameshkov",3.46],["XX-J",3.46],["them1212",3.32],["dnmTX",3.16],["im3or",3],["ClassicUA",3],["adranger",2.83],["rajatmathurs",2.83],["tbcam88",2.83],["XemorDio",2.65],["dujlowskij",2.65],["Soheil777",2.45],["ozzzzzy",2.45],["Eugene-Savenko",2.45],["ravenaus",2.45],["kaznovac",2.24],["d-j-a",2.24],["DandelionSprout",2.24],["pvz77",2.24],["TesterMan247",2.24],["dfmcvn",2.24],["AntonMenshickov",2.24],["Dmitriusan",2.24],["DeHaos",2.24],["16437801",2],["danidoedel",2],["swapnilshashank",2],["netofrombrazil",2],["MelkMRka",2],["zebrum",2],["THEtomaso",2]],"2018-10":[["adguard-bot",60.24],["Alex-302",23.43],["AdamWr",16.82],["BlazDT",13.38],["bogachenko",11.36],["krystian3w",9.22],["TheHasagi",8],["XX-J",5],["kujibka1",4.58],["Nzzyme",4.58],["lancelot-moon",4.12],["THEtomaso",4],["lost2020",4],["PentagramTr",3.74],["ameshkov",3.74],["shurmosha",3.46],["NUser2018",3.32],["Smorvel",3.32],["Tariqzm",3.16],["TesterMan247",3],["Mezito80",2.83],["d7th",2.83],["moraks",2.65],["zebrum",2.65],["oleedd",2.45],["MagnaMess",2.45],["Big-U-Boss",2.45],["Rakleed",2.45],["adranger",2.45],["karina-archazh",2.24],["them1212",2.24],["Dalnoboy",2.24],["miraj85s",2.24],["aiv3006",2],["alvussar",2],["T1mbo",2],["ng4ever",2],["beeflin",2],["isswp101",2]],"2018-11":[["adguard-bot",58.1],["Alex-302",22.63],["AdamWr",13.08],["krystian3w",12.61],["slavaleleka",10.91],["BlazDT",8.31],["Nzzyme",6.78],["accountforadg",5.92],["TheHasagi",5.83],["bogachenko",5.66],["AlexeyBelyaev79",5.29],["PentagramTr",5],["besonov",4.24],["oleedd",4.12],["XX-J",4],["lost2020",3.61],["in4u",3.46],["Y2Kot",3.32],["SpiritusVeriitas",3.16],["adranger",3],["thunderresistant",2.83],["ameshkov",2.83],["The-Filter-Guy",2.83],["Bubu92",2.83],["The-Filter-guy",2.65],["T1mbo",2.65],["THEtomaso",2.65],["lancelot-moon",2.65],["tester031",2.65],["MrTal",2.65],["zloyden",2.45],["densik3799",2.45],["zzebrum",2.24],["aaaxx",2.24],["Dodgexander",2.24],["prashantoshi123",2.24],["gogobey",2.24],["Pierre7855",2],["Dyzcroll",2],["moraks",2],["Smorvel",2],["danidoedel",2],["JayBrown",2],["Fabian42",2],["shurmosha",2],["karina-archazh",2]],"2018-12":[["adguard-bot",55.61],["Alex-302",23.77],["slavaleleka",13.34],["AdamWr",12.21],["BlazDT",10.95],["TheHasagi",10.86],["random438795983475",9.11],["Nzzyme",8.54],["krystian3w",8.06],["THEtomaso",6.71],["lancelot-moon",5.57],["densik3799",5.48],["accountforadg",4.47],["FadeMind",4],["Eugene-Savenko",3.61],["adranger",3.46],["oleedd",3.46],["MrTal",3.16],["PentagramTr",3],["Serega5j",2.83],["Fabian42",2.83],["shurmosha",2.65],["blackstone250",2.65],["Rakleed",2.45],["Big-U-Boss",2.45],["hawkeye116477",2.24],["salam2009",2.24],["ArenaL5",2],["dorlev2",2],["thunderresistant",2],["sergsinger",2],["DandelionSprout",2],["redpay",2]],"2019-01":[["adguard-bot",52.13],["Alex-302",19.36],["slavaleleka",16.12],["AdamWr",13.23],["krystian3w",10.95],["adranger",7.35],["Nzzyme",6.78],["oleedd",5.2],["TheHasagi",5.2],["PentagramTr",5.1],["BlazDT",5],["FadeMind",4.9],["THEtomaso",4.36],["Big-U-Boss",4.24],["DmitriyVelichko",3.74],["Rakleed",3.32],["lost2020",3.16],["hid3nax",3.16],["BioVenomGaming",3],["sschmiedleitner",3],["Djaler",2.83],["danidoedel",2.83],["lancelot-moon",2.65],["bogachenko",2.65],["Bluscream",2.45],["vivshah56",2.45],["MrTal",2.45],["Alexey71",2.24],["AlexMarken",2.24],["silat",2.24],["Chetan7575",2.24],["domebacsi",2],["rajbirs1973",2],["sergsinger",2],["eldervamp",2],["JayBrown",2],["Alexeyushko",2],["ozzzzzy",2],["enduser1",2]],"2019-02":[["adguard-bot",55.19],["slavaleleka",25.69],["Alex-302",23.37],["AdamWr",15.87],["krystian3w",8.72],["oleedd",8.25],["adranger",7.94],["BlazDT",7.21],["PentagramTr",6.32],["danidoedel",5.48],["seba2282",5.1],["TheHasagi",5.1],["lancelot-moon",4.9],["Nzzyme",4.8],["Big-U-Boss",4.36],["shurmosha",4.24],["FadeMind",4],["Pierre7855",4],["sergsinger",3.61],["Rakleed",3.16],["Eugene-Savenko",3],["16437801",3],["vivshah56",3],["THEtomaso",2.83],["kulfoon",2.83],["en57001",2.83],["XX-J",2.65],["sraduga",2.65],["unknowtech",2.65],["ClassicUA",2.45],["domebacsi",2.45],["C-500",2.24],["Neur0toxine",2.24],["tbcam88",2.24],["UtkuGARIP",2],["sschmiedleitner",2],["spodermenpls",2],["TesterMan247",2],["SeriousHoax",2],["r1235613",2],["accountforadg",2],["angelboy65",2]],"2019-03":[["adguard-bot",65.66],["Alex-302",19.75],["slavaleleka",19.49],["AdamWr",14.63],["BlazDT",10.82],["krystian3w",7.94],["adranger",7.14],["Nzzyme",7],["TheHasagi",6.48],["seba2282",6.08],["Big-U-Boss",5.66],["dnmTX",5.48],["shurmosha",5.2],["PentagramTr",4.24],["vavasik007",4],["bogachenko",3.87],["lancelot-moon",3.74],["danidoedel",3.74],["oleedd",3.74],["akmLaVx",3.61],["sergsinger",3.46],["XX-J",3.32],["F3000",3.16],["domebacsi",3],["THEtomaso",3],["Disqu3-mirOir-qt",3],["accountforadg",3],["densik3799",2.83],["aiv3006",2.45],["mimo2003moh",2.45],["iDjay",2.45],["ameshkov",2.24],["ghajini",2.24],["GauthierPLM",2],["adran06",2],["kulfoon",2],["Hey6666",2],["InBlis",2]],"2019-04":[["adguard-bot",60.96],["Alex-302",17.52],["slavaleleka",17.44],["BlazDT",16],["AdamWr",15.49],["krystian3w",8.25],["adranger",7.42],["Big-U-Boss",5.92],["shurmosha",5.83],["lancelot-moon",5.57],["sergsinger",4.8],["MrTal",4.36],["seba2282",4],["PentagramTr",3.46],["bogachenko",3.46],["Chinaski1",3.16],["minanagehsalalma",3],["azurerush93",3],["Nzzyme",2.83],["fireincairo00",2.83],["lost2020",2.65],["snhv",2.65],["iDjay",2.45],["XX-J",2.45],["lcadguard",2.45],["discusssth",2.45],["hawkeye116477",2.45],["mimo2003moh",2.24],["THEtomaso",2.24],["girod2033",2.24],["densik3799",2],["Fabian42",2],["user874569",2],["TesterMan247",2],["GauthierPLM",2],["alfs123",2],["akmLaVx",2]],"2019-05":[["adguard-bot",60.73],["AdamWr",18.63],["Alex-302",12.73],["BlazDT",8.54],["krystian3w",8.54],["slavaleleka",7],["adranger",6.24],["bogachenko",6.16],["FadeMind",6.16],["seba2282",5.39],["oleedd",4.24],["geniusb",4],["XX-J",3.87],["AndroidDeveloperLB",3.87],["BONE65",3.74],["PentagramTr",3.61],["MrTal",3.46],["Nzzyme",3.46],["DragoSk",3.16],["lost2020",3.16],["16437801",3],["T3rm1",3],["mimo2003moh",3],["agentsonny",2.65],["minanagehsalalma",2.65],["Rakleed",2.45],["Chinaski1",2.45],["Big-U-Boss",2.45],["danidoedel",2.24],["JulioQc",2.24],["saynotoid",2.24],["a-ladanov",2.24],["sergsinger",2.24],["Krizzii",2.24],["Smorvel",2.24],["ozzzzzy",2.24],["n0w4y",2],["TPS",2]],"2019-06":[["adguard-bot",59.2],["Alex-302",22.45],["zloyden",17.69],["AdamWr",15.36],["BlazDT",15.26],["bogachenko",8.83],["krystian3w",8.43],["slavaleleka",7.81],["Chinaski1",7.48],["PentagramTr",7.28],["FadeMind",6],["terlan2",6],["seba2282",4.36],["adranger",4.24],["XX-J",4.24],["Nzzyme",4.24],["Hafidzgtg",4.24],["Smorvel",4.24],["skri56",3.87],["einsteinbqat",3.74],["Rakleed",3],["Big-U-Boss",3],["densik3799",3],["SeriousHoax",2.45],["misc-activities",2.45],["enduser1",2.45],["zer212112",2.45],["lost2020",2.45],["ameshkov",2.45],["davide0xA0",2.45],["akmLaVx",2.24],["U-siro",2.24],["MrTal",2.24],["Alfana",2.24],["THEtomaso",2.24],["IlyaSochinskij",2],["16437801",2],["ozzzzzy",2],["lancelot-moon",2],["thislife81",2],["a-ladanov",2],["KAMiKAZOW",2],["mKrishan95",2]],"2019-07":[["adguard-bot",59.9],["Alex-302",39.57],["zloyden",33.08],["tvinzz",26.13],["BlazDT",23.71],["AdamWr",17.75],["slavaleleka",16.58],["Chinaski1",11.09],["Spok1",10.44],["krystian3w",7.94],["PentagramTr",7.21],["oleedd",6.86],["LucasDiTomase",6.16],["Hafidzgtg",6.08],["adranger",5.74],["FadeMind",5.2],["Rakleed",5.1],["worldsdream",4.9],["THEtomaso",4.58],["Ditinex-ru",3.32],["bestpika",3.32],["akmLaVx",3.16],["einsteinbqat",3.16],["myungou",3],["XX-J",3],["Eugene-Savenko",3],["gurgun-dayioglu",3],["mimo2004moh",3],["lancelot-moon",2.83],["RefexHD",2.83],["danidoedel",2.65],["ChimpuFernandez",2.65],["bogachenko",2.65],["Nzzyme",2.45],["vladislavignatyev",2.45],["rayman3003",2.45],["JonnyRedHed",2.45],["ameshkov",2.24],["lost2020",2.24],["paradonym",2.24],["mKrishan95",2],["Sergess01",2],["miraj85s",2],["terlan2",2],["gingfre",2],["MikeGolden",2],["NikolayPetyukh",2],["TheHasagi",2],["bigdargon",2]],"2019-08":[["adguard-bot",62.76],["zloyden",33.87],["Alex-302",33.42],["tvinzz",19.08],["BlazDT",17.61],["AdamWr",15.23],["slavaleleka",13.08],["LucasDiTomase",11],["krystian3w",10.68],["adranger",7.75],["Chinaski1",6.86],["Nzzyme",5.74],["oleedd",5.1],["Mihvad",5],["TheHasagi",4.69],["PentagramTr",4.58],["lost2020",4.47],["VivaLaVidaValeVoua",4.47],["gsk-jp",4.36],["16437801",3.87],["TesterMan247",3.87],["krotelot",3.61],["Quorum75",3.46],["seba2282",3.46],["Hafidzgtg",3.46],["Spok1",3.32],["Vasya317",3.16],["XX-J",2.83],["kkoss",2.83],["pradorocchi",2.83],["worldsdream",2.83],["ao-ku",2.65],["NUser2018",2.65],["poganytamastsys",2.65],["them1212",2.65],["Koruy",2.65],["rohithpr",2.65],["Suultaann",2.65],["docontrol",2.45],["WhiteLotus77",2.45],["DPRReborn",2.45],["wernser412",2.45],["FadeMind",2.45],["Ditinex-ru",2.45],["jbionic2016",2.24],["decagon82",2.24],["ghajini",2.24],["danidoedel",2.24],["gingfre",2.24],["boog9",2.24],["3xploiton3",2],["Renalrazi",2],["Eugene-Savenko",2],["Smorvel",2],["lancelot-moon",2],["akmLaVx",2],["doctor-who1",2],["ameshkov",2],["mishey22",2],["JayBrown",2],["mrkwnzl",2],["e-shl",2],["Algarciacon",2],["vcrtech",2]],"2019-09":[["adguard-bot",59.62],["zloyden",34.18],["Alex-302",27.93],["AdamWr",19.62],["BlazDT",17.86],["krystian3w",9.8],["slavaleleka",9.49],["tvinzz",9.27],["Chinaski1",8.49],["adranger",7.48],["PentagramTr",6],["worldsdream",4.47],["VivaLaVidaValeVoua",4.24],["wernser412",4.12],["Nzzyme",3.87],["accountforadg",3.87],["Hafidzgtg",3.74],["deadlyshadow79",3.61],["zubrRB",3.46],["XX-J",3.46],["Eugene-Savenko",3.16],["oleedd",3.16],["RobertDunbar",3],["NUser2018",3],["seba2282",3],["16437801",2.83],["Rakleed",2.83],["dresden-source",2.83],["5mooc4",2.83],["ameshkov",2.65],["Superkloton",2.65],["DandelionSprout",2.65],["alibaba25",2.45],["AlexanderVPavlov",2.45],["Spok1",2.45],["JonnyRedHed",2.45],["mgl1",2.45],["mapx-",2.45],["dimisa-RUAdList",2.24],["tamibi",2.24],["akmLaVx",2.24],["mihapain1",2.24],["lancelot-moon",2.24],["gingfre",2],["lost2020",2],["kujibka1",2],["TesterMan247",2],["sergsinger",2],["Camo55",2],["azazelo37",2],["Koruy",2],["dreamresh",2],["jbionic2016",2]],"2019-10":[["adguard-bot",61.77],["zloyden",29.9],["Alex-302",28.79],["AdamWr",22.58],["BlazDT",15.07],["krystian3w",11.31],["adranger",8.6],["Chinaski1",8.37],["slavaleleka",7.14],["tvinzz",6.32],["tamibi",5],["XX-J",4.9],["FadeMind",4.69],["deletescape",4.36],["Koruy",4.36],["lost2020",4.24],["itsBarhamK",4.12],["Nzzyme",4],["Vikingaw",4],["zubrRB",3.46],["PentagramTr",3.32],["Camo55",3.32],["KABOUOBU",3.16],["Eugene-Savenko",3],["Hafidzgtg",3],["skh1995328",2.83],["mitorez",2.83],["accountforadg",2.65],["Lana321",2.65],["Rakleed",2.65],["seba2282",2.65],["bit15",2.65],["WoodpeckerBaby",2.65],["ArturasRa",2.45],["lucelem",2.45],["THEtomaso",2.24],["llaeda",2.24],["them1212",2.24],["ameshkov",2.24],["cerniavski",2.24],["d0x360",2.24],["TshuW",2.24],["mmeepp",2],["worldsdream",2],["MagnaMess",2],["3xploiton3",2],["tomcrossi",2],["hassanseoul123",2],["wowiwam",2],["Theitfixer85",2],["TechnoStone",2],["yourduskquibbles",2],["maej20",2],["Danishuser",2],["ghajini",2],["uservictor",2],["miraj85s",2],["pyatov975",2],["MinIsMin",2],["dzid26",2]],"2019-11":[["adguard-bot",65.03],["Alex-302",30.35],["AdamWr",23.11],["zloyden",19.65],["BlazDT",19.36],["Sergey-Lyapin",13.42],["krystian3w",9.17],["Chinaski1",8.25],["accountforadg",6.78],["tvinzz",6.32],["Spok1",5.74],["Nzzyme",5.74],["PentagramTr",5.29],["slavaleleka",5.2],["adranger",5.1],["wernser412",4.8],["Koruy",4.58],["sergsinger",4.47],["FinderID",4.24],["ubogomol",4.24],["FadeMind",4],["razz100",3.74],["worldsdream",3.74],["zubrRB",3.74],["Ferekikoo",3.61],["mrlk7878",3.46],["Rakleed",3.32],["lost2020",3.16],["Smorvel",3.16],["jbionic2016",3],["3xploiton3",3],["lancelot-moon",3],["densik3799",2.83],["mimo2004moh",2.83],["guidomazzone",2.83],["yourduskquibbles",2.83],["webmastak",2.65],["ameshkov",2.65],["Joecarnivorous",2.65],["DandelionSprout",2.65],["vlepeshev",2.45],["ColDINSiDEE",2.45],["kriegaex",2.45],["BALTAGY",2.45],["gituska",2.45],["Eugene-Savenko",2.45],["YASINEDr",2.45],["Niush",2.45],["justinliao7928",2.45],["Azertixe",2.45],["THEtomaso",2.24],["griffineyes",2.24],["TesterMan247",2.24],["Ekaterina-po",2.24],["Tim0fei",2.24],["SeriousHoax",2.24],["MHzsz",2.24],["jputting",2.24],["bogachenko",2],["bit15",2],["bigdargon",2],["Techguyprivate",2],["Mindzipper",2],["vijayinvites",2],["dommilosz",2],["snhv",2],["Xazmah",2],["vladislavignatyev",2],["Pashkens",2]],"2019-12":[["adguard-bot",61.82],["Alex-302",27.17],["Sergey-Lyapin",21.12],["AdamWr",20.71],["zloyden",19],["BlazDT",15.56],["PentagramTr",9.33],["slavaleleka",7.14],["FadeMind",7.14],["Chinaski1",6.48],["krystian3w",6],["accountforadg",5.39],["Yuki2718",5.29],["Nzzyme",4.9],["Spok1",4.8],["wernser412",4.36],["Oizaro",4.36],["Hafidzgtg",4.12],["zubrRB",4.12],["Rakleed",3.61],["SeriousHoax",3.61],["oleedd",3.46],["sergsinger",3.32],["tvinzz",3.16],["Vitlike",3],["Brodiachiy",2.83],["ahmedov-arsen",2.83],["slavserver",2.83],["lost2020",2.65],["Iridescentchris",2.65],["akmLaVx",2.65],["Eugene-Savenko",2.45],["eraser-head",2.45],["adranger",2.45],["update123",2.45],["Koruy",2.45],["unever",2.24],["XX-J",2.24],["Ditinex-ru",2.24],["uservictor",2.24],["peace2000",2.24],["3xploiton3",2.24],["Strannikus",2.24],["MHzsz",2.24],["RobertDunbar",2.24],["TheHasagi",2.24],["Smorvel",2],["KevinYu0504",2],["topleader92",2],["THEtomaso",2],["jensen0914",2],["tastychoco",2],["jimger",2],["saud-97",2],["Lauzarel",2],["DandelionSprout",2],["rockstarrocks",2],["floshelianthi",2],["TyroSpy",2],["kodiak09",2]],"2020-01":[["adguard-bot",67.69],["Alex-302",24.96],["AdamWr",22.58],["Sergey-Lyapin",21.77],["zloyden",18.73],["BlazDT",14.39],["krystian3w",10.82],["Chinaski1",7.07],["Yuki2718",6.4],["slavaleleka",6.4],["Morku",6.08],["PentagramTr",6.08],["accountforadg",5.74],["adranger",5.74],["zubrRB",5.57],["Nzzyme",4.47],["FadeMind",4.36],["3xploiton3",4],["sergsinger",3.87],["lost2020",3.87],["AiratHalitov",3.87],["ahmedov-arsen",3.87],["ameshkov",3.61],["Spok1",3.61],["THEtomaso",3.32],["ryanbr",3.16],["XX-J",3.16],["Vitalik93",3.16],["oleedd",3.16],["yourduskquibbles",3],["akmLaVx",2.83],["cabban",2.65],["tiiiecherle",2.65],["patrickdrd",2.65],["DandelionSprout",2.65],["mikev323",2.65],["TPS",2.45],["Hafidzgtg",2.45],["Ayan3199",2.45],["KoCMoHaBTa",2.45],["Rakleed",2.24],["a77841s",2.24],["ramailo1",2.24],["mimo2004moh",2.24],["nri82",2.24],["them1212",2],["JasSmiths",2],["dimisa-RUAdList",2],["Bublek",2],["Garrus91",2],["Nikitka12XD",2],["Eugene-Savenko",2],["kayakerr",2],["aefimov69",2],["SimplyGardner",2]],"2020-02":[["adguard-bot",61.36],["Alex-302",25.59],["Sergey-Lyapin",24.56],["zloyden",20.25],["AdamWr",18.76],["BlazDT",11.18],["Spok1",6.93],["krystian3w",6.86],["Chinaski1",6.56],["adranger",6.24],["PentagramTr",5.39],["FadeMind",5.2],["Morku",5],["Nzzyme",4.9],["jbionic2016",4.69],["zubrRB",4.69],["Koruy",3.74],["ryanbr",3.74],["Yuki2718",3.46],["slavaleleka",3.32],["deletescape",3],["yourduskquibbles",2.83],["accountforadg",2.65],["TesterMan247",2.65],["DandelionSprout",2.65],["oleedd",2.65],["Eugene-Savenko",2.45],["Rakleed",2.45],["iDjay",2.45],["lost2020",2.24],["jamesrweber",2.24],["tvinzz",2.24],["octu",2.24],["WhinVader",2.24],["OgnistyPoland",2.24],["lenasilyuk",2],["lancelot-moon",2],["pdkpv",2],["lukaszone",2],["akmLaVx",2],["3xploiton3",2],["gaveer",2],["Ferekikoo",2],["Vitalik93",2],["DEC32768",2],["jwjol",2],["sergsinger",2],["Tibladar",2]],"2020-03":[["adguard-bot",64.64],["Alex-302",32.37],["Sergey-Lyapin",26.04],["AdamWr",24.35],["zloyden",20.88],["BlazDT",14.11],["Chinaski1",7.48],["krystian3w",6.63],["Nzzyme",6.08],["Yuki2718",5.92],["PentagramTr",5.66],["Morku",5.29],["DandelionSprout",4.36],["Morac2",4.12],["komachi",3.87],["adranger",3.87],["KaleoK",3.74],["xtrah69",3.74],["zubrRB",3.74],["yourduskquibbles",3.74],["GauthierPLM",3.46],["Spok1",3.16],["3xploiton3",3],["lancelot-moon",3],["accountforadg",3],["SeriousHoax",2.83],["DrBobLo",2.83],["freefallr4545",2.83],["wernser412",2.83],["in4u",2.83],["uBlock-user",2.65],["XX-J",2.65],["akmLaVx",2.65],["ReaLJohnBaker",2.65],["Xophile",2.65],["zecanard",2.65],["ezhuvakova",2.65],["TesterMan247",2.65],["thenonhacker",2.65],["ArmynC",2.65],["Poluatorul",2.65],["tiiiecherle",2.45],["ameshkov",2.45],["Hafidzgtg",2.45],["zprop",2.45],["Rakleed",2.45],["lobudgt",2.45],["JobcenterTycoon",2.24],["RobCruzo",2.24],["keeganlow",2.24],["Mezito80",2.24],["Rudolff11",2.24],["FinderID",2.24],["Evgen1708",2],["WhinVader",2],["deletescape",2],["t3chnob0y",2],["giodeluigi",2],["Theitfixer85",2],["bobbyholla",2],["maegan012904",2],["gfra54",2]],"2020-04":[["adguard-bot",66.38],["Alex-302",31.7],["Sergey-Lyapin",25.14],["AdamWr",20.81],["zloyden",18.79],["Yuki2718",10.77],["BlazDT",9.85],["Chinaski1",8.6],["krystian3w",7.07],["PentagramTr",5.2],["Nzzyme",5.1],["Spok1",4.69],["SeriousHoax",4.24],["Vitalik93",4.24],["accountforadg",4.12],["Morku",4.12],["Rakleed",3.87],["yokoffing",3.61],["TesterMan247",3.46],["stevieland58",3.46],["DandelionSprout",3.16],["usr3",3.16],["JobcenterTycoon",3.16],["theerhan",3.16],["Oleg-Chashko",3.16],["akmLaVx",3.16],["Koruy",3],["Smorvel",3],["dalmayr",3],["bigdargon",2.83],["wernser412",2.65],["Hafidzgtg",2.65],["Anonymous0anonim",2.65],["c7nasr",2.65],["kah0922",2.65],["XX-J",2.45],["StevenDunlap",2.45],["sa-ki13",2.45],["jseibert",2.45],["ChimpuFernandez",2.45],["adranger",2.45],["8Ajgz",2.45],["carlylemiii",2.24],["1legendd",2.24],["qwerty115xjy",2.24],["jbionic2016",2.24],["mogu1121",2.24],["iDjay",2.24],["sergsinger",2.24],["zubrRB",2.24],["rodaimi",2.24],["ghajini",2.24],["superlrd",2],["Gertese",2],["jenabaivab",2],["kulfoon",2],["garbolovo",2],["Fairyship2005",2],["ArmynC",2],["Tibladar",2],["afc321",2],["BugDave",2],["GarryBarry",2],["yourduskquibbles",2],["Alpalo",2],["TommyKing",2]],"2020-05":[["adguard-bot",64.51],["Alex-302",28.35],["Sergey-Lyapin",22.29],["AdamWr",21.63],["zloyden",16.85],["Yuki2718",10.95],["krystian3w",9.27],["BlazDT",8.37],["adranger",6.48],["Chinaski1",6.48],["Nzzyme",6.48],["zubrRB",5.29],["TesterMan247",5],["kulfoon",4.9],["PLSomebody",3.87],["oleedd",3.74],["PentagramTr",3.61],["worldsdream",3.61],["XX-J",3.61],["Spok1",3.61],["Koruy",3.46],["THEtomaso",3.46],["portos1125",3.16],["RJGamer1002",3],["gitter152",2.83],["trendkill84",2.83],["Draconarache",2.65],["sergsinger",2.65],["akmLaVx",2.65],["svenper",2.65],["debmaj2",2.45],["wittier",2.45],["them1212",2.45],["TheHasagi",2.45],["roshcode",2.45],["rodaimi",2.45],["Unearthly86",2.45],["liveonloan",2.45],["leanhducch2",2.45],["mimo2004moh",2.45],["temp-account-123",2.24],["BALTAGY",2.24],["sayjota",2.24],["Hafidzgtg",2.24],["3x2020",2.24],["DejHell",2.24],["Morku",2.24],["tvinzz",2.24],["stvrly",2],["Siniy26",2],["DandelionSprout",2],["LETRA",2],["mozeryansky",2],["StVol33",2],["gdgjkutdd",2],["mxnmnm",2],["dalmayr",2],["MarekWojtulewski",2],["Eugene-Savenko",2],["deletescape",2],["JobcenterTycoon",2],["Drjacky",2],["trishankkarthik",2],["3xploiton3",2]],"2020-06":[["adguard-bot",68.21],["Alex-302",31.38],["zloyden",19.05],["Sergey-Lyapin",17.64],["AdamWr",17.44],["BlazDT",14.97],["Yuki2718",9.54],["krystian3w",9.11],["Chinaski1",7.35],["adranger",6.71],["Spok1",6.16],["Morku",5.48],["Hafidzgtg",5.29],["pradorocchi",4.69],["zubrRB",4.69],["SeriousHoax",4.58],["Nzzyme",4.47],["june8-o",4.36],["accountforadg",4.12],["XX-J",3.61],["BALTAGY",3.61],["oleedd",3.32],["THEtomaso",3.32],["nightdrelaron",3.32],["sergsinger",3.16],["PentagramTr",3.16],["rururux",3.16],["Disqu3-mirOir-qt",3.16],["Koruy",3],["hazemantr217",2.83],["carlylemiii",2.83],["omartayel",2.83],["sandergol",2.83],["slavaleleka",2.83],["JobcenterTycoon",2.83],["emberweave",2.83],["Avinsxkmbla",2.83],["Drjacky",2.65],["haapyab",2.65],["J-Curie",2.65],["Zardangus",2.65],["econwatch",2.65],["sa-ki13",2.45],["Rakleed",2.45],["HenryQW",2.45],["ameshkov",2.45],["Radionucleid",2.24],["Sam5883",2.24],["vicphos",2.24],["ScienceDiscoverer",2.24],["nick-morhun",2.24],["d0x360",2.24],["VuickB6",2.24],["c7nasr",2.24],["TheHadouJHyrule",2.24],["djsmix",2],["yourduskquibbles",2],["jws555",2],["akmLaVx",2],["KatoriYuu",2],["MajkiIT",2],["DandelionSprout",2],["jjt00",2],["dropaccount12344321",2],["RJGamer1002",2],["Losinsky",2],["kulfoon",2],["TheHasagi",2],["Krizzii",2],["Eugene-Savenko",2],["mastezont",2]],"2020-07":[["adguard-bot",67.48],["Sergey-Lyapin",31.26],["Alex-302",29.73],["zloyden",18.3],["AdamWr",17.86],["BlazDT",14.28],["Chinaski1",11.27],["stanislav-atr",8.25],["Yuki2718",7.94],["krystian3w",7.14],["DandelionSprout",6.08],["cute-byte",5.66],["no-bet806",5.29],["adranger",5],["Spok1",5],["zubrRB",4.58],["wernser412",4.58],["Nzzyme",4.36],["adguard1122",4.12],["d0x360",3.74],["fomka151",3.74],["Koruy",3.61],["the4anoni",3.46],["kulfoon",3.32],["june8-o",3.16],["daphnemarrable",3.16],["Muriashe",3.16],["some-account22",3.16],["vicosphi",3.16],["horyu501",3],["accountforadg",3],["PentagramTr",3],["Morku",3],["waaykool",2.65],["FabianLau",2.65],["mastezont",2.45],["rockon8765",2.45],["ernestsehic",2.45],["aa22415663",2.45],["ProsperitySIA",2.45],["yokoffing",2.45],["Jose1971AB",2.24],["akmLaVx",2.24],["Rakleed",2.24],["3xploiton3",2.24],["XX-J",2.24],["them1212",2.24],["ReaLJohnBaker",2.24],["a-privacy-conscious-user",2.24],["llacb47",2.24],["uservictor",2.24],["the3ye",2],["Mezito80",2],["jineshpatel30",2],["JobcenterTycoon",2],["deadcxap",2],["AlexA1S",2],["IamMaris",2],["adblock520",2],["mihapain1",2],["li11amy",2],["julien-garrigue",2],["zlob-bik",2],["Primokorn",2],["cedge2020",2],["tgp0625",2]],"2020-08":[["adguard-bot",64.85],["Alex-302",35.13],["Sergey-Lyapin",30.77],["stanislav-atr",27.07],["AdamWr",17.38],["zloyden",17.15],["BlazDT",10.3],["Yuki2718",9.8],["krystian3w",8.72],["Chinaski1",7.28],["Spok1",6.78],["zubrRB",6.56],["Nzzyme",5],["rajatmathurs",4.47],["JobcenterTycoon",4.12],["oleedd",3.74],["d0x360",3.61],["DandelionSprout",3.61],["adranger",3.46],["holeech",3.32],["zaheerhakim",3.32],["Hafidzgtg",3.32],["Zardangus",3.16],["Morku",3.16],["validatedev",3],["Alexei-Baciurin",3],["komachi",3],["ministr91",3],["wernser412",2.83],["lolka4toli",2.83],["debmaj2",2.83],["a-privacy-conscious-user",2.65],["Dummyxl",2.65],["Eugene-Savenko",2.65],["THEtomaso",2.45],["llacb47",2.45],["bruvv",2.45],["stale[bot]",2.45],["3xploiton3",2.45],["FinderID",2.45],["c7nasr",2.45],["PentagramTr",2.45],["mihapain1",2.45],["the4anoni",2.45],["Rickeme",2.24],["D25SK",2.24],["Tealk",2.24],["nightdrelaron",2.24],["withinpipo",2.24],["TesterMan247",2.24],["VGisHere",2.24],["cabban",2.24],["Doliman100",2.24],["rossinireis",2.24],["Betchi2002",2],["accountforadg",2],["neosystemcouk",2],["uBlock-user",2],["sergsinger",2],["carlylemiii",2],["nu8",2],["dbv1234",2],["phgmacedo",2],["ClassicUA",2],["worldsdream",2],["tiiiecherle",2],["tcb38",2],["ChoiWooYoung",2],["seanyjw",2],["Oleg-Chashko",2],["emberweave",2],["lost2020",2],["Oldsoldier1947",2],["nickolay54",2],["superlex",2],["valeramalko",2]],"2020-09":[["adguard-bot",66.58],["Alex-302",29.41],["stanislav-atr",27.2],["AdamWr",20.45],["zloyden",19.9],["Sergey-Lyapin",19.49],["BlazDT",11.18],["krystian3w",9.11],["Yuki2718",9],["lolka4toli",6.93],["Spok1",6.24],["JobcenterTycoon",6.08],["adranger",5.57],["Morku",5.39],["accountforadg",4.47],["THEtomaso",4.24],["ginkass",4.12],["akmLaVx",4],["rajatmathurs",3.87],["Vasya317",3.74],["sergsinger",3.74],["Hafidzgtg",3.46],["Chinaski1",3.46],["ekamran",3.16],["withinpipo",3.16],["iDjay",3],["zubrRB",3],["Nzzyme",2.83],["ReaLJohnBaker",2.83],["3xploiton3",2.83],["TesterMan247",2.83],["D25SK",2.65],["RedDragonWebDesign",2.65],["DandelionSprout",2.65],["BALTAGY",2.65],["stale[bot]",2.65],["Michal72",2.65],["Andy-Kl",2.65],["ameshkov",2.45],["skarpinis",2.45],["cantunborn",2.45],["terr72",2.45],["phonemes",2.45],["zappe",2.45],["miniboxeva",2.45],["techIndia-hacker",2.24],["GeoffBurnett",2.24],["Disqu3-mirOir-qt",2.24],["007me",2.24],["Smorvel",2.24],["ghost1295",2.24],["Markimoomoo",2.24],["tox1c90",2.24],["gaveer",2.24],["Sam5883",2.24],["Tealk",2.24],["cabban",2],["Bushido1",2],["mihapain1",2],["CemTR",2],["ivan-vl-kasyanov",2],["NickTKRus",2],["ous50",2],["piluex",2],["DavidTai780",2],["tempissue",2],["jordanelliott23",2],["valeramalko",2],["wm865",2],["carlylemiii",2],["ghost152",2],["antonio8909",2],["lehasidr",2]],"2020-10":[["adguard-bot",66.26],["Alex-302",30.07],["AdamWr",18.6],["zloyden",17.8],["Sergey-Lyapin",15.62],["Yuki2718",14.46],["BlazDT",10.63],["krystian3w",10.25],["piquark6046",8.06],["JobcenterTycoon",7.07],["lolka4toli",6.93],["stanislav-atr",6.78],["adranger",5.92],["jordanelliott23",5.83],["zubrRB",5.48],["DandelionSprout",5.29],["0xbkt",5.2],["Andy-Kl",5],["Spok1",4.8],["Bushido1",4.47],["blockirator",4.47],["techIndia-hacker",4.24],["Morku",3.74],["oleedd",3.61],["Heuretic",3.32],["tecumsa",3.32],["jbionic2016",3.16],["privacy-advo",3.16],["WorldIRC",3.16],["hadjisoteriou",3.16],["Berovowilare",3.16],["Rakleed",3],["THEtomaso",3],["emberweave",3],["ameshkov",3],["stale[bot]",3],["accountforadg",2.83],["debmaj2",2.83],["ekamran",2.83],["3xploiton3",2.83],["BourbonCrow",2.83],["apalgen",2.83],["jimmysofat6864",2.83],["gargul03",2.83],["sdschramm",2.65],["zaba-monika",2.65],["jakefenton",2.65],["Nzzyme",2.65],["StevenDunlap",2.65],["ChimpuFernandez",2.65],["toastido",2.65],["VGisHere",2.65],["gediz",2.65],["YngwieMalmsteen",2.45],["Zardangus",2.45],["Rick-B2",2.45],["FOXIY",2.45],["ViVi93",2.24],["yourduskquibbles",2.24],["sldev-se",2.24],["snowylocal",2.24],["RobbieTT",2.24],["Tealk",2.24],["wernser412",2.24],["ghajini",2],["igorIakimov",2],["Solomon-Nine",2],["Brazzel",2],["lucelem",2],["uBlock-user",2],["kiboke",2],["Hafidzgtg",2],["PentagramTr",2],["evgkrav",2],["akmLaVx",2],["bogachenko",2],["cantunborn",2],["Numerok",2],["jenabaivab",2],["mayuko1209",2],["Phu1237",2],["BarhamBasha",2],["fadedninna",2],["iboray",2],["KatoriYuu",2]],"2020-11":[["adguard-bot",71.11],["Alex-302",29.7],["AdamWr",17.97],["zloyden",15.23],["Sergey-Lyapin",14.25],["Yuki2718",13.71],["BlazDT",10.15],["krystian3w",9.38],["adranger",8.94],["lolka4toli",7.28],["Rakleed",7],["JobcenterTycoon",6.16],["jordanelliott23",6.08],["zubrRB",6],["piquark6046",5.1],["DandelionSprout",4.9],["stanislav-atr",4.58],["Bushido1",4.47],["Morku",4.24],["THEtomaso",4.24],["Oizaro",4.24],["Disqu3-mirOir-qt",4.12],["Spok1",3.87],["RadicalNoise",3.61],["jimmysofat6864",3.61],["yourduskquibbles",3.46],["zaba-monika",3.32],["Rusenche",3.32],["Nzzyme",3.32],["tryfresh",3],["Rutodor",3],["debmaj2",3],["ollitapa",3],["hadjisoteriou",3],["stale[bot]",2.83],["BarhamBasha",2.83],["SeriousHoax",2.83],["Zeuhx",2.83],["rajatmathurs",2.65],["Hazbelll",2.65],["Eugene-Savenko",2.65],["HUNDO123",2.65],["Andy-Kl",2.65],["FadeMind",2.65],["ministr91",2.65],["Solomon-Nine",2.65],["wernser412",2.65],["user-mf",2.45],["annoying-anonim",2.45],["paysenyu",2.45],["3xploiton3",2.45],["alannzi",2.45],["bogachenko",2.45],["HollywoodPalmz",2.24],["ukheather",2.24],["pgl",2.24],["Oleg-Chashko",2.24],["MajkiIT",2.24],["mdragossh",2.24],["BourbonCrow",2.24],["eduardoaddad",2.24],["Berovowilare",2],["gzenio22",2],["DenyDarko",2],["kodiakhub",2],["accountforadg",2],["TesterMan247",2],["FaresKi",2],["iDjay",2],["slavaleleka",2],["u254254",2],["kiboke",2],["WilsonINC88",2],["Gregvh",2],["taglia",2],["milanmdev",2],["Danzoui",2],["dalDevelo",2],["jeanravin",2],["KatoriYuu",2],["BioBoostedOne",2],["lolocik",2],["thapasonu",2],["minanagehsalalma",2]],"2020-12":[["adguard-bot",69.22],["stanislav-atr",25.92],["zloyden",24.72],["AdamWr",22.96],["Alex-302",22.34],["Yuki2718",19.95],["gork7777",16.4],["Sergey-Lyapin",15.49],["piquark6046",14.83],["BlazDT",11.09],["adranger",9.06],["krystian3w",8.49],["Spok1",7.62],["Rakleed",6.86],["lolka4toli",6.48],["jordanelliott23",6.16],["byyxx128",5.2],["Bushido1",4.47],["zubrRB",4.36],["Morku",4.36],["ameshkov",4.12],["kodiakhub",4],["debmaj2",3.87],["Andy-Kl",3.74],["RadicalNoise",3.74],["yourduskquibbles",3.46],["JobcenterTycoon",3.46],["Danzoui",3.32],["NUser2018",3.32],["seyoon20087",3.32],["gigabit2",3.32],["AdGuard-User-TR",3.32],["techIndia-hacker",3.32],["Yolocaust2137",3.16],["DandelionSprout",3],["THEtomaso",3],["TesterMan247",3],["stale[bot]",3],["Rusenche",3],["devan82b",2.83],["paysenyu",2.83],["Nzzyme",2.83],["c2xusnpq6",2.83],["BourbonCrow",2.83],["wernser412",2.65],["Disqu3-mirOir-qt",2.65],["Zeuhx",2.45],["BarhamBasha",2.45],["AngborTim",2.45],["planet0",2.45],["bogachenko",2.45],["gzenio22",2.45],["3xploiton3",2.45],["rajatmathurs",2.45],["c7nasr",2.24],["AndySuen",2.24],["peace2000",2.24],["slytimer",2.24],["keewawa",2.24],["akmLaVx",2.24],["chigarow",2.24],["Son-Vegitto",2],["d0x360",2],["lolocik",2],["throwaway282630101",2],["Poliambo",2],["accountforadg",2],["slonopotam-ura",2],["Mezito80",2],["kelejichi1989",2],["NewbieOrange",2],["realodix",2]],"2021-01":[["adguard-bot",66.11],["Alex-302",26.85],["wout-codes",26.74],["stanislav-atr",25.22],["gork7777",24.29],["zloyden",23.17],["Yuki2718",17.38],["AdamWr",15.81],["Sergey-Lyapin",14.63],["stale[bot]",13.42],["piquark6046",12.53],["BlazDT",11.27],["Talented-X-Coder-X",9.75],["RadicalNoise",8.6],["krystian3w",8.25],["adranger",7.55],["dodieboy",7.21],["Rakleed",6.78],["fabianski7",6.48],["lolka4toli",6.16],["Danzoui",5.92],["DandelionSprout",5.66],["Morku",5.48],["JobcenterTycoon",4.8],["Zardangus",4.36],["THEtomaso",4.12],["3xploiton3",4.12],["muhasturk",4],["odysseus90210",3.87],["yourduskquibbles",3.87],["Spok1",3.74],["planet0",3.61],["giodeluigi",3.61],["kodiakhub",3.61],["slavaleleka",3.61],["sheh2020",3.46],["jimmysofat6864",3.46],["debmaj2",3.32],["gzenio22",3.16],["pazerdesign",3],["Bushido1",2.83],["Andy-Kl",2.65],["Xw1nd-jifeng",2.65],["bulutfatih",2.65],["techIndia-hacker",2.65],["wernser412",2.65],["zubrRB",2.45],["shreyasminocha",2.45],["teskilatin-numarasini-verin",2.45],["thunderresistant",2.45],["tbleken",2.45],["ameshkov",2.45],["hadjisoteriou",2.45],["jordanelliott23",2.45],["RaySajuuk",2.45],["J-Curie",2.45],["c2xusnpq6",2.24],["lcsvcn",2.24],["Eugene-Savenko",2.24],["dowon2k",2.24],["whyiswhen",2.24],["gurodrigues",2.24],["kirikino",2],["Michal72",2],["mastezont",2],["FadeMind",2],["adguard1122",2],["Oby4455",2],["AngborTim",2],["eazye87",2]],"2021-02":[["adguard-bot",66.63],["wout-codes",49.02],["zloyden",29.92],["Alex-302",28.72],["stanislav-atr",27.66],["Sergey-Lyapin",19.05],["AdamWr",18.89],["gork7777",17.94],["Yuki2718",13.64],["piquark6046",11.96],["BlazDT",7.55],["RadicalNoise",7.48],["lolka4toli",7.07],["Morku",5.92],["adranger",5.74],["Spok1",5.66],["krystian3w",5.66],["ghajini",5.2],["jimmysofat6864",5],["c2xusnpq6",4.47],["eduardoaddad",4.36],["Rakleed",4.36],["Jammie1143",4.24],["zubrRB",4.12],["ameshkov",4],["mircealinux",4],["DandelionSprout",3.87],["giodeluigi",3.87],["KamiyaMinoru",3.87],["Michal72",3.87],["gzenio22",3.74],["wernser412",3.74],["FadeMind",3.74],["Nzzyme",3.61],["rodaimi",3.61],["jenabaivab",3.46],["jordanelliott23",3.46],["TobySkarting",3.32],["aa22415663",3.16],["Danzoui",3.16],["akmLaVx",3],["BarhamBasha",2.83],["hadjisoteriou",2.65],["Hafidzgtg",2.65],["MerMan02",2.65],["Redback813",2.65],["ObsessedHacker",2.45],["yourduskquibbles",2.45],["accountforadg",2.45],["akramhentati",2.45],["JobcenterTycoon",2.45],["Eugene-Savenko",2.45],["Chinaski1",2.45],["notofoe",2.24],["Mlocik97",2.24],["fabianski7",2.24],["mujtabamir",2.24],["Edsuns",2.24],["fastmen",2.24],["birksted",2.24],["Dolphyn5",2],["vadimmitropolsky",2],["Azertixe",2],["dodieboy",2],["WeisseTeetasse",2],["happygagarara12",2],["Hill-98",2],["cantunborn",2]],"2021-03":[["adguard-bot",67.28],["wout-codes",63.53],["Alex-302",34.53],["zloyden",29.65],["Sergey-Lyapin",25.48],["stanislav-atr",22.78],["AdamWr",19.77],["gork7777",19.36],["piquark6046",16.91],["Yuki2718",14.25],["krystian3w",10.68],["lolka4toli",9.9],["BlazDT",9.06],["Morku",6.63],["c2xusnpq6",6.56],["gigabit2",6.16],["adranger",5.66],["cantunborn",5.39],["vio0",4.69],["Nzzyme",4.47],["JobcenterTycoon",4.24],["RadicalNoise",4.24],["BPower0036",4.12],["rakleed",4.12],["ameshkov",4.12],["slavaleleka",4],["XX-J",4],["Spok1",3.87],["akeinhell",3.87],["Andy-Kl",3.61],["zubrRB",3.61],["aravindvnair99",3.46],["yourduskquibbles",3.16],["miraj85s",3.16],["Free-Candy",3.16],["ghajini",2.83],["stale[bot]",2.83],["Erengit",2.65],["aliafshany",2.65],["gaveer",2.65],["jardakotesovec",2.65],["Aushro",2.65],["yildirimkursat",2.65],["dodieboy",2.45],["scafroglia93",2.45],["Bubu291180",2.45],["SUSWRLD",2.45],["jimmysofat6864",2.45],["whyiswhen",2.45],["crssi",2.45],["Disqu3-mirOir-qt",2.45],["Edsuns",2.24],["USFHunTer",2.24],["DandelionSprout",2.24],["accountforadg",2.24],["MajkiIT",2.24],["FadeMind",2.24],["DariuszCzech",2.24],["giodeluigi",2.24],["mrguseinov",2],["wernser412",2],["scripthunter7",2],["Halvor-08",2],["Dvirf8969",2],["ReaLJohnBaker",2],["balaaje",2],["jo620kix",2],["logos88",2],["gzenio22",2],["SebastianRasch",2],["AlexA1S",2],["J-khatri",2],["WorldIRC",2],["tasi788",2],["realodix",2]],"2021-04":[["adguard-bot",71.16],["wout-codes",48.97],["Alex-302",32.45],["stanislav-atr",28.98],["Sergey-Lyapin",26.32],["gork7777",21],["zloyden",18.87],["AdamWr",18.6],["chirag127",14.76],["Yuki2718",12.25],["BlazDT",11.31],["krystian3w",10.91],["piquark6046",9.7],["c2xusnpq6",9.64],["lolka4toli",8.54],["adranger",5.92],["gzenio22",4.8],["ameshkov",4.58],["JobcenterTycoon",4.24],["Pierre7855",4.12],["Morku",4],["RadicalNoise",4],["FadeMind",4],["scafroglia93",3.87],["liquidyq",3.74],["Spok1",3.74],["Andy-Kl",3.32],["ArsentyL",3.16],["ianmacd",3.16],["Erengit",3],["gpodder770",2.83],["oleedd",2.83],["garry-ut99",2.65],["Nzzyme",2.65],["slavaleleka",2.65],["techIndia-hacker",2.65],["valeramalko",2.45],["gerwusa1823",2.45],["ryanbr",2.45],["NUser2018",2.45],["DariuszCzech",2.45],["gigabit2",2.45],["contribucious",2.24],["nuoomnoy02",2.24],["Edsuns",2.24],["RJGamer1002",2.24],["MajkiIT",2.24],["rakleed",2.24],["BourbonCrow",2.24],["RomchikL",2.24],["superlex",2.24],["TheHasagi",2.24],["chigarow",2],["fftip",2],["Eugene-Savenko",2],["karl-pae",2],["cantunborn",2],["Jpersh27",2],["leo-lb",2],["quyleanh",2],["SebastianRasch",2],["ReaLJohnBaker",2],["Maximilian1271",2],["d0x360",2],["DandelionSprout",2],["accountforadg",2]],"2021-05":[["adguard-bot",71.1],["Alex-302",25.57],["chirag127",19.08],["wout-codes",18.65],["zloyden",18.17],["Sergey-Lyapin",15.97],["AdamWr",14.76],["piquark6046",13.19],["stanislav-atr",13.04],["krystian3w",13.04],["Yuki2718",13],["gork7777",12.25],["c2xusnpq6",9.54],["BlazDT",9.43],["adranger",7.62],["Morku",6.63],["asagayakita",6.63],["jordanelliott23",6.16],["IThinkIAmCool",5.66],["Danzoui",5.1],["rakleed",5],["JobcenterTycoon",4.69],["neer9",4.24],["jiayouba233",4.12],["Andy-Kl",4],["albertopasqualetto",3.87],["Apious",3.87],["hirorpt",3.74],["ameshkov",3.61],["daven1296",3.46],["Spok1",3.46],["lolka4toli",3.46],["zubrRB",3.32],["XX-J",3.32],["techIndia-hacker",3.16],["skypoc",3.16],["gzenio22",2.83],["sharbet",2.83],["nobelharvards",2.83],["MajkiIT",2.83],["FadeMind",2.83],["RadicalNoise",2.65],["DandelionSprout",2.65],["goatgitt",2.65],["Chetan7575",2.65],["eduardoaddad",2.65],["rivalgans",2.65],["errorsxp",2.45],["Silicon-Chip",2.45],["BPower0036",2.45],["d0x360",2.45],["Chinaski1",2.45],["yoask889",2.45],["skipik",2.24],["Zaphod128",2.24],["damian2000c",2.24],["seyoon20087",2.24],["sioxe823",2.24],["baronexy",2.24],["Krizzii",2.24],["shreyasminocha",2.24],["uBlock-user",2],["Eugene-Savenko",2],["Bhooty",2],["quark67",2],["zappe",2],["JadeMin",2],["gigabit2",2],["Paata6363",2],["gpodder770",2],["planet0",2],["Erengit",2],["LoxPlay",2],["lcadguard",2],["bnainar",2]],"2021-06":[["adguard-bot",69.46],["Alex-302",28.2],["chirag127",27.26],["stanislav-atr",24.21],["zloyden",17.8],["AdamWr",13.49],["Sergey-Lyapin",12.81],["piquark6046",12.61],["BlazDT",11.4],["krystian3w",10.58],["Yuki2718",9.27],["c2xusnpq6",7.87],["Spok1",6.93],["Morku",6.78],["adranger",6.32],["zubrRB",5.92],["stale[bot]",5.39],["lolka4toli",4.69],["JobcenterTycoon",4.69],["duryytt",4.69],["baronexy",4.58],["neer9",4.47],["DandelionSprout",4.47],["Danzoui",4.36],["Andy-Kl",4.12],["shreyasminocha",3.87],["Baltazar500",3.74],["shenzhiming88",3.61],["OdinZhang",3.61],["dnmTX",3.46],["Pccode66",3.46],["accountforadg",3.16],["hirorpt",3.16],["Michal72",3.16],["RadicalNoise",3.16],["XX-J",3],["malparti",3],["royalbisht",3],["TechieFsn",2.83],["ryanbr",2.83],["VGisHere",2.83],["kiboke",2.83],["wernser412",2.65],["Bhooty",2.45],["iam-py-test",2.45],["akmLaVx",2.45],["Gowee",2.45],["AzureBlue0219",2.45],["DerrickGibbs1",2.45],["fabianski7",2.24],["Erengit",2.24],["anastenko",2.24],["Zeta-0",2.24],["gork7777",2.24],["Oizaro",2.24],["TommyKing",2.24],["jordanelliott23",2.24],["ds23745980ks",2],["ilvjyw",2],["S-Bashik",2],["jineshpatel30",2],["What-Zit-Tooya",2],["seyoon20087",2],["GNX-Y901TW",2],["Nzzyme",2],["TheHasagi",2],["IThinkIAmCool",2],["monkeylove",2],["in4u",2],["FadeMind",2],["Pierre7855",2]],"2021-07":[["adguard-bot",65.99],["Alex-302",25.85],["chirag127",23.3],["zloyden",18.36],["gork7777",17.97],["Sergey-Lyapin",17.35],["stanislav-atr",17.35],["AdamWr",17.06],["piquark6046",14.87],["neer9",11.22],["jordanelliott23",10.63],["BlazDT",10.15],["IThinkIAmCool",10.05],["krystian3w",9.11],["Yuki2718",9],["thinksheiscool",8.06],["c2xusnpq6",7.48],["Spok1",6.93],["duryytt",6.86],["adranger",6.48],["zubrRB",5.2],["Morku",5],["hirorpt",4.69],["Andy-Kl",4.36],["yourduskquibbles",4.24],["DandelionSprout",4.24],["Bhooty",4],["JobcenterTycoon",4],["rakleed",3.74],["eduardoaddad",3.61],["Danzoui",3.61],["Aztekz",3.32],["stale[bot]",3.16],["oleedd",3],["XX-J",3],["Andy3721",3],["peace2000",2.83],["Nzzyme",2.83],["RadicalNoise",2.83],["iDjay",2.65],["BALTAGY",2.45],["gigamicro",2.45],["shreyasminocha",2.45],["Pccode66",2.45],["SASUKE0721",2.45],["ameshkov",2.45],["Datatech-AK",2.45],["Baltazar500",2.45],["kelebek333",2.24],["trashman9000",2.24],["antonio8909",2.24],["shenzhiming88",2.24],["thinksheiscool",2.24],["free-storage",2.24],["OdinZhang",2.24],["Eugene-Savenko",2.24],["q116",2],["IThinkIAmCool",2],["ChimpuFernandez",2],["What-Zit-Tooya",2],["Silicon-Chip",2]],"2021-08":[["adguard-bot",68.18],["chirag127",36.11],["Alex-302",26.74],["gork7777",21.49],["piquark6046",21.21],["zloyden",18.71],["thinksheiscool",15.59],["AdamWr",13.96],["Sergey-Lyapin",13.27],["Yuki2718",11.66],["sweetcashew",11.53],["shenzhiming88",8.43],["BlazDT",8.19],["krystian3w",7.81],["duryytt",7.42],["jordanelliott23",7.42],["Spok1",6.86],["zubrRB",5.92],["stanislav-atr",5.92],["adranger",5.74],["RadicalNoise",5.66],["neer9",5.29],["OdinZhang",4.69],["hirorpt",4.12],["XX-J",4],["Andy-Kl",3.87],["DandelionSprout",3.87],["sxyazi",3.74],["Pierre7855",3.61],["c2xusnpq6",3.61],["NaylyaM",3.61],["Baltazar500",3.61],["Apious",3.46],["JobcenterTycoon",3.46],["Bhooty",3.32],["accountforadg",3.16],["iamthelara",3.16],["NUser2018",3.16],["Eugene-Savenko",3],["IMayKnow",3],["Disqu3-mirOir-qt",2.83],["Scolaro",2.83],["chigarow",2.65],["yourduskquibbles",2.65],["Nzzyme",2.45],["rakleed",2.45],["moviuro",2.45],["ahmedtds",2.45],["Chinaski1",2.45],["GoshaLand",2.45],["Erengit",2.45],["ptxmac",2.45],["T1mL3arn",2.24],["Silicon-Chip",2.24],["cornelpv",2.24],["tvinzz",2.24],["janafrank",2.24],["eduardoaddad",2.24],["matbech",2.24],["kelebek333",2.24],["kiboke",2.24],["hmjfk",2.24],["AlexShishko",2.24],["imabritishcow",2.24],["planet0",2],["m0ck69",2],["ameshkov",2],["ZouloveGhack",2],["Michal72",2],["awslabspl",2],["scripthunter7",2],["zhupengfeivip",2],["Morku",2]],"2021-09":[["adguard-bot",69.19],["chirag127",32.77],["Alex-302",27.31],["gork7777",20.88],["Sergey-Lyapin",15.84],["AdamWr",15.03],["piquark6046",14.04],["zloyden",12.85],["Yuki2718",11.4],["RadicalNoise",11.31],["Mennaruuk",10.91],["krystian3w",8.83],["IMayKnow",7.81],["adranger",7.07],["neer9",7],["zubrRB",7],["BlazDT",6.63],["Apious",6.32],["ExtremelyCool",5.92],["JobcenterTycoon",5.83],["Andy-Kl",5.74],["kelebek333",5.1],["Morku",5],["scripthunter7",4.47],["marysaotomeprog",4.47],["Spok1",4.24],["stale[bot]",4.12],["NaylyaM",4.12],["planet0",4.12],["Michal72",4],["manirhossen",4],["DandelionSprout",3.87],["Bhooty",3.87],["SASUKE0721",3.74],["furt555nv",3.61],["pirottedamien",3.61],["Nzzyme",3.46],["HIKARI135",3.46],["KamiyaMinoru",3.32],["NakedFaerie",3.32],["rakleed",3.16],["Fantom1010",3],["LeBateau",2.83],["timkgh",2.65],["IcejipoCZ",2.65],["evd316",2.65],["stm-x",2.65],["pavlovand",2.65],["Disqu3-mirOir-qt",2.65],["c2xusnpq6",2.45],["iamthelara",2.45],["eduardoaddad",2.45],["Birbber",2.24],["Eugene-Savenko",2.24],["redleafnew",2.24],["YoshiTabletopGamer",2.24],["karolyi",2.24],["yourduskquibbles",2],["Muriashe",2],["invalidCards",2],["GeQi",2],["iam-py-test",2],["g-stawarczyk",2],["shenzhiming88",2],["WoodpeckerBaby",2],["imtariksaeed",2],["JackLGM",2],["Idanox",2],["rugabunda",2],["AprilSylph",2],["ministr91",2]],"2021-10":[["adguard-bot",46.05],["chirag127",11.18],["zloyden",9.8],["AdamWr",9.75],["Sergey-Lyapin",8.83],["piquark6046",8.43],["Alex-302",7.35],["BlazDT",6.56],["krystian3w",6.16],["Yuki2718",5.83],["stale[bot]",5.66],["neer9",5.66],["adranger",5],["Spok1",4.69],["JobcenterTycoon",4.24],["jellizaveta",3.74],["SASUKE0721",3.32],["c2xusnpq6",3],["DandelionSprout",3],["fabianski7",3],["manirhossen",2.83],["gork7777",2.65],["Morku",2.45],["zubrRB",2.45],["danidoedel",2.24],["Apious",2.24],["ThinksHeIsCool",2.24],["sergunchik25",2]],"2021-11":[["adguard-bot",69.28],["chirag127",34.84],["Alex-302",27],["jellizaveta",24.82],["zloyden",22.49],["AdamWr",16.12],["piquark6046",16.06],["gork7777",15.2],["Sergey-Lyapin",14.32],["Yuki2718",11.14],["krystian3w",8.6],["SASUKE0721",7.87],["spiri-leo",7.62],["Spok1",7.62],["adranger",7.35],["fabianski7",6.63],["BlazDT",6.4],["zubrRB",6.32],["slavaleleka",6],["gmg0823",5.74],["c2xusnpq6",5.29],["furt555nv",4.9],["danidoedel",4.47],["FinderID",4.47],["twszgd",4],["JobcenterTycoon",3.87],["TobySkarting",3.74],["eduardoaddad",3.74],["DandelionSprout",3.46],["Bhooty",3.46],["IThinkIAmCool",3.46],["jimmysofat6864",3.32],["Disqu3-mirOir-qt",3.32],["ameshkov",3.32],["RadicalNoise",3.16],["cv6yh55",3.16],["lolafur",3.16],["contribucious",3.16],["timkgh",3],["YoshiTabletopGamer",3],["rakleed",3],["giodeluigi",3],["yingziwu",2.83],["Andy-Kl",2.83],["pushkargogte",2.65],["FadeMind",2.65],["dingwen07",2.65],["Birbber",2.65],["iamthelara",2.65],["Aztekz",2.65],["lica98",2.45],["felix-22",2.45],["Morku",2.45],["ahmedtds",2.45],["THEtomaso",2.45],["kiboke",2.24],["wernser412",2.24],["yourduskquibbles",2.24],["soksanichenko",2.24],["Danzoui",2.24],["manirhossen",2],["planet0",2],["neer9",2],["hkarel",2],["Michal72",2],["rusbeard",2],["Koruy",2],["domdtyler",2],["GodlikeRU",2],["Apious",2],["TUO-V",2],["SilkArt",2],["Djaler",2]],"2021-12":[["adguard-bot",74.4],["gork7777",32.88],["SKEIDs",32.08],["jellizaveta",25.73],["zloyden",23.66],["chirag127",22.47],["Sergey-Lyapin",22.38],["Alex-302",19.1],["spiri-leo",19.08],["Yuki2718",16.09],["piquark6046",14.97],["AdamWr",14.7],["neer9",11.75],["krystian3w",8.83],["contribucious",7.55],["BlazDT",7.55],["Mortal792",6.32],["SASUKE0721",5.92],["zubrRB",5.92],["iam-py-test",5.29],["bkrucarci",5],["rakleed",5],["DandelionSprout",4.9],["JobcenterTycoon",4.8],["furt555nv",4.58],["NaylyaM",4.24],["fabianski7",4.24],["RadicalNoise",4.24],["minanagehsalalma",4],["Andy-Kl",3.87],["LikesHisComputer",3.74],["THEtomaso",3.74],["Spok1",3.74],["jimmysofat6864",3.46],["ameshkov",3.46],["Disqu3-mirOir-qt",3.32],["FadeMind",3.16],["lica98",3.16],["c2xusnpq6",3.16],["Bhooty",3],["shenzhiming88",2.83],["PCUser2021",2.83],["blogmangit",2.83],["iamthelara",2.65],["Morku",2.65],["cronlabspl",2.45],["jamiemig4646",2.45],["dalisoft",2.24],["yourduskquibbles",2.24],["hitechtalk69",2.24],["Xsaven",2.24],["planet0",2.24],["pushkargogte",2.24],["hyder365",2],["spirillen",2],["RJGamer1002",2],["stdedos",2],["gzenio22",2],["kiboke",2]],"2022-01":[["adguard-bot",82.07],["spiri-leo",32.09],["Alex-302",30.5],["jellizaveta",25.67],["SKEIDs",25.26],["gork7777",22.89],["zloyden",18.03],["Sergey-Lyapin",17.38],["Yuki2718",15.97],["AdamWr",14.07],["chirag127",13.71],["ameshkov",10.25],["piquark6046",9.59],["DandelionSprout",8.25],["Morku",7.14],["zubrRB",6.48],["bkrucarci",5.83],["Divine-Frog",5.2],["Spok1",5],["SASUKE0721",5],["BlazDT",5],["hitechtalk69",4.8],["anastasiia-fedotova",4.47],["vbagirov",4.47],["FinderID",4.47],["andreynovikov95",4.36],["rakleed",4.24],["Andy-Kl",4.12],["BottledSoda",3.46],["krystian3w",3.46],["RadicalNoise",3.32],["furt555nv",3.32],["JobcenterTycoon",3.32],["tecumsa",3.16],["neer9",3.16],["proletarius101",3.16],["stanislav-atr",3.16],["lica98",3.16],["contribucious",3],["Baltazar500",2.65],["lol768",2.65],["First-j",2.45],["JohnyP36",2.45],["urvbcn88",2.45],["THEtomaso",2.45],["iam-py-test",2.45],["NaylyaM",2.24],["NUser2018",2],["mikmikmik",2],["TUO-V",2],["jimmysofat6864",2],["jamiemig4646",2],["JackLGM",2],["metabreakr",2],["Smithienious",2],["hydraulix93",2],["avernal1819",2],["Ant1mas",2],["c2xusnpq6",2],["AdSlayer",2],["gzenio22",2]],"2022-02":[["adguard-bot",67.56],["github-actions[bot]",33.87],["jellizaveta",25.32],["Alex-302",21.86],["zloyden",21.77],["gork7777",21.31],["spiri-leo",21.19],["SKEIDs",17.46],["Fisherman-Ulysses",15.49],["Sergey-Lyapin",15],["Yuki2718",14.25],["piquark6046",12.65],["Morku",10.68],["AdamWr",10.44],["bkrucarci",8.43],["Spok1",7.35],["BlazDT",6.93],["BottledSoda",6.86],["zubrRB",6.86],["DandelionSprout",5.57],["rakleed",5.48],["ameshkov",5.29],["krystian3w",4.58],["terlancenablari",4.24],["chirag127",4.12],["lica98",3.74],["furt555nv",3.74],["jimmysofat6864",3.61],["Andy-Kl",3.61],["slavaleleka",3.46],["sergsinger",3.32],["iamthelara",3.32],["VldGrdv",3],["XX-J",3],["JobcenterTycoon",3],["sergunchik25",2.83],["SASUKE0721",2.83],["SeriousHoax",2.45],["michel0271",2.45],["ammnt",2.45],["timothy-vas",2.45],["Eugene-REK",2.45],["Gitoffthelawn",2.24],["SyedSan1",2.24],["Volker-Weissmann",2.24],["stanislav-atr",2.24],["bbsixzz",2.24],["piquark6046-old",2.24],["THEtomaso",2],["retta1",2],["FinderID",2],["cDev1987",2],["d0x360",2],["Asugawa",2],["MkQtS",2],["timv32",2],["Vortexholy",2],["memo951",2],["Jammie1143",2],["planet0",2]],"2022-03":[["adguard-bot",71.09],["github-actions[bot]",29.9],["jellizaveta",25.22],["Alex-302",23.9],["gork7777",18.81],["zloyden",17.86],["Yuki2718",15.17],["SKEIDs",14.7],["AdamWr",13.38],["Spok1",12.49],["Sergey-Lyapin",11.75],["Morku",11.4],["rakleed",11.09],["piquark6046",11.05],["zubrRB",6.93],["BlazDT",6.48],["PerfectSalad",6.4],["Fisherman-Ulysses",6.4],["bkrucarci",6],["slavaleleka",4.9],["DandelionSprout",4.58],["Explosivo141",4.12],["stdedos",4.12],["RadicalNoise",4],["lica98",3.87],["oleedd",3.61],["jimmysofat6864",3.46],["krystian3w",3.32],["Andy-Kl",2.83],["PelePagas",2.83],["jputting",2.83],["Disqu3-mirOir-qt",2.83],["scripthunter7",2.83],["SASUKE0721",2.65],["contribucious",2.65],["zopieux",2.65],["Gitoffthelawn",2.65],["MkQtS",2.65],["Bhooty",2.45],["THEtomaso",2.45],["Hafidzgtg",2.45],["planet0",2.24],["ilvjyw",2.24],["Fabian42",2.24],["ameshkov",2.24],["WaiRanch",2.24],["Vitalik93",2],["abala26",2],["KillerRoi",2],["furt555nv",2]],"2022-04":[["adguard-bot",71.71],["Alex-302",37.44],["jellizaveta",31.65],["zloyden",18.65],["gork7777",12.92],["piquark6046",11.62],["AdamWr",11.62],["Yuki2718",10.95],["SKEIDs",10.82],["Sergey-Lyapin",10.54],["github-actions[bot]",10.39],["chirag127",9.49],["BlazDT",8.89],["Morku",8.83],["zubrRB",6.4],["danidoedel",6.24],["rakleed",5.74],["JobcenterTycoon",5.74],["jimmysofat6864",5.1],["Spok1",4.9],["DandelionSprout",4.69],["bkrucarci",4.36],["NaylyaM",4.12],["seia-soto",3.87],["White00100",3.61],["stdedos",3.46],["dcxstq2",3.32],["SeDi343",3.32],["lica98",3.16],["Askank-Man",3.16],["stanislav-atr",3],["dx034",3],["krystian3w",3],["THEtomaso",2.83],["LanYunDev",2.83],["SASUKE0721",2.83],["proletarius101",2.65],["Vitalik93",2.65],["zopieux",2.65],["ameshkov",2.65],["mrworldwide1",2.65],["hitechtalk69",2.45],["Andy-Kl",2.45],["wijhenke",2.45],["jab",2.45],["wdrgn",2.45],["scotland892",2.24],["DoctorX101",2.24],["DimitrisKalaboukas",2.24],["MkQtS",2.24],["spiri-leo",2.24],["KhalidAlotaibiSA",2],["green1052",2],["ClassicUA",2],["TUO1500",2],["GeQi",2],["hirorpt",2],["MayMih",2],["gmcoates101",2],["tubuanha",2],["gencayghub",2],["infinitewaveparticle",2],["Bhooty",2],["Muriashe",2],["Pakshal9114",2],["DetachHead",2],["tillcash",2],["lemonNsoda",2],["ammnt",2],["sherlock440",2]],"2022-05":[["adguard-bot",75.8],["jellizaveta",31.83],["Alex-302",28.32],["zloyden",24.19],["gork7777",20.37],["github-actions[bot]",14.07],["chirag127",13.6],["SKEIDs",12.77],["AdamWr",12.49],["Yuki2718",11.7],["piquark6046",10.44],["dcxstq2",9.7],["kktlhh",9.27],["BlazDT",9.22],["JobcenterTycoon",8.94],["Sergey-Lyapin",8.43],["FacebookAI",7.42],["zubrRB",6.48],["rakleed",6.4],["mrrtarlan",6],["Oniqqqq",5.48],["Spok1",5.29],["lica98",5.2],["jordanswrld23",5],["ameshkov",4.69],["spiri-leo",4.58],["DandelionSprout",4.47],["terlancenablari",4.47],["Andy-Kl",4],["bkrucarci",4],["Morku",3.87],["green1052",3.46],["VladisLoveZh",3.16],["Vitalik93",3],["Branzeturi",3],["White00100",2.83],["stdedos",2.83],["Bhooty",2.83],["seia-soto",2.83],["rcchan",2.65],["gzenio22",2.45],["jbionic2016",2.45],["wijhenke",2.45],["THEtomaso",2.45],["Saikur0n",2.24],["Neuker1984",2.24],["FadeMind",2.24],["lancelot-moon",2],["TesterMan247",2],["accountforadg",2],["antoine1293",2],["c0b41",2],["d0x360",2],["TPS",2],["Pakshal9114",2],["Am4hisa",2],["t3chnob0y",2],["krystian3w",2],["Birbber",2],["iGavr1k",2]],"2022-06":[["adguard-bot",67.82],["Alex-302",25.34],["SKEIDs",22.43],["zloyden",20.9],["jellizaveta",20.4],["github-actions[bot]",14.39],["AdamWr",9.7],["BlazDT",9.27],["gork7777",9.11],["piquark6046",8.25],["vhpcdpgl",8.19],["Yuki2718",8.12],["Sergey-Lyapin",7.28],["Spok1",6.48],["zubrRB",6.4],["Morku",6.16],["DandelionSprout",5.66],["JobcenterTycoon",4.69],["dcxstq2",4.69],["chirag127",4.47],["dlraud21",4],["rakleed",3.87],["xqtp",3.74],["lica98",3.61],["Oniqqqq",3.46],["Andy-Kl",3.46],["jghytfbcnjkd",3.46],["them1212",3.32],["Eugene-Savenko",3.32],["bkrucarci",3],["omartayel",2.83],["mtxadmin",2.83],["Am4hisa",2.83],["gaveer",2.83],["XX-J",2.65],["stdedos",2.65],["justmax437",2.65],["spiri-leo",2.65],["JunjoSick",2.65],["SASUKE0721",2.65],["canturkm",2.45],["oliverthedeveloper",2.45],["ReaLJohnBaker",2.24],["soystemd",2.24],["slavaleleka",2.24],["christianavi",2.24],["Visne",2.24],["Aderox",2],["MasterKia",2],["planet0",2],["iam-py-test",2],["jimmysofat6864",2],["willb123456",2],["xJustxMegx",2]],"2022-07":[["adguard-bot",71.12],["Alex-302",25.2],["SKEIDs",21.79],["zloyden",18.95],["gork7777",16.64],["jellizaveta",15.62],["github-actions[bot]",14.49],["Yuki2718",10.77],["BlazDT",8.77],["piquark6046",8.54],["AdamWr",8.12],["rakleed",6.78],["Morku",6.56],["Sergey-Lyapin",6.56],["zubrRB",6.32],["DandelionSprout",6.16],["Spok1",6],["Andy-Kl",3.87],["ReaLJohnBaker",3.74],["Githubmaniak",3.74],["xqtp",3.74],["planet0",3.61],["vhpcdpgl",3.61],["DoorCar",3.46],["lica98",3.32],["jghytfbcnjkd",3.16],["contribucious",3],["FinderID",2.83],["krystian3w",2.83],["HaikuOezu",2.83],["proletarius101",2.83],["TUO1500",2.65],["exomarty",2.45],["dajhorn",2.24],["gerald1003",2.24],["spiri-leo",2.24],["accountforadg",2.24],["JobcenterTycoon",2.24],["Oniqqqq",2],["fazer1k143",2],["slavaleleka",2],["Jean-PierreJ",2],["J-Curie",2],["Heporis",2],["TheUltimateSike",2]],"2022-08":[["adguard-bot",72.2],["Alex-302",28.51],["zloyden",18.89],["github-actions[bot]",16.52],["jellizaveta",15.94],["AdamWr",14.66],["Spok1",14.28],["piquark6046",12.85],["SKEIDs",11.53],["BlazDT",11.27],["spiri-leo",10.39],["wavygecko",9.9],["gork7777",9.75],["MasterKia",9.49],["Sergey-Lyapin",8.77],["zubrRB",8.6],["Yuki2718",8.49],["rakleed",8.12],["Morku",7.14],["scripthunter7",5.83],["JobcenterTycoon",5.48],["DandelionSprout",5.1],["JasonHK",4.9],["aliafshany",4.69],["krystian3w",4.47],["xqtp",4.47],["lica98",4],["Githubmaniak",3.87],["Feduzdevelop94",3.74],["SimplesmenteMaria",3.61],["1reche",3.46],["TheHadouJHyrule",3.16],["Keum-KangSeon-LostArkDirectorFan",3.16],["giodeluigi",3],["loveadguard",3],["Rusenche",3],["WoodpeckerBaby",2.83],["seia-soto",2.65],["ReaLJohnBaker",2.65],["Hafidzgtg",2.45],["peace2000",2.45],["ameshkov",2.45],["ministr91",2.45],["Vitalik93",2.45],["THEtomaso",2.45],["Better2day",2.45],["izonae",2.24],["AdamWrighter",2.24],["Oniqqqq",2.24],["yokoffing",2.24],["mortyam",2.24],["Nihal-Raj",2.24],["christantoan",2],["smikeecz",2],["hacamer",2],["oleedd",2],["bukaixyz",2],["vhpcdpgl",2],["pikk7",2],["Michael1297",2],["TPS",2],["cryptopatik22",2],["theerrorfinder",2],["TrustCane",2],["dingwen07",2],["v-ba",2]],"2022-09":[["adguard-bot",70.86],["Alex-302",26.31],["SKEIDs",18.79],["AdamWr",17.61],["jellizaveta",17.2],["wavygecko",16.06],["zloyden",15.56],["Sergey-Lyapin",12.21],["Yuki2718",10.58],["piquark6046",10.39],["BlazDT",9.8],["spiri-leo",6.16],["gork7777",5.39],["mortyam",5.1],["zubrRB",4.9],["sugarfreesweetener",4.9],["rakleed",4.8],["SeriousHoax",4.58],["Bhooty",4.47],["rajatmathurs",4.36],["techIndia-hacker",3.87],["DandelionSprout",3.74],["planet0",3.74],["xqtp",3.74],["Oniqqqq",3.74],["Spok1",3.46],["github-actions[bot]",3.46],["zPitachu",3.46],["xenudone",3.46],["krystian3w",3.32],["ilvjyw",3],["Morku",3],["JobcenterTycoon",3],["Ry-315",2.83],["scsi111",2.83],["withinpipo",2.83],["FadeMind",2.83],["lica98",2.65],["scripthunter7",2.65],["briantho",2.45],["lostlostov",2.45],["Otiel",2.45],["c0b41",2.45],["danidoedel",2.45],["slobodaapl",2.45],["kiboke",2.45],["tachibana-shin",2.24],["christiansus",2.24],["them1212",2.24],["hazemantr217",2.24],["peace2000",2.24],["densik3799",2.24],["gototheskinny",2],["NUser2018",2],["mortyobnoxious",2],["UnrealKaraulov",2],["trmdi",2],["obahareth",2],["artiste212",2],["saturnotaku",2],["WoodpeckerBaby",2],["eduardoaddad",2]],"2022-10":[["adguard-bot",72.37],["Alex-302",24.58],["zloyden",16.03],["piquark6046",15.56],["jellizaveta",14.42],["SKEIDs",14.25],["AdamWr",14.25],["Sergey-Lyapin",10.58],["Yuki2718",9.17],["BlazDT",8.94],["gork7777",8.25],["SeriousHoax",6.08],["zubrRB",5.48],["Morku",4.9],["rakleed",4.47],["spiri-leo",4.47],["scripthunter7",4.24],["Spok1",4],["mshea77",3.46],["flomme",3.16],["TommyKing",3.16],["Oniqqqq",3],["beta3533",3],["lica98",3],["FadeMind",2.83],["withinpipo",2.83],["DandelionSprout",2.65],["sdgrs546547Q",2.65],["gototheskinny",2.45],["JobcenterTycoon",2.45],["jonasmaertens",2.45],["lostlostov",2.45],["changho3995",2.24],["nickspaargaren",2.24],["Hafidzgtg",2.24],["kitadai31",2.24],["scrutinizer11",2.24],["ayd13swb",2.24],["Skawtnyc",2.24],["mortyam",2.24],["4n7hony",2.24],["lakyljuk",2],["Grafikart",2],["infinitewaveparticle",2],["ilvjyw",2],["Koruy",2],["Aghyads",2],["hotdog5785",2],["Bhooty",2],["Githubmaniak",2],["terlancenablari",2]],"2022-11":[["adguard-bot",70.01],["Alex-302",22.65],["piquark6046",22.61],["zloyden",21.91],["AdamWr",14.04],["jellizaveta",13.27],["SKEIDs",12.17],["Sergey-Lyapin",12.04],["Spok1",9.7],["Yuki2718",9.22],["github-actions[bot]",9.17],["BlazDT",8.49],["tachibana-shin",7.07],["DandelionSprout",6.08],["zubrRB",6],["jordanswrld94",5.83],["gototheskinny",5.1],["rakleed",5],["Morku",4.69],["Bhooty",4],["JobcenterTycoon",3.87],["WoodpeckerBaby",3.74],["SeriousHoax",3.61],["AntiAdvert",3.46],["PhoenixIndigo",3.46],["scripthunter7",3.46],["lcsvcn",3.16],["NUser2018",3.16],["lica98",3.16],["kou-kee",3],["Oniqqqq",3],["ilvjyw",2.83],["scrutinizer11",2.83],["tnt838",2.83],["shape55",2.65],["Luka858",2.65],["TomTheThomse",2.45],["Andy-Kl",2.45],["raineedust",2.45],["ramazansancar",2.45],["Wagelina",2.24],["poll2342",2.24],["krystian3w",2.24],["techIndia-hacker",2.24],["Rstdtdtxtxtxtxgztx",2.24],["andylemasters",2.24],["MinisterOfOffense",2.24],["t3chnob0y",2.24],["Sakura-Luna",2.24],["andre2000",2],["jmarcrose",2],["FadeMind",2],["mortyam",2],["T3rm1",2],["xqtp",2],["4ernuwka",2],["escape0707",2],["saturnotaku",2]],"2022-12":[["adguard-bot",70.42],["Alex-302",24.43],["zloyden",20.9],["piquark6046",19.57],["SKEIDs",19.08],["malicerainbow",17.15],["jellizaveta",16.67],["gork7777",12.69],["Yuki2718",12.53],["BlazDT",12.41],["AdamWr",11.45],["Sergey-Lyapin",10.25],["krystian3w",8.66],["Spok1",8.06],["Morku",6.08],["github-actions[bot]",5.92],["jordanswrld94",5.39],["rajatmathurs",5.29],["DandelionSprout",5.1],["rakleed",5.1],["zPitachu",5],["webact1",4.36],["zubrRB",4.36],["Oniqqqq",3.74],["gototheskinny",3.61],["lica98",3.32],["green1052",3.32],["giodeluigi",3.32],["Bhooty",3],["tachibana-shin",2.83],["m2c2lure67",2.83],["Tctftctdtdtd",2.83],["slavaleleka",2.65],["AgenteEnInternet",2.65],["rodrigosambadesaa",2.65],["devdiary2203",2.65],["xqtp",2.45],["Koruy",2.45],["nexxai",2.45],["J-khatri",2.24],["0o5rlubm",2.24],["zswx-1",2.24],["oizon23",2.24],["oleedd",2.24],["NovelpiaKSJ",2.24],["worldsdream",2],["wilburpan",2],["Kieaer",2],["EslamGamalEssa",2],["KazysNoobiys",2],["TUO1500",2],["trmdi",2],["jimmysofat6864",2],["Slavka88",2]],"2023-01":[["adguard-bot",71.53],["Alex-302",27.55],["piquark6046",27.26],["gork7777",20.62],["zloyden",19.26],["SKEIDs",17.72],["jellizaveta",16.22],["AdamWr",15.46],["Sergey-Lyapin",12.53],["BlazDT",9.95],["krystian3w",8.25],["Yuki2718",7.55],["Morku",6.32],["tachibana-shin",5.92],["zPitachu",5.74],["github-actions[bot]",5.66],["rakleed",4.58],["SeriousHoax",4.47],["jordanswrld94",4.36],["mnazmi35",4.12],["zubrRB",3.74],["DandelionSprout",3.74],["TUO1500",3.16],["shape55",3.16],["0o5rlubm",3.16],["gototheskinny",3.16],["ramen-boy",3],["githhairreid",3],["eduardoaddad",3],["chirag127",3],["Spok1",2.83],["bryanbecker",2.83],["Adguard-fixme",2.83],["m2c2lure67",2.83],["Andy-Kl",2.83],["VladisLoveZh",2.83],["Jerry23011",2.65],["THEtomaso",2.65],["Bushido1",2.65],["garry-ut99",2.45],["sevastyanov",2.45],["FinderID",2.45],["Scolaro",2.45],["PA1138",2.45],["ameshkov",2.45],["tecumsa",2.45],["B4kedBr3ad",2.24],["RealGoldenGeneral",2.24],["JobcenterTycoon",2.24],["d3ward",2.24],["Slavka88",2.24],["D3x7er",2.24],["GiddyGoatGaming",2.24],["goodjohnjr",2.24],["tbs",2.24],["scripthunter7",2],["Major-Mike",2],["lica98",2],["Gowtham0205",2],["RasAV65",2],["tos725",2],["Sonic5435325",2],["giodeluigi",2],["LowellTW",2],["kiboke",2],["malicerainbow",2],["98365",2],["ashu1230",2],["Oniqqqq",2]],"2023-02":[["adguard-bot",70.18],["SKEIDs",25.94],["zloyden",19.44],["Alex-302",19.31],["piquark6046",17.35],["AdamWr",16.25],["jellizaveta",15.26],["github-actions[bot]",12.37],["gork7777",11.22],["Sergey-Lyapin",10.25],["rakleed",10.15],["Yuki2718",9.49],["krystian3w",9.27],["BlazDT",9.22],["DandelionSprout",5.57],["SeriousHoax",5.39],["zPitachu",4.58],["contribucious",4.12],["VladisLoveZh",4.12],["ghjb004",3.61],["goodjohnjr",3.32],["markandrewfrey",3.32],["gcautonoma",3.32],["Morku",3],["0o5rlubm",2.83],["q20021410",2.83],["MD-Box",2.83],["FadeMind",2.65],["garry-ut99",2.65],["Andy-Kl",2.65],["jordanswrld94",2.65],["821938089",2.45],["malicerainbow",2.45],["Spok1",2.45],["THEtomaso",2.45],["minanagehsalalma",2.45],["bensteiner1984",2.24],["gototheskinny",2.24],["arleycn",2.24],["scripthunter7",2.24],["Citrinae-Lime",2.24],["mplynch90",2.24],["enakr",2.24],["unununium1232",2],["chirag127",2],["theGeeBee",2],["lica98",2],["ItzExotical",2],["zubrRB",2],["realodix",2],["songcom62",2],["xymopen",2],["Aakarshak1",2],["cantara256",2]],"2023-03":[["adguard-bot",71.55],["Alex-302",23.73],["SKEIDs",20.4],["zloyden",18.11],["jellizaveta",16.7],["github-actions[bot]",15.26],["gork7777",14.9],["AdamWr",12.57],["piquark6046",12.25],["wavygecko",11.87],["Sergey-Lyapin",11.18],["BlazDT",10.54],["krystian3w",9.38],["Yuki2718",7.87],["zPitachu",7.28],["Spok1",6.86],["DandelionSprout",6.71],["Morku",5.1],["rakleed",4.69],["jordanswrld94",4.58],["lica98",3.74],["contribucious",3.61],["shipand",3.46],["SeriousHoax",3.46],["Lion-hk",3.46],["anmishubin",3.46],["slayers85",3.46],["outflank8553",3.32],["zubrRB",3],["chirag127",3],["enakr",3],["AndreiKopishev",3],["gototheskinny",3],["Am4hisa",2.83],["ameshkov",2.83],["bkrucarci",2.83],["KamiyaMinoru",2.65],["Ayasha27",2.65],["Yiha777",2.65],["mtxadmin",2.65],["Rumba0r",2.65],["Cycyfyfyf",2.45],["misc-activities",2.45],["telepati",2.45],["DustinWin",2.45],["Batman2814",2.45],["MrCybertux",2.24],["ViniciusFXavier",2.24],["olstice",2.24],["Sanygor",2.24],["Burgercat",2.24],["ChimpuFernandez",2.24],["jameyers4",2.24],["art20040423",2.24],["jslawler",2.24],["Grigorij1211",2],["kiboke",2],["madmaxpro",2],["xinning1228",2],["Silejonu",2],["Ruslan-Ahrarov",2],["XX-J",2],["KaKi87",2],["hazemantr217",2],["FadeMind",2],["abidjauhar17",2],["densik3799",2],["zenstorage",2],["cazadori1",2],["DevGodAnonymous",2],["q000p",2]]}