{"2015-01":[["vbagirov",12],["Alex-302",11]],"2015-02":[["Alex-302",10],["vbagirov",12]],"2015-03":[["Alex-302",11],["vbagirov",11]],"2015-04":[["vbagirov",12],["Alex-302",12]],"2015-05":[["adguard",10],["vbagirov",10],["Alex-302",11]],"2015-06":[["vbagirov",9],["Alex-302",9]],"2015-07":[["Alex-302",9],["vbagirov",9]],"2015-08":[["Alex-302",8],["vbagirov",8]],"2015-09":[["Bohdan-SUP",10],["Alex-302",11],["ameshkov",8]],"2015-10":[["Bohdan-SUP",8],["Alex-302",11],["ameshkov",9],["vbagirov",8]],"2015-11":[["ameshkov",12],["Alex-302",12],["vbagirov",9]],"2015-12":[["evgeniy-ADG",15],["Alex-302",17],["ameshkov",15]],"2016-01":[["Alex-302",20],["ameshkov",9],["evgeniy-ADG",17],["Vincent-Michael",8],["Bohdan-SUP",8]],"2016-02":[["Bohdan-SUP",13],["evgeniy-ADG",17],["Alex-302",20],["Vincent-Michael",12]],"2016-03":[["Bohdan-SUP",10],["Vincent-Michael",12],["Alex-302",20],["evgeniy-ADG",17]],"2016-04":[["Alex-302",17],["evgeniy-ADG",14],["Vincent-Michael",7],["Bohdan-SUP",12]],"2016-05":[["ameshkov",5],["tiberian83",4],["Alex-302",16],["aiv3006",4],["Serzh-SUP",4],["vgavrish",4],["vozersky",4],["Bohdan-SUP",11],["evgeniy-ADG",17]],"2016-06":[["Bohdan-SUP",9],["Alex-302",22],["ameshkov",7],["thislife81",12],["vgavrish",9],["evgeniy-ADG",14],["Serzh-SUP",7]],"2016-07":[["thislife81",10],["evgeniy-ADG",19],["worldsdream",8],["ameshkov",8],["Alex-302",20],["vgavrish",9]],"2016-08":[["ameshkov",7],["Alex-302",21],["vgavrish",10],["thislife81",9],["vozersky",5],["Bohdan-SUP",5],["Serzh-SUP",5],["The-Commissioner",5],["worldsdream",5],["rajatmathurs",7],["evgeniy-ADG",17]],"2016-09":[["ameshkov",6],["ministr91",8],["evgeniy-ADG",15],["Bohdan-SUP",9],["Alex-302",20],["thislife81",6],["rajatmathurs",7]],"2016-10":[["Alex-302",20],["shurmosha",7],["vgavrish",11],["Fridrix",6],["jo2dan23",6],["danidoedel",10],["Bohdan-SUP",9],["evgeniy-ADG",11],["Serzh-SUP",7]],"2016-11":[["vgavrish",12],["evgeniy-ADG",13],["MrTal",5],["seanl-adg",5],["thislife81",6],["ayratus",6],["Tetiana2020",7],["vbagirov",5],["osavranska",6],["Bluscream",5],["Alex-302",21],["Serzh-SUP",6],["danidoedel",13],["ameshkov",6]],"2016-12":[["Yana-SUP",5],["tagataho",4],["danidoedel",13],["jo2dan23",4],["vgavrish",12],["evgeniy-ADG",13],["ameshkov",6],["zebrum",5],["ministr91",7],["dzamyshlyayeva",4],["Vincent-Michael",4],["seanl-adg",4],["osavranska",10],["Tetiana2020",8],["Alex-302",23],["vbagirov",5]],"2017-01":[["Yana-SUP",4],["zebrum",5],["vgavrish",11],["seanl-adg",6],["ankitkumarbh",4],["danidoedel",16],["ameshkov",7],["evgeniy-ADG",14],["vmalyuta",4],["tagataho",6],["Alex-302",22],["Tetiana2020",4],["Losinsky",4],["vbagirov",4],["osavranska",9]],"2017-02":[["vozersky",4],["dzamyshlyayeva",4],["evgeniy-ADG",14],["ameshkov",5],["danidoedel",11],["jo2dan23",5],["Michael23456",4],["Tetiana2020",4],["ministr91",4],["DopeUnicorn",4],["hal109",4],["Yana-SUP",6],["Alex-302",19],["zebrum",5],["oprotsyk",5],["vmalyuta",6],["seanl-adg",5],["Bohdan-SUP",6],["KozelElena",6]],"2017-03":[["OlegSUP",8],["dzamyshlyayeva",7],["evgeniy-ADG",13],["KozelElena",6],["vmalyuta",6],["seanl-adg",6],["Michael23456",6],["zebrum",5],["jo2dan23",7],["Alex-302",19],["ameshkov",6],["deLumren",5],["Darina655",5],["Yana-SUP",6]],"2017-04":[["seanl-adg",6],["KozelElena",8],["deLumren",6],["evgeniy-ADG",9],["OlegSUP",5],["dzamyshlyayeva",6],["Darina655",5],["Yana-SUP",5],["ministr91",8],["vmalyuta",8],["Michael23456",6],["zebrum",6],["ameshkov",8],["Alex-302",18]],"2017-05":[["Michael23456",7],["ameshkov",7],["vmalyuta",7],["dzamyshlyayeva",6],["OlegSUP",6],["Alex-302",20],["evgeniy-ADG",8],["aksyonova",6],["seanl-adg",6],["zebrum",5],["altokarev",5],["veronikasav",10],["KozelElena",7],["danidoedel",13]],"2017-06":[["KozelElena",5],["dzamyshlyayeva",6],["Michael23456",7],["vmalyuta",6],["ypetruk",8],["ameshkov",7],["AdamWr",9],["danidoedel",17],["kbahlyk",7],["seanl-adg",9],["Alex-302",19],["altokarev",5],["ministr91",8],["veronikasav",9],["aksyonova",6]],"2017-07":[["ministr91",6],["dzamyshlyayeva",8],["Alex-302",20],["thislife81",12],["danidoedel",20],["seanl-adg",8],["ameshkov",6],["ypetruk",10],["kbahlyk",7],["evgeniy-ADG",8],["veronikasav",8],["AdamWr",14],["altokarev",6]],"2017-08":[["evgeniy-ADG",13],["AdamWr",18],["thislife81",14],["ministr91",8],["ypetruk",11],["Alex-302",23],["Adguarder",13],["danidoedel",22],["vitbortnik",8],["veronikasav",11],["FadeMind",11]],"2017-09":[["darkulish",5],["ameshkov",7],["veronikasav",12],["Smorvel",6],["ypetruk",5],["ministr91",5],["danidoedel",14],["vitbortnik",5],["zero77",5],["Alex-302",20],["AdamWr",15],["iverkhohliad",11],["evgeniy-ADG",16],["FadeMind",7],["XX-J",6]],"2017-10":[["iverkhohliad",9],["evgeniy-ADG",12],["AdamWr",14],["Klimfedyakin",8],["veronikasav",9],["danidoedel",14],["adguard-bot",15],["seba2282",5],["Alex-302",17],["XX-J",5],["ministr91",6],["FadeMind",5],["ashvets-sup",7],["ameshkov",5]],"2017-11":[["danidoedel",10],["FadeMind",7],["ashvets-sup",5],["lancelot-moon",6],["ministr91",5],["ameshkov",5],["Alex-302",23],["AdamWr",16],["veronikasav",5],["iverkhohliad",7],["adguard-bot",33],["evgeniy-ADG",10]],"2017-12":[["BlazDT",15],["ameshkov",6],["zovihuxij",6],["AdamWr",19],["Uralets",5],["iverkhohliad",5],["Big-U-Boss",5],["bkrucarci",5],["Nzzyme",13],["adguard-bot",48],["vozersky",5],["lancelot-moon",6],["danidoedel",7],["evgeniy-ADG",6],["PentagramTr",6],["Alex-302",25],["zloyden",5]],"2018-01":[["densik3799",4],["bkrucarci",4],["zebrum",4],["adguard-bot",58],["Asssaaa",5],["PentagramTr",4],["Nzzyme",8],["missyoselin1",4],["Alex-302",22],["BlazDT",21],["cemasri",4],["akmLaVx",6],["AdamWr",20],["lancelot-moon",4],["Big-U-Boss",4],["XX-J",4],["FadeMind",5],["Shapsuo",4],["evgeniy-ADG",7],["worldsdream",4],["ministr91",4],["ameshkov",5],["danidoedel",6]],"2018-02":[["ScochRu",4],["densik3799",4],["InvestmasterGroup",4],["zebrum",10],["adguard-bot",62],["syokkendesuyo",4],["PentagramTr",4],["adreporter01",5],["Nzzyme",8],["missyoselin1",5],["JayBrown",4],["Alex-302",26],["BlazDT",22],["cemasri",4],["akmLaVx",7],["AdamWr",17],["Big-U-Boss",4],["XX-J",6],["evgeniy-ADG",5],["kamso5499",4],["ameshkov",6],["danidoedel",7]],"2018-03":[["PentagramTr",5],["danidoedel",5],["lancelot-moon",5],["estevanearmando",4],["aiv3006",5],["XX-J",4],["Bushido1",4],["oleedd",5],["Emberquake",4],["adguard-bot",64],["OpenBSD-Neurotik",4],["Noisia12",4],["AdamWr",18],["zebrum",8],["BlazDT",18],["Nzzyme",10],["Alex-302",31],["Vasya317",5],["evgeniy-ADG",5],["ameshkov",5],["THEtomaso",4],["akmLaVx",7]],"2018-04":[["ameshkov",4],["adguard-bot",55],["TesterMan247",4],["BlazDT",21],["danidoedel",3],["worldsdream",3],["VicktoriaF",3],["LASuspect",3],["TheHasagi",3],["ScochRu",3],["lost2020",3],["Nampdth",3],["AdamWr",17],["lancelot-moon",4],["Eugene-Savenko",5],["akmLaVx",3],["ILikePlayingGames",5],["carlylemiii",3],["Alex-302",25],["oleedd",4],["densik3799",4],["gvanosch12",5],["XX-J",3],["adreporter01",4],["Nzzyme",9],["gotitbro",3],["FadeMind",3],["SheepKid12",3],["COOLak",3],["beeshyams",3],["vozersky",3],["Fantom1010",3],["Big-U-Boss",4],["planet0",3],["PentagramTr",4],["ozzzzzy",3]],"2018-05":[["susanin39",3],["zloyden",3],["TheHasagi",9],["Standad",4],["adguard-bot",62],["lost2020",3],["SheepKid12",3],["Rakleed",4],["vozersky",3],["Magicdwarf",3],["BlazDT",23],["AdamWr",16],["oleedd",4],["Nzzyme",7],["adreporter01",4],["IronDadTX",5],["davidhedlund",3],["accountforadg",4],["ameshkov",4],["Alex-302",26],["ReyCobin",3],["gvanosch12",3],["Fabian42",3],["danidoedel",4],["costashu",3],["Noisia12",3],["Big-U-Boss",9],["PentagramTr",5],["pratomoastan",3],["beeshyams",3],["v0te",3],["lancelot-moon",3],["mrtarlan",3],["them1212",4],["Eugene-Savenko",3],["morgenstern72",3],["zebrum",3],["FadeMind",3]],"2018-06":[["them1212",5],["worldsdream",4],["TheHasagi",7],["lancelot-moon",4],["BlazDT",23],["Satarasiel",4],["Alex-302",26],["Sorrovv",4],["shinshineboy",4],["Big-U-Boss",7],["umaxx83",4],["ameshkov",5],["PentagramTr",4],["zefwef",4],["AdamWr",14],["adguard-bot",62],["Standad",5],["mrtarlan",4],["zebrum",4],["TesterMan247",4],["danidoedel",4],["Nzzyme",7]],"2018-07":[["Standad",4],["ImIthiliel",3],["zebrum",5],["SioGabx",3],["lancelot-moon",4],["ozzzzzy",3],["BlazDT",22],["adranger",3],["them1212",5],["Nzzyme",9],["Eugene-Savenko",3],["oleedd",3],["SheepKid12",3],["4-life",3],["metaxaos",4],["nikanorov",3],["seba2282",3],["Zyxelman",3],["Big-U-Boss",7],["PentagramTr",6],["JonnyRedHed",3],["THEtomaso",3],["bug-killer",3],["Will0376",3],["Jasontech100",3],["lost2020",4],["ministr91",3],["danidoedel",6],["AdamWr",14],["XX-J",5],["Alex-302",25],["adguard-bot",59],["ameshkov",3],["levonder",3],["TheHasagi",6]],"2018-08":[["Myosin-X",3],["TheHasagi",9],["kadirgun",3],["TesterMan247",3],["PentagramTr",4],["MrTal",3],["ishkval",3],["aiv3006",4],["THEtomaso",5],["Alex-302",24],["adranger",4],["cesiumaurum",3],["Djek3",3],["TheToolGuy",3],["rajatmathurs",8],["Nzzyme",10],["BlazDT",22],["ORI123456",3],["linuxpng",3],["danidoedel",5],["oleedd",7],["AdamWr",14],["OnTheRocksBrew",3],["Big-U-Boss",3],["Adelina7",3],["adguard-bot",55],["lancelot-moon",7]],"2018-09":[["them1212",4],["Big-U-Boss",4],["ClassicUA",3],["dfmcvn",3],["DandelionSprout",3],["Tariqzm",5],["ozzzzzy",3],["DeHaos",3],["Nzzyme",7],["Alex-302",22],["adguard-bot",57],["pvz77",3],["XemorDio",3],["kaznovac",3],["oleedd",7],["dujlowskij",3],["adranger",3],["d-j-a",3],["lancelot-moon",4],["AntonMenshickov",3],["ameshkov",4],["Soheil777",3],["ravenaus",3],["TheHasagi",7],["Dmitriusan",3],["im3or",3],["Eugene-Savenko",3],["AdamWr",17],["BlazDT",20],["TesterMan247",3],["rajatmathurs",3],["tbcam88",3],["dnmTX",4],["lost2020",4],["XX-J",4]],"2018-10":[["AdamWr",17],["THEtomaso",4],["TheHasagi",8],["kujibka1",5],["lost2020",4],["NUser2018",4],["adguard-bot",61],["ameshkov",4],["PentagramTr",4],["lancelot-moon",5],["Alex-302",24],["krystian3w",10],["Tariqzm",4],["XX-J",5],["shurmosha",4],["Smorvel",4],["BlazDT",14],["bogachenko",12],["Nzzyme",5]],"2018-11":[["XX-J",4],["adguard-bot",59],["lost2020",4],["Alex-302",23],["AlexeyBelyaev79",6],["slavaleleka",11],["TheHasagi",6],["PentagramTr",5],["BlazDT",9],["SpiritusVeriitas",4],["oleedd",5],["bogachenko",6],["besonov",5],["AdamWr",14],["Y2Kot",4],["in4u",4],["krystian3w",13],["accountforadg",6],["Nzzyme",7]],"2018-12":[["FadeMind",4],["Alex-302",24],["adranger",4],["oleedd",4],["accountforadg",5],["MrTal",4],["BlazDT",11],["AdamWr",13],["TheHasagi",11],["lancelot-moon",6],["slavaleleka",14],["Nzzyme",9],["krystian3w",9],["adguard-bot",56],["densik3799",6],["Eugene-Savenko",4],["THEtomaso",7],["random438795983475",10]],"2019-01":[["hid3nax",4],["FadeMind",5],["Alex-302",20],["THEtomaso",5],["TheHasagi",6],["BlazDT",5],["oleedd",6],["Rakleed",4],["Big-U-Boss",5],["DmitriyVelichko",4],["PentagramTr",6],["Nzzyme",7],["lost2020",4],["slavaleleka",17],["AdamWr",14],["adranger",8],["adguard-bot",53],["krystian3w",11]],"2019-02":[["shurmosha",5],["Nzzyme",5],["PentagramTr",7],["danidoedel",6],["lancelot-moon",5],["krystian3w",9],["Alex-302",24],["sergsinger",4],["adguard-bot",56],["slavaleleka",26],["TheHasagi",6],["FadeMind",4],["oleedd",9],["AdamWr",16],["Big-U-Boss",5],["seba2282",6],["Pierre7855",4],["adranger",8],["BlazDT",8],["Rakleed",4]],"2019-03":[["akmLaVx",4],["slavaleleka",20],["adguard-bot",66],["Nzzyme",7],["oleedd",4],["TheHasagi",7],["lancelot-moon",4],["adranger",8],["BlazDT",11],["XX-J",4],["Big-U-Boss",6],["danidoedel",4],["F3000",4],["bogachenko",4],["sergsinger",4],["krystian3w",8],["PentagramTr",5],["vavasik007",4],["seba2282",7],["shurmosha",6],["dnmTX",6],["Alex-302",20],["AdamWr",15]],"2019-04":[["lcadguard",3],["PentagramTr",4],["minanagehsalalma",3],["adranger",8],["slavaleleka",18],["XX-J",3],["lancelot-moon",6],["lost2020",3],["Chinaski1",4],["iDjay",3],["seba2282",4],["AdamWr",16],["THEtomaso",3],["hawkeye116477",3],["Nzzyme",3],["fireincairo00",3],["discusssth",3],["adguard-bot",61],["krystian3w",9],["bogachenko",4],["mimo2003moh",3],["azurerush93",3],["Alex-302",18],["girod2033",3],["BlazDT",16],["shurmosha",6],["snhv",3],["Big-U-Boss",6],["sergsinger",5],["MrTal",5]],"2019-05":[["adguard-bot",61],["seba2282",6],["FadeMind",7],["adranger",7],["BONE65",4],["AdamWr",19],["AndroidDeveloperLB",4],["Alex-302",13],["krystian3w",9],["lost2020",4],["Nzzyme",4],["geniusb",4],["slavaleleka",7],["MrTal",4],["bogachenko",7],["PentagramTr",4],["XX-J",4],["BlazDT",9],["DragoSk",4],["oleedd",5]],"2019-06":[["bogachenko",9],["BlazDT",16],["adguard-bot",60],["seba2282",5],["PentagramTr",8],["slavaleleka",8],["zloyden",18],["FadeMind",6],["Nzzyme",5],["Alex-302",23],["Chinaski1",8],["krystian3w",9],["AdamWr",16],["Smorvel",5],["XX-J",5],["terlan2",6],["adranger",5],["Hafidzgtg",5]],"2019-07":[["Hafidzgtg",7],["slavaleleka",17],["tvinzz",27],["adguard-bot",60],["oleedd",7],["BlazDT",24],["zloyden",34],["Spok1",11],["LucasDiTomase",7],["krystian3w",8],["PentagramTr",8],["Chinaski1",12],["Alex-302",40],["AdamWr",18]],"2019-08":[["lost2020",5],["Nzzyme",6],["PentagramTr",5],["adguard-bot",63],["adranger",8],["TheHasagi",5],["LucasDiTomase",11],["BlazDT",18],["Mihvad",5],["VivaLaVidaValeVoua",5],["zloyden",34],["krystian3w",11],["Chinaski1",7],["Alex-302",34],["oleedd",6],["tvinzz",20],["gsk-jp",5],["AdamWr",16],["slavaleleka",14]],"2019-09":[["accountforadg",4],["slavaleleka",10],["Chinaski1",9],["VivaLaVidaValeVoua",5],["zubrRB",4],["Hafidzgtg",4],["AdamWr",20],["worldsdream",5],["tvinzz",10],["adranger",8],["Eugene-Savenko",4],["BlazDT",18],["Alex-302",28],["adguard-bot",60],["Nzzyme",4],["zloyden",35],["krystian3w",10],["XX-J",4],["deadlyshadow79",4],["PentagramTr",6],["wernser412",5],["oleedd",4]],"2019-10":[["Alex-302",29],["Vikingaw",4],["BlazDT",16],["KABOUOBU",4],["krystian3w",12],["adguard-bot",62],["deletescape",5],["Chinaski1",9],["Nzzyme",4],["Koruy",5],["itsBarhamK",5],["adranger",9],["zubrRB",4],["PentagramTr",4],["slavaleleka",8],["AdamWr",23],["FadeMind",5],["zloyden",30],["XX-J",5],["tamibi",5],["lost2020",5],["tvinzz",7],["Camo55",4]],"2019-11":[["BlazDT",20],["krystian3w",10],["zubrRB",4],["adguard-bot",66],["Chinaski1",9],["Smorvel",4],["Spok1",6],["zloyden",20],["Rakleed",4],["tvinzz",7],["AdamWr",24],["lost2020",4],["Ferekikoo",4],["FadeMind",4],["Sergey-Lyapin",14],["FinderID",5],["Alex-302",31],["mrlk7878",4],["ubogomol",5],["Nzzyme",6],["PentagramTr",6],["worldsdream",4],["Koruy",5],["slavaleleka",6],["wernser412",5],["razz100",4],["accountforadg",7],["adranger",6],["sergsinger",5]],"2019-12":[["AdamWr",21],["zloyden",19],["Nzzyme",5],["Alex-302",28],["Spok1",5],["adguard-bot",62],["krystian3w",6],["Oizaro",5],["Yuki2718",6],["slavaleleka",8],["accountforadg",6],["sergsinger",4],["tvinzz",4],["wernser412",5],["oleedd",4],["Sergey-Lyapin",22],["Hafidzgtg",5],["Chinaski1",7],["zubrRB",5],["PentagramTr",10],["SeriousHoax",4],["Rakleed",4],["BlazDT",16],["FadeMind",8]],"2020-01":[["Vitalik93",4],["3xploiton3",4],["AiratHalitov",4],["zubrRB",6],["THEtomaso",4],["FadeMind",5],["Chinaski1",8],["krystian3w",11],["ameshkov",4],["PentagramTr",7],["lost2020",4],["ryanbr",4],["Spok1",4],["adguard-bot",68],["Yuki2718",7],["XX-J",4],["zloyden",19],["Morku",7],["accountforadg",6],["Nzzyme",5],["ahmedov-arsen",4],["adranger",6],["Alex-302",25],["oleedd",4],["Sergey-Lyapin",22],["sergsinger",4],["BlazDT",15],["slavaleleka",7],["AdamWr",23]],"2020-02":[["AdamWr",19],["BlazDT",12],["Chinaski1",7],["krystian3w",7],["adranger",7],["adguard-bot",62],["zubrRB",5],["Morku",5],["jbionic2016",5],["Spok1",7],["zloyden",21],["Sergey-Lyapin",25],["Nzzyme",5],["Alex-302",26],["FadeMind",6],["PentagramTr",6]],"2020-03":[["TesterMan247",3],["AdamWr",25],["in4u",3],["yourduskquibbles",4],["tiiiecherle",3],["ReaLJohnBaker",3],["keeganlow",3],["BlazDT",15],["KaleoK",4],["Chinaski1",8],["Mezito80",3],["krystian3w",7],["Xophile",3],["XX-J",3],["ameshkov",3],["adranger",4],["Rakleed",3],["Morac2",5],["lancelot-moon",3],["adguard-bot",65],["zubrRB",4],["GauthierPLM",4],["lobudgt",3],["freefallr4545",3],["Hafidzgtg",3],["akmLaVx",3],["ezhuvakova",3],["zprop",3],["DrBobLo",3],["zecanard",3],["Poluatorul",3],["Morku",6],["JobcenterTycoon",3],["xtrah69",4],["uBlock-user",3],["Spok1",4],["thenonhacker",3],["Yuki2718",6],["zloyden",21],["komachi",4],["wernser412",3],["Sergey-Lyapin",27],["Rudolff11",3],["3xploiton3",3],["Nzzyme",7],["ArmynC",3],["SeriousHoax",3],["Alex-302",33],["RobCruzo",3],["FinderID",3],["PentagramTr",6],["accountforadg",3],["DandelionSprout",5]],"2020-04":[["Vitalik93",5],["sa-ki13",3],["yokoffing",4],["rodaimi",3],["zubrRB",3],["jbionic2016",3],["Oleg-Chashko",4],["wernser412",3],["Chinaski1",9],["iDjay",3],["dalmayr",3],["krystian3w",8],["kah0922",3],["StevenDunlap",3],["jseibert",3],["Hafidzgtg",3],["akmLaVx",4],["PentagramTr",6],["Rakleed",4],["ghajini",3],["Koruy",3],["mogu1121",3],["Spok1",5],["theerhan",4],["Anonymous0anonim",3],["adguard-bot",67],["SeriousHoax",5],["TesterMan247",4],["stevieland58",4],["Yuki2718",11],["DandelionSprout",4],["bigdargon",3],["XX-J",3],["zloyden",19],["usr3",4],["c7nasr",3],["Morku",5],["JobcenterTycoon",4],["1legendd",3],["accountforadg",5],["ChimpuFernandez",3],["Nzzyme",6],["adranger",3],["qwerty115xjy",3],["Smorvel",3],["8Ajgz",3],["Alex-302",32],["Sergey-Lyapin",26],["sergsinger",3],["BlazDT",10],["carlylemiii",3],["AdamWr",21]],"2020-05":[["TesterMan247",5],["AdamWr",22],["sergsinger",3],["Draconarache",3],["trendkill84",3],["PLSomebody",4],["BlazDT",9],["temp-account-123",3],["RJGamer1002",3],["Chinaski1",7],["krystian3w",10],["XX-J",4],["adranger",7],["wittier",3],["adguard-bot",65],["zubrRB",6],["worldsdream",4],["3x2020",3],["mimo2004moh",3],["Hafidzgtg",3],["akmLaVx",3],["portos1125",4],["Unearthly86",3],["Morku",3],["rodaimi",3],["sayjota",3],["Spok1",4],["debmaj2",3],["Yuki2718",11],["zloyden",17],["tvinzz",3],["Sergey-Lyapin",23],["oleedd",4],["liveonloan",3],["kulfoon",5],["Nzzyme",7],["TheHasagi",3],["gitter152",3],["Alex-302",29],["roshcode",3],["DejHell",3],["leanhducch2",3],["THEtomaso",4],["PentagramTr",4],["BALTAGY",3],["them1212",3],["Koruy",4],["svenper",3]],"2020-06":[["BALTAGY",4],["sa-ki13",3],["Disqu3-mirOir-qt",4],["VuickB6",3],["econwatch",3],["accountforadg",5],["adranger",7],["ameshkov",3],["pradorocchi",5],["XX-J",4],["krystian3w",10],["TheHadouJHyrule",3],["Rakleed",3],["zloyden",20],["Drjacky",3],["omartayel",3],["Yuki2718",10],["rururux",4],["Avinsxkmbla",3],["HenryQW",3],["vicphos",3],["oleedd",4],["Sergey-Lyapin",18],["hazemantr217",3],["c7nasr",3],["d0x360",3],["Koruy",3],["nightdrelaron",4],["Hafidzgtg",6],["zubrRB",5],["sergsinger",4],["adguard-bot",69],["Chinaski1",8],["THEtomaso",4],["Sam5883",3],["Alex-302",32],["BlazDT",15],["slavaleleka",3],["Nzzyme",5],["J-Curie",3],["ScienceDiscoverer",3],["june8-o",5],["JobcenterTycoon",3],["Morku",6],["SeriousHoax",5],["haapyab",3],["nick-morhun",3],["Spok1",7],["emberweave",3],["AdamWr",18],["PentagramTr",4],["carlylemiii",3],["sandergol",3],["Zardangus",3],["Radionucleid",3]],"2020-07":[["no-bet806",6],["AdamWr",18],["some-account22",4],["BlazDT",15],["Chinaski1",12],["vicosphi",4],["krystian3w",8],["adranger",5],["d0x360",4],["adguard-bot",68],["zubrRB",5],["the4anoni",4],["Spok1",5],["Yuki2718",8],["zloyden",19],["june8-o",4],["wernser412",5],["Sergey-Lyapin",32],["daphnemarrable",4],["Muriashe",4],["adguard1122",5],["kulfoon",4],["Nzzyme",5],["Alex-302",30],["fomka151",4],["stanislav-atr",9],["cute-byte",6],["DandelionSprout",7],["Koruy",4]],"2020-08":[["llacb47",3],["adranger",4],["komachi",3],["FinderID",3],["rajatmathurs",5],["Alexei-Baciurin",3],["mihapain1",3],["lolka4toli",3],["Yuki2718",10],["stanislav-atr",28],["nightdrelaron",3],["withinpipo",3],["c7nasr",3],["holeech",4],["zubrRB",7],["Tealk",3],["Spok1",7],["validatedev",3],["THEtomaso",3],["VGisHere",3],["zaheerhakim",4],["PentagramTr",3],["rossinireis",3],["Rickeme",3],["Zardangus",4],["TesterMan247",3],["Doliman100",3],["Morku",4],["JobcenterTycoon",5],["DandelionSprout",4],["d0x360",4],["Eugene-Savenko",3],["Sergey-Lyapin",31],["oleedd",4],["wernser412",3],["BlazDT",11],["adguard-bot",65],["D25SK",3],["debmaj2",3],["Nzzyme",5],["bruvv",3],["Alex-302",36],["krystian3w",9],["Hafidzgtg",4],["Chinaski1",8],["Dummyxl",3],["the4anoni",3],["a-privacy-conscious-user",3],["3xploiton3",3],["zloyden",18],["cabban",3],["AdamWr",18],["ministr91",3]],"2020-09":[["ginkass",5],["Smorvel",3],["DandelionSprout",3],["ameshkov",3],["adguard-bot",67],["BALTAGY",3],["BlazDT",12],["accountforadg",5],["skarpinis",3],["GeoffBurnett",3],["iDjay",3],["AdamWr",21],["Vasya317",4],["Hafidzgtg",4],["akmLaVx",4],["Tealk",3],["cantunborn",3],["Michal72",3],["Nzzyme",3],["Sam5883",3],["RedDragonWebDesign",3],["lolka4toli",7],["techIndia-hacker",3],["3xploiton3",3],["Markimoomoo",3],["adranger",6],["D25SK",3],["Yuki2718",9],["terr72",3],["krystian3w",10],["Morku",6],["zappe",3],["JobcenterTycoon",7],["007me",3],["gaveer",3],["Andy-Kl",3],["TesterMan247",3],["sergsinger",4],["zubrRB",3],["Alex-302",30],["Spok1",7],["phonemes",3],["tox1c90",3],["Chinaski1",4],["ghost1295",3],["Disqu3-mirOir-qt",3],["ReaLJohnBaker",3],["THEtomaso",5],["Sergey-Lyapin",20],["rajatmathurs",4],["stanislav-atr",28],["ekamran",4],["miniboxeva",3],["zloyden",20],["withinpipo",4]],"2020-10":[["ViVi93",3],["Rick-B2",3],["gargul03",3],["ekamran",3],["emberweave",3],["FOXIY",3],["Heuretic",4],["gediz",3],["Spok1",5],["jakefenton",3],["ameshkov",3],["accountforadg",3],["piquark6046",9],["BlazDT",11],["sldev-se",3],["Zardangus",3],["jimmysofat6864",3],["tecumsa",4],["DandelionSprout",6],["Rakleed",3],["oleedd",4],["Sergey-Lyapin",16],["apalgen",3],["THEtomaso",3],["RobbieTT",3],["blockirator",5],["jordanelliott23",6],["WorldIRC",4],["privacy-advo",4],["snowylocal",3],["Alex-302",31],["debmaj2",3],["AdamWr",19],["3xploiton3",3],["adranger",6],["BourbonCrow",3],["JobcenterTycoon",8],["Morku",4],["VGisHere",3],["YngwieMalmsteen",3],["stanislav-atr",7],["StevenDunlap",3],["0xbkt",6],["adguard-bot",67],["krystian3w",11],["Bushido1",5],["zloyden",18],["yourduskquibbles",3],["wernser412",3],["zaba-monika",3],["Tealk",3],["Nzzyme",3],["zubrRB",6],["sdschramm",3],["Berovowilare",4],["toastido",3],["Andy-Kl",5],["ChimpuFernandez",3],["jbionic2016",4],["hadjisoteriou",4],["Yuki2718",15],["techIndia-hacker",5],["lolka4toli",7]],"2020-11":[["BlazDT",11],["krystian3w",10],["zubrRB",6],["adguard-bot",72],["Zeuhx",3],["lolka4toli",8],["Spok1",4],["Oleg-Chashko",3],["zloyden",16],["jimmysofat6864",4],["Oizaro",5],["THEtomaso",5],["Rakleed",7],["AdamWr",18],["ministr91",3],["eduardoaddad",3],["Andy-Kl",3],["BarhamBasha",3],["Eugene-Savenko",3],["SeriousHoax",3],["FadeMind",3],["bogachenko",3],["jordanelliott23",7],["alannzi",3],["yourduskquibbles",4],["Rusenche",4],["RadicalNoise",4],["stanislav-atr",5],["Bushido1",5],["Sergey-Lyapin",15],["Disqu3-mirOir-qt",5],["user-mf",3],["Alex-302",30],["Solomon-Nine",3],["ukheather",3],["BourbonCrow",3],["tryfresh",3],["debmaj2",3],["pgl",3],["HUNDO123",3],["Nzzyme",4],["hadjisoteriou",3],["Rutodor",3],["HollywoodPalmz",3],["JobcenterTycoon",7],["Morku",5],["zaba-monika",4],["MajkiIT",3],["3xploiton3",3],["DandelionSprout",5],["wernser412",3],["piquark6046",6],["Hazbelll",3],["annoying-anonim",3],["ollitapa",3],["rajatmathurs",3],["mdragossh",3],["adranger",9],["Yuki2718",14],["paysenyu",3]],"2020-12":[["ameshkov",5],["Andy-Kl",4],["gigabit2",4],["gork7777",17],["yourduskquibbles",4],["jordanelliott23",7],["kodiakhub",4],["Rakleed",7],["NUser2018",4],["zubrRB",5],["Spok1",8],["Yolocaust2137",4],["piquark6046",15],["zloyden",25],["RadicalNoise",4],["adranger",10],["Bushido1",5],["stanislav-atr",26],["BlazDT",12],["Sergey-Lyapin",16],["seyoon20087",4],["Yuki2718",20],["Alex-302",23],["AdamWr",23],["Danzoui",4],["AdGuard-User-TR",4],["byyxx128",6],["krystian3w",9],["lolka4toli",7],["techIndia-hacker",4],["adguard-bot",70],["Morku",5],["JobcenterTycoon",4],["debmaj2",4]],"2021-01":[["Alex-302",27],["Yuki2718",18],["adranger",8],["fabianski7",7],["Morku",6],["JobcenterTycoon",5],["DandelionSprout",6],["Zardangus",5],["RadicalNoise",9],["BlazDT",12],["zloyden",24],["Talented-X-Coder-X",10],["Sergey-Lyapin",15],["Rakleed",7],["lolka4toli",7],["3xploiton3",5],["stanislav-atr",26],["gork7777",25],["dodieboy",8],["THEtomaso",5],["adguard-bot",67],["piquark6046",13],["wout-codes",27],["AdamWr",16],["Danzoui",6],["krystian3w",9]],"2021-02":[["wout-codes",50],["Sergey-Lyapin",20],["Yuki2718",14],["Jammie1143",5],["lolka4toli",8],["BlazDT",8],["Rakleed",5],["RadicalNoise",8],["stanislav-atr",28],["jimmysofat6864",5],["piquark6046",12],["zubrRB",5],["adguard-bot",67],["Morku",6],["ghajini",6],["adranger",6],["c2xusnpq6",5],["zloyden",30],["Spok1",6],["gork7777",18],["krystian3w",6],["AdamWr",19],["eduardoaddad",5],["Alex-302",29]],"2021-03":[["AdamWr",20],["wout-codes",64],["lolka4toli",10],["adguard-bot",68],["BlazDT",10],["Sergey-Lyapin",26],["stanislav-atr",23],["gork7777",20],["Alex-302",35],["krystian3w",11],["piquark6046",17],["zloyden",30],["Morku",7],["cantunborn",6],["c2xusnpq6",7],["adranger",6],["gigabit2",7],["Yuki2718",15]],"2021-04":[["wout-codes",49],["BlazDT",12],["adguard-bot",72],["chirag127",15],["zloyden",19],["Sergey-Lyapin",27],["stanislav-atr",29],["c2xusnpq6",10],["piquark6046",10],["Alex-302",33],["gork7777",21],["krystian3w",11],["AdamWr",19],["Yuki2718",13]],"2021-05":[["jiayouba233",5],["IThinkIAmCool",6],["adranger",8],["krystian3w",14],["wout-codes",19],["AdamWr",15],["Danzoui",6],["Yuki2718",13],["piquark6046",14],["jordanelliott23",7],["c2xusnpq6",10],["chirag127",20],["zloyden",19],["gork7777",13],["adguard-bot",72],["Morku",7],["JobcenterTycoon",5],["rakleed",5],["Alex-302",26],["BlazDT",10],["neer9",5],["asagayakita",7],["stanislav-atr",14],["Sergey-Lyapin",16]],"2021-06":[["chirag127",28],["Alex-302",29],["adguard-bot",70],["BlazDT",12],["piquark6046",13],["Yuki2718",10],["lolka4toli",5],["zloyden",18],["Spok1",7],["zubrRB",6],["DandelionSprout",5],["neer9",5],["duryytt",5],["Sergey-Lyapin",13],["AdamWr",14],["Danzoui",5],["c2xusnpq6",8],["adranger",7],["Andy-Kl",5],["krystian3w",11],["stanislav-atr",25],["Morku",7],["JobcenterTycoon",5],["baronexy",5]],"2021-07":[["krystian3w",10],["adranger",7],["c2xusnpq6",8],["IThinkIAmCool",11],["Sergey-Lyapin",18],["zloyden",19],["Yuki2718",9],["neer9",12],["stanislav-atr",18],["AdamWr",18],["duryytt",7],["jordanelliott23",11],["chirag127",24],["Spok1",7],["gork7777",18],["Alex-302",26],["piquark6046",15],["BlazDT",11],["thinksheiscool",9],["adguard-bot",66]],"2021-08":[["adranger",6],["adguard-bot",69],["Alex-302",27],["RadicalNoise",6],["piquark6046",22],["Sergey-Lyapin",14],["zloyden",19],["neer9",6],["jordanelliott23",8],["thinksheiscool",16],["shenzhiming88",9],["stanislav-atr",6],["BlazDT",9],["sweetcashew",12],["duryytt",8],["Spok1",7],["AdamWr",14],["zubrRB",6],["Yuki2718",12],["chirag127",37],["krystian3w",8],["gork7777",22]],"2021-09":[["Yuki2718",12],["Sergey-Lyapin",16],["neer9",7],["AdamWr",16],["JobcenterTycoon",6],["zubrRB",7],["chirag127",33],["BlazDT",7],["Apious",7],["ExtremelyCool",6],["adranger",8],["Mennaruuk",11],["IMayKnow",8],["Alex-302",28],["Andy-Kl",6],["RadicalNoise",12],["zloyden",13],["gork7777",21],["kelebek333",6],["krystian3w",9],["adguard-bot",70],["piquark6046",15]],"2021-10":[["BlazDT",7],["AdamWr",10],["JobcenterTycoon",5],["adranger",5],["Spok1",5],["piquark6046",9],["Sergey-Lyapin",9],["krystian3w",7],["SASUKE0721",4],["jellizaveta",4],["adguard-bot",47],["Alex-302",8],["Yuki2718",6],["chirag127",12],["neer9",6],["zloyden",10]],"2021-11":[["piquark6046",17],["BlazDT",7],["adguard-bot",70],["SASUKE0721",8],["spiri-leo",8],["Spok1",8],["Alex-302",27],["zloyden",23],["AdamWr",17],["adranger",8],["jellizaveta",25],["zubrRB",7],["gork7777",16],["c2xusnpq6",6],["slavaleleka",6],["gmg0823",6],["Sergey-Lyapin",15],["fabianski7",7],["chirag127",35],["Yuki2718",12],["krystian3w",9]],"2021-12":[["spiri-leo",20],["neer9",12],["piquark6046",15],["gork7777",33],["adguard-bot",75],["jellizaveta",26],["SKEIDs",33],["AdamWr",15],["Sergey-Lyapin",23],["chirag127",23],["Yuki2718",17],["zloyden",24],["Alex-302",20]],"2022-01":[["chirag127",14],["adguard-bot",83],["piquark6046",10],["Yuki2718",16],["jellizaveta",26],["gork7777",23],["spiri-leo",33],["Sergey-Lyapin",18],["AdamWr",15],["zloyden",19],["DandelionSprout",9],["SKEIDs",26],["ameshkov",11],["Alex-302",31]],"2022-02":[["adguard-bot",68],["Alex-302",22],["spiri-leo",22],["SKEIDs",18],["Spok1",8],["AdamWr",11],["zloyden",22],["bkrucarci",9],["Morku",11],["jellizaveta",26],["piquark6046",13],["Yuki2718",15],["Fisherman-Ulysses",16],["Sergey-Lyapin",15],["gork7777",22]],"2022-03":[["Spok1",13],["zubrRB",7],["BlazDT",7],["rakleed",12],["Fisherman-Ulysses",7],["adguard-bot",72],["piquark6046",12],["Morku",12],["Yuki2718",16],["jellizaveta",26],["PerfectSalad",7],["gork7777",19],["Sergey-Lyapin",12],["AdamWr",14],["zloyden",18],["SKEIDs",15],["Alex-302",24]],"2022-04":[["Spok1",5],["zubrRB",7],["BlazDT",9],["chirag127",10],["rakleed",6],["adguard-bot",72],["piquark6046",12],["Morku",9],["JobcenterTycoon",6],["Yuki2718",11],["jellizaveta",32],["gork7777",13],["jimmysofat6864",6],["Sergey-Lyapin",11],["bkrucarci",5],["AdamWr",12],["danidoedel",7],["zloyden",19],["DandelionSprout",5],["NaylyaM",5],["SKEIDs",11],["Alex-302",38]],"2022-05":[["zloyden",25],["AdamWr",13],["SKEIDs",13],["FacebookAI",8],["adguard-bot",76],["gork7777",21],["chirag127",14],["dcxstq2",10],["kktlhh",10],["Alex-302",29],["jellizaveta",32],["Yuki2718",12],["Sergey-Lyapin",9],["BlazDT",10],["piquark6046",11],["JobcenterTycoon",9]],"2022-06":[["gork7777",10],["piquark6046",9],["Sergey-Lyapin",8],["adguard-bot",68],["Alex-302",26],["JobcenterTycoon",5],["Morku",7],["DandelionSprout",6],["dcxstq2",5],["zloyden",21],["AdamWr",10],["chirag127",5],["BlazDT",10],["Yuki2718",9],["vhpcdpgl",9],["SKEIDs",23],["zubrRB",7],["jellizaveta",21],["Spok1",7]],"2022-07":[["adguard-bot",72],["piquark6046",9],["Alex-302",26],["Morku",7],["DandelionSprout",7],["rakleed",7],["gork7777",17],["zubrRB",7],["zloyden",19],["AdamWr",9],["jellizaveta",16],["Sergey-Lyapin",7],["SKEIDs",22],["Yuki2718",11],["BlazDT",9]],"2022-08":[["rakleed",9],["zloyden",19],["piquark6046",13],["adguard-bot",73],["Yuki2718",9],["JobcenterTycoon",6],["Morku",8],["MasterKia",10],["spiri-leo",11],["Alex-302",29],["BlazDT",12],["SKEIDs",12],["scripthunter7",6],["zubrRB",9],["AdamWr",15],["Sergey-Lyapin",9],["Spok1",15],["jellizaveta",16],["DandelionSprout",6],["wavygecko",10],["gork7777",10]],"2022-09":[["jellizaveta",18],["spiri-leo",7],["BlazDT",10],["Yuki2718",11],["piquark6046",11],["AdamWr",18],["SeriousHoax",5],["Bhooty",5],["rakleed",5],["mortyam",6],["SKEIDs",19],["adguard-bot",71],["wavygecko",17],["gork7777",6],["Sergey-Lyapin",13],["Alex-302",27],["zloyden",16],["zubrRB",5],["sugarfreesweetener",5],["rajatmathurs",5]],"2022-10":[["Spok1",4],["TommyKing",4],["AdamWr",15],["gork7777",9],["Yuki2718",10],["jellizaveta",15],["zloyden",17],["Sergey-Lyapin",11],["BlazDT",9],["SeriousHoax",7],["Morku",5],["piquark6046",16],["zubrRB",6],["spiri-leo",5],["rakleed",5],["Alex-302",25],["SKEIDs",15],["scripthunter7",5],["adguard-bot",73],["mshea77",4],["flomme",4]],"2022-11":[["Sergey-Lyapin",13],["SKEIDs",13],["NUser2018",4],["PhoenixIndigo",4],["zloyden",22],["BlazDT",9],["scripthunter7",4],["jordanswrld94",6],["AntiAdvert",4],["adguard-bot",71],["lcsvcn",4],["AdamWr",15],["Alex-302",23],["Yuki2718",10],["lica98",4],["jellizaveta",14],["DandelionSprout",7],["SeriousHoax",4],["Bhooty",4],["gototheskinny",6],["rakleed",5],["tachibana-shin",8],["JobcenterTycoon",4],["Morku",5],["piquark6046",23],["zubrRB",6],["Spok1",10],["WoodpeckerBaby",4]],"2022-12":[["malicerainbow",18],["krystian3w",9],["Yuki2718",13],["jellizaveta",17],["DandelionSprout",6],["piquark6046",20],["jordanswrld94",6],["Spok1",9],["rakleed",6],["gork7777",13],["adguard-bot",71],["Morku",7],["SKEIDs",20],["rajatmathurs",6],["Sergey-Lyapin",11],["Alex-302",25],["AdamWr",12],["zloyden",21],["BlazDT",13]],"2023-01":[["jellizaveta",17],["krystian3w",9],["BlazDT",10],["jordanswrld94",5],["Yuki2718",8],["piquark6046",28],["AdamWr",16],["SeriousHoax",5],["rakleed",5],["mnazmi35",5],["SKEIDs",18],["adguard-bot",72],["zPitachu",6],["gork7777",21],["Sergey-Lyapin",13],["tachibana-shin",6],["Alex-302",28],["zloyden",20],["Morku",7]],"2023-02":[["DandelionSprout",6],["SeriousHoax",6],["jellizaveta",16],["adguard-bot",71],["Sergey-Lyapin",11],["SKEIDs",26],["Yuki2718",10],["AdamWr",17],["Alex-302",20],["rakleed",11],["gork7777",12],["piquark6046",18],["BlazDT",10],["krystian3w",10],["zloyden",20]],"2023-03":[["rakleed",5],["slayers85",4],["jordanswrld94",5],["zPitachu",8],["gork7777",15],["Spok1",7],["AdamWr",13],["Morku",6],["piquark6046",13],["Lion-hk",4],["Alex-302",24],["jellizaveta",17],["Sergey-Lyapin",12],["adguard-bot",72],["BlazDT",11],["contribucious",4],["wavygecko",12],["shipand",4],["zloyden",19],["Yuki2718",8],["krystian3w",10],["lica98",4],["outflank8553",4],["DandelionSprout",7],["anmishubin",4],["SKEIDs",21],["SeriousHoax",4]]}