{"2015-01":[["i.ua","1"],["gmail.com","1"],["yandex.ru","1"]],"2015-02":[["i.ua","1"],["gmail.com","1"]],"2015-03":[["i.ua","1"],["adguard.com","1"]],"2015-04":[["i.ua","1"],["yandex.ru","1"],["adguard.com","1"]],"2015-05":[["i.ua","1"]],"2015-06":[["i.ua","1"]],"2015-07":[["i.ua","1"]],"2015-08":[["i.ua","1"]],"2015-09":[["i.ua","1"]],"2015-10":[["i.ua","1"]],"2015-11":[["i.ua","1"]],"2015-12":[["i.ua","1"]],"2016-01":[["i.ua","1"],["gmail.com","1"]],"2016-02":[["i.ua","1"],["yandex.ru","1"]],"2016-03":[["i.ua","1"],["yandex.ru","1"]],"2016-04":[["i.ua","1"]],"2016-05":[["i.ua","2"],["gmail.com","2"],["yandex.ru","1"]],"2016-06":[["i.ua","2"],["gmail.com","1"],["users.noreply.github.com","1"]],"2016-07":[["i.ua","2"],["gmail.com","1"]],"2016-08":[["i.ua","2"],["gmail.com","1"],["mail.ru","1"]],"2016-09":[["i.ua","2"],["gmail.com","1"]],"2016-10":[["i.ua","2"],["adguard.com","1"]],"2016-11":[["i.ua","2"],["gmail.com","1"],["adguard.com","1"]],"2016-12":[["i.ua","2"],["adguard.com","2"],["gmail.com","1"]],"2017-01":[["adguard.com","2"],["i.ua","1"],["gmail.com","1"]],"2017-02":[["adguard.com","2"],["i.ua","1"],["yandex.ru","1"]],"2017-03":[["adguard.com","2"],["i.ua","1"],["gmail.com","1"]],"2017-04":[["adguard.com","2"],["i.ua","1"],["gmail.com","1"]],"2017-05":[["adguard.com","2"],["i.ua","1"],["gmail.com","1"]],"2017-06":[["adguard.com","3"],["i.ua","1"],["gmail.com","1"]],"2017-07":[["adguard.com","3"],["umetzu.com","1"],["i.ua","1"],["gmail.com","1"]],"2017-08":[["adguard.com","4"],["i.ua","1"],["gmail.com","1"]],"2017-09":[["adguard.com","4"],["i.ua","1"],["gmail.com","1"]],"2017-10":[["adguard.com","3"],["i.ua","1"],["gmail.com","1"]],"2017-11":[["adguard.com","4"],["i.ua","1"],["gmail.com","1"],["yandex.ru","1"]],"2017-12":[["adguard.com","4"],["","1"],["i.ua","1"],["gmail.com","1"],["gmx.net","1"]],"2018-01":[["adguard.com","3"],["gmail.com","1"],["gmx.net","1"]],"2018-02":[["gmail.com","3"],["adguard.com","2"],["gmx.net","1"]],"2018-03":[["adguard.com","2"],["gmx.net","1"]],"2018-04":[["adguard.com","2"],["gmail.com","1"],["gmx.net","1"]],"2018-05":[["adguard.com","3"],["gmx.net","1"]],"2018-06":[["adguard.com","2"],["gmx.net","1"],["users.noreply.github.com","1"]],"2018-07":[["adguard.com","3"],["gmail.com","1"],["gmx.net","1"]],"2018-08":[["gmail.com","2"],["adguard.com","2"],["gmx.net","1"],["users.noreply.github.com","1"]],"2018-09":[["adguard.com","4"],["gmail.com","2"],["gmx.net","1"]],"2018-10":[["adguard.com","2"],["gmx.net","1"],["gmail.com","1"],["users.noreply.github.com","1"]],"2018-11":[["adguard.com","4"],["gmail.com","2"],["users.noreply.github.com","2"],["gmx.net","1"]],"2018-12":[["adguard.com","4"],["gmx.net","1"],["gmail.com","1"],["users.noreply.github.com","1"]],"2019-01":[["adguard.com","7"],["gmail.com","1"],["users.noreply.github.com","1"]],"2019-02":[["adguard.com","7"],["gmx.net","1"]],"2019-03":[["adguard.com","8"],["gmail.com","1"],["users.noreply.github.com","1"]],"2019-04":[["adguard.com","7"],["gmail.com","1"],["gmx.net","1"]],"2019-05":[["adguard.com","4"],["gmail.com","2"],["gmx.net","1"]],"2019-06":[["adguard.com","7"],["gmail.com","2"],["gmx.net","1"],["users.noreply.github.com","1"]],"2019-07":[["adguard.com","11"],["gmail.com","2"],["gmx.net","1"]],"2019-08":[["adguard.com","14"]],"2019-09":[["adguard.com","13"],["gmx.net","1"]],"2019-10":[["adguard.com","10"],["gmx.net","1"],["deletescape.ch","1"],["gmail.com","1"]],"2019-11":[["gmail.com","6"],["adguard.com","6"],["greenstorm.ru","1"],["gmx.net","1"],["users.noreply.github.com","1"]],"2019-12":[["adguard.com","7"],["gmail.com","6"],["users.noreply.github.com","2"],["disroot.org","1"],["gmx.net","1"],["hotmail.com","1"]],"2020-01":[["adguard.com","9"],["gmail.com","3"],["users.noreply.github.com","1"]],"2020-02":[["adguard.com","11"],["gmail.com","5"]],"2020-03":[["adguard.com","12"],["gmail.com","2"],["protonmail.com","1"],["users.noreply.github.com","1"]],"2020-04":[["adguard.com","9"],["gmail.com","2"],["users.noreply.github.com","1"]],"2020-05":[["adguard.com","9"],["users.noreply.github.com","2"],["gmail.com","1"]],"2020-06":[["adguard.com","10"],["gmail.com","3"],["outlook.com","2"],["henry.wang","1"],["gmx.net","1"]],"2020-07":[["adguard.com","12"],["gmail.com","3"],["users.noreply.github.com","2"]],"2020-08":[["adguard.com","12"],["users.noreply.github.com","2"],["gmail.com","1"],["gmx.net","1"],["nesterov.cc","1"]],"2020-09":[["adguard.com","12"],["gmail.com","2"],["users.noreply.github.com","2"],["gmx.net","1"]],"2020-10":[["adguard.com","6"],["gmail.com","5"],["users.noreply.github.com","3"],["tvinzzs-MacBook-Pro.local","1"],["gmx.net","1"]],"2020-11":[["adguard.com","6"],["users.noreply.github.com","5"],["gmail.com","4"],["yoyo.org","1"]],"2020-12":[["adguard.com","9"],["users.noreply.github.com","7"],["gmail.com","3"],["tuta.io","1"]],"2021-01":[["adguard.com","10"],["gmail.com","5"],["users.noreply.github.com","5"],["gmx.net","1"],["yandex.com","1"],["tuta.io","1"]],"2021-02":[["users.noreply.github.com","8"],["gmail.com","6"],["adguard.com","6"],["qq.com","1"],["gmx.net","1"],["tuta.io","1"]],"2021-03":[["gmail.com","7"],["adguard.com","7"],["users.noreply.github.com","5"],["tuta.io","1"]],"2021-04":[["adguard.com","9"],["users.noreply.github.com","6"],["gmail.com","4"],["qq.com","1"],["tuta.io","1"],["caliban.org","1"]],"2021-05":[["adguard.com","9"],["users.noreply.github.com","8"],["gmail.com","3"],["gmx.net","1"]],"2021-06":[["adguard.com","6"],["users.noreply.github.com","5"],["gmail.com","4"],["gmx.net","1"],["tuta.io","1"]],"2021-07":[["users.noreply.github.com","11"],["gmail.com","5"],["adguard.com","5"],["gmx.net","1"],["tuta.io","1"]],"2021-08":[["users.noreply.github.com","15"],["adguard.com","7"],["gmail.com","4"],["ptx.dk","1"],["tuta.io","1"]],"2021-09":[["users.noreply.github.com","11"],["gmail.com","4"],["adguard.com","4"],["karolyi.hu","1"],["gmx.net","1"],["tuta.io","1"]],"2021-10":[["adguard.com","7"],["users.noreply.github.com","7"],["gmail.com","3"],["MacBook-Air-Vaceslav.local","1"],["gmx.net","1"],["tuta.io","1"],["ctemplar.com","1"]],"2021-11":[["users.noreply.github.com","7"],["adguard.com","6"],["gmail.com","4"],["bgme.me","1"],["gmx.net","1"],["tuta.io","1"],["ctemplar.com","1"]],"2021-12":[["users.noreply.github.com","10"],["adguard.com","6"],["gmail.com","3"],["gmx.net","1"],["yandex.ru","1"],["tuta.io","1"],["ctemplar.com","1"]],"2022-01":[["adguard.com","8"],["users.noreply.github.com","8"],["gmail.com","4"],["yandex.ru","2"],["protonmail.com","1"]],"2022-02":[["users.noreply.github.com","11"],["adguard.com","7"],["protonmail.com","1"],["gmail.com","1"],["yandex.ru","1"],["outlook.com","1"]],"2022-03":[["users.noreply.github.com","13"],["adguard.com","9"],["gmail.com","2"],["protonmail.com","1"],["mercury233.me","1"]],"2022-04":[["users.noreply.github.com","14"],["adguard.com","5"],["proton.me","1"],["gmx.net","1"],["gmail.com","1"],["yandex.ru","1"]],"2022-05":[["adguard.com","13"],["users.noreply.github.com","12"],["proton.me","1"],["rcchan.com","1"],["gmail.com","1"],["gmx.net","1"],["outlook.kr","1"]],"2022-06":[["users.noreply.github.com","10"],["adguard.com","7"],["gmail.com","3"],["proton.me","1"],["gmx.net","1"],["yandex.ru","1"]],"2022-07":[["users.noreply.github.com","11"],["adguard.com","9"],["gmail.com","2"],["proton.me","1"],["gmx.net","1"],["yandex.ru","1"]],"2022-08":[["users.noreply.github.com","11"],["adguard.com","6"],["gmail.com","4"],["proton.me","1"],["adamw.uk","1"],["gmx.net","1"],["outlook.kr","1"],["yandex.ru","1"]],"2022-09":[["adguard.com","7"],["users.noreply.github.com","7"],["gmail.com","2"],["proton.me","1"],["gmx.net","1"],["yandex.ru","1"],["outlook.com","1"]],"2022-10":[["users.noreply.github.com","10"],["adguard.com","6"],["gmail.com","2"],["proton.me","1"],["protonmail.com","1"],["gmx.net","1"],["yandex.ru","1"]],"2022-11":[["adguard.com","6"],["users.noreply.github.com","6"],["gmail.com","2"]],"2022-12":[["users.noreply.github.com","9"],["adguard.com","8"],["gmail.com","2"]],"2023-01":[["adguard.com","8"],["users.noreply.github.com","8"],["gmail.com","4"],["duck.com","1"]],"2023-02":[["users.noreply.github.com","11"],["adguard.com","6"],["gmail.com","1"]],"2023-03":[["users.noreply.github.com","12"],["adguard.com","6"],["gmail.com","2"]]}