{"2016-06":["Aokromes"],"2016-08":["aypetrov"],"2017-02":["getnaked"],"2017-07":["umetzu"],"2017-08":["vbagirov"],"2017-10":["ameshkov"],"2018-02":["jayvdb","diomed"],"2018-06":["mrtarlan"],"2018-07":["4-life"],"2018-08":["adranger"],"2018-09":["DandelionSprout","Alex-302"],"2018-10":["TheHasagi"],"2018-11":["slavaleleka","PentagramTr"],"2019-04":["BlazDT"],"2019-06":["zloyden"],"2019-07":["tvinzz"],"2019-08":["rohithpr"],"2019-09":["deletescape"],"2019-10":["AdamWr"],"2019-11":["Sergey-Lyapin"],"2019-12":["peace2000","SeriousHoax"],"2020-01":["AiratHalitov","krystian3w"],"2020-02":["ryanbr"],"2020-03":["keeganlow","GauthierPLM"],"2020-04":["jseibert","Yuki2718"],"2020-05":["svenper"],"2020-06":["rururux","HenryQW"],"2020-07":["stanislav-atr"],"2020-08":["komachi","Doliman100"],"2020-09":["jspenguin2017"],"2020-10":["0xbkt","piquark6046"],"2020-11":["pgl","ollitapa","rakleed"],"2020-12":["AndySuen","BarhamBasha","gork7777"],"2021-01":["teskilatin-numarasini-verin","wout-codes","shreyasminocha","fabianski7","muhasturk"],"2021-02":["lcsvcn","TobySkarting","RadicalNoise","notofoe","Edsuns"],"2021-03":["BPower0036","akeinhell","dodieboy"],"2021-04":["ianmacd","Erengit"],"2021-05":["albertopasqualetto","yoask889","nobelharvards"],"2021-06":["OdinZhang","duryytt","DerrickGibbs1"],"2021-07":["trashman9000","thinksheiscool","chirag127","kelebek333","IThinkIAmCool","neer9","gigamicro","hirorpt"],"2021-08":["Aztekz","shenzhiming88","ptxmac","thinksheiscool","imabritishcow","cornelpv","T1mL3arn"],"2021-09":["Mennaruuk","HIKARI135","ExtremelyCool","marysaotomeprog","pirottedamien","karolyi","IMayKnow","scripthunter7"],"2021-10":["jellizaveta","ThinksHeIsCool","JustACuteGirlLookingForAManToFixHerBugs"],"2021-11":["cv6yh55","contribucious","yingziwu","dingwen07","furt555nv"],"2021-12":["LikesHisComputer","iam-py-test","spiri-leo","bkrucarci","SKEIDs"],"2022-01":["proletarius101","Morku"],"2022-02":["Fisherman-Ulysses","BottledSoda","piquark6046"],"2022-03":["PelePagas","Gitoffthelawn","PerfectSalad","mercury233","MkQtS"],"2022-04":["danidoedel","dcxstq2","JobcenterTycoon","dx034","mrworldwide1"],"2022-05":["green1052","bbartlomiej","kktlhh","terlancenablari","rcchan","c0b41","xqtp","Branzeturi","mrrtarlan"],"2022-06":["soystemd","jghytfbcnjkd","mtxadmin","Am4hisa"],"2022-07":["bowie0021"],"2022-08":["Nihal-Raj","AdamWrighter","wavygecko","JasonHK","seia-soto"],"2022-09":["tachibana-shin"],"2022-10":["MasterKia","Grafikart","4n7hony","kitadai31","nickspaargaren"],"2022-11":["kou-kee"],"2022-12":["webact1","nexxai"],"2023-01":["0o5rlubm","eduardoaddad","GiddyGoatGaming","bryanbecker"],"2023-02":["Citrinae-Lime","theGeeBee"],"2023-03":["outflank8553","Burgercat","halilim"]}