{"2020-08":[["cgardens",14.9],["michel-tricot",14.35],["jrhizor",6.56],["sherifnada",6.08],["johnlafleur",2.24]],"2020-09":[["michel-tricot",33.39],["cgardens",30.89],["sherifnada",22.52],["jrhizor",21.02],["Jamakase",10.05],["johnlafleur",9.59],["addack",2.24],["alexanderdean",2],["toileto",1.73],["iainad",1.41],["fglvs",1.41],["myacoub91",1.41],["ghalaax",1.41],["barnaby",1.41],["jakthom",1]],"2020-10":[["cgardens",37.7],["sherifnada",27.42],["michel-tricot",26.02],["jrhizor",25.96],["johnlafleur",10.3],["Jamakase",7.14],["ChristopheDuong",7.07],["tuliren",3.16],["gasparakos",2.24],["mingfang",1.73],["deepakksahu",1.73],["dubravcik",1.41],["iainad",1.41],["myacoub91",1]],"2020-11":[["cgardens",38.52],["sherifnada",27.95],["jrhizor",20.76],["michel-tricot",20.64],["ChristopheDuong",17.69],["johnlafleur",9.43],["Jamakase",7.81],["yevhenii-ldv",6.56],["eugene-kulak",6.24],["winar-jin",4.24],["rubenssoto",2.45],["sjlogan",2],["romvarac",1.73],["GuillaumeLachaud",1.73],["iainad",1.41],["bfirsh",1.41],["cacan",1.41],["ryw",1],["Upgreydd",1]],"2020-12":[["cgardens",35.64],["sherifnada",28.91],["jrhizor",23.19],["michel-tricot",22.61],["ChristopheDuong",15.36],["eugene-kulak",11.79],["Jamakase",10.44],["yevhenii-ldv",7.55],["johnlafleur",6.63],["awoehrl",4.12],["arhip11",4],["reichert621",3.46],["vitaliizazmic",3.32],["dependabot[bot]",2.24],["amitku",2.24],["tgiardina",2.24],["gordalina",2.24],["DominusKelvin",2.24],["pualien",2],["psalias2006",1.73],["Anurag870",1.73],["zkiffli",1.73],["dubravcik",1.73],["grant-cpt",1.73],["rouseguy",1.73],["lhmviola",1.73],["jacobbaruch",1.41],["dakotamccarty",1.41],["Muriloo",1.41],["vitoravancini",1.41],["iainad",1.41],["dmonder",1.41],["winar-jin",1],["nicor88",1],["ckaiser-graniterock",1],["cacan",1]],"2021-01":[["cgardens",34.67],["sherifnada",26.21],["michel-tricot",23.41],["ChristopheDuong",21.12],["jrhizor",16.73],["eugene-kulak",11.14],["Jamakase",10.82],["johnlafleur",10.72],["vitaliizazmic",10],["yevhenii-ldv",9.95],["ntucker",6.48],["Muriloo",4.24],["thomas-vl",3.87],["ns-admetrics",3.74],["hudsondba",2.83],["jeesim2",2.65],["moszutij",2.65],["cacan",2.45],["roshan",2.24],["A-Costa",2.24],["duvaldt",2.24],["wasa4587",2.24],["MChorfa",2],["gordalina",2],["jared-noynaert",1.73],["modnar1226",1.73],["alexkreidler",1.73],["mcichowski",1.73],["lhmviola",1.73],["ckaiser-graniterock",1.41],["philipherrmann",1.41],["StevenGallagher",1.41],["danpolites",1.41],["n0rritt",1.41],["awoehrl",1.41],["opumm",1.41],["beeman",1.41],["josepowera",1.41],["savv",1.41],["Ace139",1.41],["pualien",1.41],["idelafue",1.41],["zmandell",1.41],["artefactop",1.41],["vs2370",1.41],["suryaA320",1.41],["flpezet",1.41],["mdhatrika",1.41],["michaelandrepearce",1.41],["dogma0",1.41],["jimbeepbeep",1.41],["dataluchs",1],["dnskr",1]],"2021-02":[["sherifnada",28.23],["cgardens",25.14],["ChristopheDuong",18.44],["michel-tricot",17.86],["jrhizor",15.72],["eugene-kulak",12.92],["yevhenii-ldv",10.2],["Jamakase",10],["FUT",10],["vitaliizazmic",7.21],["johnlafleur",6.86],["zestyping",4.47],["ntucker",4.36],["roshan",3.74],["varunbpatil",3.46],["marcosmarxm",3.16],["gordalina",3.16],["qdequele",2.83],["jimbeepbeep",2.83],["aniljava",2.65],["djKooks",2.45],["qmnonic",2.24],["haithem-souala",2.24],["paultimothymooney",2],["staufman",2],["baumgaro",2],["ns-admetrics",2],["robbertbrouwers",2],["sfc-gh-afedorov",2],["ridem",1.73],["MChorfa",1.73],["MiyamotoKota",1.73],["ezg",1.73],["bludrop",1.73],["Nasser3",1.73],["bclipp",1.73],["vchallier",1.73],["freesmith",1.73],["tsw-attila",1.41],["blocka",1.41],["zuodh",1.41],["charity1475",1.41],["antohasv",1.41],["Elshir",1.41],["rabel",1.41],["sherifnada2",1.41],["modnar1226",1.41],["Manutd34",1.41],["rstuart85",1.41],["prudhviagility",1.41],["sugimomoto",1],["brucemen711",1],["kunaldawn",1],["jdotjdot",1],["rpedela",1],["walkabout21",1],["timgl",1],["MarcoJoon",1],["ReinierKop",1],["crunchtoinfo",1],["armandfarr",1],["cetchells",1],["awoehrl",1],["rouseguy",1],["anibalaguirre",1]],"2021-03":[["cgardens",31.02],["sherifnada",30.81],["davinchia",26.25],["ChristopheDuong",24.21],["michel-tricot",19.16],["jrhizor",15.94],["yevhenii-ldv",13.86],["Jamakase",12.96],["keu",10.82],["vitaliizazmic",10],["marcosmarxm",9.54],["johnlafleur",9.06],["arhip11",6.4],["gordalina",4.47],["jimbeepbeep",4.36],["roshan",3.61],["Muriloo",3.32],["dependabot[bot]",3.16],["cooperfrench95",3.16],["hillairet",3],["Moofasax",3],["charity1475",2.83],["brunoffaustino",2.83],["yeedster",2.83],["ffabss",2.83],["FUT",2.83],["meenagangadharan",2.83],["coquej",2.65],["leecheeaun",2.65],["juan-meister",2.65],["hoanghapham",2.45],["erichartono",2.45],["MaxKrog",2.24],["mbbroberg",2.24],["lizdeika",2.24],["hmdshariati",2.24],["eugene-kulak",2.24],["yu-iskw",2],["stammi922",2],["JordanChoo",2],["ntucker",1.73],["ArturoRangelli",1.73],["Squeeezeee",1.73],["kixxalot",1.73],["juhaelee",1.73],["zzstoatzz",1.73],["kitkatbarxp",1.73],["ilpizze",1.73],["arnaudjnn",1.73],["satyampurwar",1.73],["drumcircle",1.73],["tfriedel",1.73],["wallies",1.41],["nikita-mk",1.41],["johnxhuang",1.41],["bashyroger",1.41],["danths",1.41],["beam-ryan",1.41],["nkhanhcong",1.41],["joseignaciorm",1.41],["ronakbaps",1.41],["ideswart",1.41],["dsanthosh16",1.41],["gabcoyne",1.41],["jwarlander",1.41],["danieldiamond",1],["thomas-vl",1],["quangdatnth",1],["smomen",1],["Adovenmuehle",1],["alexanderbanks",1],["djKooks",1],["data-k",1],["tsw-attila",1],["DominusKelvin",1],["timgl",1],["islador",1],["jhult",1],["MiyamotoKota",1],["prudhviagility",1],["oynek",1],["mcfuhrt",1],["JensGorman",1],["caleb15",1]],"2021-04":[["sherifnada",36.5],["davinchia",29.46],["cgardens",28.41],["jrhizor",22.65],["michel-tricot",21.21],["keu",20.07],["ChristopheDuong",18.87],["yevhenii-ldv",14.28],["marcosmarxm",10.1],["vitaliizazmic",8.83],["Jamakase",8.72],["Zirochkaa",7],["avaidyanatha",6],["zzstoatzz",5.66],["johnlafleur",5.48],["masonwheeler",5.29],["harshithmullapudi",4.8],["nclsbayona",4.8],["arhip11",4],["Moofasax",4],["ifokeev",4],["kevinob11",3.16],["fwdolegp",3.16],["vitoravancini",3.16],["erichartono",3.16],["vovavovavovavova",3.16],["makalaaneesh",3],["meenagangadharan",2.83],["waynevanheerden",2.83],["FUT",2.83],["danieldiamond",2.83],["rajatariya21",2.83],["charity1475",2.83],["MarcBuch",2.65],["MaxKrog",2.65],["nyergler",2.45],["bkrausz",2.45],["afranzi",2.24],["Fredehagelund92",2.24],["gingeard",2.24],["ffabss",2.24],["yeedster",2.24],["hoanghapham",2.24],["jimbeepbeep",2.24],["zkiffli",2],["kurnito365",2],["geekwhocodes",2],["eduardgruy",1.73],["mhensley-cls",1.73],["Rots",1.73],["gregsharples",1.73],["blotouta2",1.73],["po3na4skld",1.73],["jmriego",1.73],["stammi922",1.73],["leecheeaun",1.73],["MC1-RicardoLeka",1.73],["69mb",1.73],["kainoa21",1.73],["codefriar",1.73],["brunoffaustino",1.73],["dannob",1.41],["saynomoo",1.41],["swanandvk",1.41],["rahulpadhy7",1.41],["michael4tasman",1.41],["akoshterek",1.41],["jnoynaert",1.41],["dubravcik",1.41],["mohamed-mubeen",1.41],["ntucker",1.41],["siamak-haschemi",1.41],["Wang-Yong2018",1.41],["hmahatma85",1.41],["wavermartijn",1.41],["roshan",1],["JordanChoo",1],["zestyping",1],["bruce-a-gitor",1],["petterw",1],["josedemouramachado",1],["winzee",1],["kyprifog",1],["koolay",1],["rjocoleman",1],["arnaudjnn",1],["varunbpatil",1],["cacan",1],["gordalina",1],["JensGorman",1],["beam-ryan",1],["ericsgagnon",1],["estsauver",1],["pragmatron",1],["nathan-protempo",1],["bclipp",1]],"2021-05":[["sherifnada",34.39],["davinchia",31.32],["cgardens",25.4],["keu",24.1],["jrhizor",21.02],["avaidyanatha",18.73],["ChristopheDuong",17.97],["marcosmarxm",17.94],["michel-tricot",13.86],["yevhenii-ldv",13.11],["Zirochkaa",12.25],["Jamakase",12.08],["subodh1810",11.45],["vitaliizazmic",8.94],["masonwheeler",8.94],["tuliren",8.43],["htrueman",7.87],["vovavovavovavova",6.71],["po3na4skld",6.24],["johnlafleur",6.24],["geekwhocodes",5.74],["zestyping",5.74],["royt-via",5.66],["harshithmullapudi",4.8],["akoshterek",4.8],["Phlair",4.8],["yaroslav-dudar",4],["Janardhanpoola",4],["grebessi",3.74],["MC1-RicardoLeka",3.74],["etsybaev",3.61],["ajzo90",3.32],["dependabot[bot]",3.16],["dmateusp",3.16],["TymoshokDmytro",3],["gordalina",3],["vinhloc30796",3],["tuanchris",2.65],["MatheusdiPaula",2.65],["Aleksandr-yask",2.65],["jacob-a6",2.65],["mohamed-mubeen",2.45],["stanleyivan96",2.45],["coetzeevs",2.45],["light94",2.45],["ericdevries",2.24],["jimbeepbeep",2.24],["zzstoatzz",2.24],["gokulchittaranjan",2],["rahulpadhy7",2],["mmolimar",2],["nyergler",2],["sync-by-unito[bot]",2],["charity1475",2],["yaroslav-hrytsaienko",2],["ameyw",2]],"2021-06":[["sherifnada",35.54],["davinchia",26.19],["keu",25.94],["jrhizor",25.3],["marcosmarxm",23.28],["tuliren",21.73],["cgardens",21.12],["ChristopheDuong",20.32],["yevhenii-ldv",19.29],["avaidyanatha",18.57],["bazarnov",16.67],["Zirochkaa",15.72],["po3na4skld",15.39],["subodh1810",15.36],["vovavovavovavova",13.75],["vitaliizazmic",12.53],["htrueman",12.37],["midavadim",11.7],["michel-tricot",11.18],["yaroslav-hrytsaienko",10.91],["DoNotPanicUA",10.3],["etsybaev",10.15],["yaroslav-dudar",9.06],["Jamakase",8.06],["MaxwellJK",7.21],["heade",7.14],["irynakruk",6.93],["harshithmullapudi",6.78],["johnlafleur",6.63],["TymoshokDmytro",6.56],["airbyte-jenny",6.4],["masonwheeler",5.74],["panhavad",5.57],["jacqueskpoty",5.39],["cheyura",5.2],["prasrvenkat",5],["ppatali",5],["mmolimar",4.8],["olivermeyer",4.8],["Janardhanpoola",4.69],["jacob-a6",4.58],["tylerdelange",4.47],["nataliekwong",4.36],["Moofasax",4.12],["andresbravog",3.87],["ajzo90",3.87],["tyschroed",3.87],["JCWahoo",3.74],["schlattk",3.61],["dmdmishra",3.46],["zestyping",3.46],["sabifranjo",3.32],["rparrapy",3.32],["alderson59",3.16],["freimer",3.16],["danieldiamond",2.83],["Phlair",2.83],["mjirv",2.83],["akoshterek",2.83],["tuanchris",2.65],["numphileo",2.65],["sync-by-unito[bot]",2.65],["cjwooo",2.65],["grebessi",2.65],["vsayer",2.45],["MohamadHaziq",2.45],["dmateusp",2.45],["oustynova",2.45],["edbizarro",2.45],["garden-of-delete",2.24],["vsnuvt",2.24],["itaiad200",2.24],["jimbeepbeep",2.24],["phamduyly",2.24],["lmeyerov",2.24],["mcfuhrt",2.24],["asamiller",2.24],["saynomoo",2],["erichartono",2],["jorellana92",2],["justin-dropbase",2],["batianusrey",2],["michael4tasman",2],["walkabout21",2]],"2021-07":[["sherifnada",39.12],["davinchia",33.08],["keu",27.51],["cgardens",23.26],["bazarnov",22.78],["Zirochkaa",22.27],["Phlair",20.69],["midavadim",20],["avaidyanatha",19.18],["tuliren",19.13],["TymoshokDmytro",18.52],["jrhizor",17.78],["marcosmarxm",17.58],["yevhenii-ldv",17.2],["ChristopheDuong",16.94],["antixar",15.49],["subodh1810",15.2],["lazebnyi",13.86],["yaroslav-dudar",13.64],["vovavovavovavova",13.49],["etsybaev",12.29],["mmolimar",11.62],["htrueman",11.53],["vitaliizazmic",9.75],["avida",9.64],["Jamakase",8.72],["DoNotPanicUA",8.72],["agrass",8.31],["gaart",7.28],["michel-tricot",7],["AetherUnbound",6.56],["airbyte-jenny",6.48],["olivermeyer",6.32],["po3na4skld",6.16],["johnlafleur",5.57],["mhamas",4.69],["philippeboyd",4.47],["cheyura",4.47],["danieldiamond",4.12],["vladimir-remar",4.12],["shadabshaukat",4.12],["rparrapy",3.74],["jaimefr",3.74],["m-ronchi",3.74],["yaroslav-hrytsaienko",3.46],["nataliekwong",3.16],["jimbeepbeep",3.16],["panhavad",3],["wallies",3],["julianopiovezan",3],["jacqueskpoty",3],["annalvova05",3],["blotouta2",2.83],["varunbpatil",2.83],["heade",2.83],["rclmenezes",2.83],["JCWahoo",2.83],["bkrausz",2.83],["samecrowder",2.65],["potatozerg",2.65],["jgtvares",2.65],["karinakuz",2.65],["apostoltego",2.45],["Brianlifung",2.24],["vbhakta8",2.24],["mildbyte",2.24],["igrankova",2.24],["irynakruk",2.24],["cnpatric",2.24],["jonathan-duval",2.24],["garden-of-delete",2.24],["AlexandruManolache1",2.24],["sabifranjo",2.24],["ashishgupta-97065",2],["MaxwellJK",2],["anton-epsagon",2],["schlattk",2],["TimStoppard",2],["dkelwa",2],["JianhaoZhang",2]],"2021-08":[["sherifnada",28.48],["avida",26.59],["marcosmarxm",21.07],["bazarnov",20.54],["keu",20.25],["davinchia",20.07],["Zirochkaa",17.97],["cgardens",17.61],["lazebnyi",17.46],["antixar",17.15],["tuliren",17.09],["yevhenii-ldv",16.46],["midavadim",14.63],["etsybaev",14.35],["Phlair",14.25],["ChristopheDuong",14.14],["vovavovavovavova",13.96],["jrhizor",13.75],["subodh1810",13.15],["gaart",11.79],["Jamakase",11.18],["htrueman",11.09],["yaroslav-dudar",10.91],["avaidyanatha",10.1],["prasrvenkat",9.59],["airbyte-jenny",8.77],["vitaliizazmic",8.72],["irynakruk",7.75],["DoNotPanicUA",6.86],["andriikorotkov",6.48],["annalvova05",6.16],["danieldiamond",5.92],["jacqueskpoty",5.92],["maciej-nedza",5.83],["apostoltego",5.2],["cjwooo",5.1],["cheyura",4.69],["igrankova",4.58],["RKdev",4.47],["vladimir-remar",4.36],["rparrapy",4.36],["MaxKrog",4.24],["karinakuz",4.12],["jinnig",4.12],["m-ronchi",4],["manavkohli",4],["AetherUnbound",4],["kyle-cheung",3.46],["muutech",3.46],["jimbeepbeep",3.32],["jadetr",3.16],["mcfuhrt",3.16],["erichartono",3.16],["michel-tricot",2.83],["johnlafleur",2.83],["joekhoobyar",2.83],["zestyping",2.83],["jgtvares",2.65],["subhaklp",2.65],["yahu98",2.65],["flagbug",2.45],["troyharvey",2.45],["joshualee-ifesworld",2.24],["dependabot[bot]",2.24],["krishmanoh2",2.24],["PS-istarostenko",2.24],["tovbinm",2.24],["mhamas",2.24],["nicholasbull",2.24],["damianlegawiec",2.24],["bkrausz",2],["haliva-firmbase",2],["philippeboyd",2],["boas19910115",2],["mrbaguvix",2],["cristiscu",2],["27Bslash6",2],["nataliekwong",2],["coquej",2]],"2021-09":[["sherifnada",35],["tuliren",22.85],["avida",22.74],["bazarnov",21.17],["jrhizor",20.93],["davinchia",20.93],["marcosmarxm",20.66],["ChristopheDuong",20.37],["cgardens",18.63],["yevhenii-ldv",16.82],["Zirochkaa",15.94],["keu",15.65],["Phlair",14.49],["antixar",13.96],["andriikorotkov",13.6],["etsybaev",13.3],["lazebnyi",13.04],["htrueman",12.88],["avaidyanatha",11.75],["irynakruk",11.62],["CLAassistant",11.18],["igrankova",11.14],["midavadim",10.91],["gaart",10.68],["yaroslav-dudar",9.95],["jonstacks",9.54],["alexandr-shegeda",9.54],["subodh1810",9.43],["airbyte-jenny",8.6],["Jamakase",8.49],["vitaliizazmic",8.25],["michel-tricot",8.06],["cjwooo",6.63],["annalvova05",6.63],["DoNotPanicUA",6.56],["danieldiamond",6.48],["VitaliiMaltsev",6.4],["harshithmullapudi",6.4],["isalikov",6],["blotouta2",6],["eliziario",5.39],["jacqueskpoty",5.1],["cheyura",5],["archaean",4.58],["prasrvenkat",4.24],["manavkohli",4.24],["karinakuz",4.12],["69mb",4.12],["m-ronchi",4],["vladimir-remar",3.74],["mohammad-bolt",3.61],["mid",3.46],["ReptilianBrain",3.46],["dsdorazio",3.32],["darian-heede",3.16],["maciej-nedza",3.16],["sashkalife",3],["heade",3],["AlexandruManolache1",3],["zestyping",2.83],["lorriexingfang86",2.83],["coeurdestenebres",2.65],["johnlafleur",2.65],["cptjacky",2.65],["kailashjoshi018",2.65],["n0rritt",2.65],["jd-sanders",2.65],["oustynova",2.45],["mikeplanting",2.45],["jagannathsrs",2.24],["minimax75",2.24],["olivermeyer",2.24],["apostoltego",2.24],["zuc",2.24],["joshualee-ifesworld",2.24],["SrancsikAtBitrise",2.24],["h7kanna",2.24],["octavia-squidington-iii",2.24],["camro",2.24],["garden-of-delete",2.24],["peter-mcconnell",2.24],["chandininekkantti",2.24],["jdaviderb",2.24],["luizgribeiro",2.24],["julianopiovezan",2.24],["asyarif93",2.24],["cnpatric",2.24],["foinduati",2],["jimbeepbeep",2],["danjsiegel1",2],["Jonas56kdigital",2],["qiyang0221",2],["alex-danilin",2],["27Bslash6",2],["digital-thinking",2],["rparrapy",2],["vovavovavovavova",2],["gregdale",2]],"2021-10":[["sherifnada",17.64],["marcosmarxm",14.53],["avaidyanatha",14.25],["cgardens",14.04],["jrhizor",13.64],["tuliren",9.54],["ChristopheDuong",9.11],["Zirochkaa",9.06],["bazarnov",8.89],["avida",8.6],["keu",8.37],["harshithmullapudi",7.94],["Phlair",7.28],["Jamakase",7.07],["gaart",7],["CLAassistant",6.93],["andriikorotkov",6.4],["airbyte-jenny",6.4],["antixar",6.4],["VitaliiMaltsev",6.32],["htrueman",5.66],["alexandr-shegeda",5.48],["irynakruk",5.29],["yevhenii-ldv",5.29],["vitaliizazmic",5.2],["isalikov",5.2],["midavadim",5.1],["johnlafleur",5],["davinchia",4.9],["etsybaev",4.12],["igrankova",4],["danieldiamond",3.87],["sashaNeshcheret",3.74],["benmoriceau",3.61],["cjwooo",3.46],["mmolimar",3.46],["nauxliu",3.16],["annalvova05",3],["heade",2.83],["timroes",2.83],["lmossman",2.83],["archaean",2.65],["sdairs",2.45],["cheyura",2.45],["yuhuishi-convect",2.45],["eliziario",2.24],["vladimir-remar",2.24],["bbugh",2.24],["zurferr",2.24],["monai",2],["rainyhour",2],["benweissbehavehealth",2],["karinakuz",2],["manavkohli",2]],"2021-11":[["sherifnada",30.71],["jrhizor",23.94],["marcosmarxm",22],["keu",19.92],["cgardens",19.16],["benmoriceau",19],["ChristopheDuong",17.92],["grubberr",17.64],["avida",17.46],["lmossman",17.29],["alafanechere",17.09],["harshithmullapudi",15.52],["antixar",15.26],["tuliren",15.17],["yevhenii-ldv",14.7],["Jamakase",14.53],["bazarnov",14.07],["alexandertsukanov",13.45],["lazebnyi",12.08],["davinchia",11.53],["htrueman",11.36],["andriikorotkov",11.18],["monai",11.09],["burmecia",10.58],["airbyte-jenny",10.3],["midavadim",10],["VitaliiMaltsev",9.8],["eliziario",9],["etsybaev",8.94],["Zirochkaa",8.6],["vitaliizazmic",8.49],["avaidyanatha",8.31],["iamzjk",8.31],["tuanchris",7.94],["augan-rymkhan",7.68],["CLAassistant",7.55],["mkhokh-33",7.48],["cjwooo",7.48],["sergei-solonitcyn",7.07],["igrankova",7],["cheyura",6.86],["sashaNeshcheret",6.78],["lizdeika",6.78],["danieldiamond",6.56],["cobobrien",6.32],["annalvova05",6.08],["alexandr-shegeda",5.92],["Phlair",5.74],["ycherniaiev",5.48],["nataliekwong",5.39],["michel-tricot",5.39],["shadabshaukat",5.29],["h7kanna",5.29],["karinakuz",5.2],["koji-m",5.2],["n0rritt",5],["DoNotPanicUA",4.9],["yurii-bidiuk",4.58],["lgomezm",4.47],["erdenezul",4.36],["itaseskii",4.24],["jonoirwinrsa",4.24],["grkhr",4.12],["Dracyr",4],["collinscangarella",3.87],["vudangngoc",3.74],["tredencegithub",3.74],["asyarif93",3.61],["mlavoie-sm360",3.61],["prconstruct",3.46],["AlexanderBatoulis",3.46],["tinomerl",3.32],["isalikov",3.32],["zestyping",3.32],["gergelylendvai",3.32],["manavkohli",3.16],["subodh1810",3.16],["lolrenx",3.16],["jlourenc",3],["apostoltego",3],["mmolimar",3],["vagrantism",3],["joshuataylor",2.83],["kyle-cheung",2.83],["vijaybridgeme",2.83],["Roma-Kyrnis",2.83],["nwayne94",2.83],["sujitsagar",2.83],["gaart",2.83],["haoranyu",2.83],["spacecowboy",2.65],["zbrak",2.65],["thanhlmm",2.65],["chriestensonb",2.65],["ad-m",2.65],["AlexandruManolache1",2.45],["milo157",2.45],["sarunaskas",2.45],["RKdev",2.45],["JCWahoo",2.45],["AnatolePledg",2.45],["sbaldwin-rs",2.24],["johnlafleur",2.24],["lonly197",2.24],["wissevrowl",2.24],["jartek",2.24],["yu-iskw",2.24],["yuhuishi-convect",2.24],["vladimir-remar",2.24],["emilycogsdill",2.24],["AetherUnbound",2],["mrhamburg",2],["cereusperuv",2],["denis-sokolov",2],["m-ronchi",2],["jdaviderb",2],["beatkind",2],["Mohmmadhd",2],["julbrs",2],["dependabot[bot]",2],["PVMer",2],["ogirardot",2],["pacificsky",2]],"2021-12":[["davinchia",26.46],["jrhizor",26.23],["tuliren",22.34],["alafanechere",21.66],["sherifnada",21.17],["cgardens",20.64],["yevhenii-ldv",20.4],["marcosmarxm",20.17],["benmoriceau",20.02],["grubberr",20],["igrankova",19.39],["antixar",17.83],["edgao",15.59],["VitaliiMaltsev",14.59],["andriikorotkov",14.18],["yurii-bidiuk",14.04],["keu",13.78],["lmossman",13.19],["alexandertsukanov",12.96],["etsybaev",12.57],["bazarnov",12.21],["harshithmullapudi",12.12],["wissevrowl",12.04],["ChristopheDuong",11.62],["annalvova05",11.27],["htrueman",11],["subodh1810",10.77],["lazebnyi",10.15],["augan-rymkhan",10.05],["karinakuz",10.05],["DoNotPanicUA",9.85],["ycherniaiev",9.7],["sashaNeshcheret",9.33],["avida",9],["CLAassistant",8.72],["lizdeika",8.37],["danieldiamond",8.19],["sergei-solonitcyn",8.12],["eliziario",8.06],["monai",7.94],["Jamakase",7.81],["vitaliizazmic",7.81],["Phlair",7.68],["Zirochkaa",6.93],["mohamagdy",6.63],["asyarif93",6.56],["bruno-nirello",6.48],["noahkawasakigoogle",6.48],["michel-tricot",6.48],["alexandr-shegeda",6.48],["mkhokh-33",6.4],["mlavoie-sm360",6.24],["pmossman",6],["vnourdin",6],["midavadim",6],["jzcruiser",5.1],["misteryeo",4.58],["sbaldwin-rs",4.47],["TSkrebe",4.47],["octavia-squidington-iii",4.24],["Tutuchan",4.12],["arimbr",4],["agrass",3.74],["cobobrien",3.74],["ksoenandar",3.61],["thanhlmm",3.61],["prudhvi85",3.46],["nthbooth-feedr",3.46],["jagannathsrs",3.32],["sdairs",3.32],["joelluijmes",3.16],["maciej-nedza",3.16],["jacqueskpoty",3.16],["lgomezm",3.16],["zestyping",3.16],["nkjotiyana",3.16],["cjwooo",3],["avaidyanatha",3],["dluftspring",3],["haoranyu",2.83],["vladimir-remar",2.65],["mariusandra",2.65],["gajus",2.65],["joshuataylor",2.65],["kyle-cheung",2.45],["charity1475",2.45],["firmbase-tal",2.45],["JeroniMan",2.45],["johnlafleur",2.45],["iberchid",2.45],["jgrinaveckis",2.45],["franloza",2.45],["h-chlor",2.45],["qops1981",2.24],["houssemba",2.24],["asijoumi",2.24],["bkrausz",2.24],["stefanocascavilla",2.24],["dependabot[bot]",2.24],["koji-m",2.24],["wallies",2.24],["darian-heede",2.24],["akawalsky",2.24],["schlattk",2.24],["chandininekkantti",2.24],["cina-pm",2.24],["bmatticus",2],["ian-masters",2],["malcolmtivelius",2],["rmmhacidoelek",2],["n0rritt",2],["foogunlana",2],["lolrenx",2],["jd-sanders",2],["tuanchris",2],["lfzuluagah",2],["Dracyr",2],["oustynova",2],["yu-iskw",2],["smartpierre",2],["incoventures",2],["willsargent",2],["0001vrn",2]],"2022-01":[["alafanechere",24.62],["tuliren",23.66],["marcosmarxm",18.57],["jrhizor",17.52],["davinchia",16.49],["cgardens",16.4],["benmoriceau",16.03],["etsybaev",15.3],["edgao",15.1],["grubberr",14.8],["noahkawasakigoogle",13.75],["sherifnada",13.49],["ChristopheDuong",13.04],["yurii-bidiuk",12.96],["timroes",12.37],["harshithmullapudi",11.92],["antixar",11.05],["VitaliiMaltsev",10.95],["augan-rymkhan",10.82],["pmossman",10.72],["bazarnov",9.75],["yevhenii-ldv",9.59],["octavia-squidington-iii",9.43],["igrankova",9.22],["alexandertsukanov",9.22],["lmossman",8.94],["keu",8.43],["Zirochkaa",8.25],["CLAassistant",8.06],["andriikorotkov",8],["lazebnyi",8],["DoNotPanicUA",7.87],["misteryeo",7.87],["bmatticus",7.21],["sashaNeshcheret",7.07],["Jamakase",6.93],["tinomerl",6.93],["mkhokh-33",6.86],["avaidyanatha",6.86],["github-actions[bot]",6.63],["midavadim",6.56],["sergei-solonitcyn",6.24],["annalvova05",6.24],["TSkrebe",5.83],["alvaroqueiroz",5.74],["subodh1810",5.66],["ycherniaiev",5.66],["lgomezm",5.48],["prudhvi85",5.2],["codecov[bot]",5.2],["guidoturtu",5],["monai",4.9],["mohamagdy",4.47],["ron-damon",4.47],["vitaliizazmic",4.36],["bzAmin",4.12],["htrueman",4],["karinakuz",3.74],["alexandr-shegeda",3.74],["AM-I-Human",3.61],["answerMA",3.46],["gergelylendvai",3.46],["iamzafar",3.46],["bleonard",3.46],["dependabot[bot]",3.46],["nataliekwong",3.46],["Zaimwa9",3.46],["jdclarke5",3.32],["MahmoudElhalwany",3.16],["ajzo90",3.16],["juliachvyrova",3.16],["BEIIKS",3.16],["dluftspring",3],["reubano",3],["rbalsick",3],["vladimir-remar",2.83],["koji-m",2.83],["shrodingers",2.83],["lakemos",2.65],["michel-tricot",2.65],["reggermont",2.65],["hbd",2.65],["lizdeika",2.65],["rfortmann-ewolff",2.65],["schlattk",2.65],["cjwooo",2.45],["h7kanna",2.45],["eliziario",2.45],["zamaniramin549",2.45],["jovezhong",2.45],["Morpheus1999",2.24],["ameyabapat-bsft",2.24],["raphaelauv",2.24],["anujgupta0711",2.24],["VasylLazebnyk",2.24],["awang",2.24],["WarayutPeem",2.24],["fabform",2.24],["mmmaia",2.24],["data-storyteller",2],["nick-unit21",2],["agrass",2],["alexells",2],["iberchid",2],["thomasclavet",2],["ShahBinoy",2],["ethanve",2],["pjleiwa6g",2],["ksoenandar",2],["khwj",2],["willsargent",2],["flotenva",2],["nthbooth-feedr",2],["vingov",2],["asaas-albertnbr",2]],"2022-02":[["jrhizor",22.02],["tuliren",20.35],["timroes",19.42],["cgardens",18.84],["benmoriceau",18.65],["davinchia",16.79],["marcosmarxm",16],["lmossman",15.03],["sherifnada",14.53],["andriikorotkov",14.35],["keu",14],["alafanechere",13.89],["grubberr",13.56],["harshithmullapudi",13.49],["pmossman",13.15],["girarda",12.85],["octavia-squidington-iii",12.85],["augan-rymkhan",12.81],["edgao",12.49],["ChristopheDuong",12.49],["Jamakase",11.83],["igrankova",11.36],["antixar",11.31],["bazarnov",10.91],["misteryeo",10.58],["VitaliiMaltsev",10.34],["subodh1810",10.05],["malikdiarra",9.85],["sashaNeshcheret",7.62],["CLAassistant",7.62],["juliachvyrova",7.42],["alexandr-shegeda",7.28],["yevhenii-ldv",7],["sergei-solonitcyn",6.48],["yurii-bidiuk",6.48],["codecov[bot]",6.48],["kgrover",6.16],["avaidyanatha",6],["midavadim",6],["vitaliizazmic",5.83],["lazebnyi",5.74],["DoNotPanicUA",5.74],["schlattk",5.39],["joelluijmes",5.2],["Zirochkaa",5.1],["annalvova05",5],["mkhokh-33",4.9],["alexandertsukanov",4.8],["TSkrebe",4.58],["jkaelin",4.36],["dependabot[bot]",4.24],["CrafterKolyan",4.12],["aadityasinha-dotcom",4.12],["htrueman",4.12],["aakashkumarmaple",4],["novotl",4],["vladimir-remar",4],["saimanoj",3.87],["Morpheus1999",3.74],["ron-damon",3.61],["ycherniaiev",3.61],["rbalsick",3.61],["alex-magno",3.61],["philippeboyd",3.61],["johnlafleur",3.32],["danieldiamond",3.32],["Amruta-Ranade",3.16],["lshrinivas",3.16],["atorrescogollo",3.16],["rfortmann-ewolff",3.16],["klogdog",3],["willsargent",3],["noahkawasakigoogle",3],["ntkawasaki",3],["etsybaev",3],["dsnam",3],["jdclarke5",2.83],["azhard",2.83],["alexchouraki",2.83],["CremaLuca",2.83],["dermasmid",2.83],["hbd",2.83],["lucaswiley",2.65],["aymen-k",2.65],["NahidOulmi",2.65],["mohamagdy",2.65],["rorymalcolm",2.45],["CarlosACQ",2.45],["keterslayter",2.45],["monai",2.45],["nwayne94",2.45],["jvstein",2.45],["karinakuz",2.45],["dpnova",2.45],["thisisile",2.45],["adamschmidt",2.24],["hellmund",2.24],["thanhlmm",2.24],["engmsaleh",2.24],["zuc",2.24],["gergelylendvai",2.24],["hitk6",2.24],["gvillafanetapia",2.24],["PhilipCorr",2.24],["H-Max",2.24],["awoehrl",2.24],["agrass",2.24],["bmcgilli",2.24],["anand-srinivaas",2],["jonniedarko",2],["manavkohli",2],["ordonezf",2],["GKTheOne",2],["magefister",2],["zackliston",2],["tkorenko",2],["lgomezm",2],["flotenva",2],["sdairs",2],["KhristinaR",2],["ameyabapat-bsft",2],["prein",2],["Phanatic",2],["Golloronod",2]],"2022-03":[["alafanechere",25.06],["marcosmarxm",23.15],["davinchia",22.32],["sherifnada",21.66],["ChristopheDuong",20.22],["benmoriceau",18.57],["edgao",17.32],["girarda",17.12],["cgardens",16.97],["timroes",16.91],["pmossman",16.12],["bazarnov",16.06],["octavia-squidington-iii",14.63],["grubberr",13.78],["Jamakase",13.78],["lmossman",13.49],["git-phu",13.27],["malikdiarra",11.87],["supertopher",11.7],["jrhizor",11.66],["tuliren",11.58],["etsybaev",11.22],["misteryeo",10.91],["yurii-bidiuk",10.68],["grishick",10.49],["lazebnyi",10.34],["terencecho",10.2],["andriikorotkov",9.06],["harshithmullapudi",8.94],["davydov-d",8.66],["lgomezm",8.43],["VitaliiMaltsev",8],["alexandr-shegeda",7.87],["CLAassistant",7.81],["Javier162380",7.62],["codecov[bot]",6.78],["itaseskii",6.78],["igrankova",6.63],["nataliekwong",6.4],["Amruta-Ranade",6],["sashaNeshcheret",6],["burmecia",5.83],["annalvova05",5.83],["avaidyanatha",5.83],["subodh1810",5.57],["zhangyangyu",5.29],["georgekaz",5.29],["dependabot[bot]",4.9],["tbcdns",4.69],["aakashkumarmaple",4.58],["michel-tricot",4.36],["vladimir-remar",4.36],["yannibenoit",4.24],["midavadim",4.24],["alexbondar92",4.24],["jdpgrailsdev",4.24],["mrhallak",4.12],["arimbr",4.12],["adamschmidt",4],["Phlair",3.87],["TSkrebe",3.87],["kodeine",3.74],["keu",3.46],["Koen03",3.46],["ehmadzubair",3.46],["guillaume-chech",3.46],["Daemonxiao",3.46],["jnr0790",3.46],["jonico",3.32],["juliachvyrova",3.32],["kzzzr",3.32],["schlattk",3.16],["mkhokh-33",3.16],["bkrausz",3.16],["sidartha",3.16],["cameronwtaylor",3.16],["ramonvermeulen",3],["ycherniaiev",3],["pcothenet",3],["kempspo",3],["bleonard",3],["matfiorlh",2.83],["gavnate",2.83],["drewfustin",2.83],["hugoJuhel",2.65],["qops1981",2.65],["shyngysnurzhan",2.65],["DoNotPanicUA",2.65],["ron-damon",2.65],["olivermeyer",2.65],["azhard",2.45],["wbchn",2.45],["kattos-aws",2.45],["mohamagdy",2.45],["awill1",2.45],["Danucas",2.45],["nthbooth-feedr",2.45],["saimanoj",2.45],["lucaswiley",2.45],["thisisile",2.45],["ajzo90",2.24],["filipe-banzoli",2.24],["Kopiczek",2.24],["judahrand",2.24],["davidbeckse",2.24],["terekete",2.24],["shubhank-v",2.24],["japzio",2.24],["ShahNewazKhan",2.24],["sethvargo",2],["anushree-agrawal",2],["da-firebolt",2],["alexchouraki",2],["SriramThumma",2],["dsnam",2],["fortisoftware",2],["joepbuhre",2],["webtekindo",2],["zbrak",2],["evansmurithi",2],["EinavDanielDX",2],["erica-airbyte",2],["ahmed-buksh",2],["deluxebear",2],["noahkawasakigoogle",2],["tino",2],["danieldiamond",2],["hntan",2]],"2022-04":[["alafanechere",20.54],["sherifnada",18.68],["marcosmarxm",17.61],["tuliren",16.94],["krishnaglick",16.7],["davinchia",16.28],["edgao",15.23],["timroes",15.03],["davydov-d",15],["grubberr",14.59],["Phlair",14.25],["lmossman",14.25],["cgardens",14.11],["edmundito",14.07],["benmoriceau",13.75],["evantahler",13.64],["grishick",12.92],["girarda",12.85],["noahkawasaki-airbyte",12.85],["misteryeo",12.77],["ChristopheDuong",12.29],["supertopher",12.08],["octavia-squidington-iii",12.08],["bazarnov",12],["yurii-bidiuk",11.05],["itaseskii",10.68],["DoNotPanicUA",10.39],["pedroslopez",9.9],["subodh1810",9.49],["lgomezm",9.33],["jrhizor",8.72],["pmossman",8.66],["tealjulia",8.49],["terencecho",8.49],["jdpgrailsdev",8.43],["CLAassistant",8.37],["alexandertsukanov",8.37],["etsybaev",8.12],["sashaNeshcheret",8],["midavadim",7.62],["aharelick",7.55],["andyjih",7.42],["Zawar92",7.42],["harshithmullapudi",7.21],["alexandr-shegeda",7.14],["annalvova05",7.07],["alovew",7],["bleonard",7],["mdibaiee",6.86],["codecov[bot]",6.78],["git-phu",6.78],["Amruta-Ranade",6.78],["dizel852",6.78],["danieldiamond",6.63],["lazebnyi",6.16],["VitaliiMaltsev",6.08],["brianjlai",6],["malikdiarra",5.83],["nataliekwong",5.57],["ufou",5.39],["andriikorotkov",4.8],["tirth7777777",4.69],["mcfuhrt",4.58],["shyngysnurzhan",4.36],["Tr1985",4],["igrankova",4],["mohamagdy",4],["agroh1",3.87],["mkhokh-33",3.87],["RickRen7575",3.87],["Upmitt",3.87],["igormp",3.74],["aantn",3.74],["ycherniaiev",3.74],["Jamakase",3.74],["anushree-agrawal",3.61],["imiskolee",3.46],["michel-tricot",3.32],["ahmed-buksh",3.32],["kattos-aws",3.32],["SebastienN15",3.16],["gfeldman",3.16],["dlackty",3],["ghilmanrandhawa",3],["nshigit",3],["gvillafanetapia",3],["dependabot[bot]",3],["auyer",3],["wjwatkinson",3],["ehmadzubair",2.83],["arimbr",2.83],["orlandoburli",2.83],["remisalmon",2.83],["erica-airbyte",2.83],["jagannathsrs",2.83],["kyle-cheung",2.65],["chaucodes",2.65],["zkid18",2.65],["dingobar",2.65],["huseyinyilmaz",2.65],["leoalmeidasant",2.65],["Ohcui",2.65],["vladimir-remar",2.45],["sreeram-venkitesh",2.45],["prasrvenkat",2.45],["nauxliu",2.45],["azhard",2.45],["userguy",2.45],["burmecia",2.45],["yzislin",2.45],["krzysdabro",2.45],["ewjoachim",2.24],["radostyle",2.24],["afonsoaugusto",2.24],["daniel-cortez-stevenson",2.24],["fcomuniz",2.24],["omid",2.24],["iberchid",2.24],["erichartono",2.24],["olivermeyer",2.24],["ThaliaBarrera",2.24],["miguel-martinr",2.24],["carlkibler",2.24],["wallies",2],["ProdigyMaster",2],["kananindzya",2],["Daemonxiao",2],["ethanve",2],["austinhale",2],["yannibenoit",2],["alvaroqueiroz",2],["szecsip",2]],"2022-05":[["alafanechere",24.39],["lmossman",21.63],["girarda",20.45],["marcosmarxm",20],["evantahler",19.8],["sherifnada",19.08],["edmundito",18.84],["davinchia",18.36],["benmoriceau",16.91],["jdpgrailsdev",16.73],["tuliren",16.46],["bazarnov",16.22],["grubberr",15.84],["pedroslopez",15.78],["krishnaglick",14],["lgomezm",13.6],["supertopher",13.56],["CLAassistant",13.34],["Phlair",13.3],["timroes",13.11],["tealjulia",12.53],["octavia-squidington-iii",12.29],["davydov-d",12.12],["harshithmullapudi",11.96],["grishick",11.92],["alovew",11.75],["edgao",11.05],["midavadim",10.86],["brianjlai",10.63],["VitaliiMaltsev",10.39],["alexandr-shegeda",10.34],["lazebnyi",9.7],["noahkawasaki-airbyte",9.7],["misteryeo",9.64],["alexandertsukanov",9.43],["git-phu",9.11],["dizel852",9.06],["DoNotPanicUA",8.94],["andyjih",8.94],["bleonard",8.6],["sw-yx",8.43],["etsybaev",8.43],["ChristopheDuong",8.06],["cgardens",8],["codecov[bot]",7.81],["yurii-bidiuk",7.62],["exalate-issue-sync[bot]",7.62],["pmossman",7.35],["Imbruced",6.86],["sashaNeshcheret",6.78],["pecalleja",6.71],["suhomud",6.56],["danieldiamond",6.48],["a-honcharenko",6.24],["nataliekwong",6.16],["mohrman",6.16],["itaseskii",6],["mohamagdy",5.92],["sivankumar86",5.92],["terencecho",5.66],["ganpatagarwal",5.66],["Amruta-Ranade",5.48],["jscottpolevault",5.1],["roman-romanov-o",4.9],["kimerinn",4.8],["didistars328",4.58],["pcsoni89",4.58],["peter279k",4.58],["igrankova",4.58],["RobertoBonnet",4.47],["malikdiarra",4.36],["adam-bloom",4.24],["ycherniaiev",4],["ptiurin",3.87],["Zawar92",3.87],["xiaohansong",3.74],["koconder",3.74],["ahmed-buksh",3.74],["wjwatkinson",3.61],["alexander-marquardt",3.61],["mkhokh-33",3.61],["vladimir-remar",3.46],["mohitreddy1996",3.46],["thinhnd2104",3.32],["dingobar",3.32],["erica-airbyte",3.32],["cjwooo",3.32],["annalvova05",3.32],["aharelick",3.32],["shwetagl12",3.16],["jan-benisek",3],["alejandroRosano-muttdata",3],["manescianera",3],["philippeboyd",3],["Mainara",2.83],["Cheryl0402",2.83],["pjleiwa6g",2.83],["michel-tricot",2.83],["ThaliaBarrera",2.65],["dependabot[bot]",2.65],["thomas-vl",2.65],["SebastienN15",2.65],["Upmitt",2.65],["sophia-wiley",2.65],["rcheatham-q",2.65],["tirth7777777",2.45],["NiccoloSalvini",2.45],["gfeldman",2.45],["grkhr",2.45],["shrodingers",2.45],["michaelnguyen26",2.45],["ufou",2.45],["hbd",2.45],["ramonvermeulen",2.24],["anushree-agrawal",2.24],["nahal99",2.24],["cminnov",2.24],["gcoffin",2],["BramDogChef",2],["subodh1810",2],["AnatolePledg",2],["RickRen7575",2],["haithem-souala",2],["chaucodes",2],["szecsip",2],["userbradley",2],["kyle-cheung",2],["alunarbeach",2],["GouthamJM",2],["RaphaelSOliveira",2],["joaquin-orono",2]],"2022-06":[["cgardens",24.82],["benmoriceau",24.21],["lmossman",22.8],["alafanechere",21.19],["davinchia",19.67],["girarda",18.65],["marcosmarxm",18.49],["sherifnada",17.78],["jdpgrailsdev",16.7],["edmundito",15.91],["timroes",15.46],["grubberr",15.39],["bazarnov",14.9],["tuliren",14.7],["edgao",14.28],["evantahler",13.96],["Phlair",12.85],["davydov-d",12.69],["grishick",11.92],["Amruta-Ranade",11.31],["octavia-squidington-iii",11.09],["tealjulia",10.95],["suhomud",10.86],["harshithmullapudi",10.77],["alovew",10.72],["igrankova",10.68],["natalyjazzviolin",10.63],["subodh1810",10.39],["alexander-marquardt",10.3],["pmossman",10.15],["gosusnp",10],["alexandertsukanov",9.75],["VitaliiMaltsev",9.7],["brianjlai",9.54],["etsybaev",9.54],["ChristopheDuong",9.43],["dizel852",9.22],["codecov[bot]",8.54],["misteryeo",8],["pedroslopez",7.75],["CLAassistant",7.68],["sophia-wiley",7.48],["xiaohansong",7.35],["yurii-bidiuk",7.28],["DoNotPanicUA",7],["alexandr-shegeda",6.93],["sashaNeshcheret",6.78],["terencecho",6.78],["supertopher",6.71],["midavadim",6.63],["arsenlosenko",6.4],["sajarin",6.32],["mkhokh-33",6.24],["adam-bloom",6.08],["git-phu",5.92],["andriikorotkov",5.48],["nataliekwong",5.29],["jordan-glitch",5.2],["Imbruced",5.2],["malikdiarra",5.2],["lazebnyi",5.2],["annalvova05",5.1],["drrest",5],["bleonard",4.8],["mohamagdy",4.69],["ycherniaiev",4.69],["ganpatagarwal",4.69],["dependabot[bot]",4.47],["erica-airbyte",4.36],["b4stien",4.36],["ptiurin",4.24],["roman-romanov-o",4.24],["RobertoBonnet",4.24],["iberchid",4.12],["sivankumar86",4],["avaidyanatha",3.87],["Tomperez98",3.87],["sw-yx",3.87],["danieldiamond",3.61],["ro8inmorgan",3.61],["mutt-santiago-stachuk",3.61],["koconder",3.46],["toandm",3.46],["alejandroRosano-muttdata",3.32],["johnlafleur",3.32],["mzitnik",3.16],["lgomezm",3.16],["andyjih",3.16],["YatsukBogdan1",3],["philippeboyd",3],["JCWahoo",3],["xorl",3],["cstruct",2.83],["knugusbayevps",2.83],["mp-pinheiro",2.83],["infina-calvin",2.65],["wesen",2.65],["Zawar92",2.65],["wjwatkinson",2.65],["dougpm",2.65],["Rajakavitha1",2.65],["maikelpenz",2.65],["spezam",2.65],["murphpdx",2.65],["sspaeti",2.45],["terussell85",2.45],["leosussan",2.45],["ss098",2.24],["stockymcstockface",2.24],["hbd",2.24],["tisonkun",2.24],["jan-benisek",2.24],["kritika0909",2.24],["vladimir-remar",2.24],["NunesV",2.24],["schung507",2.24],["gittysachin",2.24],["ct-martin",2.24],["cminnov",2.24],["cope",2.24],["bigdatawonders",2.24],["jorinvo",2],["remisalmon",2],["data-andy",2],["joshzana",2],["nilkamalthakuria",2],["jvstein",2],["calebfornari",2],["ahmed-buksh",2],["yzislin",2],["jablonskijakub",2],["nauxliu",2],["michaelnguyen26",2],["namigalyv",2],["jyates-om1",2],["ameyabapat-bsft",2],["animer3009",2]],"2022-07":[["girarda",23.13],["grishick",19.47],["benmoriceau",19.31],["edgao",19.18],["marcosmarxm",18.14],["davydov-d",17.55],["lmossman",17.49],["grubberr",17.38],["sherifnada",17.06],["timroes",16.94],["davinchia",16.61],["edmundito",15.78],["alafanechere",14.21],["pedroslopez",13.93],["evantahler",13.45],["brianjlai",13.38],["harshithmullapudi",12.77],["lazebnyi",12.41],["bazarnov",11.87],["alovew",11.87],["Phlair",11.36],["gosusnp",11.09],["etsybaev",10.86],["ryankfu",10.58],["VitaliiMaltsev",10.58],["mkhokh-33",10.15],["xpuska513",10.05],["andriikorotkov",9.85],["subodh1810",9.8],["jdpgrailsdev",9.8],["DoNotPanicUA",9.75],["CLAassistant",9.38],["octavia-squidington-iii",9.33],["tuliren",9.33],["midavadim",9.11],["sashaNeshcheret",9],["sivankumar86",8.94],["tealjulia",8.77],["annalvova05",8.37],["YiyangLi",8.19],["alexandr-shegeda",8.19],["natalyjazzviolin",7.42],["Amruta-Ranade",7.35],["suhomud",7.28],["alexandertsukanov",7.07],["drrest",6.86],["supertopher",6.71],["misteryeo",6.56],["xiaohansong",6.56],["roman-yermilov-gl",6.32],["snyk-bot",6.08],["terencecho",5.92],["sophia-wiley",5.83],["ChristopheDuong",5.83],["mfsiega-airbyte",5.83],["igrankova",5.74],["yurii-bidiuk",5.29],["git-phu",5.2],["pmossman",5],["matter-q",4.9],["guykoh",4.8],["Tomperez98",4.8],["alexander-marquardt",4.47],["YatsukBogdan1",4.47],["gsmith-schlesinger",4.36],["marcelopio",4.36],["vladimir-remar",4.36],["tim-werner",4.36],["andyjih",4.12],["cgardens",4.12],["danieldiamond",4],["maikelpenz",3.87],["dizel852",3.87],["blarghmatey",3.74],["YowanR",3.61],["sh4sh",3.46],["NipunaPrashan",3.32],["ganpatagarwal",3.32],["jsrcodes",3.32],["lgomezm",3.16],["bjgbeelen",3.16],["skwaugh",3.16],["elliottrabac",3.16],["codecov[bot]",3.16],["SofiiaZaitseva",3.16],["gfeldman",3],["wjwatkinson",3],["arsenlosenko",3],["ycherniaiev",3],["dependabot[bot]",3],["erica-airbyte",3],["mackenzie-oa",3],["philippeboyd",2.83],["juliatournant",2.83],["Mykyta-Serbynevskyi",2.83],["yzislin",2.65],["TamGB",2.65],["jackie-numerade",2.65],["m-ronchi",2.65],["akulgoel96",2.65],["JianhaoZhang",2.65],["amitza",2.65],["yash-ghelani-dsw",2.45],["tunguyen-12",2.45],["nialloriordan",2.45],["Svatopluk-Chalupa",2.45],["iam-robi",2.45],["yuhuishi-convect",2.45],["Kopiczek",2.45],["DustyShap",2.45],["bigdatawonders",2.45],["jnr0790",2.45],["adam-bloom",2.45],["faacsousa",2.45],["jlitowitz",2.45],["brunofaustino",2.45],["migue-m",2.45],["Tamir-Spector",2.45],["wallies",2.24],["yort-feng",2.24],["Nakachi-S",2.24],["evanrosebrook",2.24],["itaseskii",2.24],["mzitnik",2.24],["sajarin",2.24],["alejandroRosano-muttdata",2.24],["colesnodgrass",2.24],["nataliekwong",2.24],["persunde",2.24],["malikdiarra",2.24],["SPTKL",2.24],["dadalongvs",2.24],["mustangJaro",2],["kritika0909",2],["vaibhavpals",2],["mmoole",2],["octavia-bot[bot]",2],["saifmahamood",2],["makyash",2],["monai",2],["bleonard",2],["dougpm",2],["walkabout21",2],["khoatrandata",2],["drgsec1234",2],["didistars328",2]],"2022-08":[["girarda",28.53],["alafanechere",22.45],["marcosmarxm",22.38],["davinchia",22.16],["timroes",19.65],["pmossman",19.49],["brianjlai",18.92],["evantahler",18.63],["grubberr",18.33],["grishick",18.25],["sherifnada",18.19],["edmundito",18.11],["krishnaglick",17.75],["lmossman",17.29],["tuliren",17.15],["edgao",17.03],["ryankfu",16.97],["andriikorotkov",16.82],["davydov-d",15.49],["gosusnp",15.3],["VitaliiMaltsev",14.53],["xpuska513",14],["bazarnov",13.82],["pedroslopez",13.34],["lazebnyi",13.11],["subodh1810",12.96],["tealjulia",12.85],["alovew",12.81],["benmoriceau",12.04],["cgardens",11.87],["suhomud",11.83],["Amruta-Ranade",11.66],["rodireich",11.66],["YatsukBogdan1",11.49],["harshithmullapudi",11.4],["Phlair",10.95],["yurii-bidiuk",10.86],["supertopher",10.68],["xiaohansong",10.34],["sophia-wiley",10.15],["mkhokh-33",9.9],["dizel852",9.43],["octavia-squidington-iii",9],["github-actions[bot]",8.72],["CLAassistant",8.66],["sajarin",8.37],["ycherniaiev",8.19],["terencecho",8.19],["sashaNeshcheret",8.12],["natalyjazzviolin",8.12],["alexandr-shegeda",8.06],["YowanR",8],["midavadim",7.94],["DoNotPanicUA",7.94],["jdpgrailsdev",7.55],["mfsiega-airbyte",7.55],["michel-tricot",7.28],["ernestasga",7.07],["matter-q",7.07],["igrankova",6.63],["ambirdsall",6.63],["etsybaev",6.48],["sivankumar86",6.48],["cpdeethree",6.32],["arsenlosenko",6.24],["roman-yermilov-gl",6.16],["animer3009",6.16],["misteryeo",6.16],["alex-gron",6.16],["monai",6.08],["git-phu",5.92],["yash-ghelani-dsw",5.57],["jablonskijakub",5.57],["Jagrutiti",5.39],["sbjorn",5.29],["andyjih",5.2],["YiyangLi",5.1],["erica-airbyte",5],["Kopiczek",4.8],["danieldiamond",4.69],["nataliekwong",4.58],["makyash",4.58],["macmv",4.47],["gfeldman",4.36],["ChristopheDuong",4.24],["ajmhatch",4.12],["NipunaPrashan",4.12],["si-te",3.87],["jan-benisek",3.87],["Daemonxiao",3.87],["philippeboyd",3.74],["marcelopio",3.74],["haithem-souala",3.61],["vladimir-remar",3.61],["zhangyangyu",3.61],["AM-I-Human",3.61],["n0rritt",3.46],["sage-watterworth",3.46],["lucienfregosibodyguard",3.32],["hydrosquall",3.32],["adamf",3.32],["ganpatagarwal",3.16],["drewrasm",3.16],["robbinhan",3.16],["andrzejdackiewicz",3.16],["Zawar92",3],["adam-bloom",3],["UsmanAli99",3],["bleonard",3],["jonathanneo",3],["drrest",3],["cleve-fauna",3],["steache",3],["HALLOWe3n",3],["robgleason",2.83],["aeroith",2.83],["NAjustin",2.83],["ajatau",2.83],["blarghmatey",2.83],["emeagenciadigital",2.65],["vijaybridgeme",2.65],["nehanawar025",2.65],["mlavoie-sm360",2.65],["muutech",2.65],["duytp",2.65],["axaysagathiya",2.65],["pierre-borckmans",2.65],["abaerptc",2.65],["kananindzya",2.65],["lgomezm",2.65],["jhecking",2.65],["gargatuma",2.65],["tuanchris",2.45],["malikdiarra",2.45],["zzztimbo",2.45],["toandm",2.45],["dtt101",2.45],["Rukesh-Kapuluru",2.45],["ingo-m",2.45],["Santhin",2.24],["imrehg",2.24],["yagehu",2.24],["davidfromtandym",2.24],["SofiiaZaitseva",2.24],["milesarmstrong",2.24],["suman9730",2.24],["tfoldi",2.24],["juliatournant",2.24],["panilya",2.24],["ramonvermeulen",2.24],["Bhupesh-V",2.24],["yuxh",2.24],["sw-yx",2.24],["whereistejas",2.24],["akawalsky",2.24],["cuongld2",2.24],["st0302",2],["ArvinZheng",2],["luancaarvalho",2],["JianhaoZhang",2],["Wolff-Lucas",2],["dolphinxyz",2],["alexander-marquardt",2],["julienfouilhe",2],["IzioDev",2],["dependabot[bot]",2],["joshk0",2],["navi86",2],["HaoWuPeloton",2],["persunde",2],["skt7",2],["LieAlbertTriAdrian",2],["tim-sauchuk",2],["samithdisal",2],["bartlomiejolma",2],["kyle-plenty",2],["wjwatkinson",2]],"2022-09":[["krishnaglick",23.96],["alafanechere",22.65],["gosusnp",20.42],["davinchia",20.07],["lmossman",19.62],["github-actions[bot]",18.76],["timroes",18.36],["edmundito",18.25],["jdpgrailsdev",18],["benmoriceau",17.58],["tealjulia",17.41],["brianjlai",17.32],["evantahler",17.12],["davydov-d",17],["grishick",16.43],["igrankova",16.4],["bazarnov",16.34],["marcosmarxm",16.06],["grubberr",15.72],["koconder",15.62],["dizel852",14.76],["tuliren",13.67],["edgao",13.64],["YatsukBogdan1",12.96],["yurii-bidiuk",12.73],["pmossman",12.49],["alovew",12.21],["pedroslopez",11.92],["girarda",11.87],["ycherniaiev",11.36],["harshithmullapudi",11.18],["supertopher",11.09],["andrzejdackiewicz",11],["sajarin",10.95],["ryankfu",10.91],["cuyk",10.63],["octavia-squidington-iii",10.44],["VitaliiMaltsev",10.39],["CLAassistant",10.39],["sherifnada",10.25],["roman-yermilov-gl",10.1],["rodireich",10.05],["sophia-wiley",9.85],["colesnodgrass",9.8],["matter-q",9.59],["robgleason",9.54],["letiescanciano",9.43],["etsybaev",9.38],["Nmaxime",9],["adamschmidt",8.89],["git-phu",8.83],["YiyangLi",8.72],["lazebnyi",8.72],["alexandr-shegeda",8.66],["natalyjazzviolin",8.6],["subodh1810",8.54],["cgardens",7.94],["artem1205",7.94],["xpuska513",7.87],["arsenlosenko",7.68],["midavadim",7.68],["Amruta-Ranade",7.62],["akashkulk",7.55],["YowanR",7.35],["monai",6.78],["mfsiega-airbyte",6.56],["bleonard",6.48],["ganpatagarwal",6.24],["DoNotPanicUA",6.16],["drrest",6.16],["ptiurin",6.08],["snyk-bot",5.83],["misteryeo",5.74],["jablonskijakub",5.48],["salima-airbyte",5.1],["rileybrook",5],["sage-watterworth",4.9],["ambirdsall",4.9],["suhomud",4.8],["andyjih",4.69],["darynaishchenko",4.58],["nataliekwong",4.47],["krisjan-oldekamp",4.47],["ChristopheDuong",4.47],["sivankumar86",4.47],["xiaohansong",4.36],["sh4sh",4.24],["jhajajaas",4.24],["alexander-marquardt",4.24],["Mainara",4.12],["terencecho",4.12],["TBernstein4",4.12],["milesarmstrong",4],["itaseskii",4],["alexnikitchuk",4],["tuanchris",4],["bdashrad",4],["dependabot[bot]",3.87],["cloorc",3.87],["SatishChGit",3.87],["navi86",3.74],["amaliaroye",3.74],["bstrawson",3.61],["goodseeyou",3.61],["vladimir-remar",3.61],["andriikorotkov",3.46],["sashaNeshcheret",3.46],["macmv",3.46],["adam-bloom",3.46],["Gitznik",3.46],["henriblancke",3.32],["zzztimbo",3.16],["roisinbolt",3.16],["Nakachi-S",3.16],["cpdeethree",3.16],["toandm",3],["SofiiaZaitseva",3],["obraginskaya",3],["mackro-rocky",3],["DustyShap",3],["tfoldi",2.83],["lgomezm",2.83],["sagew4",2.83],["kyle-cheung",2.83],["KqLLL",2.83],["shrodingers",2.83],["ddoyediran",2.83],["lluisgassovillarejo",2.83],["sspaeti",2.83],["alex-gron",2.65],["akashkmr27089",2.65],["leilaballouard",2.65],["plenti-jacob-roe",2.65],["hellmund",2.65],["marcelopio",2.65],["iberchid",2.65],["blarghmatey",2.45],["ernestasga",2.45],["philippeboyd",2.45],["robbinhan",2.45],["ball-hayden",2.45],["animer3009",2.45],["oreopot",2.45],["myles-novick",2.45],["ArneZsng",2.45],["wub",2.45],["poolpix",2.24],["michaeljguarino",2.24],["Bhupesh-V",2.24],["ghanvik",2.24],["EdsonJuniorPD",2.24],["mc51",2.24],["jyates-om1",2.24],["py-paulo",2.24],["domzae",2.24],["danieldiamond",2.24],["nauxliu",2.24],["FransDel",2.24],["khanhngobackend",2.24],["octavia-squidington-iv",2.24],["Daemonxiao",2.24],["gpsamson",2],["infina-calvin",2],["walkabout21",2],["diasjorge",2],["anamargaridarl",2],["namigaliyev",2],["lewisdawson",2],["swatosh",2],["ciklista",2],["sbjorn",2],["mshustov",2],["JackTheMico",2],["jonathanneo",2],["adamf",2],["JCWahoo",2],["mkhokh-33",2],["akshaybaura",2],["shaoye",2],["sebasaeros",2],["Jagrutiti",2],["gargatuma",2],["mozarik",2],["vr",2],["malikdiarra",2]],"2022-10":[["marcosmarxm",43.22],["davinchia",25.22],["timroes",22.83],["github-actions[bot]",22.78],["evantahler",22.52],["girarda",21.7],["lmossman",21.35],["benmoriceau",20.71],["grubberr",20.42],["edgao",18.84],["jdpgrailsdev",18.79],["alafanechere",18.19],["alovew",17.49],["gosusnp",16.03],["edmundito",15.52],["YiyangLi",15.17],["josephkmh",15.07],["brianjlai",14.9],["akashkulk",14.76],["dizel852",14.46],["ryankfu",14.25],["pedroslopez",14.18],["davydov-d",14.07],["isaacharrisholt",13.89],["mfsiega-airbyte",13.86],["colesnodgrass",13.49],["pmossman",13.38],["tealjulia",13.3],["grishick",13.15],["cuyk",12.53],["Amruta-Ranade",12.53],["etsybaev",12.21],["bazarnov",11.92],["haithem-souala",11.7],["suhomud",11.53],["tuliren",11.31],["letiescanciano",11.31],["supertopher",11.22],["artem1205",10.91],["cgardens",10.68],["krishnaglick",10.68],["subodh1810",10.34],["andriikorotkov",10.34],["koconder",10.3],["CLAassistant",10.3],["animer3009",10.1],["xiaohansong",10.1],["VitaliiMaltsev",10.05],["sherifnada",9.85],["igrankova",9.75],["masyagin1998",9.7],["sajarin",9.17],["YowanR",8.83],["lazebnyi",8.83],["natalyjazzviolin",8.66],["btkcodedev",8.66],["alexchouraki",8.6],["dainiussa",8.25],["sarafonseca-123",7.87],["arsenlosenko",7.68],["monai",7.42],["delenamalan",7.42],["cpdeethree",7.35],["xpuska513",7.21],["alexander-marquardt",7.14],["cirdes",7.07],["sh4sh",7.07],["rodireich",6.93],["espoirMur",6.93],["octavia-squidington-iv",6.78],["sophia-wiley",6.71],["pabloescoder",6.71],["subhamX",6.63],["itaseskii",6.56],["ambirdsall",6.56],["bleonard",6.48],["elliottrabac",6.48],["matter-q",6.32],["roman-yermilov-gl",6.32],["Xabilahu",6.32],["evwltrs",6.24],["henriblancke",6.16],["PragatiVerma18",6.08],["MinuraPunchihewa",6.08],["octavia-squidington-iii",5.92],["navi86",5.92],["Zawar92",5.74],["mmolimar",5.74],["malikdiarra",5.57],["ycherniaiev",5.57],["terencecho",5.48],["harshithmullapudi",5.48],["tkorenko",5.39],["ldanilek",5.29],["N-o-Z",5.1],["SofiiaZaitseva",5.1],["andyjih",5.1],["koji-m",5],["TBernstein4",5],["jhammarstedt",5],["digambar-t7",4.9],["git-phu",4.8],["sw-yx",4.8],["midavadim",4.8],["sbrickel-nimble",4.8],["perangel",4.58],["hntan",4.58],["YatsukBogdan1",4.58],["jrhizor",4.47],["danieldiamond",4.47],["darynaishchenko",4.36],["ChristopheDuong",4.24],["andresbravog",4.12],["scottleechua",4.12],["tuanchris",4.12],["sspaeti",4],["jhajajaas",4],["caiohasouza",3.87],["ptiurin",3.87],["misteryeo",3.87],["RealChrisSean",3.87],["antonioneto-hotmart",3.74],["rhooper",3.74],["anamargaridarl",3.74],["sagew4",3.74],["cornjuliox",3.74],["michel-tricot",3.61],["coltonpomeroy",3.61],["lluisgassovillarejo",3.61],["mutt-santiago-stachuk",3.46],["Terieyenike",3.46],["erohmensing",3.46],["marcelopio",3.46],["RobertoBonnet",3.32],["yurii-bidiuk",3.32],["dijonkitchen",3.16],["ganpatagarwal",3.16],["zheller",3.16],["sblaizerwize",3.16],["DoNotPanicUA",3],["alexandr-shegeda",3],["albert-marrero",3],["Sushrut1101",3],["Gitznik",3],["alkali",3],["myles-novick",3],["sage-watterworth",3],["nataliekwong",3],["kotko",2.83],["nicor88",2.83],["josix",2.83],["robgleason",2.83],["rytismi",2.83],["alexnikitchuk",2.83],["ikeadeoyin",2.83],["NoelJacob",2.83],["TanveshT",2.83],["kaggrwal",2.83],["ggmblr",2.65],["jeromedoucet",2.65],["ogusak",2.65],["andmosourceability",2.65],["mmmaia",2.65],["arnaudjnn",2.65],["emilija-omnisend",2.65],["erica-airbyte",2.65],["gfeldman",2.45],["abaerptc",2.45],["sfc-gh-pkommini",2.45],["Jagrutiti",2.45],["victor-cody",2.45],["sivankumar86",2.45],["brunofaustino",2.45],["SarojWasti",2.45],["chte",2.45],["aminamos",2.24],["anushree-agrawal",2.24],["Bam92",2.24],["andnig",2.24],["rach-r",2.24],["JCWahoo",2.24],["WillerWasTaken",2.24],["valleybay",2.24],["killthekitten",2.24],["RobLucchi",2.24],["pinikeizman",2.24],["makyash",2.24],["sriram-km",2.24],["Upmitt",2.24],["Sid-Lais",2.24],["tjirab",2.24],["cncc",2.24],["AlexJameson",2.24],["userbradley",2.24],["kevinyeung-3p",2.24],["AndyTwiss",2.24],["sebasaeros",2.24],["mickaelandrieu",2.24],["ryjabe",2.24],["gousta",2],["rshanmugam1",2],["kamil-astrafy",2],["louismorinkar",2],["amaliaroye",2],["jkleinkauff",2],["sammychris",2],["TalhaNaeem101",2],["sofiehellmark",2],["Dynnammo",2],["awoehrl",2],["philippeboyd",2],["alex-gron",2],["jpmmcneill",2],["jacqueskpoty",2],["lgomezm",2],["roisinbolt",2],["catpineapple",2],["matimirandach",2]],"2022-11":[["marcosmarxm",32.92],["girarda",26.96],["timroes",26.48],["alafanechere",25.96],["davinchia",23.19],["benmoriceau",21.49],["davydov-d",20.95],["evantahler",20.71],["gosusnp",20.05],["sherifnada",20],["josephkmh",19.03],["akashkulk",18.52],["lmossman",18.14],["grubberr",17.69],["cgardens",17.06],["brianjlai",15.91],["edmundito",15.39],["erohmensing",15.07],["ryankfu",15.03],["jdpgrailsdev",14.83],["etsybaev",14.83],["koconder",14],["pedroslopez",13.93],["colesnodgrass",12.57],["roman-yermilov-gl",12.49],["YiyangLi",12.45],["letiescanciano",12.21],["Amruta-Ranade",12.21],["krishnaglick",12.04],["edgao",11.87],["Alcadeus0",11.79],["andresbravog",11.7],["DoNotPanicUA",11.58],["darynaishchenko",11.49],["sophia-wiley",11.31],["github-actions[bot]",11.22],["rodireich",11.18],["suhomud",11.14],["PhilipCorr",11.05],["VitaliiMaltsev",11],["itaseskii",10.95],["alovew",10.77],["bazarnov",10.77],["dizel852",10.72],["tealjulia",10.58],["xpuska513",10.34],["grishick",10.2],["igrankova",10.15],["ambirdsall",10.15],["btkcodedev",10.05],["subodh1810",10],["git-phu",9.7],["artem1205",8.72],["bala-ceg",8.72],["CLAassistant",8.72],["YowanR",8.19],["monai",8.06],["tuliren",7.87],["Xabilahu",7.87],["matter-q",7.81],["haithem-souala",7.81],["andriikorotkov",7.68],["supertopher",7.42],["cuyk",7.35],["arsenlosenko",7.35],["xiaohansong",7.21],["arnaudjnn",7.07],["mfsiega-airbyte",6.93],["sajarin",6.86],["Leibnizhu",6.56],["bleonard",6.56],["natalyjazzviolin",6.56],["terencecho",6.56],["YatsukBogdan1",6.4],["jhammarstedt",6.32],["Harshil0512",6.32],["lazebnyi",6.32],["elliottrabac",6.24],["SofiiaZaitseva",6.24],["cpdeethree",6.16],["ganpatagarwal",6.08],["sw-yx",6.08],["ycherniaiev",6.08],["octavia-squidington-iii",6],["perangel",5.92],["blarghmatey",5.92],["andyjih",5.83],["sh4sh",5.83],["Mykyta-Serbynevskyi",5.57],["mmolimar",5.57],["octavia-squidington-iv",5.57],["pmossman",5.39],["andnig",5.39],["cptjacky",5.39],["TBernstein4",5.29],["siddhant3030",5.1],["midavadim",4.9],["jhajajaas",4.9],["cirdes",4.8],["tuanchris",4.8],["michizhou",4.8],["josix",4.69],["marcelopio",4.69],["jrhizor",4.69],["nataliekwong",4.47],["Zawar92",4.47],["Barsoomx",4.36],["carlonuccio",4.36],["sammychris",4.24],["RealChrisSean",4.24],["dependabot[bot]",4.24],["rach-r",4.12],["scottleechua",4.12],["isaacharrisholt",4],["Xingyuan-Chen",4],["YuliiaNahoha",4],["mdibaiee",4],["himanshuc3",4],["delenamalan",3.87],["henriblancke",3.87],["Sid-Lais",3.74],["dandpz",3.74],["sathiscode",3.74],["misteryeo",3.74],["juweins",3.61],["artusiep",3.61],["Upmitt",3.61],["kuberaspeaking",3.61],["pabloescoder",3.61],["harshithmullapudi",3.61],["swatosh",3.61],["mmmaia",3.46],["akashpatl",3.46],["toandm",3.32],["PierreKerschgens",3.32],["markandrus",3.32],["sspaeti",3.32],["ChristopheDuong",3.32],["bmikaili",3.32],["mutt-santiago-stachuk",3.32],["alkali",3.32],["maxi297",3.32],["mauricioalarcon",3.16],["adhamsuliman",3.16],["drewrasm",3],["am6010",3],["tovganesh",3],["mrhallak",3],["naxels",2.83],["stefl",2.83],["sarafonseca-123",2.83],["klsoper",2.83],["ryjabe",2.83],["mickaelandrieu",2.83],["amaliaroye",2.83],["rhaegar2803",2.83],["dainiussa",2.83],["danieldiamond",2.83],["jacqueskpoty",2.83],["omid",2.65],["animer3009",2.65],["trowacat",2.65],["mozarik",2.65],["ASchmidtGit",2.65],["Daemonxiao",2.65],["quannh-uet",2.65],["Nomad-IC",2.65],["leilaballouard",2.65],["murat-cetinkaya",2.65],["Moandco",2.45],["ramitheeb",2.45],["achaussende",2.45],["mattppal",2.45],["LuliRib",2.45],["chrisweis",2.45],["visnup",2.45],["catpineapple",2.45],["Tamir-Spector",2.45],["malikdiarra",2.45],["killthekitten",2.45],["ptiurin",2.45],["Shishir-rmv",2.45],["Manoj-07",2.45],["luistorrealbaCinfo",2.24],["evwltrs",2.24],["anamargaridarl",2.24],["espoirMur",2.24],["MinuraPunchihewa",2.24],["Rahulborserb",2.24],["gilandose",2.24],["amrael",2.24],["danilo-dti",2.24],["DavidSpek",2.24],["albert-marrero",2.24],["lukehsiao",2.24],["alexnikitchuk",2.24],["arnaudselva",2.24],["tinomerl",2.24],["SatishChGit",2.24],["genzgd",2],["emeagenciadigital",2],["dis-sid",2],["mariamthiam",2],["Kopiczek",2],["mamontesp",2],["gfrts",2],["ldanilek",2],["erica-airbyte",2],["sofiehellmark",2],["nicksaroki",2]],"2022-12":[["flash1293",24.78],["lmossman",23.54],["girarda",23.52],["alafanechere",20.64],["marcosmarxm",20.32],["davydov-d",20.17],["grishick",16.34],["brianjlai",16.22],["edgao",16.19],["erohmensing",16.12],["evantahler",16.09],["gosusnp",16],["pedroslopez",15.59],["edmundito",15.43],["benmoriceau",15.07],["bazarnov",14.7],["artem1205",14.63],["tealjulia",14.28],["davinchia",14.28],["grubberr",14.18],["krishnaglick",13.86],["sherifnada",13.67],["rodireich",13.67],["akashkulk",13.56],["maxi297",13.49],["clnoll",13.38],["mfsiega-airbyte",13.3],["dizel852",13.19],["VitaliiMaltsev",13.11],["josephkmh",12.96],["pmossman",12.69],["jdpgrailsdev",12.33],["timroes",12.29],["alovew",12.29],["cptjacky",12.04],["ryankfu",12],["lazebnyi",11.27],["etsybaev",10.49],["suhomud",10.49],["xiaohansong",10.34],["itaseskii",10.34],["sajarin",10],["samos123",10],["github-actions[bot]",9.95],["roman-yermilov-gl",9.9],["colesnodgrass",9.54],["andriikorotkov",9.43],["natalyjazzviolin",7.55],["darynaishchenko",7.48],["subodh1810",7.42],["YatsukBogdan1",7.14],["matter-q",7.07],["LuliRib",7.07],["CLAassistant",7],["octavia-squidington-iv",6.93],["cgardens",6.86],["siddhant3030",6.56],["DoNotPanicUA",6.48],["ambirdsall",6.4],["hantmac",6.4],["netoferraz",6.32],["YowanR",6.16],["Zawar92",6.08],["supertopher",6],["tkorenko",5.92],["andnig",5.92],["igrankova",5.83],["sw-yx",5.74],["terencecho",5.57],["bleonard",5.57],["adam-bloom",5.57],["cpdeethree",5.39],["sophia-wiley",5.39],["letiescanciano",5.2],["schlattk",5.1],["Shishir-rmv",5],["joelluijmes",5],["misteryeo",4.9],["juweins",4.9],["xpuska513",4.8],["arsenlosenko",4.69],["Amruta-Ranade",4.58],["monai",4.58],["ycherniaiev",4.58],["jbfbell",4.47],["haithem-souala",4.36],["Aggiekev",4.36],["rileybrook",4.24],["BenoitHugonnard",4.24],["geekwhocodes",4.24],["erica-airbyte",4.24],["octavia-approvington",4.24],["sathiscode",4],["marcelopio",4],["PhilipCorr",3.87],["philippeboyd",3.87],["ChristopheDuong",3.87],["midavadim",3.87],["sh4sh",3.87],["octavia-squidington-iii",3.87],["Allexik",3.74],["delenamalan",3.61],["armsepehr",3.61],["arnaudselva",3.61],["mauricioalarcon",3.61],["SatishChGit",3.61],["koconder",3.46],["sarafonseca-123",3.46],["SofiiaZaitseva",3.32],["git-phu",3.32],["andyjih",3.16],["arimbr",3.16],["TBernstein4",3.16],["omid",3],["animer3009",3],["markuzzi",3],["YiyangLi",3],["rach-r",3],["JonsSpaghetti",3],["isaacharrisholt",3],["jnr0790",2.83],["mjstel",2.83],["nataliekwong",2.83],["andresbravog",2.83],["jovezhong",2.83],["emilmar",2.65],["bykof",2.65],["gajus",2.65],["ramonvermeulen",2.65],["hntan",2.65],["jhajajaas",2.45],["carlonuccio",2.45],["JCWahoo",2.45],["eabrouwer3",2.45],["ganpatagarwal",2.45],["GLaDOS9000",2.45],["jfox-teine",2.45],["JJ2788",2.45],["vmendi",2.45],["nrcowan",2.45],["mariamthiam",2.45],["iberchid",2.24],["murilofernandesbr",2.24],["a-honcharenko",2.24],["imrehg",2.24],["Upmitt",2.24],["sbrickel-nimble",2.24],["dolphinxyz",2.24],["monik-a",2.24],["trowacat",2.24],["malikdiarra",2.24],["jacqueskpoty",2.24],["wallies",2.24],["Pwaldi",2.24],["guillaume-chech",2.24],["dependabot[bot]",2.24],["pnavarromuttdata",2.24],["michaelcabiareyes",2.24],["killthekitten",2],["macmv",2],["Xingyuan-Chen",2],["brunofaustino",2],["josix",2],["rhaegar2803",2],["abdiasmontalvao-hotmart",2],["scottleechua",2],["smitterer",2],["piyushdatazip",2],["naxels",2],["jan-benisek",2],["emmaling27",2]],"2023-01":[["evantahler",26.51],["flash1293",25.51],["josephkmh",24.21],["erohmensing",24.06],["alafanechere",23.07],["tealjulia",21.98],["github-actions[bot]",19.18],["edmundito",19.1],["lmossman",19.03],["grishick",18.97],["maxi297",18.84],["brianjlai",18.49],["gosusnp",18.33],["bazarnov",18.22],["benmoriceau",17.35],["girarda",17.18],["colesnodgrass",17.12],["timroes",16.94],["davinchia",16.94],["krishnaglick",15.81],["edgao",15.49],["jdpgrailsdev",14.87],["clnoll",14.66],["lazebnyi",14.59],["artem1205",14.56],["grubberr",14.42],["davydov-d",14.39],["darynaishchenko",14.04],["dizel852",13.93],["sherifnada",13.71],["pedroslopez",12.96],["jbfbell",12.92],["ambirdsall",12.81],["marcosmarxm",12.69],["ryankfu",12.61],["sspaeti",10.77],["etsybaev",10.77],["rodireich",10.63],["akashkulk",10.15],["Amruta-Ranade",10.1],["arsenlosenko",10.1],["bechurch",10.05],["mfsiega-airbyte",10.05],["sophia-wiley",9.59],["cptjacky",9.38],["alovew",9.33],["roman-yermilov-gl",9],["VitaliiMaltsev",8.77],["xiaohansong",8.49],["kaklakariada",8.43],["itaseskii",8.43],["cgardens",8.19],["midavadim",7.94],["subodh1810",7.87],["CLAassistant",7.81],["sergio-ropero",7.81],["pmossman",7.75],["matter-q",7.62],["igrankova",7.35],["letiescanciano",7.35],["YowanR",7.28],["koconder",6.93],["natalyjazzviolin",6.78],["octavia-squidington-iii",6.71],["cpdeethree",6.63],["supertopher",6.4],["YatsukBogdan1",5.92],["siddhant3030",5.83],["SatishChGit",5.66],["ckunki",5.66],["sajarin",5.39],["Mykyta-Serbynevskyi",5.29],["Upmitt",5.2],["bleonard",5.1],["hantmac",5.1],["octavia-approvington",5],["erica-airbyte",4.69],["nataliekwong",4.69],["mrhallak",4.47],["antixar",4.47],["juweins",4.47],["zilehuda",4.47],["Allexik",4.36],["suhomud",4.36],["andyjih",4.24],["philippeboyd",4.24],["keyihuang",4.12],["michaelcabiareyes",4.12],["malikdiarra",4.12],["dependabot[bot]",3.87],["mohitreddy1996",3.87],["visnup",3.74],["ycherniaiev",3.74],["franviera92",3.74],["adam-bloom",3.74],["pgollangi",3.61],["TBernstein4",3.61],["anamargaridarl",3.46],["am6010",3.32],["jovezhong",3.32],["IgSaf",3.32],["animer3009",3.32],["sh4sh",3.32],["killthekitten",3.16],["KayakinKoder",3.16],["xpuska513",3.16],["ChloeConnor",3],["JonsSpaghetti",3],["rach-r",3],["vr",2.83],["misteryeo",2.83],["haithem-souala",2.83],["JulianRommel",2.83],["zzztimbo",2.83],["ryjabe",2.83],["yeomann",2.83],["leo-schick",2.83],["sabbiu",2.65],["StevenReitsma",2.65],["jeremySrgt",2.65],["roisinbolt",2.65],["lihan",2.65],["DaiZack",2.45],["sbrickel-nimble",2.45],["seanglynn-thrive",2.45],["sandip-baidya",2.45],["michelgalle",2.45],["mdibaiee",2.45],["CyprienBarbault",2.45],["mcfuhrt",2.45],["brijeshphilz",2.45],["set5think",2.45],["mickaelandrieu",2.24],["eloymc98",2.24],["vidaletti",2.24],["frostcow0",2.24],["mariamthiam",2.24],["mutt-santiago-stachuk",2.24],["KomissarovSemyon",2.24],["bobvanluijt",2.24],["akshat-crypto",2.24],["jfox-teine",2.24],["evwltrs",2.24],["hakuno",2.24],["cuyk",2.24],["gmmeyer",2.24],["AKuzyashin",2.24],["eflorico",2.24],["luancaarvalho",2.24],["potatozerg",2.24],["jtruty",2.24],["octavia-squidington-iv",2.24],["olivermeyer",2],["YiyangLi",2],["jdebner",2],["michel-tricot",2],["tuliren",2],["jasonmaddernstudylink",2],["DevPJ9",2],["qimumu9406",2],["Patsy-Airbyte",2],["jakejh",2],["antikilahdjs",2],["BenoitHugonnard",2],["git-phu",2],["walker-philips",2],["ptiurin",2],["airbyteio",2],["wissevrowl",2],["martindlarsson",2],["amrael",2],["perangel",2],["emmaling27",2],["alexnikitchuk",2]],"2023-02":[["evantahler",23.81],["arsenlosenko",21.33],["flash1293",19.77],["erohmensing",19.47],["timroes",19.26],["alafanechere",19.21],["davydov-d",18.49],["github-actions[bot]",18.28],["maxi297",17.49],["artem1205",17.35],["lazebnyi",16.58],["sherifnada",16.31],["josephkmh",16.12],["marcosmarxm",16.09],["brianjlai",16.06],["grubberr",15.62],["sergio-ropero",15.39],["edgao",15],["benmoriceau",14.83],["roman-yermilov-gl",14.8],["davinchia",14.49],["edmundito",14.42],["cpdeethree",14.32],["pedroslopez",13.71],["krishnaglick",13.64],["girarda",13.6],["gosusnp",13.49],["lmossman",13.45],["bnchrch",13.27],["igrankova",12.81],["tealjulia",12.81],["VitaliiMaltsev",12.81],["grishick",12.77],["subodh1810",12.69],["bazarnov",12.33],["darynaishchenko",12.29],["sh4sh",12],["akashkulk",11.75],["YowanR",11.18],["natalyjazzviolin",11.18],["clnoll",10.91],["dizel852",10.77],["rodireich",10.72],["pmossman",10.58],["ambirdsall",10.39],["colesnodgrass",10.05],["jbfbell",10],["jdpgrailsdev",9.64],["JonsSpaghetti",9.22],["Amruta-Ranade",9.17],["catpineapple",9.17],["etsybaev",9.11],["xiaohansong",9.06],["cgardens",8.54],["itaseskii",8.43],["sophia-wiley",8.37],["Upgreydd",8.31],["ryankfu",8.19],["mfsiega-airbyte",7.68],["CLAassistant",7.68],["letiescanciano",7.62],["prateekmukhedkar",7.55],["octavia-approvington",7.07],["alovew",6.86],["dependabot[bot]",6.78],["perangel",6.63],["juweins",6.63],["midavadim",6.32],["nataliekwong",5.74],["btkcodedev",5.57],["andyjih",5.57],["zzztimbo",5.57],["matter-q",4.69],["evwltrs",4.58],["franviera92",4.47],["hash-data",4.47],["misteryeo",4.47],["bleonard",4.47],["jcowanpdx",4.47],["supertopher",4.47],["phani2410",4.47],["samos123",4.36],["git-phu",4.36],["sajarin",4.36],["hantmac",4.24],["olivermeyer",4.24],["blarghmatey",4.12],["nastra",3.87],["sspaeti",3.74],["xpuska513",3.74],["danidelvalle",3.74],["arnaudselva",3.74],["adam-bloom",3.61],["murphpdx",3.61],["haithem-souala",3.61],["henriblancke",3.61],["Mykyta-Serbynevskyi",3.61],["terencecho",3.46],["TBernstein4",3.46],["octavia-squidington-iii",3.46],["mrhallak",3.32],["domzae",3.32],["KayakinKoder",3.32],["tuanchris",3.32],["jwszolek",3.32],["DaiZack",3.32],["liorchen",3.16],["Upmitt",3.16],["suhomud",3.16],["Alcadeus0",3.16],["YatsukBogdan1",3],["geekwhocodes",3],["alex-gron",3],["ganpatagarwal",3],["IgorTrevelin",3],["VenezianoMauro",2.83],["KaimingWan",2.83],["murat-cetinkaya",2.83],["Utwo",2.83],["helderco",2.83],["shrodingers",2.65],["JulianRommel",2.65],["hammedb197",2.65],["SatishChGit",2.65],["reidab",2.65],["jovezhong",2.65],["vidaletti",2.65],["yuriolive",2.65],["alexander-marquardt",2.65],["BenoitFayolle",2.65],["plenti-jacob-roe",2.45],["efimmatytsin",2.45],["vershwal",2.45],["antikilahdjs",2.45],["mohamedzak",2.45],["mshustov",2.45],["koconder",2.45],["dictcp",2.45],["jitoquinto",2.45],["Santhin",2.45],["iberchid",2.45],["artusiep",2.24],["reoxu",2.24],["roisinbolt",2.24],["SpikeWong",2.24],["kfirgollan",2.24],["mattppal",2.24],["gustavohwulee",2.24],["rileybrook",2.24],["alejobs",2.24],["nasmart",2.24],["max-tobelem",2.24],["sheshan-doye-konvergeai",2.24],["dajjan",2.24],["my3",2.24],["Bisk1",2.24],["markns",2.24],["chandrasekharan98",2.24],["ycherniaiev",2.24],["Gauravshah",2],["IgSaf",2],["seanglynn-thrive",2],["masonmenges",2],["mariamthiam",2],["kijewskimateusz",2],["paulyhedral",2],["prashantbarge22",2],["mohamagdy",2],["erica-airbyte",2],["caiopedroso",2],["sestupinan",2],["StevenReitsma",2],["kpenfound",2],["mcfuhrt",2],["jtv8",2],["imrehg",2],["dandpz",2]],"2023-03":[["erohmensing",26.53],["alafanechere",24.86],["marcosmarxm",24.52],["evantahler",21.73],["bnchrch",20.98],["davydov-d",18.38],["girarda",17.97],["rodireich",17.72],["lazebnyi",17.72],["akashkulk",16.46],["subodh1810",16.37],["grubberr",16.31],["grishick",15],["flash1293",14.76],["artem1205",14.42],["lmossman",13.56],["arsenlosenko",13.19],["bazarnov",12.92],["sergio-ropero",12.61],["clnoll",12.53],["edgao",12.45],["VitaliiMaltsev",12.17],["prateekmukhedkar",12.17],["jbfbell",11.58],["sherifnada",10.91],["YowanR",10.86],["maxi297",10.77],["darynaishchenko",10.72],["cpdeethree",10.63],["igrankova",10.54],["ryankfu",10.49],["etsybaev",10.15],["nguyenaiden",10],["sophia-wiley",9.8],["btkcodedev",9.49],["github-actions[bot]",9.49],["sh4sh",9.06],["brianjlai",8.43],["krishnaglick",7.94],["CLAassistant",7.81],["roman-yermilov-gl",7.68],["henriblancke",7.68],["sajarin",7.55],["dependabot[bot]",7.42],["pedroslopez",7.14],["nataliekwong",7],["leo-schick",6.86],["cgardens",6.78],["Alihassanc5",6.63],["jcowanpdx",6.63],["Amruta-Ranade",6.48],["edmundito",6.4],["helderco",6.4],["davinchia",6.24],["itaseskii",6.24],["haithem-souala",6.16],["midavadim",6.16],["josephkmh",6.08],["misteryeo",6.08],["tuanchris",5.74],["tealjulia",5.74],["timroes",5.66],["natalyjazzviolin",5.57],["colesnodgrass",5.2],["catpineapple",5.1],["benmoriceau",5.1],["Wittiest",4.9],["Alcadeus0",4.8],["octavia-approvington",4.69],["jovezhong",4.69],["supertopher",4.58],["sivankumar86",4.58],["ehmadzubair",4.47],["kgrover",4.47],["rileybrook",4.36],["bleonard",4.24],["bartveenstra",4.12],["suhomud",4.12],["animer3009",4],["mariamthiam",4],["hanslemm",4],["gosusnp",4],["tyagi-data-wizard",3.87],["olivermeyer",3.74],["rach-r",3.74],["ambirdsall",3.74],["samos123",3.61],["vade",3.61],["jooststessens",3.46],["brunofaustino",3.46],["aroder",3.46],["igsaf2",3.46],["evwltrs",3.32],["artusiep",3.32],["tlatrace",3.16],["hhagblom",3.16],["justinbchau",3.16],["a1tair6",3.16],["chandlerprall",3.16],["jhajajaas",3.16],["vasilisgav",3.16],["alexander-marquardt",3.16],["zzztimbo",3],["Auric-Manteo",3],["BubbaJoe",3],["lgomezm",3],["grozwalker",2.83],["siddhant3030",2.83],["ganpatagarwal",2.83],["Ishankoradia",2.83],["Upmitt",2.83],["mfsiega-airbyte",2.83],["emmaling27",2.83],["blarghmatey",2.83],["mayankvadariya",2.65],["YiyangLi",2.65],["keiththompson",2.65],["TBernstein4",2.65],["mrhallak",2.65],["poolmaster",2.65],["dimoschi",2.65],["daytenjs",2.65],["Zawar92",2.65],["danvass",2.65],["Sahith-8055",2.45],["pmossman",2.45],["YohanGrember",2.45],["leonardotfrancis",2.45],["llmuculusll",2.45],["samitaaissat",2.45],["asheone",2.45],["jeff-skoldberg-ct",2.45],["domzae",2.45],["dandpz",2.45],["geclos",2.45],["seanglynn-thrive",2.45],["tigitz",2.24],["pratyakshs",2.24],["JonsSpaghetti",2.24],["BirdboyBolu",2.24],["imrehg",2.24],["alex-gron",2.24],["geekwhocodes",2.24],["TobiasLaving",2.24],["xiaohansong",2.24],["philkra",2.24],["Tr1985",2.24],["bartlomiejolma",2.24],["ro8inmorgan",2.24],["xpuska513",2.24],["erica-airbyte",2.24],["jdpgrailsdev",2.24],["malikdiarra",2.24],["tinomerl",2.24],["frans-k",2],["davira",2],["dis-sid",2],["mattotodd",2],["jpadams",2],["juweins",2],["bodschut",2],["bala-ceg",2],["cnx-lucaspassos",2],["Shishir-rmv",2],["jamesoutgo",2],["TalhaNaeem101",2],["adriennevermorel",2],["rtuin",2],["ethanyu941",2]]}