{"2020-08":[["cgardens",15],["michel-tricot",15]],"2020-09":[["michel-tricot",34],["cgardens",31],["sherifnada",23]],"2020-10":[["sherifnada",28],["cgardens",38],["michel-tricot",27]],"2020-11":[["cgardens",39],["sherifnada",28],["jrhizor",21],["michel-tricot",21]],"2020-12":[["jrhizor",24],["sherifnada",29],["ChristopheDuong",16],["michel-tricot",23],["cgardens",36]],"2021-01":[["ChristopheDuong",22],["Jamakase",11],["michel-tricot",24],["cgardens",35],["jrhizor",17],["eugene-kulak",12],["johnlafleur",11],["sherifnada",27]],"2021-02":[["michel-tricot",18],["Jamakase",10],["cgardens",26],["sherifnada",29],["ChristopheDuong",19],["FUT",10],["yevhenii-ldv",11],["jrhizor",16],["eugene-kulak",13]],"2021-03":[["yevhenii-ldv",14],["davinchia",27],["michel-tricot",20],["jrhizor",16],["keu",11],["cgardens",32],["ChristopheDuong",25],["sherifnada",31],["Jamakase",13]],"2021-04":[["davinchia",30],["michel-tricot",22],["jrhizor",23],["keu",21],["ChristopheDuong",19],["vitaliizazmic",9],["yevhenii-ldv",15],["cgardens",29],["sherifnada",37],["marcosmarxm",11],["Jamakase",9]],"2021-05":[["tuliren",9],["subodh1810",12],["masonwheeler",9],["vitaliizazmic",9],["yevhenii-ldv",14],["cgardens",26],["Zirochkaa",13],["sherifnada",35],["marcosmarxm",18],["Jamakase",13],["davinchia",32],["michel-tricot",14],["keu",25],["ChristopheDuong",18],["avaidyanatha",19],["jrhizor",22]],"2021-06":[["Zirochkaa",16],["midavadim",12],["DoNotPanicUA",11],["yaroslav-hrytsaienko",11],["davinchia",27],["michel-tricot",12],["sherifnada",36],["ChristopheDuong",21],["subodh1810",16],["marcosmarxm",24],["avaidyanatha",19],["po3na4skld",16],["htrueman",13],["tuliren",22],["etsybaev",11],["keu",26],["bazarnov",17],["cgardens",22],["yevhenii-ldv",20],["vitaliizazmic",13],["jrhizor",26],["vovavovavovavova",14]],"2021-07":[["etsybaev",13],["Zirochkaa",23],["subodh1810",16],["sherifnada",40],["jrhizor",18],["marcosmarxm",18],["tuliren",20],["yevhenii-ldv",18],["TymoshokDmytro",19],["vovavovavovavova",14],["antixar",16],["avaidyanatha",20],["midavadim",20],["lazebnyi",14],["bazarnov",23],["cgardens",24],["davinchia",34],["keu",28],["ChristopheDuong",17],["Phlair",21],["yaroslav-dudar",14]],"2021-08":[["antixar",18],["tuliren",18],["Zirochkaa",18],["htrueman",12],["lazebnyi",18],["midavadim",15],["etsybaev",15],["davinchia",21],["ChristopheDuong",15],["jrhizor",14],["marcosmarxm",22],["subodh1810",14],["sherifnada",29],["vovavovavovavova",14],["Jamakase",12],["gaart",12],["keu",21],["cgardens",18],["bazarnov",21],["Phlair",15],["avida",27],["yevhenii-ldv",17]],"2021-09":[["bazarnov",22],["avaidyanatha",12],["subodh1810",10],["yevhenii-ldv",17],["yaroslav-dudar",10],["antixar",14],["irynakruk",12],["lazebnyi",14],["Phlair",15],["keu",16],["cgardens",19],["avida",23],["marcosmarxm",21],["igrankova",12],["ChristopheDuong",21],["jonstacks",10],["tuliren",23],["CLAassistant",12],["jrhizor",21],["davinchia",21],["sherifnada",35],["gaart",11],["Zirochkaa",16],["andriikorotkov",14],["alexandr-shegeda",10],["midavadim",11],["etsybaev",14],["htrueman",13]],"2021-10":[["Jamakase",8],["harshithmullapudi",8],["sherifnada",18],["avida",9],["alexandr-shegeda",6],["irynakruk",6],["andriikorotkov",7],["htrueman",6],["ChristopheDuong",10],["isalikov",6],["airbyte-jenny",7],["avaidyanatha",15],["antixar",7],["midavadim",6],["gaart",7],["jrhizor",14],["CLAassistant",7],["VitaliiMaltsev",7],["bazarnov",9],["keu",9],["Zirochkaa",10],["marcosmarxm",15],["cgardens",15],["Phlair",8],["tuliren",10],["vitaliizazmic",6],["yevhenii-ldv",6]],"2021-11":[["lmossman",18],["airbyte-jenny",11],["cgardens",20],["davinchia",12],["marcosmarxm",22],["eliziario",9],["benmoriceau",19],["htrueman",12],["jrhizor",24],["antixar",16],["lazebnyi",13],["midavadim",10],["avaidyanatha",9],["CLAassistant",8],["VitaliiMaltsev",10],["grubberr",18],["Jamakase",15],["etsybaev",9],["augan-rymkhan",8],["monai",12],["bazarnov",15],["sergei-solonitcyn",8],["ChristopheDuong",18],["yevhenii-ldv",15],["vitaliizazmic",9],["keu",20],["tuanchris",8],["iamzjk",9],["harshithmullapudi",16],["tuliren",16],["cjwooo",8],["burmecia",11],["andriikorotkov",12],["avida",18],["alexandertsukanov",14],["alafanechere",18],["sherifnada",31],["mkhokh-33",8],["Zirochkaa",9]],"2021-12":[["igrankova",20],["augan-rymkhan",11],["subodh1810",11],["ycherniaiev",10],["andriikorotkov",15],["sherifnada",22],["DoNotPanicUA",10],["VitaliiMaltsev",15],["jrhizor",27],["ChristopheDuong",12],["sergei-solonitcyn",9],["yurii-bidiuk",15],["lmossman",14],["lizdeika",9],["CLAassistant",9],["etsybaev",13],["karinakuz",11],["alafanechere",22],["lazebnyi",11],["marcosmarxm",21],["danieldiamond",9],["sashaNeshcheret",10],["yevhenii-ldv",21],["bazarnov",13],["htrueman",11],["grubberr",20],["edgao",16],["cgardens",21],["wissevrowl",13],["eliziario",9],["avida",9],["benmoriceau",21],["tuliren",23],["antixar",18],["harshithmullapudi",13],["annalvova05",12],["davinchia",27],["alexandertsukanov",13],["keu",14]],"2022-01":[["grubberr",15],["tinomerl",7],["avaidyanatha",7],["benmoriceau",17],["lmossman",9],["jrhizor",18],["bazarnov",10],["edgao",16],["etsybaev",16],["keu",9],["tuliren",24],["CLAassistant",9],["davinchia",17],["harshithmullapudi",12],["Jamakase",7],["yurii-bidiuk",13],["noahkawasakigoogle",14],["Zirochkaa",9],["mkhokh-33",7],["bmatticus",8],["VitaliiMaltsev",11],["marcosmarxm",19],["annalvova05",7],["andriikorotkov",8],["lazebnyi",8],["midavadim",7],["sashaNeshcheret",8],["yevhenii-ldv",10],["antixar",12],["misteryeo",8],["cgardens",17],["octavia-squidington-iii",10],["timroes",13],["igrankova",10],["ChristopheDuong",14],["sergei-solonitcyn",7],["alafanechere",25],["augan-rymkhan",11],["sherifnada",14],["DoNotPanicUA",8],["pmossman",11],["alexandertsukanov",10]],"2022-02":[["Jamakase",12],["alafanechere",14],["DoNotPanicUA",6],["sashaNeshcheret",8],["vitaliizazmic",6],["yevhenii-ldv",7],["keu",14],["marcosmarxm",16],["grubberr",14],["lmossman",16],["malikdiarra",10],["igrankova",12],["tuliren",21],["augan-rymkhan",13],["avaidyanatha",6],["alexandr-shegeda",8],["ChristopheDuong",13],["sergei-solonitcyn",7],["edgao",13],["joelluijmes",6],["sherifnada",15],["pmossman",14],["subodh1810",11],["cgardens",19],["lazebnyi",6],["juliachvyrova",8],["Zirochkaa",6],["octavia-squidington-iii",13],["timroes",20],["benmoriceau",19],["schlattk",6],["VitaliiMaltsev",11],["davinchia",17],["bazarnov",11],["midavadim",6],["CLAassistant",8],["yurii-bidiuk",7],["girarda",13],["kgrover",7],["harshithmullapudi",14],["jrhizor",23],["antixar",12],["misteryeo",11],["andriikorotkov",15]],"2022-03":[["grubberr",14],["malikdiarra",12],["zhangyangyu",6],["Amruta-Ranade",6],["itaseskii",7],["avaidyanatha",6],["benmoriceau",19],["lmossman",14],["jrhizor",12],["bazarnov",17],["edgao",18],["etsybaev",12],["tuliren",12],["CLAassistant",8],["davinchia",23],["harshithmullapudi",9],["grishick",11],["Jamakase",14],["nataliekwong",7],["girarda",18],["yurii-bidiuk",11],["VitaliiMaltsev",8],["marcosmarxm",24],["annalvova05",6],["andriikorotkov",10],["lazebnyi",11],["sashaNeshcheret",6],["supertopher",12],["misteryeo",11],["cgardens",17],["davydov-d",9],["timroes",17],["octavia-squidington-iii",15],["georgekaz",6],["igrankova",7],["subodh1810",6],["git-phu",14],["Javier162380",8],["ChristopheDuong",21],["terencecho",11],["alafanechere",26],["burmecia",6],["sherifnada",22],["alexandr-shegeda",8],["lgomezm",9],["pmossman",17]],"2022-04":[["Phlair",15],["grubberr",15],["edmundito",15],["itaseskii",11],["benmoriceau",14],["lmossman",15],["jrhizor",9],["bazarnov",12],["tealjulia",9],["edgao",16],["etsybaev",9],["tuliren",17],["CLAassistant",9],["davinchia",17],["harshithmullapudi",8],["grishick",13],["yurii-bidiuk",12],["girarda",13],["noahkawasaki-airbyte",13],["marcosmarxm",18],["annalvova05",8],["andyjih",8],["midavadim",8],["sashaNeshcheret",8],["supertopher",13],["misteryeo",13],["cgardens",15],["davydov-d",15],["jdpgrailsdev",9],["octavia-squidington-iii",13],["timroes",16],["krishnaglick",17],["subodh1810",10],["ChristopheDuong",13],["terencecho",9],["alafanechere",21],["pedroslopez",10],["sherifnada",19],["alexandr-shegeda",8],["aharelick",8],["DoNotPanicUA",11],["lgomezm",10],["pmossman",9],["Zawar92",8],["alexandertsukanov",9],["evantahler",14]],"2022-05":[["cgardens",8],["pmossman",8],["benmoriceau",17],["marcosmarxm",20],["midavadim",11],["DoNotPanicUA",9],["supertopher",14],["evantahler",20],["alafanechere",25],["bleonard",9],["pedroslopez",16],["git-phu",10],["octavia-squidington-iii",13],["timroes",14],["andyjih",9],["sherifnada",20],["jdpgrailsdev",17],["dizel852",10],["Phlair",14],["VitaliiMaltsev",11],["lgomezm",14],["noahkawasaki-airbyte",10],["krishnaglick",14],["davydov-d",13],["alovew",12],["brianjlai",11],["tuliren",17],["etsybaev",9],["grishick",12],["davinchia",19],["sw-yx",9],["edmundito",19],["bazarnov",17],["misteryeo",10],["alexandertsukanov",10],["lazebnyi",10],["tealjulia",13],["harshithmullapudi",12],["lmossman",22],["edgao",12],["alexandr-shegeda",11],["yurii-bidiuk",8],["girarda",21],["ChristopheDuong",9],["grubberr",16],["CLAassistant",14]],"2022-06":[["subodh1810",11],["alexander-marquardt",11],["alexandr-shegeda",7],["pmossman",11],["harshithmullapudi",11],["bazarnov",15],["marcosmarxm",19],["davydov-d",13],["alexandertsukanov",10],["octavia-squidington-iii",12],["timroes",16],["grishick",12],["brianjlai",10],["misteryeo",8],["evantahler",14],["sashaNeshcheret",7],["alovew",11],["sajarin",7],["sherifnada",18],["lmossman",23],["grubberr",16],["benmoriceau",25],["supertopher",7],["dizel852",10],["davinchia",20],["alafanechere",22],["yurii-bidiuk",8],["girarda",19],["Phlair",13],["edgao",15],["DoNotPanicUA",7],["pedroslopez",8],["edmundito",16],["tuliren",15],["sophia-wiley",8],["xiaohansong",8],["VitaliiMaltsev",10],["midavadim",7],["cgardens",25],["jdpgrailsdev",17],["igrankova",11],["natalyjazzviolin",11],["suhomud",11],["Amruta-Ranade",12],["gosusnp",10],["arsenlosenko",7],["terencecho",7],["tealjulia",11],["ChristopheDuong",10],["adam-bloom",7],["CLAassistant",8],["etsybaev",10],["mkhokh-33",7]],"2022-07":[["supertopher",7],["etsybaev",11],["alovew",12],["Phlair",12],["annalvova05",9],["ryankfu",11],["jdpgrailsdev",10],["subodh1810",10],["sherifnada",18],["natalyjazzviolin",8],["octavia-squidington-iii",10],["timroes",17],["pedroslopez",14],["grubberr",18],["edmundito",16],["girarda",24],["alafanechere",15],["marcosmarxm",19],["sashaNeshcheret",9],["mkhokh-33",11],["misteryeo",7],["suhomud",8],["harshithmullapudi",13],["DoNotPanicUA",10],["evantahler",14],["brianjlai",14],["VitaliiMaltsev",11],["drrest",7],["tuliren",10],["davinchia",17],["lmossman",18],["alexandr-shegeda",9],["grishick",20],["edgao",20],["Amruta-Ranade",8],["YiyangLi",9],["alexandertsukanov",8],["benmoriceau",20],["midavadim",10],["xiaohansong",7],["tealjulia",9],["gosusnp",12],["xpuska513",11],["snyk-bot",7],["CLAassistant",10],["andriikorotkov",10],["bazarnov",12],["sivankumar86",9],["davydov-d",18],["lazebnyi",13],["roman-yermilov-gl",7]],"2022-08":[["VitaliiMaltsev",15],["tuliren",18],["marcosmarxm",23],["michel-tricot",8],["davinchia",23],["grubberr",19],["rodireich",12],["edmundito",19],["grishick",19],["timroes",20],["octavia-squidington-iii",9],["sashaNeshcheret",9],["andriikorotkov",17],["midavadim",8],["subodh1810",13],["jdpgrailsdev",8],["lmossman",18],["girarda",29],["yurii-bidiuk",11],["pedroslopez",14],["sophia-wiley",11],["natalyjazzviolin",9],["cgardens",12],["bazarnov",14],["edgao",18],["mfsiega-airbyte",8],["Phlair",11],["krishnaglick",18],["suhomud",12],["ernestasga",8],["YatsukBogdan1",12],["matter-q",8],["Amruta-Ranade",12],["YowanR",8],["supertopher",11],["DoNotPanicUA",8],["gosusnp",16],["ryankfu",17],["alafanechere",23],["evantahler",19],["benmoriceau",13],["sajarin",9],["sherifnada",19],["dizel852",10],["brianjlai",19],["tealjulia",13],["alexandr-shegeda",9],["xiaohansong",11],["xpuska513",14],["mkhokh-33",10],["CLAassistant",9],["terencecho",9],["alovew",13],["lazebnyi",14],["davydov-d",16],["ycherniaiev",9],["pmossman",20],["harshithmullapudi",12]],"2022-09":[["yurii-bidiuk",13],["girarda",12],["jdpgrailsdev",18],["YatsukBogdan1",13],["koconder",16],["letiescanciano",10],["lazebnyi",9],["Nmaxime",9],["robgleason",10],["matter-q",10],["roman-yermilov-gl",11],["gosusnp",21],["colesnodgrass",10],["pmossman",13],["ycherniaiev",12],["davinchia",21],["Amruta-Ranade",8],["evantahler",18],["VitaliiMaltsev",11],["davydov-d",17],["adamschmidt",9],["supertopher",12],["benmoriceau",18],["cgardens",8],["artem1205",8],["akashkulk",8],["krishnaglick",24],["sherifnada",11],["sajarin",11],["edmundito",19],["arsenlosenko",8],["edgao",14],["ryankfu",11],["lmossman",20],["bazarnov",17],["alexandr-shegeda",9],["grishick",17],["natalyjazzviolin",9],["git-phu",9],["tuliren",14],["tealjulia",18],["andrzejdackiewicz",11],["pedroslopez",12],["YiyangLi",9],["etsybaev",10],["CLAassistant",11],["alafanechere",23],["igrankova",17],["alovew",13],["YowanR",8],["dizel852",15],["harshithmullapudi",12],["subodh1810",9],["marcosmarxm",17],["xpuska513",8],["brianjlai",18],["midavadim",8],["rodireich",11],["grubberr",16],["sophia-wiley",10],["cuyk",11],["octavia-squidington-iii",11],["timroes",19]],"2022-10":[["alexchouraki",9],["davinchia",26],["sh4sh",8],["dizel852",15],["andriikorotkov",11],["grishick",14],["tealjulia",14],["grubberr",21],["natalyjazzviolin",9],["alovew",18],["colesnodgrass",14],["cuyk",13],["delenamalan",8],["VitaliiMaltsev",11],["xiaohansong",11],["CLAassistant",11],["animer3009",11],["subodh1810",11],["alexander-marquardt",8],["igrankova",10],["davydov-d",15],["dainiussa",9],["btkcodedev",9],["isaacharrisholt",14],["suhomud",12],["josephkmh",16],["YowanR",9],["Amruta-Ranade",13],["artem1205",11],["cgardens",11],["haithem-souala",12],["ryankfu",15],["gosusnp",17],["jdpgrailsdev",19],["edmundito",16],["arsenlosenko",8],["masyagin1998",10],["etsybaev",13],["xpuska513",8],["koconder",11],["timroes",23],["tuliren",12],["lmossman",22],["supertopher",12],["pmossman",14],["alafanechere",19],["cirdes",8],["marcosmarxm",44],["evantahler",23],["brianjlai",15],["YiyangLi",16],["edgao",19],["mfsiega-airbyte",14],["sarafonseca-123",8],["bazarnov",12],["benmoriceau",21],["pedroslopez",15],["cpdeethree",8],["girarda",22],["akashkulk",15],["letiescanciano",12],["lazebnyi",9],["krishnaglick",11],["sajarin",10],["sherifnada",10],["monai",8]],"2022-11":[["krishnaglick",13],["Amruta-Ranade",13],["pedroslopez",14],["timroes",27],["lmossman",19],["suhomud",12],["letiescanciano",13],["jdpgrailsdev",15],["dizel852",11],["cuyk",8],["xpuska513",11],["bazarnov",11],["gosusnp",21],["akashkulk",19],["igrankova",11],["josephkmh",20],["xiaohansong",8],["arnaudjnn",8],["btkcodedev",11],["etsybaev",15],["cgardens",18],["artem1205",9],["monai",9],["VitaliiMaltsev",11],["erohmensing",16],["subodh1810",10],["andresbravog",12],["DoNotPanicUA",12],["roman-yermilov-gl",13],["brianjlai",16],["YowanR",9],["bala-ceg",9],["alovew",11],["ambirdsall",11],["tealjulia",11],["arsenlosenko",8],["darynaishchenko",12],["edmundito",16],["rodireich",12],["grubberr",18],["marcosmarxm",33],["CLAassistant",9],["girarda",27],["supertopher",8],["tuliren",8],["evantahler",21],["matter-q",8],["koconder",14],["itaseskii",11],["ryankfu",16],["git-phu",10],["edgao",12],["Alcadeus0",12],["haithem-souala",8],["sherifnada",20],["benmoriceau",22],["sophia-wiley",12],["Xabilahu",8],["davinchia",24],["davydov-d",21],["colesnodgrass",13],["alafanechere",26],["PhilipCorr",12],["YiyangLi",13],["grishick",11],["andriikorotkov",8]],"2022-12":[["krishnaglick",14],["rodireich",14],["grubberr",15],["marcosmarxm",21],["bazarnov",15],["girarda",24],["suhomud",11],["erohmensing",17],["grishick",17],["pedroslopez",16],["dizel852",14],["xiaohansong",11],["subodh1810",8],["brianjlai",17],["alafanechere",21],["etsybaev",11],["pmossman",13],["jdpgrailsdev",13],["samos123",10],["YatsukBogdan1",8],["akashkulk",14],["edmundito",16],["cptjacky",13],["alovew",13],["natalyjazzviolin",8],["clnoll",14],["matter-q",8],["evantahler",17],["andriikorotkov",10],["gosusnp",16],["colesnodgrass",10],["sajarin",10],["sherifnada",14],["darynaishchenko",8],["timroes",13],["davydov-d",21],["lmossman",24],["LuliRib",8],["ryankfu",12],["itaseskii",11],["artem1205",15],["maxi297",14],["tealjulia",15],["edgao",17],["mfsiega-airbyte",14],["roman-yermilov-gl",10],["flash1293",25],["davinchia",15],["lazebnyi",12],["VitaliiMaltsev",14],["josephkmh",13],["benmoriceau",16]],"2023-01":[["girarda",18],["jdpgrailsdev",15],["lazebnyi",15],["letiescanciano",8],["flash1293",26],["matter-q",8],["roman-yermilov-gl",9],["gosusnp",19],["colesnodgrass",18],["pmossman",8],["davinchia",17],["Amruta-Ranade",11],["evantahler",27],["erohmensing",25],["VitaliiMaltsev",9],["davydov-d",15],["sergio-ropero",8],["benmoriceau",18],["cgardens",9],["artem1205",15],["akashkulk",11],["krishnaglick",16],["sherifnada",14],["edmundito",20],["arsenlosenko",11],["darynaishchenko",15],["mfsiega-airbyte",11],["edgao",16],["itaseskii",9],["ryankfu",13],["lmossman",20],["bazarnov",19],["grishick",19],["ambirdsall",13],["josephkmh",25],["maxi297",19],["tealjulia",22],["pedroslopez",13],["sspaeti",11],["bechurch",11],["kaklakariada",9],["etsybaev",11],["CLAassistant",8],["alafanechere",24],["igrankova",8],["alovew",10],["xiaohansong",9],["YowanR",8],["dizel852",14],["subodh1810",8],["cptjacky",10],["marcosmarxm",13],["brianjlai",19],["midavadim",8],["rodireich",11],["grubberr",15],["sophia-wiley",10],["clnoll",15],["jbfbell",13],["timroes",17]],"2023-02":[["timroes",20],["tealjulia",13],["sergio-ropero",16],["grubberr",16],["rodireich",11],["cpdeethree",15],["girarda",14],["bazarnov",13],["benmoriceau",15],["marcosmarxm",17],["pedroslopez",14],["akashkulk",12],["maxi297",18],["YowanR",12],["krishnaglick",14],["davydov-d",19],["evantahler",24],["artem1205",18],["cgardens",9],["erohmensing",20],["flash1293",20],["ambirdsall",11],["arsenlosenko",22],["sherifnada",17],["edmundito",15],["sophia-wiley",9],["jbfbell",10],["bnchrch",14],["itaseskii",9],["ryankfu",9],["roman-yermilov-gl",15],["edgao",15],["jdpgrailsdev",10],["davinchia",15],["sh4sh",12],["VitaliiMaltsev",13],["grishick",13],["JonsSpaghetti",10],["brianjlai",17],["josephkmh",17],["dizel852",11],["Amruta-Ranade",10],["etsybaev",10],["darynaishchenko",13],["lmossman",14],["colesnodgrass",11],["catpineapple",10],["igrankova",13],["lazebnyi",17],["subodh1810",13],["gosusnp",14],["alafanechere",20],["pmossman",11],["natalyjazzviolin",12],["Upgreydd",9],["clnoll",11],["xiaohansong",10]],"2023-03":[["CLAassistant",8],["akashkulk",17],["evantahler",22],["sherifnada",11],["sajarin",8],["jcowanpdx",7],["midavadim",7],["YowanR",11],["catpineapple",6],["lazebnyi",18],["edgao",13],["krishnaglick",8],["brianjlai",9],["bazarnov",13],["misteryeo",7],["clnoll",13],["roman-yermilov-gl",8],["davydov-d",19],["ryankfu",11],["itaseskii",7],["girarda",18],["nataliekwong",7],["alafanechere",25],["igrankova",11],["flash1293",15],["subodh1810",17],["timroes",6],["helderco",7],["tealjulia",6],["grishick",15],["maxi297",11],["erohmensing",27],["haithem-souala",7],["cpdeethree",11],["henriblancke",8],["Alihassanc5",7],["cgardens",7],["artem1205",15],["btkcodedev",10],["sh4sh",10],["davinchia",7],["lmossman",14],["arsenlosenko",14],["pedroslopez",8],["sophia-wiley",10],["edmundito",7],["josephkmh",7],["leo-schick",7],["Amruta-Ranade",7],["marcosmarxm",25],["tuanchris",6],["prateekmukhedkar",13],["etsybaev",11],["colesnodgrass",6],["sergio-ropero",13],["bnchrch",21],["darynaishchenko",11],["nguyenaiden",10],["VitaliiMaltsev",13],["benmoriceau",6],["jbfbell",12],["rodireich",18],["grubberr",17],["natalyjazzviolin",6]]}