{"2020-08":[["dataline.io","5"],["gmail.com","5"],["jaredrhizor.com","1"]],"2020-09":[["gmail.com","9"],["dataline.io","3"],["jaredrhizor.com","1"]],"2020-10":[["gmail.com","14"],["jaredrhizor.com","1"]],"2020-11":[["gmail.com","13"],["jaredrhizor.com","1"]],"2020-12":[["gmail.com","21"],["users.noreply.github.com","1"]],"2021-01":[["gmail.com","19"],["users.noreply.github.com","2"],["zazmic.com","1"],["jaredrhizor.com","1"],["dataline.io","1"],["airbyte.io","1"]],"2021-02":[["gmail.com","16"],["zazmic.com","2"],["dataline.io","1"],["jaredrhizor.com","1"],["airbyte.io","1"],["users.noreply.github.com","1"]],"2021-03":[["gmail.com","22"],["zazmic.com","2"],["airbyte.io","2"],["users.noreply.github.com","1"]],"2021-04":[["gmail.com","28"],["bigmir.net","2"],["zazmic.com","2"],["users.noreply.github.com","2"],["yahoo.com","1"],["jaredrhizor.com","1"],["yergler.net","1"],["airbyte.io","1"]],"2021-05":[["gmail.com","41"],["users.noreply.github.com","3"],["yahoo.com","2"],["zazmic.com","2"],["","1"],["DESKTOP-SS2MC07.localdomain","1"],["DESKTOP-D63RF17.localdomain","1"],["outlook.com","1"]],"2021-06":[["gmail.com","56"],["dataline.io","4"],["users.noreply.github.com","3"],["zazmic.com","3"],["yahoo.com","3"],["airbyte.io","3"],["","1"],["lv-mb-020.dlink","1"],["outlook.com","1"],["DESKTOP-SS2MC07.localdomain","1"],["globallogic.com","1"],["bigmir.net","1"]],"2021-07":[["gmail.com","65"],["users.noreply.github.com","5"],["airbyte.io","5"],["zazmic.com","3"],["globallogic.com","2"],["outlook.com","1"],["claireaux.co.uk","1"],["yahoo.com","1"],["bigmir.net","1"]],"2021-08":[["gmail.com","56"],["users.noreply.github.com","5"],["zazmic.com","3"],["globallogic.com","2"],["","1"],["outlook.com","1"],["keen.io","1"],["jaredrhizor.com","1"],["Sams-MacBook-Pro.local","1"],["bigmir.net","1"]],"2021-09":[["gmail.com","73"],["users.noreply.github.com","6"],["dataline.io","3"],["me.com","2"],["zazmic.com","2"],["globallogic.com","2"],["airbyte.io","2"],["coremarcos.com","1"],["outlook.com","1"],["jaredrhizor.com","1"],["yahoo.com","1"]],"2021-10":[["gmail.com","39"],["users.noreply.github.com","27"],["airbyte.io","14"],["zazmic.com","3"],["dataline.io","2"],["globallogic.com","2"],["coremarcos.com","1"],["icims.com","1"],["outlook.com","1"],["jaredrhizor.com","1"],["faros.ai","1"]],"2021-11":[["gmail.com","81"],["users.noreply.github.com","22"],["airbyte.io","6"],["dataline.io","5"],["globallogic.com","4"],["zazmic.com","3"],["jaredrhizor.com","2"],["coremarcos.com","1"],["me.com","1"],["outlook.com","1"],["Savantly.net","1"],["yahoo.com","1"],["cure.lt","1"]],"2021-12":[["gmail.com","59"],["users.noreply.github.com","45"],["zazmic.com","11"],["airbyte.io","7"],["cure.lt","4"],["dataline.io","3"],["faros.ai","3"],["globallogic.com","3"],["joell.dev","2"],["coremarcos.com","1"],["HRK1-LMC-A04233.synapse.com","1"],["outlook.com","1"],["rockset.com","1"],["jaredrhizor.com","1"],["pebblepost.com","1"],["yahoo.com","1"]],"2022-01":[["gmail.com","59"],["users.noreply.github.com","43"],["airbyte.io","16"],["dataline.io","2"],["zazmic.com","2"],["yahoo.com","2"],["globallogic.com","2"],["coremarcos.com","1"],["ogury.co","1"],["outlook.com","1"],["firmbase.io","1"],["essec.edu","1"],["calixa.io","1"]],"2022-02":[["gmail.com","47"],["users.noreply.github.com","40"],["airbyte.io","19"],["outlook.com","7"],["jaredrhizor.com","5"],["globallogic.com","3"],["cure.lt","2"],["zazmic.com","1"],["yahoo.com","1"]],"2022-03":[["gmail.com","62"],["users.noreply.github.com","46"],["airbyte.io","24"],["globallogic.com","3"],["yahoo.com","1"],["connecteam.com","1"],["jaredrhizor.com","1"],["outlook.com","1"]],"2022-04":[["users.noreply.github.com","57"],["gmail.com","56"],["airbyte.io","33"],["globallogic.com","9"],["toucantoco.com","3"],["connecteam.com","2"],["","1"],["me.com","1"],["dataline.io","1"],["timroes.de","1"],["outlook.com","1"],["claireaux.co.uk","1"],["yahoo.com","1"],["ip-10-0-144-40.us-east-2.compute.internal","1"]],"2022-05":[["gmail.com","80"],["users.noreply.github.com","51"],["airbyte.io","21"],["globallogic.com","12"],["me.com","5"],["bleonard.com","1"],["outlook.com","1"],["talend.com","1"],["yahoo.com","1"]],"2022-06":[["airbyte.io","52"],["gmail.com","46"],["users.noreply.github.com","35"],["globallogic.com","10"],["GMAIL.COM","3"],["outlook.com","3"],["yahoo.com","1"],["me.com","1"]],"2022-07":[["gmail.com","76"],["airbyte.io","48"],["users.noreply.github.com","26"],["globallogic.com","10"],["me.com","3"],["GMAIL.COM","1"],["snyk.io","1"],["outlook.com","1"],["yahoo.com","1"]],"2022-08":[["users.noreply.github.com","58"],["airbyte.io","55"],["gmail.com","51"],["globallogic.com","11"],["me.com","1"],["GMAIL.COM","1"],["snyk.io","1"],["claireaux.co.uk","1"],["chan.net","1"],["yahoo.com","1"]],"2022-09":[["users.noreply.github.com","95"],["gmail.com","46"],["airbyte.io","40"],["globallogic.com","6"],["canary.is","3"],["me.com","1"],["sspaeti.com","1"],["snyk.io","1"],["plural.sh","1"],["yahoo.com","1"]],"2022-10":[["users.noreply.github.com","88"],["airbyte.io","84"],["gmail.com","39"],["globallogic.com","4"],["ptc.com","2"],["me.com","1"],["sspaeti.com","1"],["outlook.com","1"],["yahoo.com","1"]],"2022-11":[["airbyte.io","86"],["users.noreply.github.com","63"],["gmail.com","55"],["globallogic.com","3"],["yahoo.com","1"],["ieee.org","1"],["sspaeti.com","1"],["me.com","1"]],"2022-12":[["users.noreply.github.com","86"],["gmail.com","47"],["airbyte.io","43"],["globallogic.com","9"],["pm.me","4"],["outlook.com","2"],["","1"],["me.com","1"],["sspaeti.com","1"],["yahoo.com","1"]],"2023-01":[["users.noreply.github.com","73"],["airbyte.io","53"],["gmail.com","34"],["GMAIL.COM","3"],["globallogic.com","3"],["me.com","1"],["sspaeti.com","1"],["outlook.com","1"],["yahoo.com","1"]],"2023-02":[["users.noreply.github.com","73"],["airbyte.io","69"],["gmail.com","17"],["globallogic.com","3"],["yahoo.com","1"],["sspaeti.com","1"],["chan.net","1"],["me.com","1"]],"2023-03":[["users.noreply.github.com","137"],["airbyte.io","35"],["gmail.com","22"],["me.com","2"],["yahoo.com","1"],["sspaeti.com","1"],["globallogic.com","1"],["example.com","1"]]}