{"2020-08":["michel-tricot","jrhizor","cgardens","johnlafleur","sherifnada"],"2020-09":["Jamakase","addack"],"2020-10":["gasparakos","ChristopheDuong","tuliren"],"2020-11":["yevhenii-ldv","winar-jin"],"2020-12":["tgiardina","eugene-kulak","DominusKelvin","amitku"],"2021-01":["moszutij","Muriloo","roshan","hudsondba","ntucker","thomas-vl","vitaliizazmic"],"2021-02":["ns-admetrics","gordalina"],"2021-03":["MaxKrog","keu","FUT","marcosmarxm","hillairet","davinchia","ffabss","mbbroberg","lizdeika"],"2021-04":["nyergler","afranzi","makalaaneesh","ifokeev","Zirochkaa","nclsbayona","zzstoatzz","avaidyanatha","masonwheeler","vovavovavovavova","harshithmullapudi","MarcBuch","gingeard"],"2021-05":["coetzeevs","yaroslav-dudar","htrueman","grebessi","Phlair","geekwhocodes","subodh1810","etsybaev","po3na4skld"],"2021-06":["jacqueskpoty","sabifranjo","TymoshokDmytro","irynakruk","ppatali","heade","edbizarro","bazarnov","MatheusdiPaula","airbyte-jenny","numphileo","itaiad200","lmeyerov","vsayer","MohamadHaziq","prasrvenkat","cjwooo","zestyping","Janardhanpoola","panhavad","yaroslav-hrytsaienko","tyschroed","midavadim","freimer","vinhloc30796","DoNotPanicUA","mmolimar"],"2021-07":["avida","olivermeyer","lazebnyi","gaart","shadabshaukat","rclmenezes","bkrausz","jaimefr","rparrapy","danieldiamond","varunbpatil","jonathan-duval","wallies","annalvova05","vladimir-remar","dmateusp","AetherUnbound"],"2021-08":["apostoltego","subhaklp","antixar","mhamas","nicholasbull","maciej-nedza","mildbyte","troyharvey","damianlegawiec","MaxwellJK"],"2021-09":["julianopiovezan","luizgribeiro","h7kanna","VitaliiMaltsev","jonstacks","peter-mcconnell","sashaNeshcheret","mid","jinnig","cptjacky","manavkohli","yahu98","69mb","coeurdestenebres","ReptilianBrain","andriikorotkov","camro","mohammad-bolt","isalikov","alexandr-shegeda","zuc","minimax75"],"2021-10":["zurferr","nauxliu","eliziario","bbugh"],"2021-11":["yuhuishi-convect","augan-rymkhan","grubberr","monai","sujitsagar","mkhokh-33","koji-m","collinscangarella","ad-m","yurii-bidiuk","folusoogunlana","burmecia","n0rritt","subhash-kloudio","alexandertsukanov","asyarif93","grkhr","haoranyu","benmoriceau","itaseskii","lgomezm","Dracyr","jdbranham","tuanchris","lmossman","jartek","alafanechere","erdenezul"],"2021-12":["sdairs","cobobrien","karinakuz","houssemba","igrankova","pmossman","sbaldwin-rs","wissevrowl","ycherniaiev","franloza","mariusandra","edgao","jzcruiser","mrhamburg","mlavoie-sm360","akawalsky","vnourdin","agrass","cina-pm","mohamagdy","nkjotiyana","sergei-solonitcyn","joelluijmes"],"2022-01":["anujgupta0711","ron-damon","Zaimwa9","thanhlmm","TSkrebe","timroes","mmmaia","octavia-squidington-iii","ajzo90","iberchid","gergelylendvai","shrodingers","rbalsick","alvaroqueiroz","dluftspring","noahkawasakigoogle","bleonard","firmbase-tal","bmatticus","prudhvi85","h-chlor","michaeljguarino","tinomerl","guidoturtu","reggermont","jdclarke5"],"2022-02":["hitk6","aadityasinha-dotcom","gvillafanetapia","Amruta-Ranade","misteryeo","H-Max","atorrescogollo","girarda","juliachvyrova","philippeboyd","kgrover","NahidOulmi","bmcgilli","novotl","CrafterKolyan","keterslayter","malikdiarra","dpnova","rfortmann-ewolff"],"2022-03":["davidbeckse","Koen03","ramonvermeulen","Javier162380","tbcdns","CremaLuca","mrhallak","azhard","arimbr","Danucas","aakashkumarmaple","adamschmidt","terencecho","grishick","kempspo","saimanoj","supertopher","wbchn","gavnate","NAjustin","kzzzr","yannibenoit","PhilipCorr","git-phu","georgekaz","filipe-banzoli","lucaswiley","jnr0790","japzio"],"2022-04":["Upmitt","aantn","miguel-martinr","huseyinyilmaz","kattos-aws","gfeldman","sw-yx","dizel852","davydov-d","krishnaglick","guillaume-chech","remisalmon","deluxebear","omid","mdibaiee","pedroslopez","edmundito","erica-airbyte","brianjlai","noahkawasaki-airbyte","shyngysnurzhan","jagannathsrs","agroh1","tealjulia","carlkibler","sreeram-venkitesh","schlattk","tirth7777777","evantahler","ewjoachim","dlackty","alovew","ehmadzubair","ufou","krzysdabro","anushree-agrawal","fcomuniz"],"2022-05":["jordan-glitch","ahmed-buksh","manescianera","daniel-cortez-stevenson","kimerinn","radostyle","suhomud","jdpgrailsdev","sivankumar86","mohrman","pecalleja","mohitreddy1996","didistars328","Imbruced","roman-romanov-o","a-honcharenko","Zawar92","michaelnguyen26","zkid18","RobertoBonnet","ThaliaBarrera","Cheryl0402","wjwatkinson","xiaohansong","imiskolee","dingobar","ganpatagarwal","NiccoloSalvini","adam-bloom","nahal99","Mainara","alex-magno","peter279k"],"2022-06":["mutt-santiago-stachuk","pcsoni89","spezam","Rajakavitha1","tisonkun","terussell85","ss098","hugoJuhel","Tomperez98","alexander-marquardt","xorl","sspaeti","sophia-wiley","arsenlosenko","schung507","cameronwtaylor","drrest","rcheatham-q","gosusnp","gittysachin"],"2022-07":["YatsukBogdan1","YowanR","mfsiega-airbyte","maikelpenz","keiththompson","calebfornari","juliatournant","dougpm","Daemonxiao","sh4sh","mackenzie-oa","natalyjazzviolin","matter-q","jonico","xpuska513","jlitowitz","brunofaustino","tim-werner","mtyoleg","bjgbeelen","evanrosebrook","YiyangLi","leosussan","yort-feng","ryankfu","blarghmatey","snyk-bot","nilkamalthakuria","Mykyta-Serbynevskyi","colesnodgrass","jackie-numerade","Nakachi-S","cstruct"],"2022-08":["nialloriordan","lucienfregosibodyguard","axaysagathiya","robgleason","ambirdsall","jhecking","rodireich","jsrcodes","cuongld2","marcelopio","haithem-souala","zhangyangyu","ajmhatch","Jagrutiti","AM-I-Human","SPTKL","gargatuma","alex-gron","akulgoel96","cpdeethree","hydrosquall","aeroith","NipunaPrashan","JianhaoZhang","jscottpolevault","swentling87","panilya","steache","si-te","dtt101","andyjih","roman-yermilov-gl","imrehg","Bhupesh-V","Kopiczek"],"2022-09":["ArneZsng","jonathanneo","darynaishchenko","sbjorn","tfoldi","ghanvik","ddoyediran","milesarmstrong","jablonskijakub","bstrawson","poolpix","khanhngobackend","macmv","amaliaroye","SofiiaZaitseva","kananindzya","oreopot","cuyk","DustyShap","Gitznik","sajarin","krisjan-oldekamp","jhajajaas","ernestasga","adamf","KqLLL","letiescanciano","Barsoomx","Pwaldi","andrzejdackiewicz","Nmaxime","rileybrook","vncsna","bdashrad","akashkulk","artem1205","domzae","pierre-borckmans","makyash","UsmanAli99"],"2022-10":["sblaizerwize","caiohasouza","rach-r","dainiussa","N-o-Z","WillerWasTaken","pinikeizman","cirdes","zheller","mickaelandrieu","btkcodedev","tjirab","sbrickel-nimble","TanveshT","goodseeyou","PragatiVerma18","digambar-t7","josephkmh","sage-watterworth","czuares","gpsamson","isaacharrisholt","rytismi","ogusak","abaerptc","roisinbolt","antonioneto-hotmart","AlexJameson","emilija-omnisend","subhamX","sriram-km","sfc-gh-pkommini","henriblancke","victor-cody","tkorenko","Xabilahu","sarafonseca-123","navi86","Terieyenike","AndyTwiss","ikeadeoyin","alexchouraki","dijonkitchen","perangel","pabloescoder","aminamos","cncc","TBernstein4","elliottrabac","scottleechua","delenamalan"],"2022-11":["leilaballouard","Leibnizhu","koconder","akashpatl","kuberaspeaking","toandm","juweins","Xingyuan-Chen","josix","siddhant3030","animer3009","erohmensing","arnaudjnn","evwltrs","Sid-Lais","ldanilek","himanshuc3","markandrus","lukehsiao","michizhou","brad-meru","sammychris","NoelJacob","sofiehellmark","andnig","andresbravog","Alcadeus0","jhammarstedt","kaggrwal","artusiep","albert-marrero","ireyna-modo","eneveu","danilo-dti","PierreKerschgens","bala-ceg","hntan","catpineapple","alkali"],"2022-12":["BenoitHugonnard","resoliwan","JonsSpaghetti","achaussende","LuliRib","maxi297","rhooper","bgroff","clnoll","mariamthiam","MaxiChef","jeromedoucet","MJafarMashhadi","proprefenetre","mauricioalarcon","flash1293","DavidSpek"],"2023-01":["keyihuang","samos123","sergio-ropero","bobvanluijt","CyprienBarbault","bnchrch","KomissarovSemyon","bgopikrishna","vr","frostcow0","JJ2788","jbfbell","asharov","JulianRommel"],"2023-02":["mshustov","nasmart","kfirgollan","Allexik","franviera92","danidelvalle","plenti-jacob-roe","prateekmukhedkar","BenoitFayolle","kaklakariada","KayakinKoder","chandrasekharan98","zzztimbo","Utwo","zachlatta","my3"],"2023-03":["bartlomiejolma","SatishChGit","dbyzero","tyagi-data-wizard","netoferraz","andrewlreeve","hanslemm","chte","Wittiest","TobiasLaving","sandip-baidya","pratyakshs","danvass","leo-schick","anamargaridarl","FransDel","BirdboyBolu","nguyenaiden","dandpz","arnaudselva","carlonuccio","bcbeidel","dictcp","Auric-Manteo","killthekitten"]}