{"2019-06":[["membphis",21.19],["moonming",17.09],["soulsoul",3.32],["orangle",2.65],["CLAassistant",2.45],["xiwangzishi",2.24],["juzhiyuan",2],["idevz",2],["ygm521",1.73],["tianchaijz",1.73],["kissss",1.41],["wangpengdc",1.41]],"2019-07":[["membphis",24.58],["moonming",16.19],["vkill",5.48],["idevz",4.9],["nic-chen",4.47],["chnliyong",4.36],["juzhiyuan",4],["soulsoul",4],["xiwangzishi",2.65],["xiaoyu87",2.45],["CLAassistant",2.45],["LazyMaple",2.45],["Tinywan",2.24],["ygm521",2.24],["orangle",2.24],["onlonely",2],["shoulda",1.73],["xewn",1.41],["zhanghaichang",1.41],["whiteCcinn",1.41],["Pamela-girl",1.41],["richardbmx",1.41],["wind930",1],["wasabihu",1],["daiyoung",1],["buhejiudewangxiansheng",1]],"2019-08":[["moonming",17.41],["membphis",17.15],["chnliyong",6.93],["nic-chen",4],["forging2012",3.16],["sushuai",2.83],["snxq",2.24],["onlytiancai",2.24],["wasabihu",2],["CLAassistant",1.73],["xianhuawei",1.73],["yaojixiang1975",1.41],["totemofwolf",1.41],["Miss-you",1.41],["xiwangzishi",1.41],["dearjane",1.41],["sgnah",1.41],["xfirefox",1.41],["orangle",1],["Jacky2",1],["wangrzneu",1],["juzhiyuan",1]],"2019-09":[["membphis",23.37],["moonming",15.43],["juzhiyuan",9.27],["shuaijinchao",7],["soulsoul",6.48],["Miss-you",4.24],["chnliyong",4.12],["fc13240",3.87],["wangyjx",3.87],["buhejiudewangxiansheng",3.61],["CLAassistant",3.46],["nic-chen",3.32],["supermario1990",3.16],["zhiyong0804",3.16],["totemofwolf",3],["ygm521",2.83],["a610569731",2.83],["hwangjr",2.45],["Ynge",2.24],["cuiweixie",2.24],["tomzhan2019",1.73],["pennkao",1.41],["yuanfeng0905",1],["linsir",1],["mt21625457",1],["dmxj",1],["sushuai",1],["wasabihu",1],["xfirefox",1],["niktan",1],["Beckjiang",1],["vkill",1]],"2019-10":[["moonming",21.26],["membphis",18.08],["membphis",9],["shuaijinchao",8.66],["juzhiyuan",8.06],["moonming",7.68],["juzhiyuan",7.28],["lilien1010",6],["lilien1010",5.66],["soulsoul",5.2],["YazaiHu",5],["wangxiaochuang",4.58],["wziww",4.58],["nic-chen",4.12],["leinue",3.61],["wangxiaochuang",3.46],["tomzhan2019",3.46],["CLAassistant",3.32],["bobopan",3.32],["linsir",3.16],["fc13240",3],["lyyoung",2.83],["KowloonZh",2.83],["pahud",2.65],["chnliyong",2.65],["brileyhe",2.45],["rhubard",2.45],["yy8866",2.24],["mattu79",2.24],["np1e",2.24],["nopost",2.24],["idevz",2],["Tinywan",2],["ygm521",2],["nic-chen",2],["dequanLi",1.73],["xym808",1.73],["o-oops",1.73],["zihaogs",1.73],["mlboy",1.41],["a610569731",1.41],["Newt0n",1.41],["leinue",1.41],["pahud",1.41],["lyyoung",1.41],["toruneko",1.41],["hegphegp",1.41],["idevz",1.41],["Tinywan",1.41],["xsi640",1.41],["gary0121",1.41],["o-oops",1.41],["supermario1990",1],["Yeefoner",1],["forging2012",1],["Miss-you",1],["Zheaoli",1]],"2019-11":[["membphis",22.63],["moonming",19.95],["lilien1010",15.56],["soulsoul",7.14],["juzhiyuan",7.14],["totemofwolf",7],["Miss-you",5.74],["spacewander",5.74],["lyyoung",5.2],["Beckjiang",4.8],["idevz",4.8],["chnliyong",4.69],["shuaijinchao",4.47],["tom2nonames",4.36],["agile6v",4.24],["duzhenxun",4],["Zheaoli",4],["nic-chen",3.46],["ygm521",3],["supermario1990",3],["linlinnj",2.65],["lihuibin",2.45],["wangrzneu",2.24],["BradyBromley",2.24],["fge2016",2.24],["zhijianfree",2.24],["lewismc",2.24],["wangxiaochuang",2],["shaobo322",2],["gxthrj",1.73],["justinmclean",1.73],["binlaniua",1.73],["bobopan",1.41],["zhiyong0804",1.41],["FTwOoO",1.41],["QQ462981588",1.41],["cuiyuan",1],["rhubard",1],["zpa3x60",1],["nature100",1]],"2019-12":[["moonming",14.21],["membphis",10.86],["juzhiyuan",7.62],["sshniro",7.48],["agile6v",5.92],["totemofwolf",5.66],["Miss-you",5.39],["shuaijinchao",4.8],["ChelinTsien",4.69],["Beckjiang",3.32],["jiezaizone",3],["DHB-liuhong",3],["chnliyong",2.65],["dabingya",2.65],["simplechen",2.45],["lilien1010",2.45],["imlewc",2.45],["nic-chen",2.24],["chspy",2.24],["gxthrj",2.24],["mausspb",2.24],["codjust",1.73],["codlin",1.73],["lihuibin",1.73],["asher86v",1.41],["linlinnj",1.41],["1996yarbrough",1.41],["zhijianfree",1.41],["songpspan",1.41],["KowloonZh",1],["wind-clothes",1]],"2020-01":[["membphis",17.72],["moonming",13.15],["lilien1010",9.17],["codjust",8.19],["agile6v",7.62],["sshniro",5.83],["juzhiyuan",5.39],["fge2016",3.87],["leehomewl",3.61],["spacewander",3.61],["jiezaizone",3.61],["weihai4099",3.16],["KowloonZh",3],["qiujiayu",2.83],["totemofwolf",2.83],["wtt20",2.45],["xiaobiaozhao",2.24],["Miss-you",2.24],["foxhk",2],["cyxinda",1.73],["yangyitl",1.73],["iGeeky",1.73],["769344359",1.73],["valpa",1.73],["zhangjimmy",1.41],["shoulda",1.41],["wangsoft",1.41],["KfighterWang",1]],"2020-02":[["membphis",21.56],["iGeeky",10.2],["moonming",9.43],["sshniro",8.54],["agile6v",6.93],["qiujiayu",5.48],["totemofwolf",5.29],["Miss-you",4.69],["nic-chen",4.58],["spacewander",4.12],["AbelZhou",3.16],["juzhiyuan",2.65],["renyineng",2.65],["shunsheng-github",2.65],["JohannT9527",2.45],["LazyMaple",2.24],["wu-sheng",2.24],["leehomewl",2],["yorkane",1.73],["SpectorQian",1.41],["hoffer32",1.41],["JanLi-air",1.41],["dabue",1.41],["jungeFight",1.41],["wtt20",1.41],["tokers",1.41],["jiezaizone",1.41],["wanzhenhan",1.41],["Iflengmo",1.41],["tyhtgh",1],["xzy1586",1]],"2020-03":[["membphis",31.18],["moonming",17.41],["Akayeshmantha",14.76],["qiujiayu",14],["sshniro",13.86],["gxthrj",8.72],["agile6v",7.94],["lilien1010",7.35],["dabue",6.71],["spacewander",6.71],["totemofwolf",5.92],["Miss-you",5.74],["soulsoul",5.39],["juzhiyuan",4.9],["ShiningRush",4.8],["iGeeky",4.12],["xxm404",3.74],["chnliyong",3.61],["wwd5613",3.46],["griffenliu",3.16],["paoying",3.16],["hiproz",2.83],["wanzhenhan",2.65],["nic-chen",2.45],["csluoqi",2.45],["LazyMaple",2.24],["sbritocorral",2.24],["isNextJuly",2],["ZanderMo",1.73],["cctv86",1.73],["chenqing24",1.73],["aimpsmile",1.73],["jie123108",1.73],["cyxinda",1.73],["yeahzi",1.41],["xiangxiren",1.41],["rhubard",1.41],["bruce-sha",1.41],["zd04",1.41],["chzhuo",1.41],["zhengyionline",1.41],["ryan4yin",1],["JohannT9527",1],["microxxx",1],["Scorpiofu",1],["leo-sam",1],["liujianri",1],["tokers",1]],"2020-04":[["membphis",21.38],["moonming",15.72],["juzhiyuan",9.38],["sshniro",9.06],["lilien1010",7.81],["ShiningRush",7.42],["qiujiayu",7.14],["Akayeshmantha",6.78],["spacewander",6.48],["dabue",6.24],["rhubard",5.92],["Miss-you",5.66],["OnlyPiglet",4],["342379784",3.61],["cyxinda",3.46],["xuliangyong",3.46],["leonardjin",3.32],["paoying",3.16],["dxvgef",3.16],["stone4774",3],["agile6v",3],["dotSlashLu",2.83],["eiyouwang",2.65],["nic-chen",2.65],["samunbest",2.65],["Joe123-ai",2.45],["marshalys",2.24],["de1o",2],["FunnySunshine520",2],["totemofwolf",2],["dayongi",2],["iGeeky",2],["gxthrj",2],["backnero",2],["GiftLee",1.73],["fanandactuaility",1.73],["vrc289",1.73],["Weimc-w",1.73],["wangyjx",1.73],["xxm404",1.73],["bzp2010",1.73],["alex102400",1.73],["wwd5613",1.41],["mattu79",1.41],["zhanghouwen",1.41],["aimpsmile",1.41],["fregie",1.41],["shuaijinchao",1.41],["cuishuoguo",1.41],["chensunny",1.41],["letwang",1.41],["xiangxiren",1.41],["csluoqi",1],["CGerAJ",1]],"2020-05":[["membphis",13.38],["moonming",10.15],["Akayeshmantha",7.14],["sshniro",6.93],["Miss-you",6],["ShiningRush",5.83],["spacewander",4.8],["dabue",4.69],["nic-chen",4.47],["xxm404",4.12],["agile6v",4],["qiujiayu",3.87],["ywengineer",3.74],["panhow",3.16],["hiproz",3],["juzhiyuan",2.83],["Donghui0",2.65],["andyindr",2.65],["wangyjx",2.45],["griffenliu",2.45],["scaat",2.45],["dengliming",2.45],["tuibian1029",2.45],["cyxinda",2.45],["wwd5613",2],["Yiyiyimu",2],["auqf",2],["houshunwei",2],["zhaosuqi",2],["dayongi",2],["stone4774",2],["wind-clothes",1.73],["espider",1.73],["cindyliu-tec",1.73],["lilien1010",1.73],["shengnoah",1.73],["Firstsawyou",1.41],["JanLi-air",1.41],["jevic",1.41],["damonchen",1.41],["crazyliuzc",1.41],["KevinHoo",1],["numberpig",1],["presoulgo",1],["GameBelial",1],["zhendongli",1],["totemofwolf",1],["bingchengxiaobing117",1]],"2020-06":[["membphis",25.02],["moonming",15.46],["sshniro",9.11],["nic-chen",8.66],["agile6v",8.12],["Akayeshmantha",8],["shenal",7.35],["Miss-you",7.28],["scaat",7],["juzhiyuan",6.16],["dabue",5.74],["xxm404",5],["shibingli",4.58],["ShiningRush",4.36],["houshunwei",3.87],["zheng11581",3.74],["spacewander",3.74],["guoziqin",3.61],["qiukeren",3.32],["Donghui0",3],["KevinHoo",3],["nerowangtc",3],["zjyang997",2.83],["cyxinda",2.83],["wangchao523",2.65],["griffenliu",2.65],["hellmage",2.65],["chnliyong",2.45],["Yiyiyimu",2.45],["wasabihu",2.24],["zhanghouwen",2.24],["QuakeWang",2.24],["Gerrard-YNWA",2.24],["gxthrj",2.24],["wwd5613",2.24],["Firstsawyou",2.24],["totemofwolf",2.24],["nizq",2],["powermanlc",2],["vimilai",1.73],["ko-han",1.73],["wangxiaochuang",1.73],["panhow",1.73],["jevic",1.73],["qiujiayu",1.73],["TigerGxl",1.73],["zcadqe897",1.41],["EasonHe",1.41],["stone4774",1.41],["guoweia",1.41],["harrybin815",1.41],["vivid-dev",1.41],["wangxiaolong100",1.41],["FunnySunshine520",1.41],["cwtree",1.41],["keven0706",1.41],["colder219",1.41],["shengnoah",1.41],["qianglu1989",1.41],["lilien1010",1],["tang43",1],["342379784",1],["jie123108",1],["itime",1]],"2020-07":[["membphis",24.8],["moonming",13.93],["shuaijinchao",9],["nic-chen",8.06],["juzhiyuan",6.93],["sshniro",6.63],["wrl96",6.4],["totemofwolf",5.83],["mtx2d",5.74],["spacewander",5.2],["houshunwei",5.1],["UnderTreeTech",5.1],["Miss-you",5],["shoogoome",4.9],["swayamraina",4.8],["taotao2014",4.47],["gxthrj",4.12],["yongboy",4.12],["scaat",4],["jackwoods",4],["ChelinTsien",3.87],["Yiyiyimu",3.87],["ko-han",3.46],["lingsamuel",3.32],["moorefu",3.32],["DHB-liuhong",3],["afghanistanyn",3],["Joe123-ai",3],["imjoey",3],["wingsjj",2.83],["wangxiaochuang",2.65],["xxm404",2.65],["ACanOfGas",2.65],["morrme",2.45],["poidl",2.45],["YuanYingdong",2.24],["spjiang",2.24],["souzens",2.24],["lilien1010",2.24],["RocFang",2.24],["Hmemories",2.24],["Beckjiang",2],["JanLi-air",2],["panhow",2],["CharlesSong",1.73],["tiger333777",1.73],["adugeek",1.73],["qiujiayu",1.73],["nanwenbo",1.73],["Yangzcy423911",1.73],["laopaz",1.73],["TigerGxl",1.41],["18210212423",1.41],["to2false",1.41],["zTrix",1.41],["ShiningRush",1.41],["freesky100",1.41],["wanzhenhan",1.41],["odidev",1.41],["zhuchengxing",1.41],["hzqij",1.41],["0102redirects",1.41],["EdisonLiang",1.41],["tokers",1],["zhangjicun",1],["toruneko",1],["XW512",1],["zcadqe897",1],["FourierX9",1],["OnlyPiglet",1]],"2020-08":[["membphis",28.98],["moonming",14.35],["Yiyiyimu",10.63],["nic-chen",9.75],["spacewander",7.21],["juzhiyuan",7.14],["shuaijinchao",6.71],["sshniro",6.32],["ShiningRush",6],["frank0417",5.92],["swayamraina",4.8],["gy09535",4.58],["redynasc",4.12],["dabue",4.12],["scaat",3.87],["taotao2014",3.74],["OnlyPiglet",3.74],["xyz2b",3.61],["gxthrj",3.46],["jie123108",3.46],["yinyang323",3.46],["tokers",3.32],["zhoujun24",3.16],["backnero",3],["Gary-Airwallex",2.83],["qianglu1989",2.83],["powermanlc",2.65],["liubinqi2007",2.65],["purelind",2.65],["DHB-liuhong",2.45],["lijiapengsa",2.45],["JoeyLee0201",2.24],["samunbest",2.24],["kouphax",2.24],["totemofwolf",2.24],["yfgcq",2.24],["longshang",2.24],["halfcrazy",2.24],["lilien1010",2],["qiujiayu",2],["zhuchengxing",2],["jackwoods",2],["csh995426531",2],["lhtlp1997",2],["ShynHan",1.73],["lchoua",1.73],["tongorz",1.41],["wjh549628",1.41],["dualc",1.41],["to2false",1.41],["TigerGxl",1.41],["2465566",1.41],["houshunwei",1.41],["tiger333777",1.41],["FourierX9",1.41],["sebbASF",1.41],["ACanOfGas",1.41],["hzqij",1.41],["binbinjianjian",1.41],["spjiang",1.41],["phin1x",1],["aifeiasdf",1],["Miss-you",1],["shibingli",1],["jiezaizone",1],["jxhsjxhs",1],["Firstsawyou",1],["yongboy",1],["odidev",1]],"2020-09":[["membphis",31.98],["moonming",23.58],["Firstsawyou",21.28],["Yiyiyimu",14.76],["nic-chen",13.67],["liuhengloveyou",10.39],["spacewander",9.9],["tokers",9.8],["gy09535",8.6],["idbeta",8.37],["gxthrj",7.35],["ShiningRush",7.14],["juzhiyuan",6.24],["imjoey",5.83],["dickens7",5],["y934317258",4.12],["uptree",4],["huzhewei",3.61],["swayamraina",3.46],["maxluo1992",3.16],["EnableAsync",3],["zhangpjbo",3],["nature100",2.83],["mddmzl",2.83],["xyz2b",2.83],["Caelebs",2.83],["zlm0125",2.65],["djkevincr",2.45],["fankeke",2.45],["dotSlashLu",2.45],["MrJLuo",2.45],["MrLightSpeed0",2.45],["Miss-you",2.24],["GBXing",2],["silveric10",2],["griffenliu",2],["lilien1010",2],["HuangDCat",2],["zwwhub",2],["limestone0o0",2],["DHB-liuhong",2],["tanjiancheng",1.73],["haifeng9414",1.73],["liuxiran",1.73],["yuansh",1.73],["powermanlc",1.73],["masahills",1.73],["TigerGxl",1.73],["codjust",1.73],["mlick",1.73],["chenyicai",1.73],["sshniro",1.41],["liubinqi2007",1.41],["tengzhinei",1.41],["limm0554",1.41],["liuximu",1.41],["lifehacking",1.41],["agile6v",1.41],["zhuchengxing",1.41],["linsir",1.41],["tiger333777",1.41],["gstein",1],["shuaijinchao",1],["zhouqiang-cl",1],["kamaci",1],["mxm",1],["ChelinTsien",1],["rmetzger",1],["wangyusheng1985",1],["marcoabreu",1],["moorefu",1],["cwtree",1],["diaosj",1]],"2020-10":[["membphis",31.35],["moonming",19.03],["spacewander",17.83],["liuhengloveyou",15.03],["Firstsawyou",12.17],["Jaycean",11.87],["juzhiyuan",11.75],["tokers",11],["idbeta",9.64],["dabue",9],["nic-chen",8.6],["tzssangglass",8.31],["gy09535",7.28],["liuxiran",7.28],["imjoey",7.14],["tashiya-menuri",6.93],["RocFang",6.56],["ShiningRush",6.32],["LY-GO",6.16],["Yiyiyimu",5.48],["gxthrj",5.2],["starsz",5],["Miss-you",4.36],["haifeng9414",4],["thekingofworld",3.74],["wfgydbu",3.61],["fukiki",3.61],["HuangDayu",3.61],["lizeming",3.32],["HelloBug0",3.16],["shoogoome",3.16],["sixinyiyu",3.16],["htwdjqr",3],["Caelebs",3],["gewei2000",3],["jeffguorg",3],["sober-wang",2.83],["li1234yun",2.83],["EnableAsync",2.65],["pahud",2.45],["whatsmore",2.45],["diaosj",2.24],["cscfamily001",2.24],["longshang",2.24],["muxueqz",2.24],["tanjiancheng",2.24],["Yangzcy423911",2],["powermanlc",2],["zhangguanzhang",2],["yanshanlangren",2],["qiujiayu",2],["xyz2b",2],["poidl",1.73],["sshniro",1.73],["dyingbleed",1.73],["ziyou434",1.73],["yangxikun",1.73],["kuaiwenwu",1.73],["nanamikon",1.73],["brianzhangrong",1.73],["tristan-tsl",1.73],["selboo",1.73],["redynasc",1.73],["codjust",1.41],["hfhimage",1.41],["lilien1010",1.41],["luoqingming110",1.41],["damage85",1.41],["fregie",1.41],["tangjun2012",1.41],["lhtlp1997",1.41],["nirvanareborn",1.41],["swayamraina",1.41],["nature100",1.41],["zh417233956",1.41],["ACanOfGas",1.41],["qiufeihai",1.41],["580825",1.41],["banlangen123",1],["sebbASF",1],["souzens",1],["Hmemories",1],["DHB-liuhong",1],["MrLightSpeed0",1],["XXMY",1],["hzbd",1]],"2020-11":[["spacewander",30.76],["membphis",25.83],["Firstsawyou",20.95],["tokers",17.69],["juzhiyuan",15.26],["gy09535",13],["idbeta",12.92],["moonming",12.57],["tzssangglass",11.62],["HelloBug0",9],["nic-chen",8.94],["dabue",8.49],["Miss-you",8.43],["starsz",7.62],["jenskeiner",7.62],["Yiyiyimu",7.35],["jxhecong",6.24],["wfnuser",5.92],["fukiki",5.74],["liuxiran",5.48],["gxthrj",5.39],["backnero",5.2],["96RadhikaJadhav",5.1],["ziyou434",5.1],["Hmemories",4.24],["zlchanger",4.12],["willmafh",4.12],["pahud",3.74],["yankunsam",3.74],["Applenice",3.74],["jinpy666",3.61],["gewei2000",3.46],["ShiningRush",3.46],["zfs123",3.32],["lilihongjava",3.16],["OnlyPiglet",3.16],["JanLi-air",3],["zhuchengxing",3],["souzens",3],["supermario1990",3],["agile6v",2.83],["wfgydbu",2.45],["1746631764",2.45],["BlinglingGirl",2.45],["flyingfish7",2.45],["NicolasBachs",2.45],["imjoey",2.45],["ShadowCharle",2.24],["griffenliu",2.24],["Gary-Airwallex",2.24],["DHB-liuhong",2.24],["Yangzcy423911",2.24],["cleverpig",2.24],["LiteSun",2.24],["to2false",2],["ngau66",2],["xyz2b",2],["tiger333777",2],["xuhuigithub",2],["nanamikon",2],["GBXing",2],["DirtyIndustry",2],["gzhsnail",1.73],["wakaaa1234",1.73],["Jaycean",1.73],["yangxikun",1.73],["fregie",1.73],["cverdela",1.73],["csh995426531",1.73],["juzipeek",1.73],["GiftLee",1.41],["linxinshuo",1.41],["ShenAoScript",1.41],["NetRainn",1.41],["aijunziaixifu",1.41],["jclivi",1.41],["freebsdly",1.41],["1731lin",1.41],["isNextJuly",1.41],["wenbinye",1.41],["kaka11chen",1.41],["omigafu",1.41],["wenlincheng",1.41],["krufyliu",1],["odidev",1],["Thinker-Mars",1],["sebbASF",1],["cyxinda",1],["dickens7",1],["poidl",1],["ShaoZeMing",1],["lizeming",1]],"2020-12":[["spacewander",31.22],["membphis",21.86],["tokers",20.66],["Firstsawyou",16.37],["moonming",11.79],["tzssangglass",11.66],["gy09535",10.72],["jenskeiner",10.49],["jbampton",10.34],["nic-chen",7.87],["idbeta",7.68],["starsz",7.35],["juzhiyuan",7],["gxthrj",6.63],["ziyou434",5.57],["Yiyiyimu",5],["qwxingzhe",4.47],["wfgydbu",4.47],["diaosj",4.36],["liyin37",3.87],["unbeatablekb",3.74],["BFergerson",3.74],["Ben0625",3.61],["liuxiran",3.61],["jaredhuang",3.46],["yangxikun",3.46],["kuberxy",3.46],["gewei2000",3.32],["highkay",3.32],["azura27",3.32],["96RadhikaJadhav",3.32],["zhuliquan",3.16],["cverdela",3.16],["lihansir",3.16],["oldthreefeng",3],["AloneFire",3],["dabue",3],["backnero",3],["sebbASF",2.83],["json7",2.83],["chenyicai",2.83],["poidl",2.65],["wfnuser",2.65],["ShiningRush",2.65],["ShaoZeMing",2.45],["NetRainn",2.45],["Hcreak",2.45],["jclivi",2.45],["HelloBug0",2.45],["ShenAoScript",2.45],["candicandi",2.45],["Miss-you",2.24],["willmafh",2.24],["whioue",2.24],["cscfamily001",2.24],["Caelebs",2.24],["dabuge",2.24],["guoqqqi",2.24],["ryianyang",2.24],["Fuchange",2],["dickens7",2],["luger1990",2],["roneywei",2]],"2021-01":[["spacewander",32.82],["Firstsawyou",18.49],["membphis",17.94],["tokers",17.26],["Yiyiyimu",15.36],["jenskeiner",13.75],["hnlq715",12.08],["jbampton",11.22],["fukiki",10.58],["moonming",9.49],["idbeta",9],["juzhiyuan",8.43],["Yangzcy423911",7.68],["nic-chen",7.14],["imjoey",6.08],["yongboy",5.57],["gy09535",5.57],["dw-3",5.48],["nanamikon",5.2],["unbeatablekb",5],["Miss-you",4.9],["tzssangglass",4.9],["dabue",4.8],["azura27",4.47],["18210212423",4.12],["wfgydbu",4.12],["pengtaochang",4],["gewei2000",3.87],["Fuchange",3.61],["starsz",3.61],["gxthrj",3.61],["TkClark",3.46],["lilien1010",3.32],["ElvinEfendi",3.16],["BFergerson",3.16],["hizzd",3.16],["123libohan",3],["shenshaoye",3],["yangxikun",2.83],["halfcrazy",2.83],["Hmemories",2.83],["sshniro",2.83],["belongwqz",2.65],["gxlct008",2.65],["sebbASF",2.65],["json7",2.45],["MarsSec773",2.45],["qwxingzhe",2.45],["ShaoZeMing",2.45],["syzh",2.45],["HelloBug0",2.24],["ZanderMo",2.24],["RocFang",2.24],["Gaoy-o",2.24],["rogerogers",2.24],["jaredhuang",2.24],["xujl930",2.24],["redynasc",2.24],["dickens7",2.24],["zhangxiaohui123456",2.24],["hifou",2],["zhangpeix",2],["LLLLimbo",2],["sober-wang",2],["dino-ma",2],["roneywei",2],["ArminYang",2]],"2021-02":[["spacewander",28.2],["Firstsawyou",19.24],["tokers",18.87],["Yiyiyimu",15.36],["membphis",13.89],["juzhiyuan",12.92],["jbampton",11.53],["idbeta",9.95],["yongboy",9.9],["ShaoZeMing",8.06],["moonming",7.94],["nic-chen",7.87],["hnlq715",7.68],["lilien1010",6.16],["wettper",5.83],["tzssangglass",5.29],["xyz101121",4.9],["guoqqqi",4.36],["starsz",4.12],["yocaning",4],["diaosj",3.87],["jp-gouin",3.74],["zackzhangkai",3.74],["xuyancheng24",3.74],["nanamikon",3.61],["54corbin",3.61],["zhangxiaohui123456",3.46],["cwy57885142",3.32],["dependabot[bot]",3.16],["qier222",2.83],["StretchV",2.83],["eavesmy",2.83],["gxthrj",2.65],["JanLi-air",2.65],["GBXing",2.65],["apchee",2.45],["wanghaisheng",2.45],["jpcarroll",2.45],["Applenice",2.24],["Fuchange",2.24],["Bhanuji95",2.24],["stu01509",2.24],["ganttee",2.24],["tashiya-menuri",2.24],["kuberxy",2],["KafilatAdeleke",2],["tongorz",2],["mdh67899",2],["Miss-you",2],["ShenAoScript",1.73],["No-sleeping",1.73],["belongwqz",1.73],["azura27",1.73],["thekingofworld",1.73],["cverdela",1.73],["frf12",1.73],["cgc1983",1.73],["sandy420",1.73],["redynasc",1.73],["henryfoster",1.73],["Yangzcy423911",1.73],["cocoonYh",1.73],["123libohan",1.41],["mr3chen",1.41],["sebbASF",1.41],["yangxikun",1.41],["NUPT-Pig",1.41],["w7team",1.41],["tuhaihe",1.41],["yntor",1.41],["to2false",1],["ArminYang",1],["spawnris",1],["gy09535",1],["weijer",1],["gzhsnail",1]],"2021-03":[["spacewander",31.5],["Firstsawyou",18.6],["juzhiyuan",16.34],["tokers",13.27],["iamayushdas",10.86],["moonming",10.54],["yongboy",9.54],["membphis",8.77],["Yiyiyimu",8.49],["benx203",8.43],["stu01509",8.31],["tzssangglass",7.14],["batman-ezio",7.07],["jp-gouin",6.48],["starsz",6],["nic-chen",5.83],["jbampton",5.66],["aiyiyi121",4.69],["Miss-you",4.47],["ShaoZeMing",3.87],["miaoyb",3.61],["dhawal-kamdar",3.46],["lilien1010",3.46],["Yangzcy423911",3.46],["imxhf",3.32],["libeio",3.16],["rockXiaofeng",3.16],["Caelebs",3.16],["bzp2010",3],["StretchV",3],["qier222",3],["kongjun01",2.83],["anjia0532",2.83],["pengtaochang",2.83],["han6565",2.83],["LiteSun",2.83],["imjoey",2.65],["guoqqqi",2.65],["diaosj",2.65],["whioue",2.65],["idbeta",2.65],["whl739",2.65],["KMFtcy",2.45],["sailershen",2.45],["KafilatAdeleke",2.45],["nanamikon",2.45],["zcgewu",2.45],["zfs123",2.45],["supermario1990",2.45],["defp",2.24],["xuyancheng24",2.24],["qian0817",2.24],["gxthrj",2.24],["riskgod",2.24],["Gerrard-YNWA",2.24],["evanlike",2],["simeon49",2],["godsoul",2],["chenyicai",2],["phperEric",2],["a0925260369",2]],"2021-04":[["spacewander",25.55],["Firstsawyou",19.36],["juzhiyuan",15.91],["tokers",15.07],["Yiyiyimu",10.3],["membphis",9.27],["benx203",8.83],["starsz",7.62],["Marco-Zheng",6.93],["moonming",6.78],["KishaniKandasamy",6.56],["jbampton",6.56],["riskgod",5.74],["iamayushdas",5.74],["imjoey",5.39],["nic-chen",5.39],["ychdesign",5.29],["Ben0625",4.8],["jp-gouin",4.69],["nanamikon",4.58],["dickens7",4.47],["tzssangglass",4.24],["gxlct008",4.12],["cverdela",4.12],["zwjzxh520",3.87],["hozaifaaoud",3.74],["dmsolr",3.61],["huangnauh",3.61],["dependabot[bot]",3.16],["xiongmaopanshi",3.16],["hzbd",3.16],["totemofwolf",3.16],["Majalian",3.16],["Hxhong",3],["marsken88",2.83],["xujiesh0510",2.83],["kongjun01",2.65],["gxthrj",2.65],["Molio-tan",2.65],["batman-ezio",2.65],["zuoshaoyi",2.65],["izayoi-akira",2.45],["himanshu007-creator",2.45],["souzens",2.45],["yejingx",2.45],["fukiki",2.45],["zouyongsheng",2.45],["diaosj",2.24],["comedown",2.24],["varcher-me",2.24],["sniper-xx",2.24],["ryan4yin",2.24],["LiteSun",2.24],["anyforever",2.24],["sandy420",2.24],["highkay",2],["to2false",2],["winnetcn",2],["JanLi-air",1.73],["WinSuperStar",1.73],["fc13240",1.73],["Tanc009",1.73],["yiyiyimu-bot",1.73],["StretchV",1.73],["streghstreek",1.73],["eavesmy",1.73],["Gary-Airwallex",1.73],["Hey-Jobs",1.73],["oldthreefeng",1.73],["rdouman",1.73],["vrsashly",1.41],["water-gulugulu",1.41],["xiewenhui",1.41],["gewei2000",1.41],["YeZiZhen",1.41],["tx991020",1.41],["hwlzs",1.41],["gy09535",1.41],["vincenthcui",1.41],["han6565",1.41],["tangtangsara",1.41],["gaobo0202",1.41],["bfcx",1.41],["springrain",1.41],["silveric10",1.41],["zyue27",1.41],["tao12345666333",1],["orange0cat",1],["Gerrard-YNWA",1],["szqm123",1],["sshniro",1],["Serendipity96",1],["a0925260369",1],["xxm404",1],["tq02ksu",1]],"2021-05":[["spacewander",23.32],["Firstsawyou",12.69],["Yiyiyimu",12.21],["tokers",10.49],["juzhiyuan",8.25],["starsz",8],["vincentwc",7.68],["tzssangglass",7.07],["jbampton",6.56],["Demogorgon314",6.08],["KishaniKandasamy",5.92],["anjia0532",5.48],["Marco-Zheng",5],["yxudong",4.69],["nic-chen",4.36],["xyz2b",4.24],["wu-sheng",4.24],["dependabot[bot]",3.87],["Gary-Airwallex",3.87],["gxthrj",3.74],["membphis",3.61],["hozaifaaoud",3.61],["azura27",3.46],["StretchV",3.16],["coolbeevip",3.16],["yxm-hs",3],["dickens7",3],["Hsuing",3],["keilon",3],["topzyh",2.83],["qianjunakasumi",2.65],["dmsolr",2.65],["sniper-xx",2.65],["Molio-tan",2.65],["water1st",2.65],["oldthreefeng",2.45],["lgw79674057",2.45],["sandy420",2.45],["nanamikon",2.45],["silveric10",2.45],["TkClark",2.45],["Simolx",2.24],["jiayx",2.24],["iamayushdas",2.24],["ShaoZeMing",2.24],["wwwworkhard",2.24],["a280238558",2.24],["moonming",2.24],["wang-yeliang",2.24],["xujiesh0510",2.24],["tangtangsara",2],["li1234yun",2],["fukiki",2],["zhangwenjian",2],["lingsamuel",2],["NMSAzulX",2],["han6565",1.73],["XuZhaoPro",1.73],["imjoey",1.73],["fc13240",1.73],["rogerwangzy",1.73],["Uangski",1.73],["gewei2000",1.73],["houyinke",1.41],["batman-ezio",1.41],["SkyChenSky",1.41],["hzbd",1.41],["Yullin",1.41],["snowood-orz",1.41],["StephenYjw",1.41],["w7team",1.41],["Jaycean",1.41],["tao12345666333",1.41],["riskgod",1.41],["xuchmao",1.41],["belongwqz",1],["Ben0625",1],["FightingLiming",1],["LiuYuHui",1],["lujiajing1126",1],["Engine-AI",1],["neverdizzy",1]],"2021-06":[["spacewander",24.7],["tokers",13.82],["Yiyiyimu",13.78],["tzssangglass",7.68],["Applenice",6.63],["zuiyangqingzhou",6.08],["ysc972",6],["juzhiyuan",5.74],["iamayushdas",5.48],["yuhongyu879",4.69],["lingsamuel",4.69],["Marco-Zheng",4.58],["adugeek",4.36],["Yullin",4.24],["yxudong",4],["hozaifaaoud",3.87],["liuxiran",3.74],["xyz2b",3.74],["nanamikon",3.61],["azura27",3.46],["Firstsawyou",3.32],["suifff",3.16],["moonming",3.16],["neOG",3.16],["1026197530",3],["tao12345666333",3],["mayocream",3],["whioue",3],["Demogorgon314",2.83],["kuberxy",2.65],["Qizhd",2.65],["Molio-tan",2.45],["NMSAzulX",2.45],["wisdom-yzh",2.45],["yongboy",2.45],["ieayoio",2.45],["freeocs",2.24],["929404097",2.24],["jxhecong",2.24],["chzhuo",2.24],["GoneGo1ng",2.24],["xuchmao",2.24],["Tinywan",2.24],["dependabot[bot]",2.24],["diaosj",2.24],["pioneer-hash",2.24],["membphis",2],["YangHuiFor",2],["smiziara",2],["gzhsnail",2],["starsz",2],["coolincy",2],["Patil2099",2],["kanghuli",1.73],["htwdjqr",1.73],["wannianma",1.73],["oldthreefeng",1.73],["Ben0625",1.73],["ShiningRush",1.73],["leshalv",1.73],["StretchV",1.73],["arthur-zhang",1.73],["imjoey",1.73],["lustlost",1.73],["yoyofx",1.73],["misterchen",1.73],["w7team",1.73],["eavesmy",1.41],["riskgod",1.41],["belongwqz",1.41],["forgaoqiang",1.41],["shhnwangjian",1.41],["laurentperez",1.41],["nic-chen",1.41],["liujin1993",1.41],["gy09535",1.41],["ak476565",1.41],["ChinaSilence",1.41],["gewei2000",1.41],["ycrxun",1.41],["sandy420",1.41],["lilien1010",1.41],["xxm404",1.41],["flying1pig",1],["neverdizzy",1],["tylitianrui",1],["param-thakker",1],["lizitao-sys",1],["warrenincn",1],["gxthrj",1],["dickens7",1],["Caelebs",1],["huzhewei",1],["wu-sheng",1],["xujiesh0510",1],["liyangbing",1],["SomalianIvan",1]],"2021-07":[["spacewander",28.98],["tokers",16.34],["yzeng25",14.83],["tzssangglass",12.88],["Yiyiyimu",12.45],["tao12345666333",12.21],["arthur-zhang",11.79],["juzhiyuan",11.53],["dickens7",9.49],["Applenice",8.77],["zuiyangqingzhou",7.94],["okaybase",7.81],["nanamikon",6.56],["KishaniKandasamy",6.24],["zll2",5.57],["dmsolr",5.39],["StretchV",5.39],["anjia0532",5.29],["slene",4.8],["rushitote",4.58],["philzhangrui",4.47],["bluesgao",4.47],["membphis",4.24],["chzhuo",4.24],["starsz",4.12],["billnote",4],["iamayushdas",3.87],["imjoey",3.87],["RocFang",3.74],["cgodefroy92",3.61],["nic-chen",3.61],["Rdebu",3.46],["liuxiran",3.32],["itw-hewb",3.32],["jamesislebron",3.32],["gxthrj",3.16],["dependabot[bot]",3.16],["yuhaizr",3],["guoqqqi",2.83],["kuberxy",2.83],["ryan4yin",2.65],["zhixiang0608",2.65],["sagivoulu",2.65],["imlewc",2.45],["CGerAJ",2.45],["wisdom-yzh",2.45],["syin-debug",2.45],["yaobo-lab",2.45],["RhnSharma",2.45],["neOG",2.24],["shoulda",2.24],["htwdjqr",2.24],["LLLLimbo",2.24],["fgksgf",2.24],["moonming",2.24],["yudar1024",2.24],["Serendipity96",2.24],["lingsamuel",2.24],["xuyancheng24",2.24],["edisonwd",2.24],["Baoyuantop",2.24],["TkClark",2],["liaomengge",2],["forcemain",2],["oldthreefeng",2],["pawarjayesh1985",2],["lihuawei321",2],["monyuan",2]],"2021-08":[["spacewander",26.27],["okaybase",16.76],["tokers",14.59],["tzssangglass",13.89],["rushitote",9.59],["wayne-cheng",8.94],["membphis",6.86],["zhendongcmss",6.78],["jagerzhang",5.83],["Yiyiyimu",5.74],["mangoGoForward",5.1],["adugeek",5],["imjoey",5],["jp-gouin",4.69],["agile6v",4.58],["dmsolr",4.47],["zhangbing17",4.24],["Yangxiamao",4.12],["kuberxy",4.12],["pawarJayesh8511",4.12],["nanamikon",4],["nic-chen",4],["RocFang",3.87],["dependabot[bot]",3.87],["shuaijinchao",3.61],["github-actions[bot]",3.61],["tong3jie",3.46],["liuxiran",3.32],["dickens7",3.16],["moonming",3.16],["siaron",3],["juzhiyuan",3],["yangtian9999",3],["xialee3512",2.83],["zou8944",2.83],["luoyin63",2.65],["tao12345666333",2.65],["sunhao-java",2.65],["hnlq715",2.65],["zhixiang0608",2.65],["Xunzhuo",2.65],["eastearth",2.45],["shoulda",2.45],["aiyiyi121",2.45],["Fuchange",2.45],["shelltea",2.45],["Caibreeze0908",2.45],["wjmmjr",2.45],["zhikaichen123",2.45],["wangxiaochuang",2.24],["Wauux",2.24],["dufeixiang",2.24],["zhangdadan",2.24],["zuodengchao",2.24],["Qizhd",2.24],["KishaniKandasamy",2.24],["mamalianggf",2],["lilihongjava",2],["RalapZ",2],["liyang1518",2],["liumoji",2],["yaobo-lab",2],["chloe88",2]],"2021-09":[["spacewander",27.44],["tzssangglass",21.59],["tokers",11.58],["okaybase",10.68],["mangoGoForward",10.44],["leslie-tsang",10.15],["arthur-zhang",9.8],["shuaijinchao",8.54],["Superskyyy",6.4],["adugeek",6.32],["Zheaoli",6],["RedemptionC",5.83],["starsz",5.39],["github-actions[bot]",5.39],["nic-chen",4.47],["imjoey",4.36],["zhendongcmss",4.24],["18300618319",4.24],["yunkunrao",4.12],["jp-gouin",4],["jagerzhang",3.87],["bzp2010",3.74],["huang-x-h",3.74],["Singularity0909",3.74],["caixiaomao",3.61],["juzhiyuan",3.61],["moonming",3.32],["tinpad",3.32],["suninuni",3.32],["qiqizjl",3.32],["superwjc",3.16],["RAMESSESII2",3.16],["Yiyiyimu",3],["tao12345666333",2.83],["macaty",2.83],["membphis",2.83],["yuhongyu879",2.83],["zcstack",2.83],["Donghui0",2.83],["kika-jiaxudong",2.83],["zenozeng",2.65],["ly-hash",2.65],["anjia0532",2.65],["zhixiang0608",2.65],["agile6v",2.45],["wayne-cheng",2.45],["foreveryang321",2.45],["qq54903099",2.45],["matthew188",2.45],["candyleer",2.45],["BoazDr",2.45],["cielswift",2.45],["zuiyangqingzhou",2.45],["zhikaichen123",2.45],["siaron",2.45],["fmcodeing",2.45],["sunnycjd",2.24],["liuxiran",2.24],["KishaniKandasamy",2.24],["dependabot[bot]",2.24],["xshans",2.24],["ray-008",2.24],["feipengheart",2.24],["dmsolr",2],["whioue",2],["fuguanye",2],["lilien1010",2],["kuaiwenwu",2],["Waylonwhynot",2]],"2021-10":[["spacewander",10.3],["tokers",4.58],["tzssangglass",4.47],["leslie-tsang",3.87],["github-actions[bot]",3.74],["18300618319",3.61],["jp-gouin",3],["okaybase",2.83],["qq54903099",2.83],["shuaijinchao",2.83],["Xunzhuo",2.83],["feipengheart",2.65],["imjoey",2.65],["jagerzhang",2.45],["zhendongcmss",2.45],["yocaning",2.45],["rapiz1",2.45],["zuiyangqingzhou",2.45],["nic-6443",2.45],["siaron",2.24],["whioue",2.24],["zaunist",2],["RalapZ",2],["nic-chen",2],["Qizhd",2],["brianzhangrong",1.73],["SireHan",1.73],["zhangweidongyyl",1.73],["rmGFW",1.73],["haowang-pony",1.73],["VidyaGF",1.73],["wbaweto",1.73],["zdzh",1.73],["651016236",1.41],["eno16777736",1.41],["wjmmjr",1.41],["laokan",1.41],["whiteketdev",1.41],["shengjianzhou",1.41],["pengtaochang",1.41],["mangoGoForward",1.41],["chanjet1213",1.41],["guxingke",1.41],["alexchan10241",1.41],["StretchV",1.41],["elvis-cai",1],["abbluiz",1],["guoqqqi",1],["sunnycjd",1],["griffenliu",1],["monitor1379",1],["lijing-21",1],["starsz",1],["wadeLouis",1],["bisakhmondal",1],["juzhiyuan",1],["kongjun01",1]],"2021-11":[["spacewander",32.3],["bisakhmondal",19.05],["tzssangglass",17.97],["bzp2010",14.76],["shuaijinchao",14.7],["Xunzhuo",12.45],["tokers",11.79],["membphis",10.34],["juzhiyuan",9.17],["windyrjc",8.6],["dmsolr",8.43],["leslie-tsang",7.62],["moonming",7.55],["github-actions[bot]",6.63],["wu-sheng",6.32],["lishaoshu1240",4.58],["jagerzhang",4.47],["imjoey",4.24],["lifeblood",4.24],["fbartels",4],["qq54903099",3.74],["rapiz1",3.74],["MizuhaHimuraki",3.61],["LiteSun",3.61],["dependabot[bot]",3.61],["sandy420",3.32],["zqm233",3.32],["fish2018",3.16],["Xu-Mj",3.16],["loongzh",3],["Jon-Gaara",2.83],["18300618319",2.83],["aoozoo",2.83],["90yangkang",2.83],["soham4abc",2.65],["arabot777",2.65],["brianzhangrong",2.65],["carsonzhan",2.65],["kevinw66",2.45],["xianshun163",2.45],["XW512",2.45],["eno16777736",2.45],["cuijinyu",2.45],["Molio-tan",2.45],["wangxiaochuang",2.45],["xiaokunliu",2.24],["iGeeky",2.24],["aseaday",2.24],["zlhgo",2.24],["yangxikun",2.24],["cache-missing",2.24],["jianmaikj",2.24],["Baoyuantop",2.24],["besich",2.24],["SSSherg",2.24],["feeops",2],["hozaifaaoud",2],["endison1986",2],["iSuperCoder",2],["starsz",2],["dongyudan",2],["deepzz0",2],["Caibreeze0908",2],["ImCHT",2],["alexchan10241",2],["jaredhuang",2],["lilien1010",2]],"2021-12":[["spacewander",30.25],["tzssangglass",18.89],["leslie-tsang",15.26],["juzhiyuan",14.11],["bzp2010",13.86],["shuaijinchao",12.96],["bisakhmondal",12.41],["tokers",10.25],["yuz10",8.43],["zaunist",6.78],["kevinw66",6.78],["zuiyangqingzhou",6.32],["qq54903099",5.83],["membphis",5.83],["github-actions[bot]",5.48],["guoqqqi",5.2],["encanto-oss",5.1],["zjzwjcbj",5.1],["moonming",5],["danielkocot",4.69],["xianshun163",4.47],["Horus-K",4.24],["Baoyuantop",4.12],["dependabot[bot]",4.12],["The-White-Lion",4.12],["Nidaozi",3.87],["soham4abc",3.87],["123liubao",3.87],["zhangweidongyyl",3.74],["webfrogs",3.74],["shaobo322",3.61],["starsz",3.61],["saintak",3.46],["gxthrj",3.46],["vcqr",3.46],["jagerzhang",3.46],["Josh-Cena",3.32],["gaobo0202",3.32],["nfrankel",3.32],["Drery",3.16],["laughingyear",3],["alex8224",3],["arabot777",3],["GhangZh",3],["lihuawei321",2.83],["hushaojun-0801",2.83],["shoulda",2.83],["kerneltravel",2.83],["lizhouyang",2.65],["zhangyiyou5",2.65],["jinyuxiaoqiang",2.65],["haoxins",2.65],["zlhgo",2.65],["JiaoMaMJ",2.65],["chanjet1213",2.45],["tao12345666333",2.45],["Ilqjx",2.45],["zero-create",2.45],["ameryhan",2.45],["zhouyu0914k",2.45],["532810439",2.45],["hepyu",2.45],["panhow",2.45],["xuminwlt",2.45],["S96EA",2.45],["anderseknert",2.24],["huang-x-h",2.24],["LiteSun",2.24],["yunfhu",2.24],["hwy1782",2.24],["yourgracee",2.24],["sunyu-2020",2.24],["deepzz0",2],["Jon-Gaara",2],["zhangbaoqian",2],["gerry-vip",2],["anjia0532",2],["TenYearsIn",2],["sekfung",2],["youlianyiran",2],["Carson-T",2],["CppCXY",2],["besich",2],["imjoey",2]],"2022-01":[["spacewander",30.46],["bzp2010",18.14],["bisakhmondal",17.69],["tzssangglass",16.19],["leslie-tsang",14.39],["shuaijinchao",13.27],["mangoGoForward",10.15],["zhendongcmss",9.59],["zaunist",9.38],["juzhiyuan",8.72],["tokers",8.12],["starsz",7.55],["moonming",7.14],["Baoyuantop",6.56],["Drery",6.24],["guoqqqi",6],["membphis",5.92],["jagerzhang",5.66],["zhixiongdu027",4.9],["github-actions[bot]",4.9],["kwanhur",4.8],["yangxikun",4.58],["kerneltravel",4.47],["anjia0532",4.47],["zlhgo",4.24],["XW512",4.12],["encanto-oss",4.12],["biubiue",4.12],["liangliang4ward",4],["shelltea",4],["hf400159",3.46],["1657486787",3.46],["crazyMonkey1995",3.32],["imjoey",3.32],["lijing-21",3.32],["cuiWT",3.32],["kongjun01",3.16],["nimohunter",3],["dickens7",3],["piglei",3],["fjs-icu",2.83],["kennethToyuan",2.83],["guxingke",2.83],["kyroslin",2.65],["zjzwjcbj",2.65],["hiqrf",2.65],["bnyte",2.65],["tao12345666333",2.45],["xianshun163",2.45],["danielkocot",2.45],["yin6516008",2.45],["suslovsergey",2.24],["ccwall3",2.24],["JiaYueHuang",2.24],["yujintang",2.24],["lhack-jpeg",2.24],["tiyorn",2.24],["kevinw66",2],["Belyenochi",2],["grainrain",2],["yzeng25",2],["heshuai-8888",2],["purekeeper",2],["siaron",2],["wangxiaochuang",2],["1247691206",2],["leyuuu",2],["drrrMikado",2],["yinyuncan",2]],"2022-02":[["spacewander",27.42],["tzssangglass",19.26],["leslie-tsang",13.78],["tokers",13.64],["zhendongcmss",12.53],["zaunist",12.41],["liangliang4ward",11.53],["kwanhur",10.63],["shuaijinchao",10.25],["membphis",10],["Chever-John",9.85],["starsz",9.38],["avinal",8.49],["bisakhmondal",8.49],["bzp2010",8.19],["juzhiyuan",7.48],["yzeng25",7.35],["tao12345666333",6.78],["zhixiongdu027",6.63],["navendu-pottekkat",6.32],["mangoGoForward",5.66],["soham4abc",5.1],["biubiue",5],["Drery",5],["crazyMonkey1995",4.8],["github-actions[bot]",4.69],["nic-6443",4.69],["Belyenochi",4.58],["YuanYingdong",4.58],["moonming",4.47],["purekeeper",4.47],["MirtoBusico",4.36],["kevinw66",4.36],["SkyeYoung",4.12],["dmsolr",4],["hf400159",3.87],["ComradeProgrammer",3.87],["tylitianrui",3.74],["shenzhuangzhi1",3.74],["nfrankel",3.61],["lizj3624",3.46],["yangxikun",3.46],["nic-chen",3.32],["WeiWANG0118",3.32],["HelloBug0",3.32],["jinghuaz",3.32],["dependabot[bot]",3.16],["zhukexingkong",3],["jwrookie",3],["2298814528",3],["xianshun163",3],["whioue",2.83],["rampagecong",2.83],["Anita-ihuman",2.83],["hellobiek",2.83],["mongudu",2.83],["1657486787",2.65],["yaule",2.65],["ShaoZeMing",2.45],["kongjun01",2.45],["pcyan",2.45],["devops-utils-tools",2.45],["sandy420",2.24],["xuanyanwow",2.24],["seanleblanc",2.24],["tiyorn",2.24],["TARI0510",2.24],["zlhgo",2.24],["xuminwlt",2],["haoyang1994",2],["zuiyangqingzhou",2],["Gary-Airwallex",2]],"2022-03":[["spacewander",31.16],["leslie-tsang",20.52],["tzssangglass",19.7],["liangliang4ward",15.03],["hf400159",15],["juzhiyuan",14.56],["tokers",13.53],["Chever-John",13.27],["moonming",12.65],["ComradeProgrammer",12.25],["kwanhur",11.96],["shuaijinchao",11.92],["vm-001",11.31],["yzeng25",10.91],["zaunist",10.82],["zhixiongdu027",10.2],["starsz",9.85],["navendu-pottekkat",9.7],["bisakhmondal",9.43],["soulbird",9.27],["membphis",8.83],["azilentech",7.94],["wilson-1024",7.42],["bin-ya",7.14],["Gerrard-YNWA",6.4],["avinal",6.32],["github-actions[bot]",5.83],["nic-6443",5.74],["fatihbm",5.74],["guoqqqi",5.48],["1502shivam-singh",5.39],["Hwting",5.2],["Gallardot",5],["Anita-ihuman",4.8],["chalin",4.8],["zhendongcmss",4.69],["rampagecong",4.47],["kingmouse-yx",4.47],["rpei2022",4.36],["zhengwe",4.24],["hanzhenfang",4.24],["dependabot[bot]",4.12],["oil-oil",3.87],["zhukexingkong",3.87],["nfrankel",3.74],["jwrookie",3.74],["zhantanfeng",3.61],["Horus-K",3.46],["bzp2010",3.46],["Gary-Airwallex",3.32],["xianshun163",3.32],["123liubao",3.16],["nic-chen",3.16],["saiyoofan",3],["navysummer",2.83],["crazyMonkey1995",2.83],["Steve0x2a",2.83],["lizj3624",2.83],["Belyenochi",2.83],["snowdusk",2.83],["flash520",2.65],["ilteriseroglu-ty",2.65],["whioue",2.65],["tao12345666333",2.65],["WeiWANG0118",2.65],["Baoyuantop",2.65],["kekoke",2.45],["jagerzhang",2.45],["qwzhou89",2.24],["rockjing",2.24],["lihuawei321",2.24],["PGDream",2.24],["tutuV",2.24],["SylviaBABY",2.24],["butterfly1924",2],["werbenhu",2],["liuning89757",2],["lingsamuel",2],["VineFiner",2],["Yullin",2],["Fengxq2014",2],["loseself",2],["tb51cx",2],["cocozhaocs",2],["Yiyiyimu",2],["pingod",2],["Fatpa",2]],"2022-04":[["spacewander",22.27],["SylviaBABY",22.02],["hf400159",18.11],["tzssangglass",16.37],["navendu-pottekkat",15.03],["juzhiyuan",11.4],["kwanhur",10.72],["guoqqqi",8.37],["tokers",8.25],["soulbird",8.12],["membphis",7.35],["moonming",7.28],["leslie-tsang",7.07],["shuaijinchao",6.93],["Chever-John",6.08],["starsz",6],["qihaiyan",5.66],["github-actions[bot]",5.48],["zhixiongdu027",5.2],["dependabot[bot]",5],["bisakhmondal",4.9],["bzp2010",4.8],["zuiyangqingzhou",4.47],["zhendongcmss",4.12],["bin-ya",4],["Baoyuantop",4],["rampagecong",3.87],["yzeng25",3.74],["lianglinhuan",3.74],["JohnnyQianP",3.46],["liangliang4ward",3.46],["Gallardot",3.32],["smile-luobin",3.32],["XW512",3.16],["gdsghost",3],["kezhenxu94",2.83],["vm-001",2.83],["MirtoBusico",2.83],["tylitianrui",2.65],["aikin-vip",2.65],["jujiale",2.65],["mcdullbloom",2.45],["ly-hash",2.45],["DwGoing",2.45],["nic-6443",2.45],["kevinw66",2.45],["johndudo",2.45],["suninuni",2.45],["mangoGoForward",2.45],["SkyeYoung",2.45],["ltt1987",2.24],["hanzhenfang",2.24],["123libohan",2.24],["Mar1usSo",2.24],["Si-ege",2.24],["qlql489",2.24],["ignaciostellino",2],["mehmetcuneyit",2],["whioue",2],["yalcinyildiz",2],["jxw1989",2],["lijing-21",2],["DennisXY",2],["EdwardHaoranLee",2],["dingbaozhuang",2],["spinachomes",2],["Horus-K",2],["cheverjonathan",2],["catherineruoxiwu",2]],"2022-05":[["spacewander",27.55],["bzp2010",20.69],["tzssangglass",19.8],["hf400159",19.62],["SylviaBABY",15.39],["juzhiyuan",15.2],["kwanhur",12.49],["soulbird",10.58],["lunarwhite",9.64],["tokers",9.49],["navendu-pottekkat",8.94],["leslie-tsang",7.21],["jwrookie",6.93],["crazyMonkey1995",6.56],["moonming",6.4],["membphis",6],["LancCJ",6],["fanchangjifen",5.66],["github-actions[bot]",5.57],["penghuima",5.39],["yzeng25",5.29],["starsz",5.2],["yunwei37",4.9],["qihaiyan",4.8],["worldwonderer",4.24],["Chever-John",4],["cr7258",3.61],["zhendongcmss",3.32],["heming79",3.32],["endison1986",3.32],["washCutBlow",3.16],["dependabot[bot]",3.16],["Jadesource",3.16],["nic-chen",3],["amrellafy",3],["waxi-i",2.83],["107295472",2.83],["isDerek",2.83],["zhoudingyu123",2.65],["believe1499",2.65],["helloxubo",2.65],["hansedong",2.65],["oil-oil",2.45],["naveensrinivasan",2.45],["cloorc",2.45],["bisakhmondal",2.45],["andrewgkew",2.45],["sandy420",2.45],["LeBW",2.45],["rpei2022",2.45],["zuiyangqingzhou",2.45],["jackk01",2.24],["840963657",2.24],["bennetgallein",2.24],["kevinw66",2.24],["GhangZh",2.24],["jagerzhang",2.24],["tao12345666333",2.24],["bingoku",2.24],["jamesislebron",2.24],["redynasc",2],["fatihbm",2],["nfrankel",2],["HashidaTKS",2],["LiteSun",2],["avinal",2],["galaxy-sea",2],["sweetpotatoman",2],["prajith-nair",2],["mehmetcuneyit",2],["Keyruu",2],["Canonical10",2],["Carl5566",2]],"2022-06":[["spacewander",20.27],["tzssangglass",16.09],["hf400159",12.41],["tokers",10.86],["SylviaBABY",10.58],["juzhiyuan",9.54],["navendu-pottekkat",9.43],["soulbird",9.11],["zhendongcmss",6.63],["moonming",6.63],["avinal",6.16],["fanchangjifen",5.57],["leslie-tsang",5.29],["mikawudi",4.8],["github-actions[bot]",4.8],["nfrankel",4.69],["okaybase",4.58],["jagerzhang",4.47],["bisakhmondal",4.47],["fesily",4.12],["kwanhur",4.12],["dickens7",4],["nic-chen",3.87],["liangyawang",3.61],["sunhao-java",3.46],["worldwonderer",3.46],["sasakiyori",3.16],["BFergerson",3],["jinnyu",3],["Jon-Gaara",3],["kongjun01",2.83],["younglifestyle",2.83],["crazyMonkey1995",2.83],["shuqingzai",2.65],["starsz",2.65],["mygrsun",2.65],["hexiaofeng",2.65],["fairyqb",2.65],["colmbrady",2.65],["mangoGoForward",2.65],["wenerme",2.45],["tao12345666333",2.45],["Fatpa",2.45],["likzn",2.45],["hahayyum",2.45],["nanamikon",2.45],["gotosre",2.45],["zhixiongdu027",2.45],["penghuima",2.45],["chenjinxuan",2.45],["xuminwlt",2.45],["stubbornTanzhe",2.45],["caozhi6655",2.24],["bzp2010",2.24],["object777",2.24],["jwrookie",2.24],["aiyiyi121",2.24],["Jary-mf",2.24],["dependabot[bot]",2.24],["hongbinhsu",2.24],["membphis",2.24],["NMichas",2.24],["JunpengLi2017",2],["lzxuan",2],["SkyeYoung",2],["chenyyyang",2],["2294648043",2],["caster-Q",2],["mygaochunming",2],["wulinghui",2],["huayi550",2],["mojerro",2],["LancCJ",2],["foxchenlei",2],["ohayak",2],["Qizhd",2],["panhow",2]],"2022-07":[["spacewander",22.45],["tzssangglass",22.45],["hf400159",15.39],["juzhiyuan",12.21],["tokers",12],["soulbird",10.91],["vyvyan2010",10.58],["ccxhwmy",9.9],["bzp2010",9.06],["SylviaBABY",8.25],["qihaiyan",7.55],["navendu-pottekkat",7.35],["lunarwhite",6.93],["1renwuruiming",6.4],["github-actions[bot]",5.39],["wodingyang",5.2],["moonming",5],["kingluo",4.58],["caozhi6655",4.47],["tao12345666333",4.24],["zhixiongdu027",4.24],["dependabot[bot]",3.87],["2294648043",3.87],["zhendongcmss",3.74],["haynesxiang",3.61],["yzeng25",3.46],["avinal",3.46],["jujiale",3.32],["iGeeky",3.32],["stubbornTanzhe",3.16],["ipanocloud",3.16],["SkyeYoung",3.16],["nthsky",3],["kwanhur",3],["Fatpa",3],["123libohan",3],["xuminwlt",3],["AlfonsoGonz",3],["bisakhmondal",2.83],["starsz",2.83],["svilenvul",2.83],["ilteriseroglu-ty",2.83],["kongjun01",2.83],["kys1230",2.83],["crazyMonkey1995",2.83],["Louis2014",2.65],["MorganArthur",2.65],["wangchao732",2.65],["oil-oil",2.65],["michaelh1355",2.45],["oneto1",2.45],["wyaow",2.45],["airclear",2.45],["Hazel6869",2.24],["xuyizhe",2.24],["zhongpengrui",2.24],["spamokm",2.24],["rogerogers",2.24],["ZhangShangyu",2.24],["membphis",2.24],["levy001",2.24],["hushaojun-0801",2],["Haoxiongke",2],["leslie-tsang",2],["Wauux",2],["suninuni",2],["jinnyu",2],["believe1499",2],["moecasts",2],["xwc1125",2],["qianshengzj",2],["jackkkkklee",2],["mikawudi",2]],"2022-08":[["spacewander",26.1],["tzssangglass",24.04],["SylviaBABY",20],["hf400159",19.29],["tokers",15.2],["ccxhwmy",11.53],["monkeyDluffy6017",10.95],["soulbird",10.68],["jackkkkklee",9.75],["qihaiyan",9],["kingluo",7.28],["bzp2010",6.93],["github-actions[bot]",6.93],["juzhiyuan",6.78],["lunarwhite",6.48],["ychensha",5.74],["moonming",5.2],["liweitianux",5],["akalittle",4.8],["Hazel6869",4.69],["starsz",4.47],["navendu-pottekkat",4.36],["nfrankel",3.46],["FinerKeysen",3.46],["jujiale",3.32],["wolgod",3.16],["sunhao-java",3.16],["crazyMonkey1995",3],["nic-chen",3],["michaelh1355",3],["whioue",3],["GhangZh",3],["Bigwen-1",2.83],["jaysonsantos",2.83],["ochuko3d",2.83],["extimo",2.65],["Lewisyixin",2.65],["BansheeLW",2.65],["zhixiongdu027",2.65],["exotfboy",2.65],["chenqiaorui",2.65],["Nobilta",2.65],["kys1230",2.45],["ouweijun1",2.45],["kense-lab",2.45],["LiteSun",2.24],["dimon-v",2.24],["tao12345666333",2.24],["840963657",2.24],["leland17",2.24],["ffch",2.24],["okaybase",2.24],["cppcoffee",2.24],["EthanKk",2.24],["Gallardot",2.24],["zuiyangqingzhou",2.24],["ZhangShangyu",2],["xingdong123",2],["cnn007",2],["SkyeYoung",2],["MalWalters",2],["sangnguyen7",2],["kwanhur",2],["guoqqqi",2],["jerrytaotz",2],["kumaxl",2],["xwc1125",2],["caster-Q",2],["Hxhong",2],["stillfox-lee",2],["1024-zzw",2],["andyzheung",2],["stubbornTanzhe",2]],"2022-09":[["spacewander",20.47],["SylviaBABY",19.6],["tzssangglass",17.38],["monkeyDluffy6017",14.07],["tokers",12.08],["hf400159",11.09],["kingluo",10.05],["soulbird",8.54],["zhixiongdu027",8.19],["starsz",6.93],["membphis",6.48],["Boburmirzo",6.16],["bzp2010",5.57],["hansedong",5],["lunarwhite",4.47],["github-actions[bot]",4.47],["jaysonsantos",4.24],["zhendongcmss",4],["ryan4yin",4],["Hazel6869",3.87],["ynsdl",3.74],["moonming",3.74],["Nobilta",3.74],["stubbornTanzhe",3.61],["juzhiyuan",3.61],["ychensha",3.61],["gitcome",3.46],["vaibhavsw",3.46],["wulinghui",3.32],["cj2a7t",3.16],["wolgod",3.16],["kizy008",3],["dengfenghong",3],["avinal",3],["bluewaystar",2.83],["tao12345666333",2.83],["xuminwlt",2.83],["dependabot[bot]",2.83],["yuqiquan",2.83],["hyt05",2.83],["C2022021",2.65],["hahayyum",2.65],["Strangevy",2.65],["zuiyangqingzhou",2.45],["jiahui1988",2.45],["zar3bski",2.45],["akalittle",2.24],["jujiale",2.24],["leslie-tsang",2.24],["nareshnagamalle",2.24],["AlphaChen",2.24],["Raymond0331",2.24],["brentmjohnson",2.24],["Baoyuantop",2.24],["atlassianss",2],["ccxhwmy",2],["ArenaSu",2],["karboom",2],["SkyeYoung",2],["fs7744",2]],"2022-10":[["tzssangglass",18.68],["spacewander",16.79],["membphis",12.57],["hf400159",11.45],["tokers",9.85],["Hazel6869",9.75],["SylviaBABY",9.49],["soulbird",9.43],["monkeyDluffy6017",7.55],["kingluo",7.07],["starsz",6.71],["juzhiyuan",5.57],["Gallardot",5.2],["github-actions[bot]",5.1],["bzp2010",4.8],["Boburmirzo",4.24],["wangfeng22",4.24],["jeffreys-cat",4.12],["pixeldin",4],["jujiale",3.87],["YangChaorix",3.74],["dependabot[bot]",3.74],["PhanPirang",3.74],["mscb402",3.61],["jackyzhao001",3.46],["mojerro",3.46],["OnlyPiglet",3.32],["wofr",3.32],["chyoong",3.32],["zuiyangqingzhou",3.32],["xinxinh2020",3.32],["hmthoo",3.16],["Winniepoom",3],["navendu-pottekkat",2.83],["Msiavashi",2.83],["zhangyuthink",2.83],["liu871009243",2.83],["wulinghui",2.83],["biakecw",2.83],["hahayyum",2.65],["savingrun",2.65],["lifeblood",2.65],["lovepocky",2.65],["jiahui1988",2.65],["shareinto",2.65],["okaybase",2.45],["ipanocloud",2.45],["Bigwen-1",2.45],["jnystad",2.24],["vavikast",2.24],["MorganArthur",2.24],["Caibreeze0908",2.24],["ZonePG",2.24],["sangvhh",2.24],["niruntao",2.24],["engimatic",2.24],["rustyb",2.24],["XW512",2.24],["Drery",2.24],["dumontxbb",2.24],["kordino",2],["1024-zzw",2],["Nobilta",2],["HT404",2],["zhixiongdu027",2],["luofanyuguai",2]],"2022-11":[["spacewander",24.86],["tzssangglass",21.4],["hf400159",15.52],["SylviaBABY",13.56],["tokers",13.34],["soulbird",13.08],["mscb402",12.29],["kingluo",11],["biakecw",9.95],["monkeyDluffy6017",9.7],["membphis",8.06],["Hazel6869",7.14],["Fabriceli",7.14],["github-actions[bot]",6.56],["juzhiyuan",6.56],["pixeldin",6.16],["mikechengwei",5.74],["fatihusta",5.66],["moonming",5.66],["TenYearsIn",5.39],["wxbty",4.9],["mcy567",4.8],["navendu-pottekkat",4.58],["zhixiongdu027",4.36],["xinxinh2020",4.24],["Drewolf",4.12],["jiahui1988",4.12],["overstarry",4],["wolgod",3.87],["Boburmirzo",3.87],["rustyb",3.61],["840963657",3.46],["Gallardot",3.46],["wangfeng22",3.46],["zlhgo",3.32],["drgnchan",3.16],["ZChengjin",3.16],["dependabot[bot]",3.16],["zou8944",3],["Laniakearr",3],["AlinsRan",2.83],["kellyseeme",2.83],["yanziyu0721730",2.65],["yunduansing",2.65],["ederparaiso",2.65],["wavemoroc001",2.65],["chyoong",2.45],["dgradecak",2.45],["JohnsonCaii",2.45],["Nobilta",2.45],["chenyyyang",2.24],["azizkhani",2.24],["xionghanhan",2.24],["oyiadin",2.24],["cclauss",2.24],["sheng-jie",2.24],["Xlight5",2.24],["fundon",2.24],["ArenaSu",2.24],["tao12345666333",2.24],["zhangw",2.24],["adamckay",2.24],["lihanghang404",2.24],["rampagecong",2.24],["bzp2010",2.24],["tangkaijun",2.24],["crazyMonkey1995",2],["scoolor",2],["StormYudi",2],["suninuni",2],["c591762009",2],["lianglinhuan",2],["seowjin1060",2],["panpingyuan",2],["fzp11",2]],"2022-12":[["tzssangglass",15.72],["spacewander",15.59],["ronething",9.95],["tokers",9],["mscb402",8.83],["navendu-pottekkat",8.6],["juzhiyuan",7.81],["kingluo",7.07],["soulbird",6.48],["SylviaBABY",6.24],["moonming",6.16],["Fabriceli",6],["github-actions[bot]",5.66],["pixeldin",5.48],["Boburmirzo",5.48],["membphis",5.29],["kellyseeme",5],["MirtoBusico",4.9],["guoqqqi",4.8],["Coderyangg",4.58],["bzp2010",4.47],["shreemaan-abhishek",4.47],["monkeyDluffy6017",4.24],["bluewaystar",4.12],["An-DJ",4.12],["ilteriseroglu-ty",3.74],["panhow",3.61],["jobop",3.32],["juzn01",3.32],["dependabot[bot]",3.16],["drgnchan",3.16],["XFarooqi",3],["hndoss",2.83],["xinqing123",2.83],["zhixiongdu027",2.83],["ynsdl",2.65],["yunduansing",2.65],["zhuliquan",2.45],["wood-zhang",2.45],["jeffaryhe",2.24],["maqile",2.24],["MekelCon",2.24],["tao12345666333",2.24],["hansedong",2.24],["zhangliweixyz",2.24],["leslie-tsang",2.24],["840963657",2.24],["wavemoroc001",2.24],["LoseAccount233",2.24],["EmilyKeer",2],["dickens7",2],["chelintsien",2],["chenjinxuan",2],["rampagecong",2],["whioue",2],["mcy567",2],["robertluoxu",2],["starsz",2],["jujiale",2],["nfrankel",2]],"2023-01":[["spacewander",21.45],["ronething",11.18],["mscb402",10.58],["shreemaan-abhishek",10.39],["soulbird",9.54],["monkeyDluffy6017",8.43],["tokers",8.12],["Fabriceli",7.07],["e1ijah1",6.56],["An-DJ",6.16],["github-actions[bot]",5.92],["xiaoxuanzi",5.83],["swtseaman",4.58],["MarkCupitt",4.58],["githubxubin",4.12],["gaoxingliang",4],["juzhiyuan",4],["uran0sH",4],["pixeldin",3.87],["starsz",3.87],["MekelCon",3.87],["kingluo",3.74],["mgonzaga1990",3.46],["Hazel6869",3.32],["Neilblaze",3.16],["bzp2010",3],["flechter",3],["alptugay",3],["kellyseeme",2.65],["15349185792",2.65],["nic-chen",2.65],["ZUOXIANGE",2.65],["jnystad",2.65],["navendu-pottekkat",2.65],["SylviaBABY",2.45],["dependabot[bot]",2.45],["xuruidong",2.45],["sashokbg",2.45],["abehnamfard",2.45],["ffjiang666",2.45],["leslie-tsang",2.24],["tanjiancheng",2.24],["MakiseKurisuling",2.24],["guochunyang2004",2.24],["zlhgo",2.24],["membphis",2.24],["MilkWangStudio",2.24],["Martinprobu",2.24],["overstarry",2],["cherishman2005",2],["aswarcewicz",2],["JohnQI8888",2],["chenyyyang",2],["schubidos",2]],"2023-02":[["spacewander",17.97],["tokers",11.31],["shreemaan-abhishek",11.22],["jiangfucheng",11.14],["soulbird",11.05],["mscb402",9.95],["An-DJ",8.66],["dyrnq",8.19],["ronething",8.12],["monkeyDluffy6017",8],["githubxubin",6.78],["github-actions[bot]",6.32],["juzhiyuan",6.16],["Fabriceli",6.16],["Neilblaze",5.92],["navendu-pottekkat",5.48],["dependabot[bot]",5.39],["kingluo",5.29],["leslie-tsang",5.29],["nfrankel",4.9],["kellyseeme",4.69],["hongdingyi",4.58],["Amishakumari544",4.36],["yangxikun",4.36],["nic-chen",4.24],["xiaoxuanzi",4.12],["Ajay-singh1",4],["AlinsRan",3.87],["liufeiguo",3.61],["ZUOXIANGE",3.61],["lework",3.46],["Qiuqiu0505",3.46],["gaoxingliang",3.46],["darkSheep404",3.32],["flylan",3.32],["hardme",3],["LiteSun",2.83],["Sn0rt",2.83],["ecoupal-believe",2.83],["YangChaorix",2.83],["syl000",2.83],["sugarScc",2.83],["macdoor",2.65],["zuiyangqingzhou",2.65],["guochunyang2004",2.65],["xuruidong",2.65],["xinqing123",2.65],["0prodigy",2.65],["WVenus",2.45],["peterleezzzZflps",2.45],["yunfhu",2.24],["jinjianming",2.24],["ZhangShangyu",2.24],["lsy1990",2.24],["pengkang1991",2.24],["Nobilta",2.24],["amyrprv",2.24],["fracek",2.24],["wavemoroc001",2],["loveyang2012",2],["liangpeihuahua",2],["SpecialYang",2],["Inasayang",2],["airstring",2],["cgriblt",2],["beginnerWJC",2],["hmh-the-one",2]],"2023-03":[["spacewander",16.94],["monkeyDluffy6017",15.72],["An-DJ",10.05],["kingluo",9.43],["freemankevin",9.06],["moonming",8.6],["ro4i7",8.31],["github-actions[bot]",7.87],["Neilblaze",7.42],["juzhiyuan",7.35],["Ajay-singh1",7.21],["jiangfucheng",6.71],["soulbird",6.63],["githubxubin",6],["starsz",5.74],["boekkooi-lengoo",5.66],["bzp2010",5.66],["navendu-pottekkat",5.2],["dependabot[bot]",4.9],["tokers",4.69],["jinjianming",4.58],["mscb402",4.58],["Qiuqiu0505",4.58],["shreemaan-abhishek",4.47],["leslie-tsang",4.36],["Fabriceli",4.36],["thor533",4],["SkyeYoung",3.74],["abs007",3.46],["zuiyangqingzhou",3.32],["ranxuxin",3.32],["ronething",3.16],["charlesvhe",2.83],["Brucepower0223",2.83],["overstarry",2.83],["whatvn",2.83],["sccblue",2.83],["TenYearsIn",2.83],["unreal-altran",2.83],["kellyseeme",2.65],["woyouyitouchenfeijv",2.65],["zsmlinux",2.65],["dyrnq",2.45],["aiyiyi121",2.45],["coffeebe4code",2.45],["LiteSun",2.45],["Hwting",2.45],["lework",2.45],["fengxsong",2.45],["AlinsRan",2.45],["flca267",2.24],["Aaron199",2.24],["siaron",2.24],["zzqCh",2.24],["wnz27",2.24],["coolboywcm",2.24],["TTsWorld",2.24],["wklken",2.24],["panhow",2.24],["Gallardot",2.24],["XFarooqi",2.24],["PhanPirang",2.24],["lingsamuel",2.24],["qshuai",2],["akrjohn",2],["liweitianux",2],["yongling0625",2],["guochunyang2004",2],["heyaochun",2],["13140983173",2],["guoqqqi",2],["oyiadin",2],["joyyir",2],["simon-flury",2],["wulinghui",2],["Amber-Wish",2],["kayx23",2],["freemindcore",2],["lazyducker",2],["hamlinzheng",2],["amyrprv",2],["chenwenjun-github",2]]}