{"2019-06":[["membphis",22],["moonming",18]],"2019-07":[["idevz",5],["vkill",6],["membphis",25],["nic-chen",5],["chnliyong",5],["moonming",17]],"2019-08":[["chnliyong",7],["membphis",18],["moonming",18]],"2019-09":[["moonming",16],["chnliyong",5],["soulsoul",7],["shuaijinchao",7],["membphis",24],["juzhiyuan",10],["Miss-you",5]],"2019-10":[["moonming",23],["wangxiaochuang",6],["lilien1010",9],["wziww",5],["shuaijinchao",9],["membphis",21],["juzhiyuan",11],["nic-chen",5],["YazaiHu",5],["soulsoul",6]],"2019-11":[["lyyoung",6],["lilien1010",16],["juzhiyuan",8],["soulsoul",8],["membphis",23],["moonming",20],["Miss-you",6],["totemofwolf",7],["spacewander",6]],"2019-12":[["agile6v",6],["ChelinTsien",5],["sshniro",8],["membphis",11],["totemofwolf",6],["moonming",15],["Miss-you",6],["shuaijinchao",5],["juzhiyuan",8]],"2020-01":[["moonming",14],["agile6v",8],["sshniro",6],["codjust",9],["membphis",18],["lilien1010",10],["juzhiyuan",6]],"2020-02":[["agile6v",7],["moonming",10],["qiujiayu",6],["sshniro",9],["membphis",22],["totemofwolf",6],["iGeeky",11]],"2020-03":[["dabue",7],["agile6v",8],["Akayeshmantha",15],["moonming",18],["qiujiayu",14],["spacewander",7],["lilien1010",8],["sshniro",14],["gxthrj",9],["membphis",32]],"2020-04":[["moonming",16],["rhubard",6],["sshniro",10],["spacewander",7],["ShiningRush",8],["Miss-you",6],["membphis",22],["dabue",7],["qiujiayu",8],["Akayeshmantha",7],["lilien1010",8],["juzhiyuan",10]],"2020-05":[["dabue",5],["ywengineer",4],["agile6v",4],["Akayeshmantha",8],["moonming",11],["ShiningRush",6],["Miss-you",6],["qiujiayu",4],["panhow",4],["spacewander",5],["sshniro",7],["xxm404",5],["membphis",14],["nic-chen",5]],"2020-06":[["moonming",16],["Miss-you",8],["ShiningRush",5],["shenal",8],["Akayeshmantha",8],["agile6v",9],["sshniro",10],["juzhiyuan",7],["scaat",7],["dabue",6],["xxm404",5],["nic-chen",9],["membphis",26],["shibingli",5]],"2020-07":[["UnderTreeTech",6],["shoogoome",5],["moonming",14],["Miss-you",5],["houshunwei",6],["spacewander",6],["shuaijinchao",9],["sshniro",7],["mtx2d",6],["gxthrj",5],["wrl96",7],["juzhiyuan",7],["membphis",25],["swayamraina",5],["taotao2014",5],["totemofwolf",6],["yongboy",5],["nic-chen",9]],"2020-08":[["jie123108",4],["scaat",4],["Yiyiyimu",11],["xyz2b",4],["gy09535",5],["nic-chen",10],["frank0417",6],["zhoujun24",4],["OnlyPiglet",4],["shuaijinchao",7],["yinyang323",4],["juzhiyuan",8],["swayamraina",5],["moonming",15],["redynasc",5],["ShiningRush",6],["sshniro",7],["dabue",5],["spacewander",8],["membphis",29],["tokers",4],["taotao2014",4],["gxthrj",4]],"2020-09":[["spacewander",10],["membphis",32],["tokers",10],["gxthrj",8],["nic-chen",14],["ShiningRush",8],["idbeta",9],["gy09535",9],["Firstsawyou",22],["Yiyiyimu",15],["moonming",24],["liuhengloveyou",11]],"2020-10":[["spacewander",18],["Firstsawyou",13],["juzhiyuan",12],["membphis",32],["tokers",11],["tzssangglass",9],["idbeta",10],["liuhengloveyou",16],["moonming",20],["RocFang",7],["liuxiran",8],["ShiningRush",7],["imjoey",8],["gy09535",8],["Jaycean",12],["tashiya-menuri",7],["LY-GO",7],["dabue",9],["nic-chen",9]],"2020-11":[["starsz",8],["Yiyiyimu",8],["jenskeiner",8],["gy09535",13],["dabue",9],["juzhiyuan",16],["idbeta",13],["HelloBug0",9],["tzssangglass",12],["nic-chen",9],["tokers",18],["membphis",26],["moonming",13],["Miss-you",9],["Firstsawyou",21],["spacewander",31]],"2020-12":[["diaosj",5],["starsz",8],["jenskeiner",11],["idbeta",8],["Firstsawyou",17],["lihansir",4],["wfgydbu",5],["Yiyiyimu",5],["qwxingzhe",5],["liuxiran",4],["gewei2000",4],["cverdela",4],["juzhiyuan",7],["unbeatablekb",4],["tzssangglass",12],["moonming",12],["nic-chen",8],["zhuliquan",4],["jbampton",11],["highkay",4],["gxthrj",7],["jaredhuang",4],["ziyou434",6],["tokers",21],["membphis",22],["Ben0625",4],["96RadhikaJadhav",4],["spacewander",32],["azura27",4],["yangxikun",4],["liyin37",4],["BFergerson",4],["gy09535",11],["kuberxy",4]],"2021-01":[["moonming",10],["fukiki",11],["Miss-you",5],["tokers",18],["membphis",18],["azura27",5],["dabue",5],["jenskeiner",14],["nanamikon",6],["dw-3",6],["juzhiyuan",9],["Yangzcy423911",8],["tzssangglass",5],["hnlq715",13],["18210212423",5],["gy09535",6],["nic-chen",8],["spacewander",33],["jbampton",12],["idbeta",9],["unbeatablekb",5],["Yiyiyimu",16],["wfgydbu",5],["imjoey",7],["Firstsawyou",19],["yongboy",6]],"2021-02":[["jbampton",12],["yongboy",10],["moonming",8],["Firstsawyou",20],["nic-chen",8],["juzhiyuan",13],["spacewander",29],["ShaoZeMing",9],["hnlq715",8],["idbeta",10],["Yiyiyimu",16],["tokers",19],["membphis",14]],"2021-03":[["starsz",6],["batman-ezio",8],["nic-chen",6],["spacewander",32],["iamayushdas",11],["moonming",11],["jp-gouin",7],["Yiyiyimu",9],["Miss-you",5],["jbampton",6],["tzssangglass",8],["stu01509",9],["juzhiyuan",17],["membphis",9],["tokers",14],["Firstsawyou",19],["yongboy",10],["aiyiyi121",5],["benx203",9]],"2021-04":[["Ben0625",5],["gxlct008",5],["tzssangglass",5],["dickens7",5],["Yiyiyimu",11],["spacewander",26],["ychdesign",6],["nanamikon",5],["jbampton",7],["nic-chen",6],["juzhiyuan",16],["KishaniKandasamy",7],["membphis",10],["tokers",16],["moonming",7],["Firstsawyou",20],["imjoey",6],["benx203",9],["Marco-Zheng",7],["iamayushdas",6],["starsz",8],["cverdela",5],["jp-gouin",5],["riskgod",6]],"2021-05":[["anjia0532",6],["StretchV",4],["tzssangglass",8],["coolbeevip",4],["hozaifaaoud",4],["wu-sheng",5],["nic-chen",5],["membphis",4],["tokers",11],["KishaniKandasamy",6],["jbampton",7],["Gary-Airwallex",4],["Firstsawyou",13],["juzhiyuan",9],["gxthrj",4],["Demogorgon314",7],["Marco-Zheng",5],["xyz2b",5],["Yiyiyimu",13],["starsz",8],["yxudong",5],["azura27",4],["spacewander",24],["vincentwc",8]],"2021-06":[["suifff",4],["nanamikon",4],["ysc972",6],["liuxiran",4],["tokers",14],["Marco-Zheng",5],["adugeek",5],["tzssangglass",8],["azura27",4],["iamayushdas",6],["juzhiyuan",6],["Firstsawyou",4],["zuiyangqingzhou",7],["neOG",4],["xyz2b",4],["moonming",4],["spacewander",25],["lingsamuel",5],["Applenice",7],["yuhongyu879",5],["Yullin",5],["hozaifaaoud",4],["Yiyiyimu",14],["yxudong",4]],"2021-07":[["arthur-zhang",12],["zuiyangqingzhou",8],["philzhangrui",5],["tao12345666333",13],["yzeng25",15],["tokers",17],["membphis",5],["slene",5],["StretchV",6],["juzhiyuan",12],["Yiyiyimu",13],["Applenice",9],["bluesgao",5],["zll2",6],["starsz",5],["KishaniKandasamy",7],["tzssangglass",13],["okaybase",8],["rushitote",5],["chzhuo",5],["spacewander",29],["nanamikon",7],["dmsolr",6],["dickens7",10],["anjia0532",6]],"2021-08":[["tong3jie",4],["spacewander",27],["Yangxiamao",5],["adugeek",5],["okaybase",17],["zhangbing17",5],["shuaijinchao",4],["dickens7",4],["dmsolr",5],["nic-chen",4],["rushitote",10],["membphis",7],["tokers",15],["nanamikon",4],["RocFang",4],["pawarJayesh8511",5],["kuberxy",5],["agile6v",5],["jp-gouin",5],["tzssangglass",14],["moonming",4],["zhendongcmss",7],["wayne-cheng",9],["imjoey",5],["liuxiran",4],["Yiyiyimu",6],["mangoGoForward",6],["jagerzhang",6]],"2021-09":[["leslie-tsang",11],["Singularity0909",4],["superwjc",4],["arthur-zhang",10],["zhendongcmss",5],["tokers",12],["18300618319",5],["imjoey",5],["okaybase",11],["adugeek",7],["spacewander",28],["suninuni",4],["mangoGoForward",11],["qiqizjl",4],["RAMESSESII2",4],["moonming",4],["Zheaoli",6],["huang-x-h",4],["tzssangglass",22],["jagerzhang",4],["nic-chen",5],["yunkunrao",5],["Superskyyy",7],["bzp2010",4],["RedemptionC",6],["jp-gouin",4],["caixiaomao",4],["shuaijinchao",9],["juzhiyuan",4],["starsz",6],["tinpad",4]],"2021-10":[["zhendongcmss",3],["whioue",3],["tokers",5],["18300618319",4],["jp-gouin",3],["rapiz1",3],["shuaijinchao",3],["nic-6443",3],["siaron",3],["Xunzhuo",3],["imjoey",3],["feipengheart",3],["yocaning",3],["leslie-tsang",4],["okaybase",3],["jagerzhang",3],["spacewander",11],["qq54903099",3],["zuiyangqingzhou",3],["tzssangglass",5]],"2021-11":[["shuaijinchao",15],["lishaoshu1240",5],["windyrjc",9],["juzhiyuan",10],["tokers",12],["membphis",11],["zqm233",4],["spacewander",33],["Xunzhuo",13],["moonming",8],["sandy420",4],["Xu-Mj",4],["MizuhaHimuraki",4],["jagerzhang",5],["fish2018",4],["imjoey",5],["LiteSun",4],["bzp2010",15],["qq54903099",4],["dmsolr",9],["tzssangglass",18],["leslie-tsang",8],["lifeblood",5],["fbartels",4],["wu-sheng",7],["bisakhmondal",20],["rapiz1",4]],"2021-12":[["zjzwjcbj",6],["yuz10",9],["encanto-oss",6],["bisakhmondal",13],["zuiyangqingzhou",7],["shuaijinchao",13],["zhangweidongyyl",4],["kevinw66",7],["qq54903099",6],["bzp2010",14],["danielkocot",5],["xianshun163",5],["jagerzhang",4],["zaunist",7],["The-White-Lion",5],["soham4abc",4],["spacewander",31],["moonming",5],["Josh-Cena",4],["123liubao",4],["leslie-tsang",16],["starsz",4],["Baoyuantop",5],["saintak",4],["membphis",6],["tokers",11],["webfrogs",4],["vcqr",4],["gxthrj",4],["shaobo322",4],["Nidaozi",4],["Drery",4],["nfrankel",4],["juzhiyuan",15],["gaobo0202",4],["guoqqqi",6],["Horus-K",5],["tzssangglass",19]],"2022-01":[["shuaijinchao",14],["moonming",8],["guoqqqi",6],["leslie-tsang",15],["zhixiongdu027",5],["bisakhmondal",18],["membphis",6],["tokers",9],["zhendongcmss",10],["zlhgo",5],["tzssangglass",17],["Baoyuantop",7],["mangoGoForward",11],["zaunist",10],["kwanhur",5],["anjia0532",5],["encanto-oss",5],["XW512",5],["biubiue",5],["kerneltravel",5],["juzhiyuan",9],["Drery",7],["starsz",8],["spacewander",31],["jagerzhang",6],["bzp2010",19],["yangxikun",5]],"2022-02":[["MirtoBusico",5],["yzeng25",8],["shuaijinchao",11],["Belyenochi",5],["mangoGoForward",6],["juzhiyuan",8],["YuanYingdong",5],["Drery",5],["purekeeper",5],["SkyeYoung",5],["zhendongcmss",13],["leslie-tsang",14],["crazyMonkey1995",5],["bisakhmondal",9],["kwanhur",11],["tzssangglass",20],["Chever-John",10],["starsz",10],["zaunist",13],["spacewander",28],["navendu-pottekkat",7],["liangliang4ward",12],["bzp2010",9],["kevinw66",5],["tao12345666333",7],["biubiue",5],["moonming",5],["zhixiongdu027",7],["nic-6443",5],["avinal",9],["membphis",10],["tokers",14],["soham4abc",6]],"2022-03":[["shuaijinchao",12],["moonming",13],["bin-ya",8],["leslie-tsang",21],["zhixiongdu027",11],["azilentech",8],["bisakhmondal",10],["membphis",9],["tokers",14],["soulbird",10],["tzssangglass",20],["ComradeProgrammer",13],["navendu-pottekkat",10],["vm-001",12],["yzeng25",11],["Chever-John",14],["zaunist",11],["kwanhur",12],["liangliang4ward",16],["juzhiyuan",15],["wilson-1024",8],["starsz",10],["spacewander",32],["hf400159",15]],"2022-04":[["shuaijinchao",7],["moonming",8],["guoqqqi",9],["leslie-tsang",8],["zhixiongdu027",6],["qihaiyan",6],["bisakhmondal",5],["membphis",8],["tokers",9],["zhendongcmss",5],["soulbird",9],["tzssangglass",17],["SylviaBABY",23],["navendu-pottekkat",16],["zuiyangqingzhou",5],["Chever-John",7],["kwanhur",11],["juzhiyuan",12],["starsz",6],["spacewander",23],["bzp2010",5],["hf400159",19]],"2022-05":[["moonming",7],["membphis",6],["tokers",10],["yzeng25",6],["starsz",6],["yunwei37",5],["penghuima",6],["fanchangjifen",6],["tzssangglass",20],["juzhiyuan",16],["jwrookie",7],["LancCJ",6],["bzp2010",21],["SylviaBABY",16],["spacewander",28],["lunarwhite",10],["leslie-tsang",8],["qihaiyan",5],["crazyMonkey1995",7],["worldwonderer",5],["hf400159",20],["navendu-pottekkat",9],["kwanhur",13],["soulbird",11]],"2022-06":[["liangyawang",4],["hf400159",13],["fesily",5],["nic-chen",4],["soulbird",10],["nfrankel",5],["juzhiyuan",10],["zhendongcmss",7],["worldwonderer",4],["mikawudi",5],["jagerzhang",5],["dickens7",4],["sasakiyori",4],["okaybase",5],["SylviaBABY",11],["fanchangjifen",6],["avinal",7],["leslie-tsang",6],["tokers",11],["spacewander",21],["kwanhur",5],["tzssangglass",17],["navendu-pottekkat",10],["sunhao-java",4],["bisakhmondal",5],["moonming",7]],"2022-07":[["navendu-pottekkat",8],["moonming",5],["hf400159",16],["SylviaBABY",9],["wodingyang",6],["avinal",4],["caozhi6655",5],["zhendongcmss",4],["iGeeky",4],["qihaiyan",8],["1renwuruiming",7],["spacewander",23],["jujiale",4],["ipanocloud",4],["vyvyan2010",11],["lunarwhite",7],["ccxhwmy",10],["tokers",12],["juzhiyuan",13],["bzp2010",10],["SkyeYoung",4],["2294648043",4],["zhixiongdu027",5],["yzeng25",4],["stubbornTanzhe",4],["kingluo",5],["soulbird",11],["haynesxiang",4],["tzssangglass",23],["tao12345666333",5]],"2022-08":[["SylviaBABY",20],["bzp2010",7],["moonming",6],["Hazel6869",5],["tzssangglass",25],["wolgod",4],["kingluo",8],["soulbird",11],["spacewander",27],["sunhao-java",4],["navendu-pottekkat",5],["jackkkkklee",10],["lunarwhite",7],["qihaiyan",9],["starsz",5],["hf400159",20],["ccxhwmy",12],["liweitianux",5],["juzhiyuan",7],["nfrankel",4],["tokers",16],["monkeyDluffy6017",11],["ychensha",6],["jujiale",4],["FinerKeysen",4],["akalittle",5]],"2022-09":[["Nobilta",4],["tzssangglass",18],["wulinghui",4],["bzp2010",6],["cj2a7t",4],["stubbornTanzhe",4],["wolgod",4],["monkeyDluffy6017",15],["ynsdl",4],["lunarwhite",5],["starsz",7],["hansedong",5],["soulbird",9],["moonming",4],["Boburmirzo",7],["hf400159",12],["juzhiyuan",4],["zhixiongdu027",9],["tokers",13],["membphis",7],["ychensha",4],["ryan4yin",4],["kingluo",11],["zhendongcmss",4],["Hazel6869",4],["SylviaBABY",20],["vaibhavsw",4],["spacewander",21],["jaysonsantos",5],["gitcome",4]],"2022-10":[["mojerro",4],["YangChaorix",4],["spacewander",17],["hf400159",12],["chyoong",4],["tzssangglass",19],["Hazel6869",10],["kingluo",8],["zuiyangqingzhou",4],["Gallardot",6],["jujiale",4],["jackyzhao001",4],["wangfeng22",5],["membphis",13],["tokers",10],["bzp2010",5],["jeffreys-cat",5],["PhanPirang",4],["starsz",7],["soulbird",10],["monkeyDluffy6017",8],["wofr",4],["hmthoo",4],["pixeldin",4],["SylviaBABY",10],["Boburmirzo",5],["OnlyPiglet",4],["juzhiyuan",6],["xinxinh2020",4],["mscb402",4]],"2022-11":[["wangfeng22",4],["moonming",6],["TenYearsIn",6],["jiahui1988",5],["monkeyDluffy6017",10],["wxbty",5],["Boburmirzo",4],["xinxinh2020",5],["mcy567",5],["rustyb",4],["kingluo",11],["Drewolf",5],["zhixiongdu027",5],["840963657",4],["spacewander",25],["fatihusta",6],["wolgod",4],["drgnchan",4],["ZChengjin",4],["SylviaBABY",14],["biakecw",10],["soulbird",14],["navendu-pottekkat",5],["Fabriceli",8],["zlhgo",4],["juzhiyuan",7],["mikechengwei",6],["overstarry",4],["membphis",9],["tokers",14],["Hazel6869",8],["pixeldin",7],["hf400159",16],["mscb402",13],["tzssangglass",22],["Gallardot",4]],"2022-12":[["bluewaystar",5],["An-DJ",5],["navendu-pottekkat",9],["membphis",6],["tokers",9],["tzssangglass",16],["kellyseeme",5],["Fabriceli",6],["shreemaan-abhishek",5],["drgnchan",4],["monkeyDluffy6017",5],["panhow",4],["Boburmirzo",6],["kingluo",8],["bzp2010",5],["moonming",7],["ronething",10],["Coderyangg",5],["juzhiyuan",8],["guoqqqi",5],["MirtoBusico",5],["mscb402",9],["jobop",4],["SylviaBABY",7],["ilteriseroglu-ty",4],["spacewander",16],["juzn01",4],["soulbird",7],["pixeldin",6]],"2023-01":[["shreemaan-abhishek",11],["leslie-tsang",3],["githubxubin",5],["kellyseeme",3],["guochunyang2004",3],["ZUOXIANGE",3],["uran0sH",4],["bzp2010",3],["Neilblaze",4],["mscb402",11],["MekelCon",4],["monkeyDluffy6017",9],["mgonzaga1990",4],["MarkCupitt",5],["starsz",4],["alptugay",3],["soulbird",10],["e1ijah1",7],["pixeldin",4],["ffjiang666",3],["xiaoxuanzi",6],["juzhiyuan",4],["gaoxingliang",4],["swtseaman",5],["ronething",12],["tokers",9],["membphis",3],["zlhgo",3],["flechter",3],["15349185792",3],["tanjiancheng",3],["kingluo",4],["xuruidong",3],["MakiseKurisuling",3],["Hazel6869",4],["jnystad",3],["SylviaBABY",3],["nic-chen",3],["sashokbg",3],["spacewander",22],["An-DJ",7],["MilkWangStudio",3],["Martinprobu",3],["navendu-pottekkat",3],["abehnamfard",3],["Fabriceli",8]],"2023-02":[["githubxubin",7],["hongdingyi",5],["darkSheep404",4],["leslie-tsang",6],["dyrnq",9],["yangxikun",5],["flylan",4],["nic-chen",5],["Amishakumari544",5],["kingluo",6],["monkeyDluffy6017",8],["Fabriceli",7],["soulbird",12],["shreemaan-abhishek",12],["liufeiguo",4],["Ajay-singh1",4],["mscb402",10],["lework",4],["Neilblaze",6],["Qiuqiu0505",4],["ronething",9],["tokers",12],["An-DJ",9],["spacewander",18],["gaoxingliang",4],["kellyseeme",5],["nfrankel",5],["xiaoxuanzi",5],["juzhiyuan",7],["navendu-pottekkat",6],["jiangfucheng",12],["ZUOXIANGE",4],["AlinsRan",4]],"2023-03":[["aiyiyi121",3],["monkeyDluffy6017",16],["ro4i7",9],["TenYearsIn",3],["moonming",9],["shreemaan-abhishek",5],["Ajay-singh1",8],["zuiyangqingzhou",4],["Aaron199",3],["jiangfucheng",7],["navendu-pottekkat",6],["siaron",3],["flca267",3],["LiteSun",3],["boekkooi-lengoo",6],["zzqCh",3],["coolboywcm",3],["sccblue",3],["whatvn",3],["leslie-tsang",5],["PhanPirang",3],["githubxubin",6],["dyrnq",3],["lework",3],["starsz",6],["ranxuxin",4],["SkyeYoung",4],["overstarry",3],["fengxsong",3],["kingluo",10],["mscb402",5],["abs007",4],["Hwting",3],["Neilblaze",8],["AlinsRan",3],["XFarooqi",3],["charlesvhe",3],["thor533",4],["spacewander",17],["woyouyitouchenfeijv",3],["Gallardot",3],["ronething",4],["wklken",3],["lingsamuel",3],["Fabriceli",5],["An-DJ",11],["soulbird",7],["tokers",5],["zsmlinux",3],["panhow",3],["juzhiyuan",8],["unreal-altran",3],["Qiuqiu0505",5],["kellyseeme",3],["coffeebe4code",3],["Brucepower0223",3],["freemankevin",10],["jinjianming",5],["wnz27",3],["TTsWorld",3],["bzp2010",6]]}