{"2019-05":[["gmail.com","1"]],"2019-06":[["gmail.com","5"],["163.com","1"],["users.noreply.github.com","1"]],"2019-07":[["gmail.com","5"],["163.com","3"],["users.noreply.github.com","3"],["qq.com","1"]],"2019-08":[["gmail.com","4"],["users.noreply.github.com","3"],["189.cn","1"]],"2019-09":[["gmail.com","9"],["qq.com","4"],["users.noreply.github.com","1"]],"2019-10":[["gmail.com","11"],["qq.com","4"],["users.noreply.github.com","4"],["upai.com","1"],["googlemail.com","1"],["apache.org","1"],["dodora.cn","1"]],"2019-11":[["gmail.com","14"],["qq.com","6"],["users.noreply.github.com","5"],["139.com","1"],["163.com","1"],["apache.org","1"]],"2019-12":[["gmail.com","8"],["users.noreply.github.com","2"],["qq.com","1"],["apache.org","1"],["agile6v.com","1"]],"2020-01":[["gmail.com","9"],["qq.com","4"],["apache.org","1"],["agile6v.com","1"],["users.noreply.github.com","1"]],"2020-02":[["gmail.com","7"],["qq.com","2"],["hotmail.com","1"],["lazymaple.pw","1"],["apache.org","1"],["foxmail.com","1"],["agile6v.com","1"],["users.noreply.github.com","1"]],"2020-03":[["gmail.com","11"],["qq.com","3"],["users.noreply.github.com","3"],["lazymaple.pw","1"],["163.com","1"],["apache.org","1"],["agile6v.com","1"]],"2020-04":[["gmail.com","9"],["qq.com","2"],["apache.org","2"],["users.noreply.github.com","2"],["agile6v.com","1"]],"2020-05":[["gmail.com","9"],["qq.com","3"],["users.noreply.github.com","3"],["apache.org","1"]],"2020-06":[["gmail.com","9"],["users.noreply.github.com","6"],["163.com","3"],["126.com","2"],["qq.com","2"],["apache.org","2"],["yeah.net","1"]],"2020-07":[["gmail.com","16"],["users.noreply.github.com","5"],["qq.com","4"],["tencent.com","1"],["163.com","1"],["apache.org","1"],["outlook.com","1"]],"2020-08":[["gmail.com","17"],["apache.org","2"],["qq.com","1"],["yobriefca.se","1"],["users.noreply.github.com","1"]],"2020-09":[["gmail.com","11"],["163.com","3"],["users.noreply.github.com","3"],["qq.com","2"]],"2020-10":[["gmail.com","15"],["users.noreply.github.com","12"],["qq.com","2"],["163.com","2"],["yeah.net","1"],["icloud.com","1"],["apache.org","1"]],"2020-11":[["gmail.com","16"],["users.noreply.github.com","5"],["qq.com","1"],["163.com","1"],["apache.org","1"],["outlook.com","1"]],"2020-12":[["gmail.com","11"],["users.noreply.github.com","8"],["tencent.com","1"],["qq.com","1"],["163.com","1"],["apache.org","1"],["nfft.org","1"],["eore.cn","1"]],"2021-01":[["gmail.com","20"],["users.noreply.github.com","5"],["163.com","2"],["qq.com","1"],["hotmail.com","1"],["apache.org","1"]],"2021-02":[["gmail.com","18"],["users.noreply.github.com","2"],["apache.org","1"],["yahoo.com.tw","1"]],"2021-03":[["gmail.com","24"],["users.noreply.github.com","4"],["apache.org","2"],["qq.com","1"],["hotmail.fr","1"],["163.com","1"]],"2021-04":[["gmail.com","8"],["users.noreply.github.com","8"],["qq.com","4"],["apache.org","3"],["163.com","2"],["hotmail.com","1"],["foxmail.com","1"]],"2021-05":[["gmail.com","9"],["users.noreply.github.com","5"],["hotmail.com","1"],["apache.org","1"],["api7.ai","1"],["qq.com","1"],["foxmail.com","1"],["yahoo.com","1"],["163.com","1"],["airwallex.com","1"]],"2021-06":[["gmail.com","14"],["users.noreply.github.com","3"],["apache.org","2"],["126.com","1"],["yahoo.co.jp","1"],["163.com","1"]],"2021-07":[["gmail.com","19"],["users.noreply.github.com","5"],["126.com","2"],["qq.com","1"],["apache.org","1"]],"2021-08":[["gmail.com","12"],["users.noreply.github.com","6"],["126.com","1"],["apache.org","1"],["zhang.ge","1"],["qq.com","1"],["foxmail.com","1"],["live.com","1"],["163.com","1"]],"2021-09":[["gmail.com","7"],["users.noreply.github.com","7"],["apache.org","6"],["qq.com","4"],["manjusaka.me","1"],["tiduyun.com","1"],["outlook.com","1"]],"2021-10":[["gmail.com","5"],["users.noreply.github.com","2"],["rapiz.me","1"],["apache.org","1"],["foxmail.com","1"]],"2021-11":[["gmail.com","13"],["users.noreply.github.com","8"],["apache.org","3"],["qq.com","2"],["foxmail.com","1"]],"2021-12":[["gmail.com","11"],["users.noreply.github.com","7"],["126.com","3"],["apache.org","2"],["163.com","2"],["icloud.com","1"],["frankel.ch","1"],["qq.com","1"],["foxmail.com","1"]],"2022-01":[["users.noreply.github.com","10"],["gmail.com","8"],["163.com","2"],["icloud.com","1"],["126.com","1"],["apache.org","1"],["zhang.ge","1"],["qq.com","1"],["foxmail.com","1"]],"2022-02":[["users.noreply.github.com","10"],["gmail.com","9"],["qq.com","5"],["foxmail.com","2"],["163.com","2"],["126.com","1"],["frankel.ch","1"],["hotmail.com","1"],["apache.org","1"],["api7.ai","1"],["outlook.com","1"],["libssl.com","1"],["startdt.com","1"]],"2022-03":[["users.noreply.github.com","14"],["gmail.com","11"],["qq.com","5"],["163.com","3"],["126.com","1"],["frankel.ch","1"],["apache.org","1"],["outlook.com","1"],["libssl.com","1"],["foxmail.com","1"],["airwallex.com","1"]],"2022-04":[["users.noreply.github.com","8"],["gmail.com","6"],["163.com","2"],["126.com","1"],["apache.org","1"],["libssl.com","1"],["api7.ai","1"],["outlook.com","1"]],"2022-05":[["gmail.com","10"],["users.noreply.github.com","10"],["qq.com","5"],["163.com","2"],["apache.org","2"],["hotmail.com","1"],["bennetgallein.de","1"]],"2022-06":[["gmail.com","20"],["users.noreply.github.com","4"],["qq.com","4"],["163.com","2"],["me.com","1"],["apache.org","1"],["outlook.com","1"],["zhang.ge","1"],["foxmail.com","1"]],"2022-07":[["users.noreply.github.com","10"],["gmail.com","6"],["apache.org","2"],["163.com","2"],["sina.cn","1"],["hotmail.com","1"],["outlook.com","1"],["qq.com","1"],["libssl.com","1"]],"2022-08":[["gmail.com","13"],["users.noreply.github.com","6"],["apache.org","3"],["qq.com","2"],["tencent.com","1"],["hotmail.com","1"],["163.com","1"],["foxmail.com","1"]],"2022-09":[["users.noreply.github.com","8"],["gmail.com","7"],["apache.org","1"],["outlook.com","1"],["qq.com","1"],["libssl.com","1"],["tencent.com","1"],["yinxiaoluo.com","1"],["163.com","1"]],"2022-10":[["gmail.com","5"],["users.noreply.github.com","4"],["163.com","2"],["qq.com","1"],["apache.org","1"],["foxmail.com","1"],["outlook.com","1"]],"2022-11":[["gmail.com","8"],["users.noreply.github.com","5"],["qq.com","3"],["rings.net.cn","1"],["googlemail.com","1"],["me.com","1"]],"2022-12":[["gmail.com","10"],["apache.org","4"],["users.noreply.github.com","2"],["qq.com","1"],["outlook.com","1"]],"2023-01":[["gmail.com","7"],["users.noreply.github.com","6"],["163.com","5"],["apache.org","2"],["asplanviak.no","1"]],"2023-02":[["gmail.com","18"],["apache.org","2"],["users.noreply.github.com","2"],["qq.com","1"],["hotmail.com","1"]],"2023-03":[["gmail.com","15"],["apache.org","4"],["users.noreply.github.com","4"],["163.com","2"],["qq.com","1"]]}