{"2019-06":["xiwangzishi","orangle","moonming","soulsoul","membphis"],"2019-07":["idevz","nic-chen","vkill","juzhiyuan","chnliyong","Tinywan"],"2019-08":["forging2012","onlytiancai","sushuai"],"2019-09":["fc13240","Ynge","zhiyong0804","cuiweixie","Miss-you","hwangjr","totemofwolf","buhejiudewangxiansheng","supermario1990","shuaijinchao"],"2019-10":["wangxiaochuang","YazaiHu","wziww","leinue","membphis","lilien1010","linsir","juzhiyuan","moonming","brileyhe","np1e","leinue","o-oops","pahud","lyyoung"],"2019-11":["soulsoul","Miss-you","BradyBromley","chnliyong","totemofwolf","supermario1990","wangrzneu","bobopan","Zheaoli","duzhenxun","lihuibin","agile6v","Beckjiang","spacewander","shuaijinchao","fge2016","tom2nonames","nic-chen","idevz"],"2019-12":["ChelinTsien","mausspb","chspy","sshniro","linlinnj"],"2020-01":["wtt20","codjust","leehomewl","qiujiayu","weihai4099","xiaobiaozhao","KowloonZh"],"2020-02":["AbelZhou","iGeeky","wu-sheng","LazyMaple"],"2020-03":["wwd5613","dabue","griffenliu","ShiningRush","hiproz","gxthrj","Akayeshmantha","sbritocorral","xxm404"],"2020-04":["paoying","eiyouwang","dotSlashLu"],"2020-05":["scaat","dengliming"],"2020-06":["cyxinda","QuakeWang","stone4774","shibingli","Gerrard-YNWA","qiukeren","wangchao523","shenal","KevinHoo","hellmage"],"2020-07":["mtx2d","houshunwei","ko-han","YuanYingdong","swayamraina","imjoey","yongboy","lingsamuel","EnableAsync","RocFang","morrme","wrl96"],"2020-08":["kouphax","jie123108","redynasc","jackwoods","Yiyiyimu","tokers","taotao2014"],"2020-09":["Firstsawyou","uptree","idbeta","dickens7","mddmzl","gy09535"],"2020-10":["shoogoome","li1234yun","cscfamily001","liuhengloveyou","htwdjqr","tashiya-menuri","muxueqz","fukiki","Jaycean","haifeng9414","diaosj","sober-wang","tzssangglass","HelloBug0","starsz"],"2020-11":["96RadhikaJadhav","wfnuser","willmafh","jxhecong","DHB-liuhong"],"2020-12":["jbampton","jenskeiner","qwxingzhe","dabuge","yangxikun","guoqqqi"],"2021-01":["syzh","nanamikon","wfgydbu","BFergerson","shenshaoye","halfcrazy","zfs123","hnlq715"],"2021-02":["wettper","eavesmy","stu01509","ganttee","jpcarroll"],"2021-03":["batman-ezio","iamayushdas","bzp2010","KafilatAdeleke","LiteSun","dhawal-kamdar","defp","qian0817","jp-gouin"],"2021-04":["himanshu007-creator","huangnauh","ryan4yin","han6565","Ben0625","marsken88","KishaniKandasamy","yejingx","gxlct008","vrsashly","benx203","Majalian","dmsolr","ychdesign"],"2021-05":["fc13240","keilon","Gary-Airwallex","topzyh","anjia0532","Demogorgon314","wang-yeliang","Simolx","xyz2b","yxudong"],"2021-06":["zuiyangqingzhou","ysc972","tao12345666333","Applenice","yuhongyu879","neOG","chzhuo","mayocream","liuxiran"],"2021-07":["slene","bluesgao","billnote","Baoyuantop","arthur-zhang","okaybase","imlewc","wisdom-yzh","fgksgf","RhnSharma","Serendipity96","yzeng25"],"2021-08":["rushitote","jagerzhang","Yangxiamao","sunhao-java","shelltea","tong3jie","Xunzhuo"],"2021-09":["candyleer","yunkunrao","Superskyyy","wayne-cheng","zenozeng","huang-x-h","RedemptionC","leslie-tsang","Singularity0909","sunnycjd","caixiaomao"],"2021-10":["rapiz1"],"2021-11":["brianzhangrong","carsonzhan","cuijinyu","cache-missing","Xu-Mj","besich","bisakhmondal","soham4abc","MizuhaHimuraki","arabot777","windyrjc","Jon-Gaara"],"2021-12":["haoxins","liangliang4ward","zlhgo","vcqr","kerneltravel","zaunist","The-White-Lion","S96EA","webfrogs","danielkocot","nfrankel","yuz10","123liubao","kevinw66","shaobo322"],"2022-01":["zhendongcmss","kwanhur","mangoGoForward","encanto-oss","piglei","lijing-21","yujintang","yin6516008","hf400159","lhack-jpeg"],"2022-02":["fbartels","tylitianrui","crazyMonkey1995","navendu-pottekkat","zhixiongdu027","biubiue","Drery","shenzhuangzhi1","Chever-John","nic-6443","SkyeYoung","Belyenochi","Hwting"],"2022-03":["wilson-1024","oil-oil","rpei2022","chalin","avinal","Anita-ihuman","soulbird","azilentech","snowdusk","rampagecong","jwrookie","bin-ya","SylviaBABY","Gallardot","ComradeProgrammer","zhengwe"],"2022-04":["aikin-vip","Si-ege"],"2022-05":["penghuima","cr7258","yunwei37","qlql489","naveensrinivasan","bennetgallein","gdsghost","hanzhenfang","smile-luobin","LancCJ","qihaiyan","LeBW","lunarwhite"],"2022-06":["likzn","NMichas","fesily","worldwonderer","mikawudi","wenerme","sasakiyori"],"2022-07":["rogerogers","kingluo","ilteriseroglu-ty","haynesxiang","ccxhwmy","monkeyDluffy6017","AlfonsoGonz","caozhi6655"],"2022-08":["Hazel6869","840963657","xuyizhe","leland17","ychensha","cppcoffee"],"2022-09":["jackkkkklee","Boburmirzo","hansedong","jaysonsantos"],"2022-10":["Strangevy","ZonePG","OnlyPiglet","mscb402"],"2022-11":["adamckay","TenYearsIn","pixeldin","cclauss","fatihusta"],"2022-12":["Fabriceli","ronething","An-DJ","shreemaan-abhishek"],"2023-01":["e1ijah1","MakiseKurisuling","uran0sH","XFarooqi","jnystad"],"2023-02":["jiangfucheng","Neilblaze","Amishakumari544","xuruidong","huacnlee","ZhangShangyu","xiaoxuanzi"],"2023-03":["jobop","Qiuqiu0505","AlinsRan","boekkooi-lengoo"]}