{"2016-01":[["google.com","2"],["hansl.ca","1"],["me.com","1"],["users.noreply.github.com","1"]],"2016-02":[["gmail.com","2"],["hansl.ca","2"],["google.com","2"]],"2016-03":[["gmail.com","6"],["google.com","5"],["easymetrics.com","1"],["gdi2290.com","1"],["hansl.ca","1"],["me.com","1"]],"2016-04":[["gmail.com","4"],["hansl.ca","2"],["google.com","2"],["users.noreply.github.com","2"],["live.com","1"],["me.com","1"]],"2016-05":[["gmail.com","8"],["users.noreply.github.com","4"],["hansl.ca","2"],["live.com","1"],["gnucoop.com","1"],["google.com","1"],["me.com","1"]],"2016-06":[["gmail.com","9"],["users.noreply.github.com","4"],["live.com","1"],["gmx.net","1"],["hansl.ca","1"],["google.com","1"],["me.com","1"]],"2016-07":[["gmail.com","10"],["users.noreply.github.com","6"],["hansl.ca","1"],["fueledbycaffeine.com","1"]],"2016-08":[["gmail.com","8"],["users.noreply.github.com","2"],["hansl.ca","1"],["google.com","1"]],"2016-09":[["gmail.com","9"],["users.noreply.github.com","8"],["nkw.io","1"]],"2016-10":[["gmail.com","18"],["users.noreply.github.com","2"],["google.com","2"],["yandex.ru","1"],["jeffhyde.com","1"],["riken.jp","1"],["tzadi.com","1"]],"2016-11":[["gmail.com","10"],["users.noreply.github.com","9"],["google.com","6"],["abv.bg","1"],["timklein.nl","1"]],"2016-12":[["gmail.com","12"],["google.com","5"],["users.noreply.github.com","4"],["profoundry.us","1"]],"2017-01":[["gmail.com","25"],["users.noreply.github.com","5"],["profoundry.us","1"],["google.com","1"]],"2017-02":[["gmail.com","12"],["google.com","9"],["users.noreply.github.com","8"]],"2017-03":[["gmail.com","17"],["users.noreply.github.com","4"],["rangle.io","3"],["google.com","3"]],"2017-04":[["gmail.com","23"],["users.noreply.github.com","3"],["google.com","1"]],"2017-05":[["gmail.com","13"],["google.com","5"],["users.noreply.github.com","4"]],"2017-06":[["gmail.com","14"],["users.noreply.github.com","7"],["qq.com","2"],["googlemail.com","1"],["msn.com","1"]],"2017-07":[["gmail.com","17"],["users.noreply.github.com","6"],["google.com","3"],["qq.com","2"],["abv.bg","1"],["codetree.com.au","1"]],"2017-08":[["users.noreply.github.com","15"],["gmail.com","5"],["google.com","3"],["qq.com","2"]],"2017-09":[["gmail.com","11"],["google.com","6"],["users.noreply.github.com","3"],["vip.qq.com","1"]],"2017-10":[["gmail.com","13"],["users.noreply.github.com","10"],["google.com","2"],["abv.bg","1"],["alyssanicoll.com","1"]],"2017-11":[["gmail.com","15"],["users.noreply.github.com","7"],["google.com","3"],["qq.com","1"]],"2017-12":[["gmail.com","11"],["users.noreply.github.com","9"],["google.com","2"],["yahoo.in","1"],["airblader.de","1"]],"2018-01":[["users.noreply.github.com","18"],["gmail.com","13"],["live.ca","1"],["ouq77.kiwi","1"],["google.com","1"],["odahcam.com","1"]],"2018-02":[["users.noreply.github.com","24"],["google.com","5"],["gmail.com","3"]],"2018-03":[["users.noreply.github.com","11"],["gmail.com","4"],["google.com","1"]],"2018-04":[["gmail.com","9"],["users.noreply.github.com","9"],["google.com","5"],["me.com","1"]],"2018-05":[["users.noreply.github.com","16"],["gmail.com","12"],["google.com","2"],["live.com","1"],["sirmatec.com","1"],["hotmail.ca","1"],["airblader.de","1"]],"2018-06":[["users.noreply.github.com","10"],["gmail.com","9"],["google.com","4"],["abv.bg","1"],["probst.io","1"],["jetbrains.com","1"]],"2018-07":[["users.noreply.github.com","16"],["gmail.com","2"],["google.com","2"],["riseup.net","1"]],"2018-08":[["users.noreply.github.com","11"],["gmail.com","7"],["google.com","3"],["ultimatesoftware.com","2"]],"2018-09":[["users.noreply.github.com","13"],["gmail.com","9"],["abv.bg","1"],["dreamonkey.com","1"],["google.com","1"]],"2018-10":[["gmail.com","14"],["users.noreply.github.com","11"],["solstice.com","1"],["nahkies.co.nz","1"],["me.com","1"]],"2018-11":[["gmail.com","11"],["users.noreply.github.com","5"],["evanpayne.com","1"],["theflybook.com","1"],["google.com","1"]],"2018-12":[["gmail.com","7"],["users.noreply.github.com","7"],["google.com","2"],["mathias-paumgarten.com","1"]],"2019-01":[["gmail.com","11"],["users.noreply.github.com","10"],["google.com","2"],["4mz.de","1"],["kdrvn.com","1"]],"2019-02":[["gmail.com","13"],["users.noreply.github.com","10"],["CapitalOne.com","1"],["gmx.ch","1"],["welander.us","1"]],"2019-03":[["users.noreply.github.com","13"],["gmail.com","7"],["abv.bg","1"],["gmx.ch","1"],["google.com","1"],["mitchellwills.com","1"],["yearofmoo.com","1"]],"2019-04":[["users.noreply.github.com","15"],["gmail.com","6"],["google.com","1"],["yearofmoo.com","1"]],"2019-05":[["gmail.com","6"],["users.noreply.github.com","6"],["google.com","2"],["abv.bg","1"],["alxandria.net","1"],["adesso.de","1"],["mathias-paumgarten.com","1"]],"2019-06":[["gmail.com","14"],["users.noreply.github.com","5"],["google.com","2"],["gmx.ch","1"],["stevenxu.ca","1"]],"2019-07":[["users.noreply.github.com","13"],["gmail.com","5"],["abv.bg","1"]],"2019-08":[["gmail.com","12"],["users.noreply.github.com","8"],["google.com","6"],["abv.bg","1"],["stevenxu.ca","1"]],"2019-09":[["users.noreply.github.com","12"],["gmail.com","7"],["google.com","4"],["jamesvickery.net","1"]],"2019-10":[["users.noreply.github.com","17"],["gmail.com","6"],["google.com","3"],["abv.bg","1"]],"2019-11":[["gmail.com","11"],["users.noreply.github.com","9"],["google.com","2"],["msn.com","1"]],"2019-12":[["gmail.com","15"],["users.noreply.github.com","5"],["google.com","4"],["qq.com","1"],["angular.io","1"],["probst.io","1"]],"2020-01":[["gmail.com","12"],["google.com","9"],["users.noreply.github.com","9"],["angular.io","1"]],"2020-02":[["gmail.com","12"],["users.noreply.github.com","9"],["google.com","7"],["abv.bg","1"],["angular.io","1"]],"2020-03":[["users.noreply.github.com","16"],["gmail.com","6"],["google.com","4"]],"2020-04":[["users.noreply.github.com","18"],["gmail.com","4"],["gnucoop.com","1"],["jchw.io","1"]],"2020-05":[["gmail.com","6"],["google.com","5"],["abv.bg","4"],["users.noreply.github.com","3"],["gnucoop.com","1"],["angular.io","1"]],"2020-06":[["gmail.com","14"],["users.noreply.github.com","6"],["google.com","3"],["abv.bg","1"],["elemica.com","1"],["stevenxu.ca","1"],["davidlj95.com","1"]],"2020-07":[["gmail.com","10"],["google.com","8"],["users.noreply.github.com","6"],["abv.bg","1"],["e-hein.de","1"],["merrillcorp.com","1"]],"2020-08":[["gmail.com","9"],["google.com","7"],["users.noreply.github.com","6"],["abv.bg","1"],["e-ips.com","1"],["merrillcorp.com","1"],["yandex.ru","1"]],"2020-09":[["users.noreply.github.com","12"],["google.com","4"],["gmail.com","3"],["yahoo.com","1"]],"2020-10":[["users.noreply.github.com","14"],["google.com","4"],["gmail.com","2"]],"2020-11":[["users.noreply.github.com","9"],["google.com","5"],["gmail.com","3"],["replicahq.com","1"],["foxmail.com","1"]],"2020-12":[["users.noreply.github.com","11"],["gmail.com","5"],["google.com","4"],["sbb.ch","1"]],"2021-01":[["users.noreply.github.com","22"],["google.com","3"],["bithost.ch","1"],["angular.io","1"],["novabase.pt","1"]],"2021-02":[["users.noreply.github.com","18"],["google.com","2"],["angular.io","1"],["sbb.ch","1"],["outlook.com","1"]],"2021-03":[["users.noreply.github.com","15"],["google.com","5"],["gmail.com","2"],["sbb.ch","2"],["andrew.cmu.edu","1"],["honles.com","1"],["angular.io","1"]],"2021-04":[["users.noreply.github.com","18"],["google.com","6"],["gmail.com","1"],["outlook.com","1"]],"2021-05":[["users.noreply.github.com","12"],["gmail.com","7"],["google.com","4"],["yahoo.com","1"],["calmus.org","1"],["live.com","1"]],"2021-06":[["users.noreply.github.com","11"],["google.com","6"],["gmail.com","5"],["kgajera.com","1"],["sbb.ch","1"],["list.ru","1"]],"2021-07":[["google.com","6"],["users.noreply.github.com","5"],["gmail.com","3"],["icloud.com","1"],["sbb.ch","1"],["angular.io","1"],["yahoo.com","1"],["live.com","1"],["angular.hu","1"]],"2021-08":[["gmail.com","5"],["google.com","4"],["users.noreply.github.com","4"],["angular.io","1"]],"2021-09":[["google.com","5"],["gmail.com","4"],["users.noreply.github.com","3"],["yahoo.com","1"],["gnucoop.com","1"],["us.ibm.com","1"],["me.com","1"]],"2021-10":[["users.noreply.github.com","3"],["gmail.com","2"],["google.com","2"],["gnucoop.com","1"]],"2021-11":[["gmail.com","8"],["users.noreply.github.com","3"],["google.com","2"],["gnucoop.com","1"]],"2021-12":[["users.noreply.github.com","11"],["gmail.com","6"],["google.com","2"],["holisticon.de","1"],["googlemail.com","1"]],"2022-01":[["users.noreply.github.com","14"],["gmail.com","5"],["google.com","1"],["sbb.ch","1"]],"2022-02":[["users.noreply.github.com","20"],["gmail.com","3"],["google.com","3"]],"2022-03":[["users.noreply.github.com","20"],["gmail.com","6"],["google.com","4"]],"2022-04":[["users.noreply.github.com","24"],["gmail.com","4"],["google.com","2"],["kcherkashin.org","1"],["renovateapp.com","1"],["yandex.ru","1"]],"2022-05":[["gmail.com","5"],["users.noreply.github.com","5"],["google.com","4"],["renovateapp.com","1"],["pwc.com","1"]],"2022-06":[["users.noreply.github.com","16"],["gmail.com","4"],["google.com","4"],["renovateapp.com","2"]],"2022-07":[["users.noreply.github.com","8"],["gmail.com","4"],["google.com","2"]],"2022-08":[["users.noreply.github.com","11"],["google.com","5"],["gmail.com","4"],["inbox.ru","1"]],"2022-09":[["google.com","5"],["users.noreply.github.com","5"],["gmail.com","4"],["abv.bg","1"],["u.northwestern.edu","1"]],"2022-10":[["google.com","5"],["gmail.com","3"],["users.noreply.github.com","3"],["npr.org","1"]],"2022-11":[["gmail.com","6"],["google.com","4"],["users.noreply.github.com","4"],["abv.bg","1"],["hotmail.com","1"]],"2022-12":[["users.noreply.github.com","4"],["gmail.com","3"],["google.com","3"],["protonmail.com","1"]],"2023-01":[["gmail.com","6"],["users.noreply.github.com","6"],["google.com","4"]],"2023-02":[["gmail.com","7"],["users.noreply.github.com","7"],["google.com","4"],["vendasta.com","1"]],"2023-03":[["users.noreply.github.com","6"],["google.com","4"],["gmail.com","3"]]}