{"2016-01":["hansl","jelbourn"],"2016-02":["kara"],"2016-03":["traviskaufman","JayKan","devversion","robertmesserle"],"2016-04":["matthewdenobrega","dozingcat","ZakariaRidouh","josephperrott"],"2016-05":["trik","paullang","robwormald","sendilkumarn","jesselpalmer","mmgdort","davidgabrichidze","jean-merelis"],"2016-06":["NCC1701M","crisbeto","randyaa","vikerman","thecodingwizard","MartinMa","iveysaur"],"2016-07":["quickskape","drager","jacobfike","pgurenko","joshfriend"],"2016-08":["Judp0m","tlein","alexeagle"],"2016-09":["Nightapes","jimitndiaye","davideast","nkwood","shairez","irJERAD","fxck","MatrixFrog","JanStureNielsen"],"2016-10":["mathebox","andrewmnlv","MikeRyan52","dharmeshpipariya","vinagreti","dasois","DAB0mB","mniya","tinayuangao","metanav","feloy","mmalerba","jhyde","PseudoPsycho","andrewseguin","chouclee"],"2016-11":["reuvenharrison","gucheen","ericjim","belev","trshafer","amiral84","Superd22","topherfangio","chauncey-garrett","tdawgy","cht8687","janisr","TimKlein87"],"2016-12":["Drumarcco","letthewookieewin","ianjoneill","naomiblack","jasonhodges","EladBezalel","alexisbmills","nickraphael","kuncevic","LOZORD","timvdalen"],"2017-01":["thomaspink","quanterion","limerickgds","gyscos","lacolaco","ajayullal","westonpace","ladyleet","Splaktar","barrtender","riavalon","codef0rmer","joejordanbrown","jennyraj","irfanhudda","code-tree","Codebacca"],"2017-02":["LendsMan","NColey","icheckmate","mattlgy","leo6104","dominikstrasser","davidenke","AsherFoster","comfroels","jefersonestevo","vishwajeetv","emoralesb05"],"2017-03":["willshowell","adyavanapalli","mertdeg2","changLiuUNSW","d3viant0ne","marshall007","esinek","christinakayastha","dalelotts"],"2017-04":["kyle-burke","jbh","M-a-c","dahaupt","johanb","YeomansIII","jrood","Wo1v3r","PranavSathy","epelc","alexweber","austin94","gkohen"],"2017-05":["donroyco","mikedory","jbojcic1","ambaumann","PhilipSultanescu","GeorgDangl","jdell64","nallwhy","miki95","gtzinos"],"2017-06":["csvn","swftvsn","theely","macjohnny","YoussefTaghlabi","RobJacobs","svi3c","amcdnl","girtsernstsons","thatJavaNerd","Eddman"],"2017-07":["robindijkhof","ocarreterom","amitport","julianobrasil","shlomiassaf","g1shin","rafaelss95","sllethe","niklas-dahl","michastreppel","zolotyx","pulasthibandara","leocaseiro"],"2017-08":["hwesol13","SargoDarya","Jefiozie","trevorade","cyrilletuzi","e-cloud","mostwired","ppham27","KillaBee1985","cladera"],"2017-09":["Teamop","seanharr11","Lindsor","NothingEverHappens","FadySamirSadek","roseperrone","grizzm0"],"2017-10":["alyssamichelle","dereekb","mittcoats","emilio-martinez","TheRedD0t","barnesma","cgrail"],"2017-11":["atscott","actra-gschuster","gregmagolan","swreeser","aitboudad","trotyl","zadorozhniyal","abogaart","rkrzewski","AnthonNilsson","CaerusKaru"],"2017-12":["shevaroller","Airblader","debudda","johanchouquet","takahser","chetankhilosiya","kouMatsumoto","chuckjaz","Allajah","glenstaes","olivierlemasle"],"2018-01":["aaroneously","SchnWalter","timmoy","Hirse","Bpaterak","lharries","llorenspujol","Chan4077","Maistho","mkell85","andreroggeri","bettercalldough","ouq77","CDDelta","odahcam","EmpeRoar"],"2018-02":["heavybeard","tonybaroneee","rellis-of-rhindleton","michaelthe","3rf","vthinkxie","Tahler","ORESoftware"],"2018-03":["mtrdp642","tobiasschweizer","pankajparkar"],"2018-04":["IgorMinar","raygervais","specialkk","RytisLT","ocombe","saulotoledo","immannino","jshoudy11"],"2018-05":["benelliott","butterprim","pfeigl","AmmarHasan","jerryorta-dev","nothingmi","DavidSouther","Toxicable","alex-okrushko","stevenyxu","aarongarciah","sir-boformer","alan-agius4","clydin","Longfld","matthewdeeco","stasmaxymov","StephenFluin","PowerKiKi","banminkyoz","Gusachenko"],"2018-06":["princemaple","mprobst","Silthus","dgsmith2","victoriaaa234","mjawulski","glouischandra","piotrtomiak","leibale","danmana","lordrip","jhuang314"],"2018-07":["pickfire","thefliik","yunga91","cRAN-cg","fetis","MarkArranz","pavel-agarkov","FrederikSchlemmer"],"2018-08":["livthomas","ErickXavier","amyramnauth","Nevaan","cyberjacob","elAndyG","vivian-hu","arturovt","jianliao"],"2018-09":["electric-drummer","DaSchTour","MathiasPaumgarten","tplk","IlCallo","nename0","arodr967","pandrushka","vhuang13","SteveVanOpstal","chriskrolak"],"2018-10":["mlrv","mnahkies","PedroPovedaQ","AdrianPal","therealklanni","rossgardt","Nexeuz","fabioloreggian"],"2018-11":["pas2al","adrogon","n0nick","lx1036","LayZeeDK","JWTappert","Gabb1995","DXFiles","evanfuture","afleischer"],"2018-12":["erhise","klemenoslaj","swseverance"],"2019-01":["adgoncal","bowenni","Tibing","Mokkapps","ahasall","Isitar","nigel5","literalpie","CaptainCow95","saschanuissl","kdrvn","mouadennaciri","eranshmil"],"2019-02":["lazarljubenovic","pavethiran","dafo","mgalante","jtcrowson","rkirov","Gi11i4m","alur","cbejensen","Suresh918","s2-abdo","ViktorSlavov"],"2019-03":["Aleksandyr","mitchellwills","marclaval","MartinKamenov","pkozlowski-opensource","matsko","dtslvr","Sebring"],"2019-04":["kseamon","araslanov","RudarDaman","vanessanschmitt","jerome-nelson","kjivan","Wykks"],"2019-05":["vitaliy-bobrov","mattleff","outofgamut","william-lohan","dariobraun","ienzam","alxhub"],"2019-06":["jysoo","shahmeet999","TrevorKarjanis","puku0x","anotherpit","wnvko","MatthiasKunnen","yjcxy12","alexanderPastornicky","alvaromartmart"],"2019-07":["Aboisier","paulferaud","YourDeveloperFriend","bpetex"],"2019-08":["zhaosiyang","kor-k","aroget","rudolfolah","manughub","peterblazejewicz","xkxx","mbehrlich","jermowery"],"2019-09":["flauc","jmsv","ogix","wayou","willbeaufoy","jzischkau"],"2019-10":["akd-io","xlou978","JanMalch","seiyria","admosity"],"2019-11":["vamcs","rapropos","jaguima","MexicanAce","phenomnomnominal","opozo","magneticflux-","ssupdoc","MaximBalaganskiy"],"2019-12":["ajitsinghkaler","TheVikash","FrankiePo","manzonif","wenqi73","jnavb","JoakimZebic","yjaaidi","michalkoziara","zelliott"],"2020-01":["dirkluijk","The224","filipesilva","osuritz","timsawyer","andrius-pra","rluvaton","timdeschryver"],"2020-02":["AntonioCardenas","jadekler","sacgrover","cronventis","yifange"],"2020-03":["livvielin","jpzwarte","soumya92","alvarocjunq","hmil","rewolf","hsuanxyz","fileto1","nickwalther","DevTrong"],"2020-04":["asyncLiz","leea10","albyrock87","mleibman","santoshyadav198613","TPaschedag","jchv","annieyw"],"2020-05":["brampeirs","andy9775"],"2020-06":["MichaelJamesParsons","kirankumarsripati","rnlee0054","kowsen","davidlj95","Wildhammer","wagnermaciel","nielsr98","tjaneczko"],"2020-07":["ngwattcos","NiyazNz","norato","lukaonik","dpurp","shawn-avrio","e-hein","walvekarnikhil"],"2020-08":["AlexLangdon","ccjmne","JoostK","DuncanFaulkner","alexzuza","Hugoer","howardjing","Goobles","martiansnoop"],"2020-09":["fhuschle","jeripeierSBB","davlasry","haywoodsloan","bochalito","Ronll"],"2020-10":["oleksiipotiekhin","sAleksovski","dmitry-stepanenko","mhansen","victorward","lukasmatta","bampakoa","gkalpak","geromegrignon"],"2020-11":["visurel","jesscxu","twerske","MatteoVH","djbrown","tomrlq"],"2020-12":["kyubisation","mrm1st3r","adhispace","wwjhu","JoepKockelkorn"],"2021-01":["POFerro","BobobUnicorn","marvinderksen","Bjeaurn","MendyBerger","TakumaKira"],"2021-02":["AlexElin","ilmalte","BabisK","axverma","koccs","s4m0r4m4"],"2021-03":["chrisbubernak","VinitTomar","bruno222","terencehonles","felhag","ahong11","gioragutt","jhthompson","jamOne-"],"2021-04":["ukrukarg","12wrigja","timonkrebs","AntonioStipic","bgotink"],"2021-05":["mcalmus","Plondrein","dolphingarlic","billyjov","cynthialong0-0","nitinmalave","StanevichIvan","amysorto","dbosh88","ArcaneAj","damingerdai","chunghha","skamble89"],"2021-06":["ByzantineFailure","amakhrov","rslawik","tsndr","kgajera"],"2021-07":["subsetdht","laiseng","tamas-nemeth","cpatin10","alexemorris","lagatchell","zarend"],"2021-08":["rameshworsht","GuilhermeRossato"],"2021-09":["dnlrbz","navdbaloch","YugasVasyl","byanofsky","lekhmanrus","bjarkler"],"2021-11":["dario-piotrowicz","umernaeem217"],"2021-12":["batnyu","pedig","ekkolon","biggs0125","JiriBalcar","Androbin"],"2022-01":["uraj","coopermeitz","DMezhenskyi","ramprakashram"],"2022-02":["RobertAKARobin","chabb","AlirezaEbrahimkhani","yousafnawaz","PooSham"],"2022-03":["mhaertwig","raisiqueira","tomicarsk6","CommanderRoot","drdilyor","davidglezz","jackierchu","peinearydevelopment","naveensrinivasan","RobStrader","seth0027"],"2022-04":["AndrewKushnir","jbeder","ddubrava","pweyrich","richieforeman","forsti0506","volvachev","meriturva","GeorgianStan","Michael-Doner","kirjs","SukkaW"],"2022-05":["diprokon","hilts-vaughan","dobrevad"],"2022-06":["JamesJansson","angular-robot","atrawally","ammarnajjar","jljohnson001","victorwvieira","antuxity","spike-rabbit"],"2022-07":["vapkse","oliverkierepka"],"2022-08":["EmmanuelRoux","ApplY3D","ko-tori","MikeJerred","kamarouski","mgoldberg524"],"2022-09":["XuankangLin","spiralx","kevinjihwanlee"],"2022-10":["titosx","jokecamp"],"2022-11":["bobbyg603","sasidharansd","dgp1130","klinki","Totati"],"2022-12":["ShauniArima","json-derulo"],"2023-01":["alkavats1","FrenchTechLead","AurelienLoyer","tchandelle","kvizcarra"],"2023-02":["DrVickie8","hamzajazyri","jbrems","JeanMeche","Vitruvius21","phrei","kaisnb"],"2023-03":["clamli","jessicajaniuk","WisdomAmuzu","RuoJia123"]}